Using pre-set license
Built from '2022.3/staging' branch; Version is '2022.3.42f1 (2dcb6a0abc42) revision 3001194'; Using compiler version '192829333'; Build Type 'Release'
OS: 'Windows 10  (10.0.19044) 64bit Professional' Language: 'ru' Physical Memory: 7561 MB
BatchMode: 1, IsHumanControllingUs: 0, StartBugReporterOnCrash: 0, Is64bit: 1, IsPro: 1

COMMAND LINE ARGUMENTS:
D:\games\Unity\Unity Files (Dont Touch)\2021.3.9f1\2022.3.42f1\Editor\Unity.exe
-adb2
-batchMode
-noUpm
-name
AssetImportWorker2
-projectPath
D:/games/SlidingCubesGame/SlidingBlocksGame
-logFile
Logs/AssetImportWorker2.log
-srvPort
50892
Successfully changed project path to: D:/games/SlidingCubesGame/SlidingBlocksGame
D:/games/SlidingCubesGame/SlidingBlocksGame
[UnityMemory] Configuration Parameters - Can be set up in boot.config
    "memorysetup-bucket-allocator-granularity=16"
    "memorysetup-bucket-allocator-bucket-count=8"
    "memorysetup-bucket-allocator-block-size=33554432"
    "memorysetup-bucket-allocator-block-count=8"
    "memorysetup-main-allocator-block-size=16777216"
    "memorysetup-thread-allocator-block-size=16777216"
    "memorysetup-gfx-main-allocator-block-size=16777216"
    "memorysetup-gfx-thread-allocator-block-size=16777216"
    "memorysetup-cache-allocator-block-size=4194304"
    "memorysetup-typetree-allocator-block-size=2097152"
    "memorysetup-profiler-bucket-allocator-granularity=16"
    "memorysetup-profiler-bucket-allocator-bucket-count=8"
    "memorysetup-profiler-bucket-allocator-block-size=33554432"
    "memorysetup-profiler-bucket-allocator-block-count=8"
    "memorysetup-profiler-allocator-block-size=16777216"
    "memorysetup-profiler-editor-allocator-block-size=1048576"
    "memorysetup-temp-allocator-size-main=16777216"
    "memorysetup-job-temp-allocator-block-size=2097152"
    "memorysetup-job-temp-allocator-block-size-background=1048576"
    "memorysetup-job-temp-allocator-reduction-small-platforms=262144"
    "memorysetup-allocator-temp-initial-block-size-main=262144"
    "memorysetup-allocator-temp-initial-block-size-worker=262144"
    "memorysetup-temp-allocator-size-background-worker=32768"
    "memorysetup-temp-allocator-size-job-worker=262144"
    "memorysetup-temp-allocator-size-preload-manager=33554432"
    "memorysetup-temp-allocator-size-nav-mesh-worker=65536"
    "memorysetup-temp-allocator-size-audio-worker=65536"
    "memorysetup-temp-allocator-size-cloud-worker=32768"
    "memorysetup-temp-allocator-size-gi-baking-worker=262144"
    "memorysetup-temp-allocator-size-gfx=262144"
Player connection [21416]  Target information:

Player connection [21416]  * "[IP] 192.168.0.102 [Port] 0 [Flags] 2 [Guid] 3133789096 [EditorId] 3133789096 [Version] 1048832 [Id] WindowsEditor(7,DESKTOP-J7U7MAN) [Debug] 1 [PackageName] WindowsEditor [ProjectName] Editor" 

Player connection [21416] Host joined multi-casting on [225.0.0.222:54997]...
Player connection [21416] Host joined alternative multi-casting on [225.0.0.222:34997]...
[PhysX] Initialized MultithreadedTaskDispatcher with 12 workers.
Refreshing native plugins compatible for Editor in 36.97 ms, found 3 plugins.
Preloading 0 native plugins for Editor in 0.00 ms.
Initialize engine version: 2022.3.42f1 (2dcb6a0abc42)
[Subsystems] Discovering subsystems at path D:/games/Unity/Unity Files (Dont Touch)/2021.3.9f1/2022.3.42f1/Editor/Data/Resources/UnitySubsystems
[Subsystems] Discovering subsystems at path D:/games/SlidingCubesGame/SlidingBlocksGame/Assets
GfxDevice: creating device client; threaded=0; jobified=0
Direct3D:
    Version:  Direct3D 11.0 [level 11.1]
    Renderer: AMD Radeon (TM) Graphics (ID=0x15e7)
    Vendor:   ATI
    VRAM:     3780 MB
    Driver:   31.0.12018.5
Initialize mono
Mono path[0] = 'D:/games/Unity/Unity Files (Dont Touch)/2021.3.9f1/2022.3.42f1/Editor/Data/Managed'
Mono path[1] = 'D:/games/Unity/Unity Files (Dont Touch)/2021.3.9f1/2022.3.42f1/Editor/Data/MonoBleedingEdge/lib/mono/unityjit-win32'
Mono config path = 'D:/games/Unity/Unity Files (Dont Touch)/2021.3.9f1/2022.3.42f1/Editor/Data/MonoBleedingEdge/etc'
Using monoOptions --debugger-agent=transport=dt_socket,embedding=1,server=y,suspend=n,address=127.0.0.1:56368
Begin MonoManager ReloadAssembly
Registering precompiled unity dll's ...
Register platform support module: D:/games/Unity/Unity Files (Dont Touch)/2021.3.9f1/2022.3.42f1/Editor/Data/PlaybackEngines/WebGLSupport/UnityEditor.WebGL.Extensions.dll
Register platform support module: D:/games/Unity/Unity Files (Dont Touch)/2021.3.9f1/2022.3.42f1/Editor/Data/PlaybackEngines/AndroidPlayer/UnityEditor.Android.Extensions.dll
Register platform support module: D:/games/Unity/Unity Files (Dont Touch)/2021.3.9f1/2022.3.42f1/Editor/Data/PlaybackEngines/WindowsStandaloneSupport/UnityEditor.WindowsStandalone.Extensions.dll
Registered in 0.009646 seconds.
- Loaded All Assemblies, in  0.444 seconds
Native extension for WindowsStandalone target not found
Native extension for Android target not found
Android Extension - Scanning For ADB Devices 665 ms
Native extension for WebGL target not found
Mono: successfully reloaded assembly
- Finished resetting the current domain, in  1.036 seconds
Domain Reload Profiling: 1480ms
	BeginReloadAssembly (155ms)
		ExecutionOrderSort (0ms)
		DisableScriptedObjects (0ms)
		BackupInstance (0ms)
		ReleaseScriptingObjects (0ms)
		CreateAndSetChildDomain (3ms)
	RebuildCommonClasses (40ms)
	RebuildNativeTypeToScriptingClass (10ms)
	initialDomainReloadingComplete (64ms)
	LoadAllAssembliesAndSetupDomain (174ms)
		LoadAssemblies (152ms)
		RebuildTransferFunctionScriptingTraits (0ms)
		AnalyzeDomain (170ms)
			TypeCache.Refresh (167ms)
				TypeCache.ScanAssembly (150ms)
			ScanForSourceGeneratedMonoScriptInfo (1ms)
			ResolveRequiredComponents (1ms)
	FinalizeReload (1036ms)
		ReleaseScriptCaches (0ms)
		RebuildScriptCaches (0ms)
		SetupLoadedEditorAssemblies (980ms)
			LogAssemblyErrors (0ms)
			InitializePlatformSupportModulesInManaged (795ms)
			SetLoadedEditorAssemblies (4ms)
			RefreshPlugins (0ms)
			BeforeProcessingInitializeOnLoad (2ms)
			ProcessInitializeOnLoadAttributes (138ms)
			ProcessInitializeOnLoadMethodAttributes (42ms)
			AfterProcessingInitializeOnLoad (0ms)
			EditorAssembliesLoaded (0ms)
		ExecutionOrderSort2 (0ms)
		AwakeInstancesAfterBackupRestoration (0ms)
========================================================================
Worker process is ready to serve import requests
Caller must complete domain reload
Begin MonoManager ReloadAssembly
- Loaded All Assemblies, in  0.992 seconds
Native extension for WindowsStandalone target not found
Native extension for Android target not found
Native extension for WebGL target not found
Package Manager log level set to [2]
[Package Manager] Server::EnsureServerProcessIsRunning -- launch failed, reason: Unity was launched with the -noUpm command-line argument
[Package Manager] UpmClient::Send -- Unable to send message (not connected to UPM process).
[Package Manager] Cannot connect to Unity Package Manager local server
Launched and connected shader compiler UnityShaderCompiler.exe after 0.08 seconds
Mono: successfully reloaded assembly
[Package Manager] Server::EnsureServerProcessIsRunning -- launch failed, reason: Unity was launched with the -noUpm command-line argument
[Package Manager] UpmClient::Send -- Unable to send message (not connected to UPM process).
[Package Manager] Cannot connect to Unity Package Manager local server
[Package Manager] Server::EnsureServerProcessIsRunning -- launch failed, reason: Unity was launched with the -noUpm command-line argument
[Package Manager] UpmClient::Send -- Unable to send message (not connected to UPM process).
[Package Manager] Cannot connect to Unity Package Manager local server
- Finished resetting the current domain, in  1.075 seconds
Domain Reload Profiling: 2071ms
	BeginReloadAssembly (133ms)
		ExecutionOrderSort (0ms)
		DisableScriptedObjects (5ms)
		BackupInstance (0ms)
		ReleaseScriptingObjects (0ms)
		CreateAndSetChildDomain (24ms)
	RebuildCommonClasses (28ms)
	RebuildNativeTypeToScriptingClass (9ms)
	initialDomainReloadingComplete (40ms)
	LoadAllAssembliesAndSetupDomain (787ms)
		LoadAssemblies (611ms)
		RebuildTransferFunctionScriptingTraits (0ms)
		AnalyzeDomain (242ms)
			TypeCache.Refresh (210ms)
				TypeCache.ScanAssembly (187ms)
			ScanForSourceGeneratedMonoScriptInfo (25ms)
			ResolveRequiredComponents (7ms)
	FinalizeReload (1076ms)
		ReleaseScriptCaches (0ms)
		RebuildScriptCaches (0ms)
		SetupLoadedEditorAssemblies (915ms)
			LogAssemblyErrors (0ms)
			InitializePlatformSupportModulesInManaged (24ms)
			SetLoadedEditorAssemblies (3ms)
			RefreshPlugins (0ms)
			BeforeProcessingInitializeOnLoad (71ms)
			ProcessInitializeOnLoadAttributes (427ms)
			ProcessInitializeOnLoadMethodAttributes (387ms)
			AfterProcessingInitializeOnLoad (3ms)
			EditorAssembliesLoaded (0ms)
		ExecutionOrderSort2 (0ms)
		AwakeInstancesAfterBackupRestoration (5ms)
Refreshing native plugins compatible for Editor in 8.46 ms, found 3 plugins.
Preloading 0 native plugins for Editor in 0.00 ms.
Unloading 4508 Unused Serialized files (Serialized files now loaded: 0)
Unloading 36 unused Assets / (66.8 KB). Loaded Objects now: 5062.
Memory consumption went from 180.6 MB to 180.5 MB.
Total: 14.918400 ms (FindLiveObjects: 0.389500 ms CreateObjectMapping: 0.280500 ms MarkObjects: 14.068600 ms  DeleteObjects: 0.178500 ms)

AssetImportParameters requested are different than current active one (requested -> active):
  custom:scripting/monoscript/fileName/CatchGameFieldGeneratedRequest.cs: a67d51feea369e3830f924d9b8e9bd99 -> 17b67da9d0f3c4e2f8690dc96459b2b2
  custom:scripting/monoscript/fileName/TileGenerator3.cs: d30fb83fc6ac7475a319a83728c9ad41 -> 9b48fa675f0bce54dde0ed40b926842e
  custom:scripting/monoscript/fileName/GameFieldGrowthWaveAlgorithmTag.cs: 0ef400f135d729b9ef5ef61213bf46ca -> 992c54089fb6287a3abd63c766c90ae4
  custom:scripting/monoscript/fileName/CreateControlsRequest.cs: b6b52fa38bc5533b3ae550ee8b4085d9 -> 16e50cc2756add101f300d8e44319dd4
  custom:scripting/monoscript/fileName/HUDPrefab.cs: 30eaa62651e9c88e43fcb0d04e30077a -> 114724dd8b86c8d5655c0a4636c8f807
  custom:container-demuxer-ogg: 62fdf1f143b41e24485cea50d1cbac27 -> 
  custom:scripting/monoscript/fileName/TileGenerator2.cs: 09c5b2f1e3412cb486138eafe6da2ee9 -> d25441398affce60b9e3b08d18b5fa1c
  custom:scripting/monoscript/fileName/GameFlowFeature.cs: e6718831d198d39704b255f20f16f8d0 -> df0113f54b1bbce00d62c010ef3fe8b4
  custom:scripting/monoscript/fileName/CreationAnimalStrategyCfg.cs: fb433a13c1a2eff2a6d277801dbab975 -> 4fd36c8314e91d36d51becb0cdc6faeb
  custom:scripting/monoscript/fileName/CreateAnimalsSystem.cs: 8cef56369804335c0ac2e97203aee8a9 -> bee4bc1341c43b6aa3c88b1b3d4e3e18
  custom:scripting/monoscript/fileName/ScrollToTargetEvent.cs: 267de8c3fdba9d89cbf5a80a977d1db1 -> 1606e13368f10abd95859ea46f664d86
  custom:scripting/monoscript/fileName/GameFieldGeneratedEvent.cs: f908cee032e843be5ba60b9a2c441882 -> a6030e6b0b808118faf8aa49ffee5b94
  custom:scripting/monoscript/fileName/RandomGameFieldAlgorithmSystem.cs: 22b92a32636676be944ecefe67707cbf -> c5085b777b6be8657ea1f9bd1eb1f0e6
  custom:scripting/monoscript/fileName/GameFieldWaveAlgorithmTag.cs: 5be4d41974793f3169ea3a8184ff61d2 -> a3fe88f8e3ec0ea7cb6587b6cb569630
  custom:scripting/monoscript/fileName/GameFieldAlgorithms.cs: 9210f2e649de58f37f078a6eadd5eb19 -> a68d1cf9c70b1eb7af91f8532ed35f7f
  custom:scripting/monoscript/fileName/MetaGameUIHiddenEvent.cs: 342ed956eb53710532411f8c2784417a -> 463482aa840de7082f4a278ef86a7e1d
  custom:scripting/monoscript/fileName/LevelClearedEvent.cs: bbac8ca3904db25721b8cf3b0fab6582 -> 663b31180f17f64cf76455cfee4638c9
  custom:scripting/monoscript/fileName/GameScreenPrefab.cs: ad79cba3a80ff268ab301d438f50d7a3 -> b778ed7a73a66bec617f434ba9deff77
  custom:video-decoder-ogg-theora: a1e56fd34408186e4bbccfd4996cb3dc -> 
  custom:scripting/monoscript/fileName/CalculateCellScaleYSystem.cs: 939787dca0b233005791ec684dff156a -> 24348a5eb2340227fde21c4e16f198a5
  custom:scripting/monoscript/fileName/AnimalPositionedEvent.cs: 8e15db485d40ca13ea5402666ad1b4b3 -> 1bc3206bed9925993456a53b954cd396
  custom:scripting/monoscript/fileName/ScrollSnapEffect.cs: b6c51e4f0f8afbbfdca8ecd17bfb0fb9 -> 91d29477668f48905bbbd4cb6247533d
  custom:scripting/monoscript/fileName/LevelLifeTimeMarker.cs: bfaf24a17910b0a8ddcc0f9024db8056 -> d0a88ae6d48c761dad292d2aec410cb0
  custom:scripting/monoscript/fileName/GameFieldPlaneAlgorithmTag.cs: 21e5015ce1d5b093ab9d6011592292bd -> 7cf8c3e3aade2f1d2e7a2f82f1c5463e
  custom:framework-win-MediaFoundation: 216162199b28c13a410421893ffa2e32 -> 
  custom:scripting/monoscript/fileName/LevelLostEvent.cs: afc9b242eba24b2b4392b9bea1cad284 -> d1c8f0634443fb2b56e42e7c40935303
  custom:scripting/monoscript/fileName/GameField.cs: 27b6b3d034a0ef2e26f2934f1319d99d -> bf9a4c69a023939dbb88e3f1703ca432
  custom:scripting/monoscript/fileName/ScrollSnap.cs: 5dd984369f102ebda4e54789a0ea104e -> 74fe1fbb0f6bef271000d67e7c21bd45
  custom:scripting/monoscript/fileName/HideMetaGameUIRequest.cs: c6d8ffd38038f5edb986b7d2b1660fc7 -> 023f27171a187f71ff8a4853369f6cb5
  custom:scripting/monoscript/fileName/ReferenceCodeGen.cs: 1847e30272d75555141d3031c134c733 -> 
  custom:scripting/monoscript/fileName/GameCreatedEvent.cs: 25808abd6af439ae2d396c16c3d9e8f2 -> 13c2ac463741ba32d214c8bfa0606347
  custom:scripting/monoscript/fileName/TileGeneratedEvent.cs: 1b597c0aa79fd56f2f4088925f13cbef -> dba7452f6d7179c1abc1b361aa9403a8
  custom:scripting/monoscript/fileName/ScrollSnapSystem.cs: 51807458632b0abe0dcd77862975ce47 -> 49fa898761310374e9100843919f1617
  custom:scripting/monoscript/fileName/ChainDestructionRequestSystem.cs: e36a5ffa427d50aa181531f55986ccd8 -> 
  custom:scripting/monoscript/fileName/GameFlowSystem.cs: cf1e5382541a33c73a981035dae85045 -> b60539680bd07758445284af098b515c
  custom:scripting/monoscript/fileName/LevelLostCheckSystem.cs: 255183d3cc1fbb2d10c8abfa77b7b9e2 -> 1205ba5e4744c00285ba2c45a53da364
  custom:scripting/monoscript/fileName/CatchGameFieldEventsSystem.cs: 69b1fa6bdab0b0e6ef5f59e5ba1798e4 -> d8fdc78bead3537fb228755ca2d434dd
  custom:scripting/monoscript/fileName/FitObjectToCamera.cs: 942221b48ed202602e9ac643e54d7650 -> aaedefa2aeb7069389a90129af0ec391
  custom:scripting/monoscript/fileName/DestructionAnimalStrategyCfg.cs: b5449fe14a7d9ce6de2ff0202c280054 -> dcccc812fc5e86758b5038f4fc7d9a74
  custom:scripting/monoscript/fileName/CameraScaler.cs: 150bf424de40cfdb27d6bfc1fd0a2d72 -> 3cbb08bff7a396f130a0443ef1ccb748
  custom:scripting/monoscript/fileName/ScoreUIConnect.cs: c27938a2bdddd88ab951e7adbbd35794 -> ac7c32a805063f081f2fababb8d4d898
  custom:CustomObjectIndexerAttribute: 9a22284fe3817be447336de3de66b15e -> 
  custom:scripting/monoscript/fileName/ChainDestructionSystem.cs: 1804387f55e34d8c464a091638dbfb17 -> 
  custom:scripting/monoscript/fileName/GameFieldDestructRequest.cs: 10e88c15a7ec0cf5e99dbb40e0a3edf8 -> 39e29c44e39353c5f5e46e4fd35fb435
  custom:scripting/monoscript/fileName/GameLossTimerConnect.cs: f0cf7139ab50e9b8389bcd82a4789c30 -> 21c0067c523cc022f4caa4d8eef3c889
  custom:scripting/monoscript/fileName/GameFieldAlgorithmCfg.cs: 2a67613a1067bee0772c4bce0a006e8e -> c18842b2d8e9d19897c42dc941ae1a61
  custom:scripting/monoscript/fileName/DestructionChainTag.cs: d52207bbfd049f584009aa3d50645080 -> 
  custom:scripting/monoscript/fileName/AnimalCreationChainStrategySystem.cs: cfd77a10d3edff40c8fa516ba194c3f6 -> 6245b6c4937dad6bd6bfbe1a5bb91d82
  custom:scripting/monoscript/fileName/MetaGameUISystem.cs: 93f0bb4ace47f6ac6817404d82ccb661 -> 34bedb813123b4b9a91614edd15a8069
  custom:scripting/monoscript/fileName/ScrollSetupRequest.cs: a402aba2680e5863d1008ad06428d65a -> e1c69e68812599757df2aff91a4e9cf2
  custom:container-demuxer-webm: 4f35f7cbe854078d1ac9338744f61a02 -> 
  custom:scripting/monoscript/fileName/FadeEffect.cs: 4615b2acb46a691c33b29aab26f2062a -> 
  custom:scripting/monoscript/fileName/MetaGameUIHiddenMarker.cs: a71b94db2ed8f97f815cc84fb87d48eb -> dddb2beaf43a7ef60953e2f9eacf78f8
  custom:scripting/monoscript/fileName/SourceCodeModifier.cs: 3ffa94fedf57701a474133f623b99b6a -> 5c7f9a2114ee5b14002453c253315bd0
  custom:scripting/monoscript/fileName/GameFieldAlgorithmTag.cs: 5b91fd95ca72cd7048aa9f46e543e265 -> da7c22434643605d19edac79c0d3b3c7
  custom:scripting/monoscript/fileName/GameFieldGrowthWaveAlgorithmSystem.cs: c43067b71ef74cae0090827f88cfe4b8 -> 00c4aec9ff9f1e3764b69170240089db
  custom:scripting/monoscript/fileName/LevelLossSystem.cs: 89eef653e3f28787ebae3df17b9a17fa -> 1a50b41fb86c42146dd1e7eca3f63c3b
  custom:scripting/monoscript/fileName/GameFieldGenerateRequest.cs: b3f004fb89f931ad5595eca9c3e3ea7d -> fc85f9d1ad1c72513abf13f206f13826
  custom:container-muxer-webm: aa71ff27fc2769a1b78a27578f13a17b -> 
  custom:scripting/monoscript/fileName/AnimalDestructedEvent.cs: de6741ad9146f65b9ee26b392c6f63b7 -> e882e3b205fcfc8f4d8ec1b06235b0f7
  custom:scripting/monoscript/fileName/DeleteEntityCommand.cs: bcabe5bfe518320718d48d41a3a0e90a -> 
  custom:video-decoder-webm-vp8: 9c59270c3fd7afecdb556c50c9e8de78 -> 
  custom:scripting/monoscript/fileName/DestroyViewRequest.cs: 1a0b5b4a36b5820faa4b3894f8324e00 -> 0ebb0c5641d0ac20e497e246c3eff337
  custom:scripting/monoscript/fileName/ApplyDestructionStrategyRequest.cs: 032a28d88c65010193deb5a4b99f58dd -> 213312285ccaacd75ce574cb89bf2411
  custom:scripting/monoscript/fileName/TileGenerator.cs: 042c900c13328f8a0055f0bccddada85 -> a538991689346061c6a9a2a96b02d37e
  custom:scripting/monoscript/fileName/ScaleEffect.cs: bf12e834d532f4f806bebaac99f812c1 -> 
  custom:SearchIndexIgnoredProperties: e643bd26f0fe6173181afceb89e7c659 -> 
  custom:scripting/monoscript/fileName/ScrollSnappedMarker.cs: 066cb0420eaae820b69ffbae9344f0b4 -> 1cd14000dfdbca98f6dda0685bba7fce
  custom:scripting/monoscript/fileName/DestroyViewSystem.cs: e1c1ea54b0c9f7465aac7332f0e6d6a8 -> 59b102bdf1755f7c7d016788c0259b93
  custom:scripting/monoscript/fileName/CleanupLevelRequest.cs: a4116677aeb8d793871c137a2a44b119 -> c4dd04e39c7a6664b68dab929adf2e81
  custom:AudioImporter_EditorPlatform: d09bf68614088b80899f8185d706f6e7 -> 
  custom:scripting/monoscript/fileName/ChainMovementMarker.cs: feac63d7e5aa51292f19abaa1d9db08c -> 
  custom:scripting/monoscript/fileName/ScrollPosition.cs: 225c0c33ea226da69f3473693dfb3c05 -> 9f9e723ba8833b9541ecfca3c6d6f8bc
  custom:scripting/monoscript/fileName/GameFieldWaveAlgorithmSystem.cs: fc14103f781a8cbb106ceeeb57eaeaab -> 607884f57fd7ce8ffeb8d2a7c96f93a3
  custom:scripting/monoscript/fileName/PlayerCfgRef.cs: 6d19f04523dbbba4fc64c8057f04e02a -> 198dbad4b6bbc11b3942c96af8dde650
  custom:scripting/monoscript/fileName/DestructionChainStrategySystem.cs: 783bb7763cba92611d8e9cf6674063b1 -> ddd821ede2656248bf0e9ddf669d5a28
  custom:scripting/monoscript/fileName/CreationChainTag.cs: 2998fd809902939f0ee04f473eeca00e -> 
  custom:scripting/monoscript/fileName/DestructionFeature.cs: b9b7cdbe8848a566388411c97a5fbd67 -> adcfef4ac4e45d2e562dcdc6fa49e429
  custom:scripting/monoscript/fileName/GameFieldAlgorithmIndex.cs: 9457d7f2147049910ea06f2159c61fc6 -> 7a58e7c6b5adebdaec058182398a5707
  custom:scripting/monoscript/fileName/GameLossTimerSystem.cs: de0b464553cb6b861179a91f75237edf -> 071940ff3f3e183b1d11d15239224386
  custom:scripting/monoscript/fileName/GameFieldPlaneAlgorithmSystem.cs: 526228704b2d4ed12e4753080710ec45 -> fec5555e40052f9e75dc859f5d201f4d
  custom:scripting/monoscript/fileName/ScrollSnappedEvent.cs: 85353374ba80b5fbd36ff4e2e7944412 -> 8bf4efe021842362c4e7d55e6a37d79a
  custom:scripting/monoscript/fileName/ShowMetaGameUIRequest.cs: 5564592071856871b46e981baa2e91f8 -> a88d7f1c319941ffae2f3a8957251596
  custom:scripting/monoscript/fileName/TileGenerator6.cs: 0a225711dfb489626c74dc5ff5d78f40 -> 83a93281253429d4bd51d4bfaf52f3ed
  custom:scripting/monoscript/fileName/GameFieldDestructedRequest.cs: c04d6601b9dc935cfc91348b0b9cc810 -> 47034b076d3abdec8c90304ac1fc38f1
  custom:scripting/monoscript/fileName/MetaGameUI.cs: b1f4a332b284a38895d9534e62ff0baf -> 67622f9ccfe38dacd5af3f2ae37c3026
  custom:scripting/monoscript/fileName/GameFieldClickSystem.cs: 9e6e496c03415de771bf8909db35f03b -> 3b1ea4c67b8ab5832ff3a23919e79f06
  custom:scripting/monoscript/fileName/BaseScrollSnapEffect.cs: d407bd1fc108496d969888a00479cce0 -> 
  custom:scripting/monoscript/fileName/CreateHUDSystem.cs: f8cd7ef545fa25f934c486aaa420eedd -> 43c05b406d9086180812a87a0e010e47
  custom:scripting/monoscript/fileName/Levels.cs: f22977143cde483af3e13597acee3c02 -> 37490b0d126f14e1e1d31453e3e94ae4
  custom:video-encoder-webm-vp8: eb34c28f22e8b96e1ab97ce403110664 -> 
  custom:scripting/monoscript/fileName/AnimalDestructionChainStrategySystem.cs: 23f4cc2de4c34d4d82415b095d5404aa -> 2d33061d60136630278a03c1042b54b3
  custom:scripting/monoscript/fileName/AnimalSpawnedEvent.cs: 18a67763bcf9b1b1ac26ffbfcbeed587 -> 7ad467d334ed6914a6a27adce1847b10
  custom:scripting/monoscript/fileName/RewardConnect.cs: de79e19f525e7b5954dbb77b1f453e4e -> 6751c3bbc08d4697c3b42878cd3daebd
  custom:audio-decoder-ogg-vorbis: bf7c407c2cedff20999df2af8eb42d56 -> 
  custom:scripting/monoscript/fileName/CleanupLevelSystem.cs: 72214ed46a73a03fca528428e05bd1c5 -> 8a5bce7edb21df4c4707d0529e30155e
  custom:scripting/monoscript/fileName/GameTag.cs: 2f67c69f27e85f806b88deb8c87b88d2 -> f5290ba12be2c3f124e97ffb76e9ea9f
  custom:scripting/monoscript/fileName/ScrollSnapTag.cs: 893d8b8aa473763f6ed0fb5321bbad28 -> c53bb14ce7c537cec4ba51b6c7bc6939
  custom:scripting/monoscript/fileName/GameFieldFeature.cs: 1f8b976c740b234c284fddfd95c568fd -> 9a83e32ad7b7857e12d74cf105f5a137
  custom:scripting/monoscript/fileName/GameScreen.cs: deb4cff0d85b325b8a61d3844cabec07 -> 84ec6758a1e33abe8d42365166b67ebd
  custom:scripting/monoscript/fileName/DestructionStrategyTag.cs: 950962d7baf41bc8fed98ea522a40170 -> 
  custom:scripting/monoscript/fileName/ScrollDraggedEvent.cs: d4b82f514f08a6e7eb8d3acbba3af876 -> 76bd8895c3b43170415bf40518460c7d
  custom:scripting/monoscript/fileName/CreateHUDRequest.cs: 61b5f154a3d1ac03d04c59d29d1c4e05 -> 11938a6be2a737aa70fadc220742dab2
  custom:scripting/monoscript/fileName/TileGenerator4.cs: 1ec433f057ddbb323aab6300cdd41968 -> 9b8c2608bd1d4162243c126a2c3ab74b
  custom:scripting/monoscript/fileName/GrowthWave.cs: 7c48243a6dd50c54e09b35b8a70e858a -> ab7a6a6e85687b04c58c7a681131bfdc
  custom:scripting/monoscript/fileName/AssemblyAnalyzer.cs: 5883fa404100530f6821c51e0df4a2b6 -> 
  custom:scripting/monoscript/fileName/CreateCoinRequest.cs: b6ee2396be79577ff18a940acb85bfe6 -> 8bf745611aed40a8441b8db392ff0316
  custom:scripting/monoscript/fileName/CreateGameLossTimerRequest.cs: 286f3e38529572dc1661f3473c808992 -> ef901bf1b06c7938a6030a67dd4d6d21
  custom:scripting/monoscript/fileName/DeathEvent.cs: ae7a15dcf33e2eb04a19bf37c49c469a -> 7ba4c6fe9f322f00d774d318ef8ef3b2
  custom:scripting/monoscript/fileName/GameFieldDestructedEvent.cs: 565697dff0d07f15eb4da25529efeaf3 -> 249503e823ee8a2543fdc65535f78404
  custom:scripting/monoscript/fileName/Wave.cs: e8061bad203a1f6efd397e8313ec6d83 -> ed89714bef4a8fe64f993c8bbc6df15f
  custom:scripting/monoscript/fileName/GameFieldDestructedMarker.cs: ab2e5320e3676ca16774eba7277d5b9e -> 6af6280f9d165b3fa0cbeef98677737a
  custom:scripting/monoscript/fileName/CoinUIConnect.cs: 8505822111497da435ec6d27192811c8 -> 9bed0bffdd7b151bbdc04ee5da58d9a4
  custom:scripting/monoscript/fileName/CreateGameSystem.cs: c40209e5646f830645bfdfa6dda44b96 -> acdc7e582431689501a3c2e4d1b573d0
  custom:audio-encoder-webm-vorbis: bf7c407c2cedff20999df2af8eb42d56 -> 
  custom:scripting/monoscript/fileName/ApplyStrategyRequest.cs: 04790d20b7aab51157b87a2b7ea70902 -> 
  custom:scripting/monoscript/fileName/ScrollSystem.cs: 80ef92943d864cb0b392598d6fcd75b9 -> 
  custom:scripting/monoscript/fileName/CreationChainStrategyTag.cs: 4fd921b87fca9ba0c731b954efca90f5 -> 7572d150aeb0955f670c8845e4df7c53
  custom:scripting/monoscript/fileName/ScrollDraggedMarker.cs: f40ec288e4d6330335dd03fa8726c839 -> 74ece2a65d27c55d64e7936bb538e5a8
  custom:scripting/monoscript/fileName/CreateAnimalsRequest.cs: a7ebd1a26b1e6c2c8f783f7506341452 -> 45001033be0d024e3f69c19d212eca00
  custom:scripting/monoscript/fileName/GameFieldGeneratedMarker.cs: 3343d51a95b5393b866292f7dd40076e -> 8ec9e96219719154c6ef937af1a570ab
  custom:scripting/monoscript/fileName/TileGenerator7.cs: d48bfbfd829455d8678bccfbd4ddf1db -> d7e74d9e48390acec81fb7d05eab04b6
  custom:scripting/monoscript/fileName/ClickSideMarker.cs: c1aa69917ccbb0e088243ec1d2c1ed5f -> 0c097904c16edc5a7ac1137f05d8d51c
  custom:scripting/monoscript/fileName/LevelLostMarker.cs: 93ebe850d5850b9eb8bc2c04e2ffed33 -> 3e55ffaf6b929b3b51e014250d9920ac
  custom:scripting/monoscript/fileName/GameTitleConnect.cs: 5c14e36aa95fc82c33183a9dfce72cd2 -> 41a65dfb2d31309386b013674fae2e80
  custom:scripting/monoscript/fileName/CreateGameScreenRequest.cs: a885ba890460f60ddcd2c66df732e91f -> 066c58def3458c57fd1f40d51ed860c1
  custom:scripting/monoscript/fileName/ScrollToTargetMarker.cs: 7c2577f2a0b3fb585d934a4d0b35b7ec -> 01286f347cbc8bec863dbe15212d04dd
  custom:scripting/monoscript/fileName/GameFieldGeneratedByAlgorithm.cs: 642fd6d4f4e02c35c870cd61f2ca081f -> 074895d821d9efb916232844efdac6c8
  custom:scripting/monoscript/fileName/TileGenerator5.cs: 0eaf6fadc56123ad87a1d593fa635ede -> ee69db292b395fb7006478b7279c5ca6
  custom:scripting/monoscript/fileName/GameScreenSystem.cs: a0b364fc1bcdda23e4dd359a2204c08d -> 402c5e1323b5b0152bd1eea24fa29d07
  custom:scripting/monoscript/fileName/DestructionChainStrategyTag.cs: b0d607db3ab31634dee73b569e199000 -> 0c62c6ddeecb954158e34eafdd3e629f
========================================================================
Received Prepare
Caller must complete domain reload
Begin MonoManager ReloadAssembly
- Loaded All Assemblies, in  1.681 seconds
Native extension for WindowsStandalone target not found
Native extension for Android target not found
Native extension for WebGL target not found
[Package Manager] Server::EnsureServerProcessIsRunning -- launch failed, reason: Unity was launched with the -noUpm command-line argument
[Package Manager] UpmClient::Send -- Unable to send message (not connected to UPM process).
[Package Manager] Cannot connect to Unity Package Manager local server
Mono: successfully reloaded assembly
[Package Manager] Server::EnsureServerProcessIsRunning -- launch failed, reason: Unity was launched with the -noUpm command-line argument
[Package Manager] UpmClient::Send -- Unable to send message (not connected to UPM process).
[Package Manager] Cannot connect to Unity Package Manager local server
- Finished resetting the current domain, in  1.743 seconds
Domain Reload Profiling: 3423ms
	BeginReloadAssembly (726ms)
		ExecutionOrderSort (0ms)
		DisableScriptedObjects (136ms)
		BackupInstance (0ms)
		ReleaseScriptingObjects (0ms)
		CreateAndSetChildDomain (230ms)
	RebuildCommonClasses (29ms)
	RebuildNativeTypeToScriptingClass (10ms)
	initialDomainReloadingComplete (35ms)
	LoadAllAssembliesAndSetupDomain (880ms)
		LoadAssemblies (952ms)
		RebuildTransferFunctionScriptingTraits (0ms)
		AnalyzeDomain (109ms)
			TypeCache.Refresh (44ms)
				TypeCache.ScanAssembly (9ms)
			ScanForSourceGeneratedMonoScriptInfo (41ms)
			ResolveRequiredComponents (23ms)
	FinalizeReload (1744ms)
		ReleaseScriptCaches (0ms)
		RebuildScriptCaches (0ms)
		SetupLoadedEditorAssemblies (673ms)
			LogAssemblyErrors (0ms)
			InitializePlatformSupportModulesInManaged (27ms)
			SetLoadedEditorAssemblies (3ms)
			RefreshPlugins (0ms)
			BeforeProcessingInitializeOnLoad (69ms)
			ProcessInitializeOnLoadAttributes (326ms)
			ProcessInitializeOnLoadMethodAttributes (245ms)
			AfterProcessingInitializeOnLoad (3ms)
			EditorAssembliesLoaded (0ms)
		ExecutionOrderSort2 (0ms)
		AwakeInstancesAfterBackupRestoration (6ms)
Refreshing native plugins compatible for Editor in 14.34 ms, found 3 plugins.
Preloading 0 native plugins for Editor in 0.00 ms.
Unloading 4484 Unused Serialized files (Serialized files now loaded: 0)
Unloading 31 unused Assets / (67.2 KB). Loaded Objects now: 5065.
Memory consumption went from 175.0 MB to 175.0 MB.
Total: 23.571000 ms (FindLiveObjects: 1.123000 ms CreateObjectMapping: 0.169700 ms MarkObjects: 20.491400 ms  DeleteObjects: 1.784000 ms)

Prepare: number of updated asset objects reloaded= 0
AssetImportParameters requested are different than current active one (requested -> active):
  custom:scripting/monoscript/fileName/CatchGameFieldGeneratedRequest.cs: a67d51feea369e3830f924d9b8e9bd99 -> 17b67da9d0f3c4e2f8690dc96459b2b2
  custom:scripting/monoscript/fileName/TileGenerator3.cs: d30fb83fc6ac7475a319a83728c9ad41 -> 9b48fa675f0bce54dde0ed40b926842e
  custom:scripting/monoscript/fileName/GameFieldGrowthWaveAlgorithmTag.cs: 0ef400f135d729b9ef5ef61213bf46ca -> 992c54089fb6287a3abd63c766c90ae4
  custom:scripting/monoscript/fileName/CreateControlsRequest.cs: b6b52fa38bc5533b3ae550ee8b4085d9 -> 16e50cc2756add101f300d8e44319dd4
  custom:scripting/monoscript/fileName/HUDPrefab.cs: 30eaa62651e9c88e43fcb0d04e30077a -> 114724dd8b86c8d5655c0a4636c8f807
  custom:container-demuxer-ogg: 62fdf1f143b41e24485cea50d1cbac27 -> 
  custom:scripting/monoscript/fileName/TileGenerator2.cs: 09c5b2f1e3412cb486138eafe6da2ee9 -> d25441398affce60b9e3b08d18b5fa1c
  custom:scripting/monoscript/fileName/GameFlowFeature.cs: e6718831d198d39704b255f20f16f8d0 -> df0113f54b1bbce00d62c010ef3fe8b4
  custom:scripting/monoscript/fileName/CreationAnimalStrategyCfg.cs: fb433a13c1a2eff2a6d277801dbab975 -> 4fd36c8314e91d36d51becb0cdc6faeb
  custom:scripting/monoscript/fileName/CreateAnimalsSystem.cs: 8cef56369804335c0ac2e97203aee8a9 -> bee4bc1341c43b6aa3c88b1b3d4e3e18
  custom:scripting/monoscript/fileName/ScrollToTargetEvent.cs: 267de8c3fdba9d89cbf5a80a977d1db1 -> 1606e13368f10abd95859ea46f664d86
  custom:scripting/monoscript/fileName/GameFieldGeneratedEvent.cs: f908cee032e843be5ba60b9a2c441882 -> a6030e6b0b808118faf8aa49ffee5b94
  custom:scripting/monoscript/fileName/RandomGameFieldAlgorithmSystem.cs: 22b92a32636676be944ecefe67707cbf -> c5085b777b6be8657ea1f9bd1eb1f0e6
  custom:scripting/monoscript/fileName/GameFieldWaveAlgorithmTag.cs: 5be4d41974793f3169ea3a8184ff61d2 -> a3fe88f8e3ec0ea7cb6587b6cb569630
  custom:scripting/monoscript/fileName/GameFieldAlgorithms.cs: 9210f2e649de58f37f078a6eadd5eb19 -> a68d1cf9c70b1eb7af91f8532ed35f7f
  custom:scripting/monoscript/fileName/MetaGameUIHiddenEvent.cs: 342ed956eb53710532411f8c2784417a -> 463482aa840de7082f4a278ef86a7e1d
  custom:scripting/monoscript/fileName/LevelClearedEvent.cs: bbac8ca3904db25721b8cf3b0fab6582 -> 663b31180f17f64cf76455cfee4638c9
  custom:scripting/monoscript/fileName/GameScreenPrefab.cs: ad79cba3a80ff268ab301d438f50d7a3 -> b778ed7a73a66bec617f434ba9deff77
  custom:video-decoder-ogg-theora: a1e56fd34408186e4bbccfd4996cb3dc -> 
  custom:scripting/monoscript/fileName/CalculateCellScaleYSystem.cs: 939787dca0b233005791ec684dff156a -> 24348a5eb2340227fde21c4e16f198a5
  custom:scripting/monoscript/fileName/AnimalPositionedEvent.cs: 8e15db485d40ca13ea5402666ad1b4b3 -> 1bc3206bed9925993456a53b954cd396
  custom:scripting/monoscript/fileName/ScrollSnapEffect.cs: b6c51e4f0f8afbbfdca8ecd17bfb0fb9 -> 91d29477668f48905bbbd4cb6247533d
  custom:scripting/monoscript/fileName/LevelLifeTimeMarker.cs: bfaf24a17910b0a8ddcc0f9024db8056 -> d0a88ae6d48c761dad292d2aec410cb0
  custom:scripting/monoscript/fileName/GameFieldPlaneAlgorithmTag.cs: 21e5015ce1d5b093ab9d6011592292bd -> 7cf8c3e3aade2f1d2e7a2f82f1c5463e
  custom:framework-win-MediaFoundation: 216162199b28c13a410421893ffa2e32 -> 
  custom:scripting/monoscript/fileName/LevelLostEvent.cs: afc9b242eba24b2b4392b9bea1cad284 -> d1c8f0634443fb2b56e42e7c40935303
  custom:scripting/monoscript/fileName/GameField.cs: 27b6b3d034a0ef2e26f2934f1319d99d -> bf9a4c69a023939dbb88e3f1703ca432
  custom:scripting/monoscript/fileName/ScrollSnap.cs: 5dd984369f102ebda4e54789a0ea104e -> 74fe1fbb0f6bef271000d67e7c21bd45
  custom:scripting/monoscript/fileName/HideMetaGameUIRequest.cs: c6d8ffd38038f5edb986b7d2b1660fc7 -> 023f27171a187f71ff8a4853369f6cb5
  custom:scripting/monoscript/fileName/ReferenceCodeGen.cs: 1847e30272d75555141d3031c134c733 -> 
  custom:scripting/monoscript/fileName/GameCreatedEvent.cs: 25808abd6af439ae2d396c16c3d9e8f2 -> 13c2ac463741ba32d214c8bfa0606347
  custom:scripting/monoscript/fileName/TileGeneratedEvent.cs: 1b597c0aa79fd56f2f4088925f13cbef -> dba7452f6d7179c1abc1b361aa9403a8
  custom:scripting/monoscript/fileName/ScrollSnapSystem.cs: 51807458632b0abe0dcd77862975ce47 -> 49fa898761310374e9100843919f1617
  custom:scripting/monoscript/fileName/ChainDestructionRequestSystem.cs: e36a5ffa427d50aa181531f55986ccd8 -> 
  custom:scripting/monoscript/fileName/GameFlowSystem.cs: cf1e5382541a33c73a981035dae85045 -> b60539680bd07758445284af098b515c
  custom:scripting/monoscript/fileName/LevelLostCheckSystem.cs: 255183d3cc1fbb2d10c8abfa77b7b9e2 -> 1205ba5e4744c00285ba2c45a53da364
  custom:scripting/monoscript/fileName/CatchGameFieldEventsSystem.cs: 69b1fa6bdab0b0e6ef5f59e5ba1798e4 -> d8fdc78bead3537fb228755ca2d434dd
  custom:scripting/monoscript/fileName/FitObjectToCamera.cs: 942221b48ed202602e9ac643e54d7650 -> aaedefa2aeb7069389a90129af0ec391
  custom:scripting/monoscript/fileName/DestructionAnimalStrategyCfg.cs: b5449fe14a7d9ce6de2ff0202c280054 -> dcccc812fc5e86758b5038f4fc7d9a74
  custom:scripting/monoscript/fileName/CameraScaler.cs: 150bf424de40cfdb27d6bfc1fd0a2d72 -> 3cbb08bff7a396f130a0443ef1ccb748
  custom:scripting/monoscript/fileName/ScoreUIConnect.cs: c27938a2bdddd88ab951e7adbbd35794 -> ac7c32a805063f081f2fababb8d4d898
  custom:CustomObjectIndexerAttribute: 9a22284fe3817be447336de3de66b15e -> 
  custom:scripting/monoscript/fileName/ChainDestructionSystem.cs: 1804387f55e34d8c464a091638dbfb17 -> 
  custom:scripting/monoscript/fileName/GameFieldDestructRequest.cs: 10e88c15a7ec0cf5e99dbb40e0a3edf8 -> 39e29c44e39353c5f5e46e4fd35fb435
  custom:scripting/monoscript/fileName/GameLossTimerConnect.cs: f0cf7139ab50e9b8389bcd82a4789c30 -> 21c0067c523cc022f4caa4d8eef3c889
  custom:scripting/monoscript/fileName/GameFieldAlgorithmCfg.cs: 2a67613a1067bee0772c4bce0a006e8e -> c18842b2d8e9d19897c42dc941ae1a61
  custom:scripting/monoscript/fileName/DestructionChainTag.cs: d52207bbfd049f584009aa3d50645080 -> 
  custom:scripting/monoscript/fileName/AnimalCreationChainStrategySystem.cs: cfd77a10d3edff40c8fa516ba194c3f6 -> 6245b6c4937dad6bd6bfbe1a5bb91d82
  custom:scripting/monoscript/fileName/MetaGameUISystem.cs: 93f0bb4ace47f6ac6817404d82ccb661 -> 34bedb813123b4b9a91614edd15a8069
  custom:scripting/monoscript/fileName/ScrollSetupRequest.cs: a402aba2680e5863d1008ad06428d65a -> e1c69e68812599757df2aff91a4e9cf2
  custom:container-demuxer-webm: 4f35f7cbe854078d1ac9338744f61a02 -> 
  custom:scripting/monoscript/fileName/FadeEffect.cs: 4615b2acb46a691c33b29aab26f2062a -> 
  custom:scripting/monoscript/fileName/MetaGameUIHiddenMarker.cs: a71b94db2ed8f97f815cc84fb87d48eb -> dddb2beaf43a7ef60953e2f9eacf78f8
  custom:scripting/monoscript/fileName/SourceCodeModifier.cs: 3ffa94fedf57701a474133f623b99b6a -> 5c7f9a2114ee5b14002453c253315bd0
  custom:scripting/monoscript/fileName/GameFieldAlgorithmTag.cs: 5b91fd95ca72cd7048aa9f46e543e265 -> da7c22434643605d19edac79c0d3b3c7
  custom:scripting/monoscript/fileName/GameFieldGrowthWaveAlgorithmSystem.cs: c43067b71ef74cae0090827f88cfe4b8 -> 00c4aec9ff9f1e3764b69170240089db
  custom:scripting/monoscript/fileName/LevelLossSystem.cs: 89eef653e3f28787ebae3df17b9a17fa -> 1a50b41fb86c42146dd1e7eca3f63c3b
  custom:scripting/monoscript/fileName/GameFieldGenerateRequest.cs: b3f004fb89f931ad5595eca9c3e3ea7d -> fc85f9d1ad1c72513abf13f206f13826
  custom:container-muxer-webm: aa71ff27fc2769a1b78a27578f13a17b -> 
  custom:scripting/monoscript/fileName/AnimalDestructedEvent.cs: de6741ad9146f65b9ee26b392c6f63b7 -> e882e3b205fcfc8f4d8ec1b06235b0f7
  custom:scripting/monoscript/fileName/DeleteEntityCommand.cs: bcabe5bfe518320718d48d41a3a0e90a -> 
  custom:video-decoder-webm-vp8: 9c59270c3fd7afecdb556c50c9e8de78 -> 
  custom:scripting/monoscript/fileName/DestroyViewRequest.cs: 1a0b5b4a36b5820faa4b3894f8324e00 -> 0ebb0c5641d0ac20e497e246c3eff337
  custom:scripting/monoscript/fileName/ApplyDestructionStrategyRequest.cs: 032a28d88c65010193deb5a4b99f58dd -> 213312285ccaacd75ce574cb89bf2411
  custom:scripting/monoscript/fileName/TileGenerator.cs: 042c900c13328f8a0055f0bccddada85 -> a538991689346061c6a9a2a96b02d37e
  custom:scripting/monoscript/fileName/ScaleEffect.cs: bf12e834d532f4f806bebaac99f812c1 -> 
  custom:SearchIndexIgnoredProperties: e643bd26f0fe6173181afceb89e7c659 -> 
  custom:scripting/monoscript/fileName/ScrollSnappedMarker.cs: 066cb0420eaae820b69ffbae9344f0b4 -> 1cd14000dfdbca98f6dda0685bba7fce
  custom:scripting/monoscript/fileName/DestroyViewSystem.cs: e1c1ea54b0c9f7465aac7332f0e6d6a8 -> 59b102bdf1755f7c7d016788c0259b93
  custom:scripting/monoscript/fileName/CleanupLevelRequest.cs: a4116677aeb8d793871c137a2a44b119 -> c4dd04e39c7a6664b68dab929adf2e81
  custom:AudioImporter_EditorPlatform: d09bf68614088b80899f8185d706f6e7 -> 
  custom:scripting/monoscript/fileName/ChainMovementMarker.cs: feac63d7e5aa51292f19abaa1d9db08c -> 
  custom:scripting/monoscript/fileName/ScrollPosition.cs: 225c0c33ea226da69f3473693dfb3c05 -> 9f9e723ba8833b9541ecfca3c6d6f8bc
  custom:scripting/monoscript/fileName/GameFieldWaveAlgorithmSystem.cs: fc14103f781a8cbb106ceeeb57eaeaab -> 607884f57fd7ce8ffeb8d2a7c96f93a3
  custom:scripting/monoscript/fileName/PlayerCfgRef.cs: 6d19f04523dbbba4fc64c8057f04e02a -> 198dbad4b6bbc11b3942c96af8dde650
  custom:scripting/monoscript/fileName/DestructionChainStrategySystem.cs: 783bb7763cba92611d8e9cf6674063b1 -> ddd821ede2656248bf0e9ddf669d5a28
  custom:scripting/monoscript/fileName/CreationChainTag.cs: 2998fd809902939f0ee04f473eeca00e -> 
  custom:scripting/monoscript/fileName/DestructionFeature.cs: b9b7cdbe8848a566388411c97a5fbd67 -> adcfef4ac4e45d2e562dcdc6fa49e429
  custom:scripting/monoscript/fileName/GameFieldAlgorithmIndex.cs: 9457d7f2147049910ea06f2159c61fc6 -> 7a58e7c6b5adebdaec058182398a5707
  custom:scripting/monoscript/fileName/GameLossTimerSystem.cs: de0b464553cb6b861179a91f75237edf -> 071940ff3f3e183b1d11d15239224386
  custom:scripting/monoscript/fileName/GameFieldPlaneAlgorithmSystem.cs: 526228704b2d4ed12e4753080710ec45 -> fec5555e40052f9e75dc859f5d201f4d
  custom:scripting/monoscript/fileName/ScrollSnappedEvent.cs: 85353374ba80b5fbd36ff4e2e7944412 -> 8bf4efe021842362c4e7d55e6a37d79a
  custom:scripting/monoscript/fileName/ShowMetaGameUIRequest.cs: 5564592071856871b46e981baa2e91f8 -> a88d7f1c319941ffae2f3a8957251596
  custom:scripting/monoscript/fileName/TileGenerator6.cs: 0a225711dfb489626c74dc5ff5d78f40 -> 83a93281253429d4bd51d4bfaf52f3ed
  custom:scripting/monoscript/fileName/GameFieldDestructedRequest.cs: c04d6601b9dc935cfc91348b0b9cc810 -> 47034b076d3abdec8c90304ac1fc38f1
  custom:scripting/monoscript/fileName/MetaGameUI.cs: b1f4a332b284a38895d9534e62ff0baf -> 67622f9ccfe38dacd5af3f2ae37c3026
  custom:scripting/monoscript/fileName/GameFieldClickSystem.cs: 9e6e496c03415de771bf8909db35f03b -> 3b1ea4c67b8ab5832ff3a23919e79f06
  custom:scripting/monoscript/fileName/BaseScrollSnapEffect.cs: d407bd1fc108496d969888a00479cce0 -> 
  custom:scripting/monoscript/fileName/CreateHUDSystem.cs: f8cd7ef545fa25f934c486aaa420eedd -> 43c05b406d9086180812a87a0e010e47
  custom:scripting/monoscript/fileName/Levels.cs: f22977143cde483af3e13597acee3c02 -> 37490b0d126f14e1e1d31453e3e94ae4
  custom:video-encoder-webm-vp8: eb34c28f22e8b96e1ab97ce403110664 -> 
  custom:scripting/monoscript/fileName/AnimalDestructionChainStrategySystem.cs: 23f4cc2de4c34d4d82415b095d5404aa -> 2d33061d60136630278a03c1042b54b3
  custom:scripting/monoscript/fileName/AnimalSpawnedEvent.cs: 18a67763bcf9b1b1ac26ffbfcbeed587 -> 7ad467d334ed6914a6a27adce1847b10
  custom:scripting/monoscript/fileName/RewardConnect.cs: de79e19f525e7b5954dbb77b1f453e4e -> 6751c3bbc08d4697c3b42878cd3daebd
  custom:audio-decoder-ogg-vorbis: bf7c407c2cedff20999df2af8eb42d56 -> 
  custom:scripting/monoscript/fileName/CleanupLevelSystem.cs: 72214ed46a73a03fca528428e05bd1c5 -> 8a5bce7edb21df4c4707d0529e30155e
  custom:scripting/monoscript/fileName/GameTag.cs: 2f67c69f27e85f806b88deb8c87b88d2 -> f5290ba12be2c3f124e97ffb76e9ea9f
  custom:scripting/monoscript/fileName/ScrollSnapTag.cs: 893d8b8aa473763f6ed0fb5321bbad28 -> c53bb14ce7c537cec4ba51b6c7bc6939
  custom:scripting/monoscript/fileName/GameFieldFeature.cs: 1f8b976c740b234c284fddfd95c568fd -> 9a83e32ad7b7857e12d74cf105f5a137
  custom:scripting/monoscript/fileName/GameScreen.cs: deb4cff0d85b325b8a61d3844cabec07 -> 84ec6758a1e33abe8d42365166b67ebd
  custom:scripting/monoscript/fileName/DestructionStrategyTag.cs: 950962d7baf41bc8fed98ea522a40170 -> 
  custom:scripting/monoscript/fileName/ScrollDraggedEvent.cs: d4b82f514f08a6e7eb8d3acbba3af876 -> 76bd8895c3b43170415bf40518460c7d
  custom:scripting/monoscript/fileName/CreateHUDRequest.cs: 61b5f154a3d1ac03d04c59d29d1c4e05 -> 11938a6be2a737aa70fadc220742dab2
  custom:scripting/monoscript/fileName/TileGenerator4.cs: 1ec433f057ddbb323aab6300cdd41968 -> 9b8c2608bd1d4162243c126a2c3ab74b
  custom:scripting/monoscript/fileName/GrowthWave.cs: 7c48243a6dd50c54e09b35b8a70e858a -> ab7a6a6e85687b04c58c7a681131bfdc
  custom:scripting/monoscript/fileName/AssemblyAnalyzer.cs: 5883fa404100530f6821c51e0df4a2b6 -> 
  custom:scripting/monoscript/fileName/CreateCoinRequest.cs: b6ee2396be79577ff18a940acb85bfe6 -> 8bf745611aed40a8441b8db392ff0316
  custom:scripting/monoscript/fileName/CreateGameLossTimerRequest.cs: 286f3e38529572dc1661f3473c808992 -> ef901bf1b06c7938a6030a67dd4d6d21
  custom:scripting/monoscript/fileName/DeathEvent.cs: ae7a15dcf33e2eb04a19bf37c49c469a -> 7ba4c6fe9f322f00d774d318ef8ef3b2
  custom:scripting/monoscript/fileName/GameFieldDestructedEvent.cs: 565697dff0d07f15eb4da25529efeaf3 -> 249503e823ee8a2543fdc65535f78404
  custom:scripting/monoscript/fileName/Wave.cs: e8061bad203a1f6efd397e8313ec6d83 -> ed89714bef4a8fe64f993c8bbc6df15f
  custom:scripting/monoscript/fileName/GameFieldDestructedMarker.cs: ab2e5320e3676ca16774eba7277d5b9e -> 6af6280f9d165b3fa0cbeef98677737a
  custom:scripting/monoscript/fileName/CoinUIConnect.cs: 8505822111497da435ec6d27192811c8 -> 9bed0bffdd7b151bbdc04ee5da58d9a4
  custom:scripting/monoscript/fileName/CreateGameSystem.cs: c40209e5646f830645bfdfa6dda44b96 -> acdc7e582431689501a3c2e4d1b573d0
  custom:audio-encoder-webm-vorbis: bf7c407c2cedff20999df2af8eb42d56 -> 
  custom:scripting/monoscript/fileName/ApplyStrategyRequest.cs: 04790d20b7aab51157b87a2b7ea70902 -> 
  custom:scripting/monoscript/fileName/ScrollSystem.cs: 80ef92943d864cb0b392598d6fcd75b9 -> 
  custom:scripting/monoscript/fileName/CreationChainStrategyTag.cs: 4fd921b87fca9ba0c731b954efca90f5 -> 7572d150aeb0955f670c8845e4df7c53
  custom:scripting/monoscript/fileName/ScrollDraggedMarker.cs: f40ec288e4d6330335dd03fa8726c839 -> 74ece2a65d27c55d64e7936bb538e5a8
  custom:scripting/monoscript/fileName/CreateAnimalsRequest.cs: a7ebd1a26b1e6c2c8f783f7506341452 -> 45001033be0d024e3f69c19d212eca00
  custom:scripting/monoscript/fileName/GameFieldGeneratedMarker.cs: 3343d51a95b5393b866292f7dd40076e -> 8ec9e96219719154c6ef937af1a570ab
  custom:scripting/monoscript/fileName/TileGenerator7.cs: d48bfbfd829455d8678bccfbd4ddf1db -> d7e74d9e48390acec81fb7d05eab04b6
  custom:scripting/monoscript/fileName/ClickSideMarker.cs: c1aa69917ccbb0e088243ec1d2c1ed5f -> 0c097904c16edc5a7ac1137f05d8d51c
  custom:scripting/monoscript/fileName/LevelLostMarker.cs: 93ebe850d5850b9eb8bc2c04e2ffed33 -> 3e55ffaf6b929b3b51e014250d9920ac
  custom:scripting/monoscript/fileName/GameTitleConnect.cs: 5c14e36aa95fc82c33183a9dfce72cd2 -> 41a65dfb2d31309386b013674fae2e80
  custom:scripting/monoscript/fileName/CreateGameScreenRequest.cs: a885ba890460f60ddcd2c66df732e91f -> 066c58def3458c57fd1f40d51ed860c1
  custom:scripting/monoscript/fileName/ScrollToTargetMarker.cs: 7c2577f2a0b3fb585d934a4d0b35b7ec -> 01286f347cbc8bec863dbe15212d04dd
  custom:scripting/monoscript/fileName/GameFieldGeneratedByAlgorithm.cs: 642fd6d4f4e02c35c870cd61f2ca081f -> 074895d821d9efb916232844efdac6c8
  custom:scripting/monoscript/fileName/TileGenerator5.cs: 0eaf6fadc56123ad87a1d593fa635ede -> ee69db292b395fb7006478b7279c5ca6
  custom:scripting/monoscript/fileName/GameScreenSystem.cs: a0b364fc1bcdda23e4dd359a2204c08d -> 402c5e1323b5b0152bd1eea24fa29d07
  custom:scripting/monoscript/fileName/DestructionChainStrategyTag.cs: b0d607db3ab31634dee73b569e199000 -> 0c62c6ddeecb954158e34eafdd3e629f
========================================================================
Received Prepare
Caller must complete domain reload
Begin MonoManager ReloadAssembly
- Loaded All Assemblies, in  1.765 seconds
Native extension for WindowsStandalone target not found
Native extension for Android target not found
Native extension for WebGL target not found
[Package Manager] Server::EnsureServerProcessIsRunning -- launch failed, reason: Unity was launched with the -noUpm command-line argument
[Package Manager] UpmClient::Send -- Unable to send message (not connected to UPM process).
[Package Manager] Cannot connect to Unity Package Manager local server
Mono: successfully reloaded assembly
[Package Manager] Server::EnsureServerProcessIsRunning -- launch failed, reason: Unity was launched with the -noUpm command-line argument
[Package Manager] UpmClient::Send -- Unable to send message (not connected to UPM process).
[Package Manager] Cannot connect to Unity Package Manager local server
- Finished resetting the current domain, in  1.897 seconds
Domain Reload Profiling: 3662ms
	BeginReloadAssembly (534ms)
		ExecutionOrderSort (0ms)
		DisableScriptedObjects (29ms)
		BackupInstance (0ms)
		ReleaseScriptingObjects (1ms)
		CreateAndSetChildDomain (312ms)
	RebuildCommonClasses (39ms)
	RebuildNativeTypeToScriptingClass (10ms)
	initialDomainReloadingComplete (43ms)
	LoadAllAssembliesAndSetupDomain (1138ms)
		LoadAssemblies (1176ms)
		RebuildTransferFunctionScriptingTraits (0ms)
		AnalyzeDomain (50ms)
			TypeCache.Refresh (25ms)
				TypeCache.ScanAssembly (7ms)
			ScanForSourceGeneratedMonoScriptInfo (16ms)
			ResolveRequiredComponents (7ms)
	FinalizeReload (1899ms)
		ReleaseScriptCaches (0ms)
		RebuildScriptCaches (0ms)
		SetupLoadedEditorAssemblies (1068ms)
			LogAssemblyErrors (0ms)
			InitializePlatformSupportModulesInManaged (37ms)
			SetLoadedEditorAssemblies (4ms)
			RefreshPlugins (0ms)
			BeforeProcessingInitializeOnLoad (78ms)
			ProcessInitializeOnLoadAttributes (602ms)
			ProcessInitializeOnLoadMethodAttributes (344ms)
			AfterProcessingInitializeOnLoad (2ms)
			EditorAssembliesLoaded (2ms)
		ExecutionOrderSort2 (0ms)
		AwakeInstancesAfterBackupRestoration (7ms)
Refreshing native plugins compatible for Editor in 6.41 ms, found 3 plugins.
Preloading 0 native plugins for Editor in 0.00 ms.
Unloading 4484 Unused Serialized files (Serialized files now loaded: 0)
Unloading 31 unused Assets / (66.2 KB). Loaded Objects now: 5068.
Memory consumption went from 175.0 MB to 175.0 MB.
Total: 35.559400 ms (FindLiveObjects: 1.651700 ms CreateObjectMapping: 0.142800 ms MarkObjects: 33.489200 ms  DeleteObjects: 0.274200 ms)

Prepare: number of updated asset objects reloaded= 0
AssetImportParameters requested are different than current active one (requested -> active):
  custom:scripting/monoscript/fileName/CatchGameFieldGeneratedRequest.cs: a67d51feea369e3830f924d9b8e9bd99 -> 17b67da9d0f3c4e2f8690dc96459b2b2
  custom:scripting/monoscript/fileName/TileGenerator3.cs: d30fb83fc6ac7475a319a83728c9ad41 -> 9b48fa675f0bce54dde0ed40b926842e
  custom:scripting/monoscript/fileName/GameFieldGrowthWaveAlgorithmTag.cs: 0ef400f135d729b9ef5ef61213bf46ca -> 992c54089fb6287a3abd63c766c90ae4
  custom:scripting/monoscript/fileName/CreateControlsRequest.cs: b6b52fa38bc5533b3ae550ee8b4085d9 -> 16e50cc2756add101f300d8e44319dd4
  custom:scripting/monoscript/fileName/HUDPrefab.cs: 30eaa62651e9c88e43fcb0d04e30077a -> 114724dd8b86c8d5655c0a4636c8f807
  custom:container-demuxer-ogg: 62fdf1f143b41e24485cea50d1cbac27 -> 
  custom:scripting/monoscript/fileName/TileGenerator2.cs: 09c5b2f1e3412cb486138eafe6da2ee9 -> d25441398affce60b9e3b08d18b5fa1c
  custom:scripting/monoscript/fileName/GameFlowFeature.cs: e6718831d198d39704b255f20f16f8d0 -> df0113f54b1bbce00d62c010ef3fe8b4
  custom:scripting/monoscript/fileName/CreationAnimalStrategyCfg.cs: fb433a13c1a2eff2a6d277801dbab975 -> 4fd36c8314e91d36d51becb0cdc6faeb
  custom:scripting/monoscript/fileName/CreateAnimalsSystem.cs: 8cef56369804335c0ac2e97203aee8a9 -> bee4bc1341c43b6aa3c88b1b3d4e3e18
  custom:scripting/monoscript/fileName/ScrollToTargetEvent.cs: 267de8c3fdba9d89cbf5a80a977d1db1 -> 1606e13368f10abd95859ea46f664d86
  custom:scripting/monoscript/fileName/GameFieldGeneratedEvent.cs: f908cee032e843be5ba60b9a2c441882 -> a6030e6b0b808118faf8aa49ffee5b94
  custom:scripting/monoscript/fileName/RandomGameFieldAlgorithmSystem.cs: 22b92a32636676be944ecefe67707cbf -> c5085b777b6be8657ea1f9bd1eb1f0e6
  custom:scripting/monoscript/fileName/GameFieldWaveAlgorithmTag.cs: 5be4d41974793f3169ea3a8184ff61d2 -> a3fe88f8e3ec0ea7cb6587b6cb569630
  custom:scripting/monoscript/fileName/GameFieldAlgorithms.cs: 9210f2e649de58f37f078a6eadd5eb19 -> a68d1cf9c70b1eb7af91f8532ed35f7f
  custom:scripting/monoscript/fileName/MetaGameUIHiddenEvent.cs: 342ed956eb53710532411f8c2784417a -> 463482aa840de7082f4a278ef86a7e1d
  custom:scripting/monoscript/fileName/LevelClearedEvent.cs: bbac8ca3904db25721b8cf3b0fab6582 -> 663b31180f17f64cf76455cfee4638c9
  custom:scripting/monoscript/fileName/GameScreenPrefab.cs: ad79cba3a80ff268ab301d438f50d7a3 -> b778ed7a73a66bec617f434ba9deff77
  custom:video-decoder-ogg-theora: a1e56fd34408186e4bbccfd4996cb3dc -> 
  custom:scripting/monoscript/fileName/CalculateCellScaleYSystem.cs: 939787dca0b233005791ec684dff156a -> 24348a5eb2340227fde21c4e16f198a5
  custom:scripting/monoscript/fileName/AnimalPositionedEvent.cs: 8e15db485d40ca13ea5402666ad1b4b3 -> 1bc3206bed9925993456a53b954cd396
  custom:scripting/monoscript/fileName/ScrollSnapEffect.cs: b6c51e4f0f8afbbfdca8ecd17bfb0fb9 -> 91d29477668f48905bbbd4cb6247533d
  custom:scripting/monoscript/fileName/LevelLifeTimeMarker.cs: bfaf24a17910b0a8ddcc0f9024db8056 -> d0a88ae6d48c761dad292d2aec410cb0
  custom:scripting/monoscript/fileName/GameFieldPlaneAlgorithmTag.cs: 21e5015ce1d5b093ab9d6011592292bd -> 7cf8c3e3aade2f1d2e7a2f82f1c5463e
  custom:framework-win-MediaFoundation: 216162199b28c13a410421893ffa2e32 -> 
  custom:scripting/monoscript/fileName/LevelLostEvent.cs: afc9b242eba24b2b4392b9bea1cad284 -> d1c8f0634443fb2b56e42e7c40935303
  custom:scripting/monoscript/fileName/GameField.cs: 27b6b3d034a0ef2e26f2934f1319d99d -> bf9a4c69a023939dbb88e3f1703ca432
  custom:scripting/monoscript/fileName/ScrollSnap.cs: 5dd984369f102ebda4e54789a0ea104e -> 74fe1fbb0f6bef271000d67e7c21bd45
  custom:scripting/monoscript/fileName/HideMetaGameUIRequest.cs: c6d8ffd38038f5edb986b7d2b1660fc7 -> 023f27171a187f71ff8a4853369f6cb5
  custom:scripting/monoscript/fileName/ReferenceCodeGen.cs: 1847e30272d75555141d3031c134c733 -> 
  custom:scripting/monoscript/fileName/GameCreatedEvent.cs: 25808abd6af439ae2d396c16c3d9e8f2 -> 13c2ac463741ba32d214c8bfa0606347
  custom:scripting/monoscript/fileName/TileGeneratedEvent.cs: 1b597c0aa79fd56f2f4088925f13cbef -> dba7452f6d7179c1abc1b361aa9403a8
  custom:scripting/monoscript/fileName/ScrollSnapSystem.cs: 51807458632b0abe0dcd77862975ce47 -> 49fa898761310374e9100843919f1617
  custom:scripting/monoscript/fileName/ChainDestructionRequestSystem.cs: e36a5ffa427d50aa181531f55986ccd8 -> 
  custom:scripting/monoscript/fileName/GameFlowSystem.cs: cf1e5382541a33c73a981035dae85045 -> b60539680bd07758445284af098b515c
  custom:scripting/monoscript/fileName/LevelLostCheckSystem.cs: 255183d3cc1fbb2d10c8abfa77b7b9e2 -> 1205ba5e4744c00285ba2c45a53da364
  custom:scripting/monoscript/fileName/CatchGameFieldEventsSystem.cs: 69b1fa6bdab0b0e6ef5f59e5ba1798e4 -> d8fdc78bead3537fb228755ca2d434dd
  custom:scripting/monoscript/fileName/FitObjectToCamera.cs: 942221b48ed202602e9ac643e54d7650 -> aaedefa2aeb7069389a90129af0ec391
  custom:scripting/monoscript/fileName/DestructionAnimalStrategyCfg.cs: b5449fe14a7d9ce6de2ff0202c280054 -> dcccc812fc5e86758b5038f4fc7d9a74
  custom:scripting/monoscript/fileName/CameraScaler.cs: 150bf424de40cfdb27d6bfc1fd0a2d72 -> 3cbb08bff7a396f130a0443ef1ccb748
  custom:scripting/monoscript/fileName/ScoreUIConnect.cs: c27938a2bdddd88ab951e7adbbd35794 -> ac7c32a805063f081f2fababb8d4d898
  custom:CustomObjectIndexerAttribute: 9a22284fe3817be447336de3de66b15e -> 
  custom:scripting/monoscript/fileName/ChainDestructionSystem.cs: 1804387f55e34d8c464a091638dbfb17 -> 
  custom:scripting/monoscript/fileName/GameFieldDestructRequest.cs: 10e88c15a7ec0cf5e99dbb40e0a3edf8 -> 39e29c44e39353c5f5e46e4fd35fb435
  custom:scripting/monoscript/fileName/GameLossTimerConnect.cs: f0cf7139ab50e9b8389bcd82a4789c30 -> 21c0067c523cc022f4caa4d8eef3c889
  custom:scripting/monoscript/fileName/GameFieldAlgorithmCfg.cs: 2a67613a1067bee0772c4bce0a006e8e -> c18842b2d8e9d19897c42dc941ae1a61
  custom:scripting/monoscript/fileName/DestructionChainTag.cs: d52207bbfd049f584009aa3d50645080 -> 
  custom:scripting/monoscript/fileName/AnimalCreationChainStrategySystem.cs: cfd77a10d3edff40c8fa516ba194c3f6 -> 6245b6c4937dad6bd6bfbe1a5bb91d82
  custom:scripting/monoscript/fileName/MetaGameUISystem.cs: 93f0bb4ace47f6ac6817404d82ccb661 -> 34bedb813123b4b9a91614edd15a8069
  custom:scripting/monoscript/fileName/ScrollSetupRequest.cs: a402aba2680e5863d1008ad06428d65a -> e1c69e68812599757df2aff91a4e9cf2
  custom:container-demuxer-webm: 4f35f7cbe854078d1ac9338744f61a02 -> 
  custom:scripting/monoscript/fileName/FadeEffect.cs: 4615b2acb46a691c33b29aab26f2062a -> 
  custom:scripting/monoscript/fileName/MetaGameUIHiddenMarker.cs: a71b94db2ed8f97f815cc84fb87d48eb -> dddb2beaf43a7ef60953e2f9eacf78f8
  custom:scripting/monoscript/fileName/SourceCodeModifier.cs: 3ffa94fedf57701a474133f623b99b6a -> 5c7f9a2114ee5b14002453c253315bd0
  custom:scripting/monoscript/fileName/GameFieldAlgorithmTag.cs: 5b91fd95ca72cd7048aa9f46e543e265 -> da7c22434643605d19edac79c0d3b3c7
  custom:scripting/monoscript/fileName/GameFieldGrowthWaveAlgorithmSystem.cs: c43067b71ef74cae0090827f88cfe4b8 -> 00c4aec9ff9f1e3764b69170240089db
  custom:scripting/monoscript/fileName/LevelLossSystem.cs: 89eef653e3f28787ebae3df17b9a17fa -> 1a50b41fb86c42146dd1e7eca3f63c3b
  custom:scripting/monoscript/fileName/GameFieldGenerateRequest.cs: b3f004fb89f931ad5595eca9c3e3ea7d -> fc85f9d1ad1c72513abf13f206f13826
  custom:container-muxer-webm: aa71ff27fc2769a1b78a27578f13a17b -> 
  custom:scripting/monoscript/fileName/AnimalDestructedEvent.cs: de6741ad9146f65b9ee26b392c6f63b7 -> e882e3b205fcfc8f4d8ec1b06235b0f7
  custom:scripting/monoscript/fileName/DeleteEntityCommand.cs: bcabe5bfe518320718d48d41a3a0e90a -> 
  custom:video-decoder-webm-vp8: 9c59270c3fd7afecdb556c50c9e8de78 -> 
  custom:scripting/monoscript/fileName/DestroyViewRequest.cs: 1a0b5b4a36b5820faa4b3894f8324e00 -> 0ebb0c5641d0ac20e497e246c3eff337
  custom:scripting/monoscript/fileName/ApplyDestructionStrategyRequest.cs: 032a28d88c65010193deb5a4b99f58dd -> 213312285ccaacd75ce574cb89bf2411
  custom:scripting/monoscript/fileName/TileGenerator.cs: 042c900c13328f8a0055f0bccddada85 -> a538991689346061c6a9a2a96b02d37e
  custom:scripting/monoscript/fileName/ScaleEffect.cs: bf12e834d532f4f806bebaac99f812c1 -> 
  custom:SearchIndexIgnoredProperties: e643bd26f0fe6173181afceb89e7c659 -> 
  custom:scripting/monoscript/fileName/ScrollSnappedMarker.cs: 066cb0420eaae820b69ffbae9344f0b4 -> 1cd14000dfdbca98f6dda0685bba7fce
  custom:scripting/monoscript/fileName/DestroyViewSystem.cs: e1c1ea54b0c9f7465aac7332f0e6d6a8 -> 59b102bdf1755f7c7d016788c0259b93
  custom:scripting/monoscript/fileName/CleanupLevelRequest.cs: a4116677aeb8d793871c137a2a44b119 -> c4dd04e39c7a6664b68dab929adf2e81
  custom:AudioImporter_EditorPlatform: d09bf68614088b80899f8185d706f6e7 -> 
  custom:scripting/monoscript/fileName/ChainMovementMarker.cs: feac63d7e5aa51292f19abaa1d9db08c -> 
  custom:scripting/monoscript/fileName/ScrollPosition.cs: 225c0c33ea226da69f3473693dfb3c05 -> 9f9e723ba8833b9541ecfca3c6d6f8bc
  custom:scripting/monoscript/fileName/GameFieldWaveAlgorithmSystem.cs: fc14103f781a8cbb106ceeeb57eaeaab -> 607884f57fd7ce8ffeb8d2a7c96f93a3
  custom:scripting/monoscript/fileName/PlayerCfgRef.cs: 6d19f04523dbbba4fc64c8057f04e02a -> 198dbad4b6bbc11b3942c96af8dde650
  custom:scripting/monoscript/fileName/DestructionChainStrategySystem.cs: 783bb7763cba92611d8e9cf6674063b1 -> ddd821ede2656248bf0e9ddf669d5a28
  custom:scripting/monoscript/fileName/CreationChainTag.cs: 2998fd809902939f0ee04f473eeca00e -> 
  custom:scripting/monoscript/fileName/DestructionFeature.cs: b9b7cdbe8848a566388411c97a5fbd67 -> adcfef4ac4e45d2e562dcdc6fa49e429
  custom:scripting/monoscript/fileName/GameFieldAlgorithmIndex.cs: 9457d7f2147049910ea06f2159c61fc6 -> 7a58e7c6b5adebdaec058182398a5707
  custom:scripting/monoscript/fileName/GameLossTimerSystem.cs: de0b464553cb6b861179a91f75237edf -> 071940ff3f3e183b1d11d15239224386
  custom:scripting/monoscript/fileName/GameFieldPlaneAlgorithmSystem.cs: 526228704b2d4ed12e4753080710ec45 -> fec5555e40052f9e75dc859f5d201f4d
  custom:scripting/monoscript/fileName/ScrollSnappedEvent.cs: 85353374ba80b5fbd36ff4e2e7944412 -> 8bf4efe021842362c4e7d55e6a37d79a
  custom:scripting/monoscript/fileName/ShowMetaGameUIRequest.cs: 5564592071856871b46e981baa2e91f8 -> a88d7f1c319941ffae2f3a8957251596
  custom:scripting/monoscript/fileName/TileGenerator6.cs: 0a225711dfb489626c74dc5ff5d78f40 -> 83a93281253429d4bd51d4bfaf52f3ed
  custom:scripting/monoscript/fileName/GameFieldDestructedRequest.cs: c04d6601b9dc935cfc91348b0b9cc810 -> 47034b076d3abdec8c90304ac1fc38f1
  custom:scripting/monoscript/fileName/MetaGameUI.cs: b1f4a332b284a38895d9534e62ff0baf -> 67622f9ccfe38dacd5af3f2ae37c3026
  custom:scripting/monoscript/fileName/GameFieldClickSystem.cs: 9e6e496c03415de771bf8909db35f03b -> 3b1ea4c67b8ab5832ff3a23919e79f06
  custom:scripting/monoscript/fileName/BaseScrollSnapEffect.cs: d407bd1fc108496d969888a00479cce0 -> 
  custom:scripting/monoscript/fileName/CreateHUDSystem.cs: f8cd7ef545fa25f934c486aaa420eedd -> 43c05b406d9086180812a87a0e010e47
  custom:scripting/monoscript/fileName/Levels.cs: f22977143cde483af3e13597acee3c02 -> 37490b0d126f14e1e1d31453e3e94ae4
  custom:video-encoder-webm-vp8: eb34c28f22e8b96e1ab97ce403110664 -> 
  custom:scripting/monoscript/fileName/AnimalDestructionChainStrategySystem.cs: 23f4cc2de4c34d4d82415b095d5404aa -> 2d33061d60136630278a03c1042b54b3
  custom:scripting/monoscript/fileName/AnimalSpawnedEvent.cs: 18a67763bcf9b1b1ac26ffbfcbeed587 -> 7ad467d334ed6914a6a27adce1847b10
  custom:scripting/monoscript/fileName/RewardConnect.cs: de79e19f525e7b5954dbb77b1f453e4e -> 6751c3bbc08d4697c3b42878cd3daebd
  custom:audio-decoder-ogg-vorbis: bf7c407c2cedff20999df2af8eb42d56 -> 
  custom:scripting/monoscript/fileName/CleanupLevelSystem.cs: 72214ed46a73a03fca528428e05bd1c5 -> 8a5bce7edb21df4c4707d0529e30155e
  custom:scripting/monoscript/fileName/GameTag.cs: 2f67c69f27e85f806b88deb8c87b88d2 -> f5290ba12be2c3f124e97ffb76e9ea9f
  custom:scripting/monoscript/fileName/ScrollSnapTag.cs: 893d8b8aa473763f6ed0fb5321bbad28 -> c53bb14ce7c537cec4ba51b6c7bc6939
  custom:scripting/monoscript/fileName/GameFieldFeature.cs: 1f8b976c740b234c284fddfd95c568fd -> 9a83e32ad7b7857e12d74cf105f5a137
  custom:scripting/monoscript/fileName/GameScreen.cs: deb4cff0d85b325b8a61d3844cabec07 -> 84ec6758a1e33abe8d42365166b67ebd
  custom:scripting/monoscript/fileName/DestructionStrategyTag.cs: 950962d7baf41bc8fed98ea522a40170 -> 
  custom:scripting/monoscript/fileName/ScrollDraggedEvent.cs: d4b82f514f08a6e7eb8d3acbba3af876 -> 76bd8895c3b43170415bf40518460c7d
  custom:scripting/monoscript/fileName/CreateHUDRequest.cs: 61b5f154a3d1ac03d04c59d29d1c4e05 -> 11938a6be2a737aa70fadc220742dab2
  custom:scripting/monoscript/fileName/TileGenerator4.cs: 1ec433f057ddbb323aab6300cdd41968 -> 9b8c2608bd1d4162243c126a2c3ab74b
  custom:scripting/monoscript/fileName/GrowthWave.cs: 7c48243a6dd50c54e09b35b8a70e858a -> ab7a6a6e85687b04c58c7a681131bfdc
  custom:scripting/monoscript/fileName/AssemblyAnalyzer.cs: 5883fa404100530f6821c51e0df4a2b6 -> 
  custom:scripting/monoscript/fileName/CreateCoinRequest.cs: b6ee2396be79577ff18a940acb85bfe6 -> 8bf745611aed40a8441b8db392ff0316
  custom:scripting/monoscript/fileName/CreateGameLossTimerRequest.cs: 286f3e38529572dc1661f3473c808992 -> ef901bf1b06c7938a6030a67dd4d6d21
  custom:scripting/monoscript/fileName/DeathEvent.cs: ae7a15dcf33e2eb04a19bf37c49c469a -> 7ba4c6fe9f322f00d774d318ef8ef3b2
  custom:scripting/monoscript/fileName/GameFieldDestructedEvent.cs: 565697dff0d07f15eb4da25529efeaf3 -> 249503e823ee8a2543fdc65535f78404
  custom:scripting/monoscript/fileName/Wave.cs: e8061bad203a1f6efd397e8313ec6d83 -> ed89714bef4a8fe64f993c8bbc6df15f
  custom:scripting/monoscript/fileName/GameFieldDestructedMarker.cs: ab2e5320e3676ca16774eba7277d5b9e -> 6af6280f9d165b3fa0cbeef98677737a
  custom:scripting/monoscript/fileName/CoinUIConnect.cs: 8505822111497da435ec6d27192811c8 -> 9bed0bffdd7b151bbdc04ee5da58d9a4
  custom:scripting/monoscript/fileName/CreateGameSystem.cs: c40209e5646f830645bfdfa6dda44b96 -> acdc7e582431689501a3c2e4d1b573d0
  custom:audio-encoder-webm-vorbis: bf7c407c2cedff20999df2af8eb42d56 -> 
  custom:scripting/monoscript/fileName/ApplyStrategyRequest.cs: 04790d20b7aab51157b87a2b7ea70902 -> 
  custom:scripting/monoscript/fileName/ScrollSystem.cs: 80ef92943d864cb0b392598d6fcd75b9 -> 
  custom:scripting/monoscript/fileName/CreationChainStrategyTag.cs: 4fd921b87fca9ba0c731b954efca90f5 -> 7572d150aeb0955f670c8845e4df7c53
  custom:scripting/monoscript/fileName/ScrollDraggedMarker.cs: f40ec288e4d6330335dd03fa8726c839 -> 74ece2a65d27c55d64e7936bb538e5a8
  custom:scripting/monoscript/fileName/CreateAnimalsRequest.cs: a7ebd1a26b1e6c2c8f783f7506341452 -> 45001033be0d024e3f69c19d212eca00
  custom:scripting/monoscript/fileName/GameFieldGeneratedMarker.cs: 3343d51a95b5393b866292f7dd40076e -> 8ec9e96219719154c6ef937af1a570ab
  custom:scripting/monoscript/fileName/TileGenerator7.cs: d48bfbfd829455d8678bccfbd4ddf1db -> d7e74d9e48390acec81fb7d05eab04b6
  custom:scripting/monoscript/fileName/ClickSideMarker.cs: c1aa69917ccbb0e088243ec1d2c1ed5f -> 0c097904c16edc5a7ac1137f05d8d51c
  custom:scripting/monoscript/fileName/LevelLostMarker.cs: 93ebe850d5850b9eb8bc2c04e2ffed33 -> 3e55ffaf6b929b3b51e014250d9920ac
  custom:scripting/monoscript/fileName/GameTitleConnect.cs: 5c14e36aa95fc82c33183a9dfce72cd2 -> 41a65dfb2d31309386b013674fae2e80
  custom:scripting/monoscript/fileName/CreateGameScreenRequest.cs: a885ba890460f60ddcd2c66df732e91f -> 066c58def3458c57fd1f40d51ed860c1
  custom:scripting/monoscript/fileName/ScrollToTargetMarker.cs: 7c2577f2a0b3fb585d934a4d0b35b7ec -> 01286f347cbc8bec863dbe15212d04dd
  custom:scripting/monoscript/fileName/GameFieldGeneratedByAlgorithm.cs: 642fd6d4f4e02c35c870cd61f2ca081f -> 074895d821d9efb916232844efdac6c8
  custom:scripting/monoscript/fileName/TileGenerator5.cs: 0eaf6fadc56123ad87a1d593fa635ede -> ee69db292b395fb7006478b7279c5ca6
  custom:scripting/monoscript/fileName/GameScreenSystem.cs: a0b364fc1bcdda23e4dd359a2204c08d -> 402c5e1323b5b0152bd1eea24fa29d07
  custom:scripting/monoscript/fileName/DestructionChainStrategyTag.cs: b0d607db3ab31634dee73b569e199000 -> 0c62c6ddeecb954158e34eafdd3e629f
========================================================================
Received Prepare
Caller must complete domain reload
Begin MonoManager ReloadAssembly
- Loaded All Assemblies, in  1.969 seconds
Native extension for WindowsStandalone target not found
Native extension for Android target not found
Native extension for WebGL target not found
[Package Manager] Server::EnsureServerProcessIsRunning -- launch failed, reason: Unity was launched with the -noUpm command-line argument
[Package Manager] UpmClient::Send -- Unable to send message (not connected to UPM process).
[Package Manager] Cannot connect to Unity Package Manager local server
Mono: successfully reloaded assembly
[Package Manager] Server::EnsureServerProcessIsRunning -- launch failed, reason: Unity was launched with the -noUpm command-line argument
[Package Manager] UpmClient::Send -- Unable to send message (not connected to UPM process).
[Package Manager] Cannot connect to Unity Package Manager local server
- Finished resetting the current domain, in  1.822 seconds
Domain Reload Profiling: 3793ms
	BeginReloadAssembly (685ms)
		ExecutionOrderSort (0ms)
		DisableScriptedObjects (88ms)
		BackupInstance (0ms)
		ReleaseScriptingObjects (2ms)
		CreateAndSetChildDomain (191ms)
	RebuildCommonClasses (49ms)
	RebuildNativeTypeToScriptingClass (11ms)
	initialDomainReloadingComplete (45ms)
	LoadAllAssembliesAndSetupDomain (1179ms)
		LoadAssemblies (1295ms)
		RebuildTransferFunctionScriptingTraits (0ms)
		AnalyzeDomain (66ms)
			TypeCache.Refresh (38ms)
				TypeCache.ScanAssembly (9ms)
			ScanForSourceGeneratedMonoScriptInfo (18ms)
			ResolveRequiredComponents (9ms)
	FinalizeReload (1824ms)
		ReleaseScriptCaches (0ms)
		RebuildScriptCaches (0ms)
		SetupLoadedEditorAssemblies (705ms)
			LogAssemblyErrors (0ms)
			InitializePlatformSupportModulesInManaged (28ms)
			SetLoadedEditorAssemblies (4ms)
			RefreshPlugins (0ms)
			BeforeProcessingInitializeOnLoad (75ms)
			ProcessInitializeOnLoadAttributes (343ms)
			ProcessInitializeOnLoadMethodAttributes (252ms)
			AfterProcessingInitializeOnLoad (3ms)
			EditorAssembliesLoaded (0ms)
		ExecutionOrderSort2 (0ms)
		AwakeInstancesAfterBackupRestoration (6ms)
Refreshing native plugins compatible for Editor in 9.53 ms, found 3 plugins.
Preloading 0 native plugins for Editor in 0.00 ms.
Unloading 4484 Unused Serialized files (Serialized files now loaded: 0)
Unloading 31 unused Assets / (67.2 KB). Loaded Objects now: 5071.
Memory consumption went from 175.0 MB to 175.0 MB.
Total: 27.097300 ms (FindLiveObjects: 0.361100 ms CreateObjectMapping: 0.132400 ms MarkObjects: 26.409100 ms  DeleteObjects: 0.193600 ms)

Prepare: number of updated asset objects reloaded= 0
AssetImportParameters requested are different than current active one (requested -> active):
  custom:scripting/monoscript/fileName/CatchGameFieldGeneratedRequest.cs: a67d51feea369e3830f924d9b8e9bd99 -> 17b67da9d0f3c4e2f8690dc96459b2b2
  custom:scripting/monoscript/fileName/TileGenerator3.cs: d30fb83fc6ac7475a319a83728c9ad41 -> 9b48fa675f0bce54dde0ed40b926842e
  custom:scripting/monoscript/fileName/GameFieldGrowthWaveAlgorithmTag.cs: 0ef400f135d729b9ef5ef61213bf46ca -> 992c54089fb6287a3abd63c766c90ae4
  custom:scripting/monoscript/fileName/CreateControlsRequest.cs: b6b52fa38bc5533b3ae550ee8b4085d9 -> 16e50cc2756add101f300d8e44319dd4
  custom:scripting/monoscript/fileName/HUDPrefab.cs: 30eaa62651e9c88e43fcb0d04e30077a -> 114724dd8b86c8d5655c0a4636c8f807
  custom:container-demuxer-ogg: 62fdf1f143b41e24485cea50d1cbac27 -> 
  custom:scripting/monoscript/fileName/TileGenerator2.cs: 09c5b2f1e3412cb486138eafe6da2ee9 -> d25441398affce60b9e3b08d18b5fa1c
  custom:scripting/monoscript/fileName/GameFlowFeature.cs: e6718831d198d39704b255f20f16f8d0 -> df0113f54b1bbce00d62c010ef3fe8b4
  custom:scripting/monoscript/fileName/CreationAnimalStrategyCfg.cs: fb433a13c1a2eff2a6d277801dbab975 -> 4fd36c8314e91d36d51becb0cdc6faeb
  custom:scripting/monoscript/fileName/CreateAnimalsSystem.cs: 8cef56369804335c0ac2e97203aee8a9 -> bee4bc1341c43b6aa3c88b1b3d4e3e18
  custom:scripting/monoscript/fileName/ScrollToTargetEvent.cs: 267de8c3fdba9d89cbf5a80a977d1db1 -> 1606e13368f10abd95859ea46f664d86
  custom:scripting/monoscript/fileName/GameFieldGeneratedEvent.cs: f908cee032e843be5ba60b9a2c441882 -> a6030e6b0b808118faf8aa49ffee5b94
  custom:scripting/monoscript/fileName/RandomGameFieldAlgorithmSystem.cs: 22b92a32636676be944ecefe67707cbf -> c5085b777b6be8657ea1f9bd1eb1f0e6
  custom:scripting/monoscript/fileName/GameFieldWaveAlgorithmTag.cs: 5be4d41974793f3169ea3a8184ff61d2 -> a3fe88f8e3ec0ea7cb6587b6cb569630
  custom:scripting/monoscript/fileName/GameFieldAlgorithms.cs: 9210f2e649de58f37f078a6eadd5eb19 -> a68d1cf9c70b1eb7af91f8532ed35f7f
  custom:scripting/monoscript/fileName/MetaGameUIHiddenEvent.cs: 342ed956eb53710532411f8c2784417a -> 463482aa840de7082f4a278ef86a7e1d
  custom:scripting/monoscript/fileName/LevelClearedEvent.cs: bbac8ca3904db25721b8cf3b0fab6582 -> 663b31180f17f64cf76455cfee4638c9
  custom:scripting/monoscript/fileName/GameScreenPrefab.cs: ad79cba3a80ff268ab301d438f50d7a3 -> b778ed7a73a66bec617f434ba9deff77
  custom:video-decoder-ogg-theora: a1e56fd34408186e4bbccfd4996cb3dc -> 
  custom:scripting/monoscript/fileName/CalculateCellScaleYSystem.cs: 939787dca0b233005791ec684dff156a -> 24348a5eb2340227fde21c4e16f198a5
  custom:scripting/monoscript/fileName/AnimalPositionedEvent.cs: 8e15db485d40ca13ea5402666ad1b4b3 -> 1bc3206bed9925993456a53b954cd396
  custom:scripting/monoscript/fileName/ScrollSnapEffect.cs: b6c51e4f0f8afbbfdca8ecd17bfb0fb9 -> 91d29477668f48905bbbd4cb6247533d
  custom:scripting/monoscript/fileName/LevelLifeTimeMarker.cs: bfaf24a17910b0a8ddcc0f9024db8056 -> d0a88ae6d48c761dad292d2aec410cb0
  custom:scripting/monoscript/fileName/GameFieldPlaneAlgorithmTag.cs: 21e5015ce1d5b093ab9d6011592292bd -> 7cf8c3e3aade2f1d2e7a2f82f1c5463e
  custom:framework-win-MediaFoundation: 216162199b28c13a410421893ffa2e32 -> 
  custom:scripting/monoscript/fileName/LevelLostEvent.cs: afc9b242eba24b2b4392b9bea1cad284 -> d1c8f0634443fb2b56e42e7c40935303
  custom:scripting/monoscript/fileName/GameField.cs: 27b6b3d034a0ef2e26f2934f1319d99d -> bf9a4c69a023939dbb88e3f1703ca432
  custom:scripting/monoscript/fileName/ScrollSnap.cs: 5dd984369f102ebda4e54789a0ea104e -> 74fe1fbb0f6bef271000d67e7c21bd45
  custom:scripting/monoscript/fileName/HideMetaGameUIRequest.cs: c6d8ffd38038f5edb986b7d2b1660fc7 -> 023f27171a187f71ff8a4853369f6cb5
  custom:scripting/monoscript/fileName/ReferenceCodeGen.cs: 1847e30272d75555141d3031c134c733 -> 
  custom:scripting/monoscript/fileName/GameCreatedEvent.cs: 25808abd6af439ae2d396c16c3d9e8f2 -> 13c2ac463741ba32d214c8bfa0606347
  custom:scripting/monoscript/fileName/TileGeneratedEvent.cs: 1b597c0aa79fd56f2f4088925f13cbef -> dba7452f6d7179c1abc1b361aa9403a8
  custom:scripting/monoscript/fileName/ScrollSnapSystem.cs: 51807458632b0abe0dcd77862975ce47 -> 49fa898761310374e9100843919f1617
  custom:scripting/monoscript/fileName/ChainDestructionRequestSystem.cs: e36a5ffa427d50aa181531f55986ccd8 -> 
  custom:scripting/monoscript/fileName/GameFlowSystem.cs: cf1e5382541a33c73a981035dae85045 -> b60539680bd07758445284af098b515c
  custom:scripting/monoscript/fileName/LevelLostCheckSystem.cs: 255183d3cc1fbb2d10c8abfa77b7b9e2 -> 1205ba5e4744c00285ba2c45a53da364
  custom:scripting/monoscript/fileName/CatchGameFieldEventsSystem.cs: 69b1fa6bdab0b0e6ef5f59e5ba1798e4 -> d8fdc78bead3537fb228755ca2d434dd
  custom:scripting/monoscript/fileName/FitObjectToCamera.cs: 942221b48ed202602e9ac643e54d7650 -> aaedefa2aeb7069389a90129af0ec391
  custom:scripting/monoscript/fileName/DestructionAnimalStrategyCfg.cs: b5449fe14a7d9ce6de2ff0202c280054 -> dcccc812fc5e86758b5038f4fc7d9a74
  custom:scripting/monoscript/fileName/CameraScaler.cs: 150bf424de40cfdb27d6bfc1fd0a2d72 -> 3cbb08bff7a396f130a0443ef1ccb748
  custom:scripting/monoscript/fileName/ScoreUIConnect.cs: c27938a2bdddd88ab951e7adbbd35794 -> ac7c32a805063f081f2fababb8d4d898
  custom:CustomObjectIndexerAttribute: 9a22284fe3817be447336de3de66b15e -> 
  custom:scripting/monoscript/fileName/ChainDestructionSystem.cs: 1804387f55e34d8c464a091638dbfb17 -> 
  custom:scripting/monoscript/fileName/GameFieldDestructRequest.cs: 10e88c15a7ec0cf5e99dbb40e0a3edf8 -> 39e29c44e39353c5f5e46e4fd35fb435
  custom:scripting/monoscript/fileName/GameLossTimerConnect.cs: f0cf7139ab50e9b8389bcd82a4789c30 -> 21c0067c523cc022f4caa4d8eef3c889
  custom:scripting/monoscript/fileName/GameFieldAlgorithmCfg.cs: 2a67613a1067bee0772c4bce0a006e8e -> c18842b2d8e9d19897c42dc941ae1a61
  custom:scripting/monoscript/fileName/DestructionChainTag.cs: d52207bbfd049f584009aa3d50645080 -> 
  custom:scripting/monoscript/fileName/AnimalCreationChainStrategySystem.cs: cfd77a10d3edff40c8fa516ba194c3f6 -> 6245b6c4937dad6bd6bfbe1a5bb91d82
  custom:scripting/monoscript/fileName/MetaGameUISystem.cs: 93f0bb4ace47f6ac6817404d82ccb661 -> 34bedb813123b4b9a91614edd15a8069
  custom:scripting/monoscript/fileName/ScrollSetupRequest.cs: a402aba2680e5863d1008ad06428d65a -> e1c69e68812599757df2aff91a4e9cf2
  custom:container-demuxer-webm: 4f35f7cbe854078d1ac9338744f61a02 -> 
  custom:scripting/monoscript/fileName/FadeEffect.cs: 4615b2acb46a691c33b29aab26f2062a -> 
  custom:scripting/monoscript/fileName/MetaGameUIHiddenMarker.cs: a71b94db2ed8f97f815cc84fb87d48eb -> dddb2beaf43a7ef60953e2f9eacf78f8
  custom:scripting/monoscript/fileName/SourceCodeModifier.cs: 3ffa94fedf57701a474133f623b99b6a -> 5c7f9a2114ee5b14002453c253315bd0
  custom:scripting/monoscript/fileName/GameFieldAlgorithmTag.cs: 5b91fd95ca72cd7048aa9f46e543e265 -> da7c22434643605d19edac79c0d3b3c7
  custom:scripting/monoscript/fileName/GameFieldGrowthWaveAlgorithmSystem.cs: c43067b71ef74cae0090827f88cfe4b8 -> 00c4aec9ff9f1e3764b69170240089db
  custom:scripting/monoscript/fileName/LevelLossSystem.cs: 89eef653e3f28787ebae3df17b9a17fa -> 1a50b41fb86c42146dd1e7eca3f63c3b
  custom:scripting/monoscript/fileName/GameFieldGenerateRequest.cs: b3f004fb89f931ad5595eca9c3e3ea7d -> fc85f9d1ad1c72513abf13f206f13826
  custom:container-muxer-webm: aa71ff27fc2769a1b78a27578f13a17b -> 
  custom:scripting/monoscript/fileName/AnimalDestructedEvent.cs: de6741ad9146f65b9ee26b392c6f63b7 -> e882e3b205fcfc8f4d8ec1b06235b0f7
  custom:scripting/monoscript/fileName/DeleteEntityCommand.cs: bcabe5bfe518320718d48d41a3a0e90a -> 
  custom:video-decoder-webm-vp8: 9c59270c3fd7afecdb556c50c9e8de78 -> 
  custom:scripting/monoscript/fileName/DestroyViewRequest.cs: 1a0b5b4a36b5820faa4b3894f8324e00 -> 0ebb0c5641d0ac20e497e246c3eff337
  custom:scripting/monoscript/fileName/ApplyDestructionStrategyRequest.cs: 032a28d88c65010193deb5a4b99f58dd -> 213312285ccaacd75ce574cb89bf2411
  custom:scripting/monoscript/fileName/TileGenerator.cs: 042c900c13328f8a0055f0bccddada85 -> a538991689346061c6a9a2a96b02d37e
  custom:scripting/monoscript/fileName/ScaleEffect.cs: bf12e834d532f4f806bebaac99f812c1 -> 
  custom:SearchIndexIgnoredProperties: e643bd26f0fe6173181afceb89e7c659 -> 
  custom:scripting/monoscript/fileName/ScrollSnappedMarker.cs: 066cb0420eaae820b69ffbae9344f0b4 -> 1cd14000dfdbca98f6dda0685bba7fce
  custom:scripting/monoscript/fileName/DestroyViewSystem.cs: e1c1ea54b0c9f7465aac7332f0e6d6a8 -> 59b102bdf1755f7c7d016788c0259b93
  custom:scripting/monoscript/fileName/CleanupLevelRequest.cs: a4116677aeb8d793871c137a2a44b119 -> c4dd04e39c7a6664b68dab929adf2e81
  custom:AudioImporter_EditorPlatform: d09bf68614088b80899f8185d706f6e7 -> 
  custom:scripting/monoscript/fileName/ChainMovementMarker.cs: feac63d7e5aa51292f19abaa1d9db08c -> 
  custom:scripting/monoscript/fileName/ScrollPosition.cs: 225c0c33ea226da69f3473693dfb3c05 -> 9f9e723ba8833b9541ecfca3c6d6f8bc
  custom:scripting/monoscript/fileName/GameFieldWaveAlgorithmSystem.cs: fc14103f781a8cbb106ceeeb57eaeaab -> 607884f57fd7ce8ffeb8d2a7c96f93a3
  custom:scripting/monoscript/fileName/PlayerCfgRef.cs: 6d19f04523dbbba4fc64c8057f04e02a -> 198dbad4b6bbc11b3942c96af8dde650
  custom:scripting/monoscript/fileName/DestructionChainStrategySystem.cs: 783bb7763cba92611d8e9cf6674063b1 -> ddd821ede2656248bf0e9ddf669d5a28
  custom:scripting/monoscript/fileName/CreationChainTag.cs: 2998fd809902939f0ee04f473eeca00e -> 
  custom:scripting/monoscript/fileName/DestructionFeature.cs: b9b7cdbe8848a566388411c97a5fbd67 -> adcfef4ac4e45d2e562dcdc6fa49e429
  custom:scripting/monoscript/fileName/GameFieldAlgorithmIndex.cs: 9457d7f2147049910ea06f2159c61fc6 -> 7a58e7c6b5adebdaec058182398a5707
  custom:scripting/monoscript/fileName/GameLossTimerSystem.cs: de0b464553cb6b861179a91f75237edf -> 071940ff3f3e183b1d11d15239224386
  custom:scripting/monoscript/fileName/GameFieldPlaneAlgorithmSystem.cs: 526228704b2d4ed12e4753080710ec45 -> fec5555e40052f9e75dc859f5d201f4d
  custom:scripting/monoscript/fileName/ScrollSnappedEvent.cs: 85353374ba80b5fbd36ff4e2e7944412 -> 8bf4efe021842362c4e7d55e6a37d79a
  custom:scripting/monoscript/fileName/ShowMetaGameUIRequest.cs: 5564592071856871b46e981baa2e91f8 -> a88d7f1c319941ffae2f3a8957251596
  custom:scripting/monoscript/fileName/TileGenerator6.cs: 0a225711dfb489626c74dc5ff5d78f40 -> 83a93281253429d4bd51d4bfaf52f3ed
  custom:scripting/monoscript/fileName/GameFieldDestructedRequest.cs: c04d6601b9dc935cfc91348b0b9cc810 -> 47034b076d3abdec8c90304ac1fc38f1
  custom:scripting/monoscript/fileName/MetaGameUI.cs: b1f4a332b284a38895d9534e62ff0baf -> 67622f9ccfe38dacd5af3f2ae37c3026
  custom:scripting/monoscript/fileName/GameFieldClickSystem.cs: 9e6e496c03415de771bf8909db35f03b -> 3b1ea4c67b8ab5832ff3a23919e79f06
  custom:scripting/monoscript/fileName/BaseScrollSnapEffect.cs: d407bd1fc108496d969888a00479cce0 -> 
  custom:scripting/monoscript/fileName/CreateHUDSystem.cs: f8cd7ef545fa25f934c486aaa420eedd -> 43c05b406d9086180812a87a0e010e47
  custom:scripting/monoscript/fileName/Levels.cs: f22977143cde483af3e13597acee3c02 -> 37490b0d126f14e1e1d31453e3e94ae4
  custom:video-encoder-webm-vp8: eb34c28f22e8b96e1ab97ce403110664 -> 
  custom:scripting/monoscript/fileName/AnimalDestructionChainStrategySystem.cs: 23f4cc2de4c34d4d82415b095d5404aa -> 2d33061d60136630278a03c1042b54b3
  custom:scripting/monoscript/fileName/AnimalSpawnedEvent.cs: 18a67763bcf9b1b1ac26ffbfcbeed587 -> 7ad467d334ed6914a6a27adce1847b10
  custom:scripting/monoscript/fileName/RewardConnect.cs: de79e19f525e7b5954dbb77b1f453e4e -> 6751c3bbc08d4697c3b42878cd3daebd
  custom:audio-decoder-ogg-vorbis: bf7c407c2cedff20999df2af8eb42d56 -> 
  custom:scripting/monoscript/fileName/CleanupLevelSystem.cs: 72214ed46a73a03fca528428e05bd1c5 -> 8a5bce7edb21df4c4707d0529e30155e
  custom:scripting/monoscript/fileName/GameTag.cs: 2f67c69f27e85f806b88deb8c87b88d2 -> f5290ba12be2c3f124e97ffb76e9ea9f
  custom:scripting/monoscript/fileName/ScrollSnapTag.cs: 893d8b8aa473763f6ed0fb5321bbad28 -> c53bb14ce7c537cec4ba51b6c7bc6939
  custom:scripting/monoscript/fileName/GameFieldFeature.cs: 1f8b976c740b234c284fddfd95c568fd -> 9a83e32ad7b7857e12d74cf105f5a137
  custom:scripting/monoscript/fileName/GameScreen.cs: deb4cff0d85b325b8a61d3844cabec07 -> 84ec6758a1e33abe8d42365166b67ebd
  custom:scripting/monoscript/fileName/DestructionStrategyTag.cs: 950962d7baf41bc8fed98ea522a40170 -> 
  custom:scripting/monoscript/fileName/ScrollDraggedEvent.cs: d4b82f514f08a6e7eb8d3acbba3af876 -> 76bd8895c3b43170415bf40518460c7d
  custom:scripting/monoscript/fileName/CreateHUDRequest.cs: 61b5f154a3d1ac03d04c59d29d1c4e05 -> 11938a6be2a737aa70fadc220742dab2
  custom:scripting/monoscript/fileName/TileGenerator4.cs: 1ec433f057ddbb323aab6300cdd41968 -> 9b8c2608bd1d4162243c126a2c3ab74b
  custom:scripting/monoscript/fileName/GrowthWave.cs: 7c48243a6dd50c54e09b35b8a70e858a -> ab7a6a6e85687b04c58c7a681131bfdc
  custom:scripting/monoscript/fileName/AssemblyAnalyzer.cs: 5883fa404100530f6821c51e0df4a2b6 -> 
  custom:scripting/monoscript/fileName/CreateCoinRequest.cs: b6ee2396be79577ff18a940acb85bfe6 -> 8bf745611aed40a8441b8db392ff0316
  custom:scripting/monoscript/fileName/CreateGameLossTimerRequest.cs: 286f3e38529572dc1661f3473c808992 -> ef901bf1b06c7938a6030a67dd4d6d21
  custom:scripting/monoscript/fileName/DeathEvent.cs: ae7a15dcf33e2eb04a19bf37c49c469a -> 7ba4c6fe9f322f00d774d318ef8ef3b2
  custom:scripting/monoscript/fileName/GameFieldDestructedEvent.cs: 565697dff0d07f15eb4da25529efeaf3 -> 249503e823ee8a2543fdc65535f78404
  custom:scripting/monoscript/fileName/Wave.cs: e8061bad203a1f6efd397e8313ec6d83 -> ed89714bef4a8fe64f993c8bbc6df15f
  custom:scripting/monoscript/fileName/GameFieldDestructedMarker.cs: ab2e5320e3676ca16774eba7277d5b9e -> 6af6280f9d165b3fa0cbeef98677737a
  custom:scripting/monoscript/fileName/CoinUIConnect.cs: 8505822111497da435ec6d27192811c8 -> 9bed0bffdd7b151bbdc04ee5da58d9a4
  custom:scripting/monoscript/fileName/CreateGameSystem.cs: c40209e5646f830645bfdfa6dda44b96 -> acdc7e582431689501a3c2e4d1b573d0
  custom:audio-encoder-webm-vorbis: bf7c407c2cedff20999df2af8eb42d56 -> 
  custom:scripting/monoscript/fileName/ApplyStrategyRequest.cs: 04790d20b7aab51157b87a2b7ea70902 -> 
  custom:scripting/monoscript/fileName/ScrollSystem.cs: 80ef92943d864cb0b392598d6fcd75b9 -> 
  custom:scripting/monoscript/fileName/CreationChainStrategyTag.cs: 4fd921b87fca9ba0c731b954efca90f5 -> 7572d150aeb0955f670c8845e4df7c53
  custom:scripting/monoscript/fileName/ScrollDraggedMarker.cs: f40ec288e4d6330335dd03fa8726c839 -> 74ece2a65d27c55d64e7936bb538e5a8
  custom:scripting/monoscript/fileName/CreateAnimalsRequest.cs: a7ebd1a26b1e6c2c8f783f7506341452 -> 45001033be0d024e3f69c19d212eca00
  custom:scripting/monoscript/fileName/GameFieldGeneratedMarker.cs: 3343d51a95b5393b866292f7dd40076e -> 8ec9e96219719154c6ef937af1a570ab
  custom:scripting/monoscript/fileName/TileGenerator7.cs: d48bfbfd829455d8678bccfbd4ddf1db -> d7e74d9e48390acec81fb7d05eab04b6
  custom:scripting/monoscript/fileName/ClickSideMarker.cs: c1aa69917ccbb0e088243ec1d2c1ed5f -> 0c097904c16edc5a7ac1137f05d8d51c
  custom:scripting/monoscript/fileName/LevelLostMarker.cs: 93ebe850d5850b9eb8bc2c04e2ffed33 -> 3e55ffaf6b929b3b51e014250d9920ac
  custom:scripting/monoscript/fileName/GameTitleConnect.cs: 5c14e36aa95fc82c33183a9dfce72cd2 -> 41a65dfb2d31309386b013674fae2e80
  custom:scripting/monoscript/fileName/CreateGameScreenRequest.cs: a885ba890460f60ddcd2c66df732e91f -> 066c58def3458c57fd1f40d51ed860c1
  custom:scripting/monoscript/fileName/ScrollToTargetMarker.cs: 7c2577f2a0b3fb585d934a4d0b35b7ec -> 01286f347cbc8bec863dbe15212d04dd
  custom:scripting/monoscript/fileName/GameFieldGeneratedByAlgorithm.cs: 642fd6d4f4e02c35c870cd61f2ca081f -> 074895d821d9efb916232844efdac6c8
  custom:scripting/monoscript/fileName/TileGenerator5.cs: 0eaf6fadc56123ad87a1d593fa635ede -> ee69db292b395fb7006478b7279c5ca6
  custom:scripting/monoscript/fileName/GameScreenSystem.cs: a0b364fc1bcdda23e4dd359a2204c08d -> 402c5e1323b5b0152bd1eea24fa29d07
  custom:scripting/monoscript/fileName/DestructionChainStrategyTag.cs: b0d607db3ab31634dee73b569e199000 -> 0c62c6ddeecb954158e34eafdd3e629f
========================================================================
Received Import Request.
  Time since last request: 40871.713413 seconds.
  path: Assets/_Project/Scripts/Gameplay/Features/AudioFeature/Components/AudioEffectInOnLevelEnter.cs
  artifactKey: Guid(73d4b756361a40b9bb5ac08cd4fb7f45) Importer(815301076,1909f56bfc062723c751e8b465ee728b)
Start importing Assets/_Project/Scripts/Gameplay/Features/AudioFeature/Components/AudioEffectInOnLevelEnter.cs using Guid(73d4b756361a40b9bb5ac08cd4fb7f45) Importer(815301076,1909f56bfc062723c751e8b465ee728b) [PhysX] Initialized MultithreadedTaskDispatcher with 12 workers.
 -> (artifact id: 'b8fbcc1426b9309f0a79044383cfe329') in 0.003773 seconds
Number of updated asset objects reloaded before import = 0
Number of asset objects unloaded after import = 0
========================================================================
Received Import Request.
  Time since last request: 0.036019 seconds.
  path: Assets/_Project/Scripts/Gameplay/Features/AudioFeature/Components/AudioEffectInOnLevelExit.cs
  artifactKey: Guid(614d0d48612d42698b0cde831d9e685f) Importer(815301076,1909f56bfc062723c751e8b465ee728b)
Start importing Assets/_Project/Scripts/Gameplay/Features/AudioFeature/Components/AudioEffectInOnLevelExit.cs using Guid(614d0d48612d42698b0cde831d9e685f) Importer(815301076,1909f56bfc062723c751e8b465ee728b) [PhysX] Initialized MultithreadedTaskDispatcher with 12 workers.
 -> (artifact id: '4c77cc029595953a4907b85d06da3251') in 0.000647 seconds
Number of updated asset objects reloaded before import = 0
Number of asset objects unloaded after import = 0
========================================================================
Received Import Request.
  Time since last request: 0.503573 seconds.
  path: Assets/_Project/Scripts/Gameplay/Features/GameFlowFeature/Components/CleanupLevelRequest.cs
  artifactKey: Guid(26e575fd8a284960aa528acd3b97f043) Importer(815301076,1909f56bfc062723c751e8b465ee728b)
Start importing Assets/_Project/Scripts/Gameplay/Features/GameFlowFeature/Components/CleanupLevelRequest.cs using Guid(26e575fd8a284960aa528acd3b97f043) Importer(815301076,1909f56bfc062723c751e8b465ee728b) [PhysX] Initialized MultithreadedTaskDispatcher with 12 workers.
 -> (artifact id: '80fc159a0163fd8ad802f9a70734d682') in 0.000501 seconds
Number of updated asset objects reloaded before import = 0
Number of asset objects unloaded after import = 0
========================================================================
Received Import Request.
  Time since last request: 0.028047 seconds.
  path: Assets/_Project/Scripts/Gameplay/Features/GameFlowFeature/Systems/CleanupLevelSystem.cs
  artifactKey: Guid(2a8239fee8d84b8ca3daaafb6b487b87) Importer(815301076,1909f56bfc062723c751e8b465ee728b)
Start importing Assets/_Project/Scripts/Gameplay/Features/GameFlowFeature/Systems/CleanupLevelSystem.cs using Guid(2a8239fee8d84b8ca3daaafb6b487b87) Importer(815301076,1909f56bfc062723c751e8b465ee728b) [PhysX] Initialized MultithreadedTaskDispatcher with 12 workers.
 -> (artifact id: '97c8d74c70419142a2ac5f9ece945bb3') in 0.000427 seconds
Number of updated asset objects reloaded before import = 0
Number of asset objects unloaded after import = 0
========================================================================
Received Import Request.
  Time since last request: 0.351862 seconds.
  path: Assets/Resources/Levels/2x2/LevelCfg_1.asset
  artifactKey: Guid(418599750d9f9df4b8a1a40a2992dd92) Importer(815301076,1909f56bfc062723c751e8b465ee728b)
Start importing Assets/Resources/Levels/2x2/LevelCfg_1.asset using Guid(418599750d9f9df4b8a1a40a2992dd92) Importer(815301076,1909f56bfc062723c751e8b465ee728b) [PhysX] Initialized MultithreadedTaskDispatcher with 12 workers.
Missing types referenced from component ScriptableEntityTemplate on game object DestructionAnimalStrategyCfg:
	_Project.Scripts.Gameplay.Features.DestroyFeature.Components.DestructionStrategyTag/Template, Assembly-CSharp (1 object)
NullReferenceException: Object reference not set to an instance of an object
  at DCFApixels.DragonECS.ScriptableEntityTemplate.OnValidate () [0x00017] in .\Library\PackageCache\com.dcfa_pixels.dragonecs-unity@4930c3d165\src\EntityTemplate\Templates\ScriptableEntityTemplate.cs:55 

(Filename: ./Library/PackageCache/com.dcfa_pixels.dragonecs-unity@4930c3d165/src/EntityTemplate/Templates/ScriptableEntityTemplate.cs Line: 55)

 -> (artifact id: 'c6a0a80b817f04e0fbcef1869ceff6c3') in 0.066153 seconds
Number of updated asset objects reloaded before import = 0
Number of asset objects unloaded after import = 17
========================================================================
Received Import Request.
  Time since last request: 0.134549 seconds.
  path: Assets/Resources/Levels/2x2/LevelCfg_2.asset
  artifactKey: Guid(54d100c6d53fe9d489a7afdbd73d05fd) Importer(815301076,1909f56bfc062723c751e8b465ee728b)
Start importing Assets/Resources/Levels/2x2/LevelCfg_2.asset using Guid(54d100c6d53fe9d489a7afdbd73d05fd) Importer(815301076,1909f56bfc062723c751e8b465ee728b) [PhysX] Initialized MultithreadedTaskDispatcher with 12 workers.
Missing types referenced from component ScriptableEntityTemplate on game object DestructionAnimalStrategyCfg:
	_Project.Scripts.Gameplay.Features.DestroyFeature.Components.DestructionStrategyTag/Template, Assembly-CSharp (1 object)
NullReferenceException: Object reference not set to an instance of an object
  at DCFApixels.DragonECS.ScriptableEntityTemplate.OnValidate () [0x00017] in .\Library\PackageCache\com.dcfa_pixels.dragonecs-unity@4930c3d165\src\EntityTemplate\Templates\ScriptableEntityTemplate.cs:55 

(Filename: ./Library/PackageCache/com.dcfa_pixels.dragonecs-unity@4930c3d165/src/EntityTemplate/Templates/ScriptableEntityTemplate.cs Line: 55)

 -> (artifact id: '5d812f8028b012ffec523dc7d341c76d') in 0.010782 seconds
Number of updated asset objects reloaded before import = 0
Number of asset objects unloaded after import = 17
========================================================================
Received Prepare
Caller must complete domain reload
Begin MonoManager ReloadAssembly
- Loaded All Assemblies, in  1.877 seconds
Native extension for WindowsStandalone target not found
Native extension for Android target not found
Native extension for WebGL target not found
[Package Manager] Server::EnsureServerProcessIsRunning -- launch failed, reason: Unity was launched with the -noUpm command-line argument
[Package Manager] UpmClient::Send -- Unable to send message (not connected to UPM process).
[Package Manager] Cannot connect to Unity Package Manager local server
Mono: successfully reloaded assembly
[Package Manager] Server::EnsureServerProcessIsRunning -- launch failed, reason: Unity was launched with the -noUpm command-line argument
[Package Manager] UpmClient::Send -- Unable to send message (not connected to UPM process).
[Package Manager] Cannot connect to Unity Package Manager local server
- Finished resetting the current domain, in  2.243 seconds
Domain Reload Profiling: 4119ms
	BeginReloadAssembly (624ms)
		ExecutionOrderSort (0ms)
		DisableScriptedObjects (13ms)
		BackupInstance (0ms)
		ReleaseScriptingObjects (0ms)
		CreateAndSetChildDomain (409ms)
	RebuildCommonClasses (33ms)
	RebuildNativeTypeToScriptingClass (10ms)
	initialDomainReloadingComplete (40ms)
	LoadAllAssembliesAndSetupDomain (1168ms)
		LoadAssemblies (1277ms)
		RebuildTransferFunctionScriptingTraits (0ms)
		AnalyzeDomain (46ms)
			TypeCache.Refresh (23ms)
				TypeCache.ScanAssembly (8ms)
			ScanForSourceGeneratedMonoScriptInfo (15ms)
			ResolveRequiredComponents (8ms)
	FinalizeReload (2243ms)
		ReleaseScriptCaches (0ms)
		RebuildScriptCaches (0ms)
		SetupLoadedEditorAssemblies (763ms)
			LogAssemblyErrors (0ms)
			InitializePlatformSupportModulesInManaged (60ms)
			SetLoadedEditorAssemblies (6ms)
			RefreshPlugins (0ms)
			BeforeProcessingInitializeOnLoad (129ms)
			ProcessInitializeOnLoadAttributes (338ms)
			ProcessInitializeOnLoadMethodAttributes (226ms)
			AfterProcessingInitializeOnLoad (2ms)
			EditorAssembliesLoaded (0ms)
		ExecutionOrderSort2 (0ms)
		AwakeInstancesAfterBackupRestoration (5ms)
Refreshing native plugins compatible for Editor in 11.02 ms, found 3 plugins.
Preloading 0 native plugins for Editor in 0.00 ms.
Unloading 4483 Unused Serialized files (Serialized files now loaded: 0)
Unloading 31 unused Assets / (66.3 KB). Loaded Objects now: 5075.
Memory consumption went from 174.0 MB to 173.9 MB.
Total: 52.685100 ms (FindLiveObjects: 1.724900 ms CreateObjectMapping: 0.181600 ms MarkObjects: 49.086300 ms  DeleteObjects: 1.690800 ms)

Prepare: number of updated asset objects reloaded= 0
AssetImportParameters requested are different than current active one (requested -> active):
  custom:scripting/monoscript/fileName/CatchGameFieldGeneratedRequest.cs: a67d51feea369e3830f924d9b8e9bd99 -> 17b67da9d0f3c4e2f8690dc96459b2b2
  custom:scripting/monoscript/fileName/TileGenerator3.cs: d30fb83fc6ac7475a319a83728c9ad41 -> 9b48fa675f0bce54dde0ed40b926842e
  custom:scripting/monoscript/fileName/GameFieldGrowthWaveAlgorithmTag.cs: 0ef400f135d729b9ef5ef61213bf46ca -> 992c54089fb6287a3abd63c766c90ae4
  custom:scripting/monoscript/fileName/CreateControlsRequest.cs: b6b52fa38bc5533b3ae550ee8b4085d9 -> 16e50cc2756add101f300d8e44319dd4
  custom:scripting/monoscript/fileName/HUDPrefab.cs: 30eaa62651e9c88e43fcb0d04e30077a -> 114724dd8b86c8d5655c0a4636c8f807
  custom:container-demuxer-ogg: 62fdf1f143b41e24485cea50d1cbac27 -> 
  custom:scripting/monoscript/fileName/TileGenerator2.cs: 09c5b2f1e3412cb486138eafe6da2ee9 -> d25441398affce60b9e3b08d18b5fa1c
  custom:scripting/monoscript/fileName/GameFlowFeature.cs: e6718831d198d39704b255f20f16f8d0 -> df0113f54b1bbce00d62c010ef3fe8b4
  custom:scripting/monoscript/fileName/CreationAnimalStrategyCfg.cs: fb433a13c1a2eff2a6d277801dbab975 -> 4fd36c8314e91d36d51becb0cdc6faeb
  custom:scripting/monoscript/fileName/CreateAnimalsSystem.cs: 8cef56369804335c0ac2e97203aee8a9 -> bee4bc1341c43b6aa3c88b1b3d4e3e18
  custom:scripting/monoscript/fileName/ScrollToTargetEvent.cs: 267de8c3fdba9d89cbf5a80a977d1db1 -> 1606e13368f10abd95859ea46f664d86
  custom:scripting/monoscript/fileName/GameFieldGeneratedEvent.cs: f908cee032e843be5ba60b9a2c441882 -> a6030e6b0b808118faf8aa49ffee5b94
  custom:scripting/monoscript/fileName/RandomGameFieldAlgorithmSystem.cs: 22b92a32636676be944ecefe67707cbf -> c5085b777b6be8657ea1f9bd1eb1f0e6
  custom:scripting/monoscript/fileName/GameFieldWaveAlgorithmTag.cs: 5be4d41974793f3169ea3a8184ff61d2 -> a3fe88f8e3ec0ea7cb6587b6cb569630
  custom:scripting/monoscript/fileName/GameFieldAlgorithms.cs: 9210f2e649de58f37f078a6eadd5eb19 -> a68d1cf9c70b1eb7af91f8532ed35f7f
  custom:scripting/monoscript/fileName/MetaGameUIHiddenEvent.cs: 342ed956eb53710532411f8c2784417a -> 463482aa840de7082f4a278ef86a7e1d
  custom:scripting/monoscript/fileName/LevelClearedEvent.cs: bbac8ca3904db25721b8cf3b0fab6582 -> 663b31180f17f64cf76455cfee4638c9
  custom:scripting/monoscript/fileName/GameScreenPrefab.cs: ad79cba3a80ff268ab301d438f50d7a3 -> b778ed7a73a66bec617f434ba9deff77
  custom:video-decoder-ogg-theora: a1e56fd34408186e4bbccfd4996cb3dc -> 
  custom:scripting/monoscript/fileName/CalculateCellScaleYSystem.cs: 939787dca0b233005791ec684dff156a -> 24348a5eb2340227fde21c4e16f198a5
  custom:scripting/monoscript/fileName/AnimalPositionedEvent.cs: 8e15db485d40ca13ea5402666ad1b4b3 -> 1bc3206bed9925993456a53b954cd396
  custom:scripting/monoscript/fileName/ScrollSnapEffect.cs: b6c51e4f0f8afbbfdca8ecd17bfb0fb9 -> 91d29477668f48905bbbd4cb6247533d
  custom:scripting/monoscript/fileName/LevelLifeTimeMarker.cs: bfaf24a17910b0a8ddcc0f9024db8056 -> d0a88ae6d48c761dad292d2aec410cb0
  custom:scripting/monoscript/fileName/GameFieldPlaneAlgorithmTag.cs: 21e5015ce1d5b093ab9d6011592292bd -> 7cf8c3e3aade2f1d2e7a2f82f1c5463e
  custom:framework-win-MediaFoundation: 216162199b28c13a410421893ffa2e32 -> 
  custom:scripting/monoscript/fileName/LevelLostEvent.cs: afc9b242eba24b2b4392b9bea1cad284 -> d1c8f0634443fb2b56e42e7c40935303
  custom:scripting/monoscript/fileName/GameField.cs: 27b6b3d034a0ef2e26f2934f1319d99d -> bf9a4c69a023939dbb88e3f1703ca432
  custom:scripting/monoscript/fileName/ScrollSnap.cs: 5dd984369f102ebda4e54789a0ea104e -> 74fe1fbb0f6bef271000d67e7c21bd45
  custom:scripting/monoscript/fileName/HideMetaGameUIRequest.cs: c6d8ffd38038f5edb986b7d2b1660fc7 -> 023f27171a187f71ff8a4853369f6cb5
  custom:scripting/monoscript/fileName/ReferenceCodeGen.cs: 1847e30272d75555141d3031c134c733 -> 
  custom:scripting/monoscript/fileName/GameCreatedEvent.cs: 25808abd6af439ae2d396c16c3d9e8f2 -> 13c2ac463741ba32d214c8bfa0606347
  custom:scripting/monoscript/fileName/TileGeneratedEvent.cs: 1b597c0aa79fd56f2f4088925f13cbef -> dba7452f6d7179c1abc1b361aa9403a8
  custom:scripting/monoscript/fileName/ScrollSnapSystem.cs: 51807458632b0abe0dcd77862975ce47 -> 49fa898761310374e9100843919f1617
  custom:scripting/monoscript/fileName/ChainDestructionRequestSystem.cs: e36a5ffa427d50aa181531f55986ccd8 -> 
  custom:scripting/monoscript/fileName/GameFlowSystem.cs: cf1e5382541a33c73a981035dae85045 -> b60539680bd07758445284af098b515c
  custom:scripting/monoscript/fileName/LevelLostCheckSystem.cs: 255183d3cc1fbb2d10c8abfa77b7b9e2 -> 1205ba5e4744c00285ba2c45a53da364
  custom:scripting/monoscript/fileName/CatchGameFieldEventsSystem.cs: 69b1fa6bdab0b0e6ef5f59e5ba1798e4 -> d8fdc78bead3537fb228755ca2d434dd
  custom:scripting/monoscript/fileName/FitObjectToCamera.cs: 942221b48ed202602e9ac643e54d7650 -> aaedefa2aeb7069389a90129af0ec391
  custom:scripting/monoscript/fileName/DestructionAnimalStrategyCfg.cs: b5449fe14a7d9ce6de2ff0202c280054 -> dcccc812fc5e86758b5038f4fc7d9a74
  custom:scripting/monoscript/fileName/CameraScaler.cs: 150bf424de40cfdb27d6bfc1fd0a2d72 -> 3cbb08bff7a396f130a0443ef1ccb748
  custom:scripting/monoscript/fileName/ScoreUIConnect.cs: c27938a2bdddd88ab951e7adbbd35794 -> ac7c32a805063f081f2fababb8d4d898
  custom:CustomObjectIndexerAttribute: 9a22284fe3817be447336de3de66b15e -> 
  custom:scripting/monoscript/fileName/ChainDestructionSystem.cs: 1804387f55e34d8c464a091638dbfb17 -> 
  custom:scripting/monoscript/fileName/GameFieldDestructRequest.cs: 10e88c15a7ec0cf5e99dbb40e0a3edf8 -> 39e29c44e39353c5f5e46e4fd35fb435
  custom:scripting/monoscript/fileName/GameLossTimerConnect.cs: f0cf7139ab50e9b8389bcd82a4789c30 -> 21c0067c523cc022f4caa4d8eef3c889
  custom:scripting/monoscript/fileName/GameFieldAlgorithmCfg.cs: 2a67613a1067bee0772c4bce0a006e8e -> c18842b2d8e9d19897c42dc941ae1a61
  custom:scripting/monoscript/fileName/DestructionChainTag.cs: d52207bbfd049f584009aa3d50645080 -> 
  custom:scripting/monoscript/fileName/AnimalCreationChainStrategySystem.cs: cfd77a10d3edff40c8fa516ba194c3f6 -> 6245b6c4937dad6bd6bfbe1a5bb91d82
  custom:scripting/monoscript/fileName/MetaGameUISystem.cs: 93f0bb4ace47f6ac6817404d82ccb661 -> 34bedb813123b4b9a91614edd15a8069
  custom:scripting/monoscript/fileName/ScrollSetupRequest.cs: a402aba2680e5863d1008ad06428d65a -> e1c69e68812599757df2aff91a4e9cf2
  custom:container-demuxer-webm: 4f35f7cbe854078d1ac9338744f61a02 -> 
  custom:scripting/monoscript/fileName/FadeEffect.cs: 4615b2acb46a691c33b29aab26f2062a -> 
  custom:scripting/monoscript/fileName/MetaGameUIHiddenMarker.cs: a71b94db2ed8f97f815cc84fb87d48eb -> dddb2beaf43a7ef60953e2f9eacf78f8
  custom:scripting/monoscript/fileName/SourceCodeModifier.cs: 3ffa94fedf57701a474133f623b99b6a -> 5c7f9a2114ee5b14002453c253315bd0
  custom:scripting/monoscript/fileName/GameFieldAlgorithmTag.cs: 5b91fd95ca72cd7048aa9f46e543e265 -> da7c22434643605d19edac79c0d3b3c7
  custom:scripting/monoscript/fileName/GameFieldGrowthWaveAlgorithmSystem.cs: c43067b71ef74cae0090827f88cfe4b8 -> 00c4aec9ff9f1e3764b69170240089db
  custom:scripting/monoscript/fileName/LevelLossSystem.cs: 89eef653e3f28787ebae3df17b9a17fa -> 1a50b41fb86c42146dd1e7eca3f63c3b
  custom:scripting/monoscript/fileName/GameFieldGenerateRequest.cs: b3f004fb89f931ad5595eca9c3e3ea7d -> fc85f9d1ad1c72513abf13f206f13826
  custom:container-muxer-webm: aa71ff27fc2769a1b78a27578f13a17b -> 
  custom:scripting/monoscript/fileName/AnimalDestructedEvent.cs: de6741ad9146f65b9ee26b392c6f63b7 -> e882e3b205fcfc8f4d8ec1b06235b0f7
  custom:scripting/monoscript/fileName/DeleteEntityCommand.cs: bcabe5bfe518320718d48d41a3a0e90a -> 
  custom:video-decoder-webm-vp8: 9c59270c3fd7afecdb556c50c9e8de78 -> 
  custom:scripting/monoscript/fileName/DestroyViewRequest.cs: 1a0b5b4a36b5820faa4b3894f8324e00 -> 0ebb0c5641d0ac20e497e246c3eff337
  custom:scripting/monoscript/fileName/ApplyDestructionStrategyRequest.cs: 032a28d88c65010193deb5a4b99f58dd -> 213312285ccaacd75ce574cb89bf2411
  custom:scripting/monoscript/fileName/TileGenerator.cs: 042c900c13328f8a0055f0bccddada85 -> a538991689346061c6a9a2a96b02d37e
  custom:scripting/monoscript/fileName/ScaleEffect.cs: bf12e834d532f4f806bebaac99f812c1 -> 
  custom:SearchIndexIgnoredProperties: e643bd26f0fe6173181afceb89e7c659 -> 
  custom:scripting/monoscript/fileName/ScrollSnappedMarker.cs: 066cb0420eaae820b69ffbae9344f0b4 -> 1cd14000dfdbca98f6dda0685bba7fce
  custom:scripting/monoscript/fileName/DestroyViewSystem.cs: e1c1ea54b0c9f7465aac7332f0e6d6a8 -> 59b102bdf1755f7c7d016788c0259b93
  custom:scripting/monoscript/fileName/CleanupLevelRequest.cs: a4116677aeb8d793871c137a2a44b119 -> c4dd04e39c7a6664b68dab929adf2e81
  custom:AudioImporter_EditorPlatform: d09bf68614088b80899f8185d706f6e7 -> 
  custom:scripting/monoscript/fileName/ChainMovementMarker.cs: feac63d7e5aa51292f19abaa1d9db08c -> 
  custom:scripting/monoscript/fileName/ScrollPosition.cs: 225c0c33ea226da69f3473693dfb3c05 -> 9f9e723ba8833b9541ecfca3c6d6f8bc
  custom:scripting/monoscript/fileName/GameFieldWaveAlgorithmSystem.cs: fc14103f781a8cbb106ceeeb57eaeaab -> 607884f57fd7ce8ffeb8d2a7c96f93a3
  custom:scripting/monoscript/fileName/PlayerCfgRef.cs: 6d19f04523dbbba4fc64c8057f04e02a -> 198dbad4b6bbc11b3942c96af8dde650
  custom:scripting/monoscript/fileName/DestructionChainStrategySystem.cs: 783bb7763cba92611d8e9cf6674063b1 -> ddd821ede2656248bf0e9ddf669d5a28
  custom:scripting/monoscript/fileName/CreationChainTag.cs: 2998fd809902939f0ee04f473eeca00e -> 
  custom:scripting/monoscript/fileName/DestructionFeature.cs: b9b7cdbe8848a566388411c97a5fbd67 -> adcfef4ac4e45d2e562dcdc6fa49e429
  custom:scripting/monoscript/fileName/GameFieldAlgorithmIndex.cs: 9457d7f2147049910ea06f2159c61fc6 -> 7a58e7c6b5adebdaec058182398a5707
  custom:scripting/monoscript/fileName/GameLossTimerSystem.cs: de0b464553cb6b861179a91f75237edf -> 071940ff3f3e183b1d11d15239224386
  custom:scripting/monoscript/fileName/GameFieldPlaneAlgorithmSystem.cs: 526228704b2d4ed12e4753080710ec45 -> fec5555e40052f9e75dc859f5d201f4d
  custom:scripting/monoscript/fileName/ScrollSnappedEvent.cs: 85353374ba80b5fbd36ff4e2e7944412 -> 8bf4efe021842362c4e7d55e6a37d79a
  custom:scripting/monoscript/fileName/ShowMetaGameUIRequest.cs: 5564592071856871b46e981baa2e91f8 -> a88d7f1c319941ffae2f3a8957251596
  custom:scripting/monoscript/fileName/TileGenerator6.cs: 0a225711dfb489626c74dc5ff5d78f40 -> 83a93281253429d4bd51d4bfaf52f3ed
  custom:scripting/monoscript/fileName/GameFieldDestructedRequest.cs: c04d6601b9dc935cfc91348b0b9cc810 -> 47034b076d3abdec8c90304ac1fc38f1
  custom:scripting/monoscript/fileName/MetaGameUI.cs: b1f4a332b284a38895d9534e62ff0baf -> 67622f9ccfe38dacd5af3f2ae37c3026
  custom:scripting/monoscript/fileName/GameFieldClickSystem.cs: 9e6e496c03415de771bf8909db35f03b -> 3b1ea4c67b8ab5832ff3a23919e79f06
  custom:scripting/monoscript/fileName/BaseScrollSnapEffect.cs: d407bd1fc108496d969888a00479cce0 -> 
  custom:scripting/monoscript/fileName/CreateHUDSystem.cs: f8cd7ef545fa25f934c486aaa420eedd -> 43c05b406d9086180812a87a0e010e47
  custom:scripting/monoscript/fileName/Levels.cs: f22977143cde483af3e13597acee3c02 -> 37490b0d126f14e1e1d31453e3e94ae4
  custom:video-encoder-webm-vp8: eb34c28f22e8b96e1ab97ce403110664 -> 
  custom:scripting/monoscript/fileName/AnimalDestructionChainStrategySystem.cs: 23f4cc2de4c34d4d82415b095d5404aa -> 2d33061d60136630278a03c1042b54b3
  custom:scripting/monoscript/fileName/AnimalSpawnedEvent.cs: 18a67763bcf9b1b1ac26ffbfcbeed587 -> 7ad467d334ed6914a6a27adce1847b10
  custom:scripting/monoscript/fileName/RewardConnect.cs: de79e19f525e7b5954dbb77b1f453e4e -> 6751c3bbc08d4697c3b42878cd3daebd
  custom:audio-decoder-ogg-vorbis: bf7c407c2cedff20999df2af8eb42d56 -> 
  custom:scripting/monoscript/fileName/CleanupLevelSystem.cs: 72214ed46a73a03fca528428e05bd1c5 -> 8a5bce7edb21df4c4707d0529e30155e
  custom:scripting/monoscript/fileName/GameTag.cs: 2f67c69f27e85f806b88deb8c87b88d2 -> f5290ba12be2c3f124e97ffb76e9ea9f
  custom:scripting/monoscript/fileName/ScrollSnapTag.cs: 893d8b8aa473763f6ed0fb5321bbad28 -> c53bb14ce7c537cec4ba51b6c7bc6939
  custom:scripting/monoscript/fileName/GameFieldFeature.cs: 1f8b976c740b234c284fddfd95c568fd -> 9a83e32ad7b7857e12d74cf105f5a137
  custom:scripting/monoscript/fileName/GameScreen.cs: deb4cff0d85b325b8a61d3844cabec07 -> 84ec6758a1e33abe8d42365166b67ebd
  custom:scripting/monoscript/fileName/DestructionStrategyTag.cs: 950962d7baf41bc8fed98ea522a40170 -> 
  custom:scripting/monoscript/fileName/ScrollDraggedEvent.cs: d4b82f514f08a6e7eb8d3acbba3af876 -> 76bd8895c3b43170415bf40518460c7d
  custom:scripting/monoscript/fileName/CreateHUDRequest.cs: 61b5f154a3d1ac03d04c59d29d1c4e05 -> 11938a6be2a737aa70fadc220742dab2
  custom:scripting/monoscript/fileName/TileGenerator4.cs: 1ec433f057ddbb323aab6300cdd41968 -> 9b8c2608bd1d4162243c126a2c3ab74b
  custom:scripting/monoscript/fileName/GrowthWave.cs: 7c48243a6dd50c54e09b35b8a70e858a -> ab7a6a6e85687b04c58c7a681131bfdc
  custom:scripting/monoscript/fileName/AssemblyAnalyzer.cs: 5883fa404100530f6821c51e0df4a2b6 -> 
  custom:scripting/monoscript/fileName/CreateCoinRequest.cs: b6ee2396be79577ff18a940acb85bfe6 -> 8bf745611aed40a8441b8db392ff0316
  custom:scripting/monoscript/fileName/CreateGameLossTimerRequest.cs: 286f3e38529572dc1661f3473c808992 -> ef901bf1b06c7938a6030a67dd4d6d21
  custom:scripting/monoscript/fileName/DeathEvent.cs: ae7a15dcf33e2eb04a19bf37c49c469a -> 7ba4c6fe9f322f00d774d318ef8ef3b2
  custom:scripting/monoscript/fileName/GameFieldDestructedEvent.cs: 565697dff0d07f15eb4da25529efeaf3 -> 249503e823ee8a2543fdc65535f78404
  custom:scripting/monoscript/fileName/Wave.cs: e8061bad203a1f6efd397e8313ec6d83 -> ed89714bef4a8fe64f993c8bbc6df15f
  custom:scripting/monoscript/fileName/GameFieldDestructedMarker.cs: ab2e5320e3676ca16774eba7277d5b9e -> 6af6280f9d165b3fa0cbeef98677737a
  custom:scripting/monoscript/fileName/CoinUIConnect.cs: 8505822111497da435ec6d27192811c8 -> 9bed0bffdd7b151bbdc04ee5da58d9a4
  custom:scripting/monoscript/fileName/CreateGameSystem.cs: c40209e5646f830645bfdfa6dda44b96 -> acdc7e582431689501a3c2e4d1b573d0
  custom:audio-encoder-webm-vorbis: bf7c407c2cedff20999df2af8eb42d56 -> 
  custom:scripting/monoscript/fileName/ApplyStrategyRequest.cs: 04790d20b7aab51157b87a2b7ea70902 -> 
  custom:scripting/monoscript/fileName/ScrollSystem.cs: 80ef92943d864cb0b392598d6fcd75b9 -> 
  custom:scripting/monoscript/fileName/CreationChainStrategyTag.cs: 4fd921b87fca9ba0c731b954efca90f5 -> 7572d150aeb0955f670c8845e4df7c53
  custom:scripting/monoscript/fileName/ScrollDraggedMarker.cs: f40ec288e4d6330335dd03fa8726c839 -> 74ece2a65d27c55d64e7936bb538e5a8
  custom:scripting/monoscript/fileName/CreateAnimalsRequest.cs: a7ebd1a26b1e6c2c8f783f7506341452 -> 45001033be0d024e3f69c19d212eca00
  custom:scripting/monoscript/fileName/GameFieldGeneratedMarker.cs: 3343d51a95b5393b866292f7dd40076e -> 8ec9e96219719154c6ef937af1a570ab
  custom:scripting/monoscript/fileName/TileGenerator7.cs: d48bfbfd829455d8678bccfbd4ddf1db -> d7e74d9e48390acec81fb7d05eab04b6
  custom:scripting/monoscript/fileName/ClickSideMarker.cs: c1aa69917ccbb0e088243ec1d2c1ed5f -> 0c097904c16edc5a7ac1137f05d8d51c
  custom:scripting/monoscript/fileName/LevelLostMarker.cs: 93ebe850d5850b9eb8bc2c04e2ffed33 -> 3e55ffaf6b929b3b51e014250d9920ac
  custom:scripting/monoscript/fileName/GameTitleConnect.cs: 5c14e36aa95fc82c33183a9dfce72cd2 -> 41a65dfb2d31309386b013674fae2e80
  custom:scripting/monoscript/fileName/CreateGameScreenRequest.cs: a885ba890460f60ddcd2c66df732e91f -> 066c58def3458c57fd1f40d51ed860c1
  custom:scripting/monoscript/fileName/ScrollToTargetMarker.cs: 7c2577f2a0b3fb585d934a4d0b35b7ec -> 01286f347cbc8bec863dbe15212d04dd
  custom:scripting/monoscript/fileName/GameFieldGeneratedByAlgorithm.cs: 642fd6d4f4e02c35c870cd61f2ca081f -> 074895d821d9efb916232844efdac6c8
  custom:scripting/monoscript/fileName/TileGenerator5.cs: 0eaf6fadc56123ad87a1d593fa635ede -> ee69db292b395fb7006478b7279c5ca6
  custom:scripting/monoscript/fileName/GameScreenSystem.cs: a0b364fc1bcdda23e4dd359a2204c08d -> 402c5e1323b5b0152bd1eea24fa29d07
  custom:scripting/monoscript/fileName/DestructionChainStrategyTag.cs: b0d607db3ab31634dee73b569e199000 -> 0c62c6ddeecb954158e34eafdd3e629f
========================================================================
Received Prepare
Caller must complete domain reload
Begin MonoManager ReloadAssembly
- Loaded All Assemblies, in  2.866 seconds
Native extension for WindowsStandalone target not found
Native extension for Android target not found
Native extension for WebGL target not found
[Package Manager] Server::EnsureServerProcessIsRunning -- launch failed, reason: Unity was launched with the -noUpm command-line argument
[Package Manager] UpmClient::Send -- Unable to send message (not connected to UPM process).
[Package Manager] Cannot connect to Unity Package Manager local server
Mono: successfully reloaded assembly
[Package Manager] Server::EnsureServerProcessIsRunning -- launch failed, reason: Unity was launched with the -noUpm command-line argument
[Package Manager] UpmClient::Send -- Unable to send message (not connected to UPM process).
[Package Manager] Cannot connect to Unity Package Manager local server
- Finished resetting the current domain, in  4.022 seconds
Domain Reload Profiling: 6888ms
	BeginReloadAssembly (1016ms)
		ExecutionOrderSort (0ms)
		DisableScriptedObjects (144ms)
		BackupInstance (0ms)
		ReleaseScriptingObjects (4ms)
		CreateAndSetChildDomain (350ms)
	RebuildCommonClasses (34ms)
	RebuildNativeTypeToScriptingClass (9ms)
	initialDomainReloadingComplete (44ms)
	LoadAllAssembliesAndSetupDomain (1762ms)
		LoadAssemblies (1937ms)
		RebuildTransferFunctionScriptingTraits (0ms)
		AnalyzeDomain (53ms)
			TypeCache.Refresh (31ms)
				TypeCache.ScanAssembly (7ms)
			ScanForSourceGeneratedMonoScriptInfo (14ms)
			ResolveRequiredComponents (7ms)
	FinalizeReload (4023ms)
		ReleaseScriptCaches (0ms)
		RebuildScriptCaches (0ms)
		SetupLoadedEditorAssemblies (727ms)
			LogAssemblyErrors (0ms)
			InitializePlatformSupportModulesInManaged (37ms)
			SetLoadedEditorAssemblies (6ms)
			RefreshPlugins (0ms)
			BeforeProcessingInitializeOnLoad (85ms)
			ProcessInitializeOnLoadAttributes (361ms)
			ProcessInitializeOnLoadMethodAttributes (236ms)
			AfterProcessingInitializeOnLoad (3ms)
			EditorAssembliesLoaded (0ms)
		ExecutionOrderSort2 (0ms)
		AwakeInstancesAfterBackupRestoration (5ms)
Refreshing native plugins compatible for Editor in 19.80 ms, found 3 plugins.
Preloading 0 native plugins for Editor in 0.00 ms.
Unloading 4484 Unused Serialized files (Serialized files now loaded: 0)
Unloading 31 unused Assets / (66.3 KB). Loaded Objects now: 5078.
Memory consumption went from 174.3 MB to 174.2 MB.
Total: 15.754100 ms (FindLiveObjects: 0.404300 ms CreateObjectMapping: 0.126100 ms MarkObjects: 15.049000 ms  DeleteObjects: 0.173500 ms)

Prepare: number of updated asset objects reloaded= 0
AssetImportParameters requested are different than current active one (requested -> active):
  custom:scripting/monoscript/fileName/CatchGameFieldGeneratedRequest.cs: a67d51feea369e3830f924d9b8e9bd99 -> 17b67da9d0f3c4e2f8690dc96459b2b2
  custom:scripting/monoscript/fileName/TileGenerator3.cs: d30fb83fc6ac7475a319a83728c9ad41 -> 9b48fa675f0bce54dde0ed40b926842e
  custom:scripting/monoscript/fileName/GameFieldGrowthWaveAlgorithmTag.cs: 0ef400f135d729b9ef5ef61213bf46ca -> 992c54089fb6287a3abd63c766c90ae4
  custom:scripting/monoscript/fileName/CreateControlsRequest.cs: b6b52fa38bc5533b3ae550ee8b4085d9 -> 16e50cc2756add101f300d8e44319dd4
  custom:scripting/monoscript/fileName/HUDPrefab.cs: 30eaa62651e9c88e43fcb0d04e30077a -> 114724dd8b86c8d5655c0a4636c8f807
  custom:container-demuxer-ogg: 62fdf1f143b41e24485cea50d1cbac27 -> 
  custom:scripting/monoscript/fileName/TileGenerator2.cs: 09c5b2f1e3412cb486138eafe6da2ee9 -> d25441398affce60b9e3b08d18b5fa1c
  custom:scripting/monoscript/fileName/GameFlowFeature.cs: e6718831d198d39704b255f20f16f8d0 -> df0113f54b1bbce00d62c010ef3fe8b4
  custom:scripting/monoscript/fileName/CreationAnimalStrategyCfg.cs: fb433a13c1a2eff2a6d277801dbab975 -> 4fd36c8314e91d36d51becb0cdc6faeb
  custom:scripting/monoscript/fileName/CreateAnimalsSystem.cs: 8cef56369804335c0ac2e97203aee8a9 -> bee4bc1341c43b6aa3c88b1b3d4e3e18
  custom:scripting/monoscript/fileName/ScrollToTargetEvent.cs: 267de8c3fdba9d89cbf5a80a977d1db1 -> 1606e13368f10abd95859ea46f664d86
  custom:scripting/monoscript/fileName/GameFieldGeneratedEvent.cs: f908cee032e843be5ba60b9a2c441882 -> a6030e6b0b808118faf8aa49ffee5b94
  custom:scripting/monoscript/fileName/RandomGameFieldAlgorithmSystem.cs: 22b92a32636676be944ecefe67707cbf -> c5085b777b6be8657ea1f9bd1eb1f0e6
  custom:scripting/monoscript/fileName/GameFieldWaveAlgorithmTag.cs: 5be4d41974793f3169ea3a8184ff61d2 -> a3fe88f8e3ec0ea7cb6587b6cb569630
  custom:scripting/monoscript/fileName/GameFieldAlgorithms.cs: 9210f2e649de58f37f078a6eadd5eb19 -> a68d1cf9c70b1eb7af91f8532ed35f7f
  custom:scripting/monoscript/fileName/MetaGameUIHiddenEvent.cs: 342ed956eb53710532411f8c2784417a -> 463482aa840de7082f4a278ef86a7e1d
  custom:scripting/monoscript/fileName/LevelClearedEvent.cs: bbac8ca3904db25721b8cf3b0fab6582 -> 663b31180f17f64cf76455cfee4638c9
  custom:scripting/monoscript/fileName/GameScreenPrefab.cs: ad79cba3a80ff268ab301d438f50d7a3 -> b778ed7a73a66bec617f434ba9deff77
  custom:video-decoder-ogg-theora: a1e56fd34408186e4bbccfd4996cb3dc -> 
  custom:scripting/monoscript/fileName/CalculateCellScaleYSystem.cs: 939787dca0b233005791ec684dff156a -> 24348a5eb2340227fde21c4e16f198a5
  custom:scripting/monoscript/fileName/AnimalPositionedEvent.cs: 8e15db485d40ca13ea5402666ad1b4b3 -> 1bc3206bed9925993456a53b954cd396
  custom:scripting/monoscript/fileName/ScrollSnapEffect.cs: b6c51e4f0f8afbbfdca8ecd17bfb0fb9 -> 91d29477668f48905bbbd4cb6247533d
  custom:scripting/monoscript/fileName/LevelLifeTimeMarker.cs: bfaf24a17910b0a8ddcc0f9024db8056 -> d0a88ae6d48c761dad292d2aec410cb0
  custom:scripting/monoscript/fileName/GameFieldPlaneAlgorithmTag.cs: 21e5015ce1d5b093ab9d6011592292bd -> 7cf8c3e3aade2f1d2e7a2f82f1c5463e
  custom:framework-win-MediaFoundation: 216162199b28c13a410421893ffa2e32 -> 
  custom:scripting/monoscript/fileName/LevelLostEvent.cs: afc9b242eba24b2b4392b9bea1cad284 -> d1c8f0634443fb2b56e42e7c40935303
  custom:scripting/monoscript/fileName/GameField.cs: 27b6b3d034a0ef2e26f2934f1319d99d -> bf9a4c69a023939dbb88e3f1703ca432
  custom:scripting/monoscript/fileName/ScrollSnap.cs: 5dd984369f102ebda4e54789a0ea104e -> 74fe1fbb0f6bef271000d67e7c21bd45
  custom:scripting/monoscript/fileName/HideMetaGameUIRequest.cs: c6d8ffd38038f5edb986b7d2b1660fc7 -> 023f27171a187f71ff8a4853369f6cb5
  custom:scripting/monoscript/fileName/ReferenceCodeGen.cs: 1847e30272d75555141d3031c134c733 -> 
  custom:scripting/monoscript/fileName/GameCreatedEvent.cs: 25808abd6af439ae2d396c16c3d9e8f2 -> 13c2ac463741ba32d214c8bfa0606347
  custom:scripting/monoscript/fileName/TileGeneratedEvent.cs: 1b597c0aa79fd56f2f4088925f13cbef -> dba7452f6d7179c1abc1b361aa9403a8
  custom:scripting/monoscript/fileName/ScrollSnapSystem.cs: 51807458632b0abe0dcd77862975ce47 -> 49fa898761310374e9100843919f1617
  custom:scripting/monoscript/fileName/ChainDestructionRequestSystem.cs: e36a5ffa427d50aa181531f55986ccd8 -> 
  custom:scripting/monoscript/fileName/GameFlowSystem.cs: cf1e5382541a33c73a981035dae85045 -> b60539680bd07758445284af098b515c
  custom:scripting/monoscript/fileName/LevelLostCheckSystem.cs: 255183d3cc1fbb2d10c8abfa77b7b9e2 -> 1205ba5e4744c00285ba2c45a53da364
  custom:scripting/monoscript/fileName/CatchGameFieldEventsSystem.cs: 69b1fa6bdab0b0e6ef5f59e5ba1798e4 -> d8fdc78bead3537fb228755ca2d434dd
  custom:scripting/monoscript/fileName/FitObjectToCamera.cs: 942221b48ed202602e9ac643e54d7650 -> aaedefa2aeb7069389a90129af0ec391
  custom:scripting/monoscript/fileName/DestructionAnimalStrategyCfg.cs: b5449fe14a7d9ce6de2ff0202c280054 -> dcccc812fc5e86758b5038f4fc7d9a74
  custom:scripting/monoscript/fileName/CameraScaler.cs: 150bf424de40cfdb27d6bfc1fd0a2d72 -> 3cbb08bff7a396f130a0443ef1ccb748
  custom:scripting/monoscript/fileName/ScoreUIConnect.cs: c27938a2bdddd88ab951e7adbbd35794 -> ac7c32a805063f081f2fababb8d4d898
  custom:CustomObjectIndexerAttribute: 9a22284fe3817be447336de3de66b15e -> 
  custom:scripting/monoscript/fileName/ChainDestructionSystem.cs: 1804387f55e34d8c464a091638dbfb17 -> 
  custom:scripting/monoscript/fileName/GameFieldDestructRequest.cs: 10e88c15a7ec0cf5e99dbb40e0a3edf8 -> 39e29c44e39353c5f5e46e4fd35fb435
  custom:scripting/monoscript/fileName/GameLossTimerConnect.cs: f0cf7139ab50e9b8389bcd82a4789c30 -> 21c0067c523cc022f4caa4d8eef3c889
  custom:scripting/monoscript/fileName/GameFieldAlgorithmCfg.cs: 2a67613a1067bee0772c4bce0a006e8e -> c18842b2d8e9d19897c42dc941ae1a61
  custom:scripting/monoscript/fileName/DestructionChainTag.cs: d52207bbfd049f584009aa3d50645080 -> 
  custom:scripting/monoscript/fileName/AnimalCreationChainStrategySystem.cs: cfd77a10d3edff40c8fa516ba194c3f6 -> 6245b6c4937dad6bd6bfbe1a5bb91d82
  custom:scripting/monoscript/fileName/MetaGameUISystem.cs: 93f0bb4ace47f6ac6817404d82ccb661 -> 34bedb813123b4b9a91614edd15a8069
  custom:scripting/monoscript/fileName/ScrollSetupRequest.cs: a402aba2680e5863d1008ad06428d65a -> e1c69e68812599757df2aff91a4e9cf2
  custom:container-demuxer-webm: 4f35f7cbe854078d1ac9338744f61a02 -> 
  custom:scripting/monoscript/fileName/FadeEffect.cs: 4615b2acb46a691c33b29aab26f2062a -> 
  custom:scripting/monoscript/fileName/MetaGameUIHiddenMarker.cs: a71b94db2ed8f97f815cc84fb87d48eb -> dddb2beaf43a7ef60953e2f9eacf78f8
  custom:scripting/monoscript/fileName/SourceCodeModifier.cs: 3ffa94fedf57701a474133f623b99b6a -> 5c7f9a2114ee5b14002453c253315bd0
  custom:scripting/monoscript/fileName/GameFieldAlgorithmTag.cs: 5b91fd95ca72cd7048aa9f46e543e265 -> da7c22434643605d19edac79c0d3b3c7
  custom:scripting/monoscript/fileName/GameFieldGrowthWaveAlgorithmSystem.cs: c43067b71ef74cae0090827f88cfe4b8 -> 00c4aec9ff9f1e3764b69170240089db
  custom:scripting/monoscript/fileName/LevelLossSystem.cs: 89eef653e3f28787ebae3df17b9a17fa -> 1a50b41fb86c42146dd1e7eca3f63c3b
  custom:scripting/monoscript/fileName/GameFieldGenerateRequest.cs: b3f004fb89f931ad5595eca9c3e3ea7d -> fc85f9d1ad1c72513abf13f206f13826
  custom:container-muxer-webm: aa71ff27fc2769a1b78a27578f13a17b -> 
  custom:scripting/monoscript/fileName/AnimalDestructedEvent.cs: de6741ad9146f65b9ee26b392c6f63b7 -> e882e3b205fcfc8f4d8ec1b06235b0f7
  custom:scripting/monoscript/fileName/DeleteEntityCommand.cs: bcabe5bfe518320718d48d41a3a0e90a -> 
  custom:video-decoder-webm-vp8: 9c59270c3fd7afecdb556c50c9e8de78 -> 
  custom:scripting/monoscript/fileName/DestroyViewRequest.cs: 1a0b5b4a36b5820faa4b3894f8324e00 -> 0ebb0c5641d0ac20e497e246c3eff337
  custom:scripting/monoscript/fileName/ApplyDestructionStrategyRequest.cs: 032a28d88c65010193deb5a4b99f58dd -> 213312285ccaacd75ce574cb89bf2411
  custom:scripting/monoscript/fileName/TileGenerator.cs: 042c900c13328f8a0055f0bccddada85 -> a538991689346061c6a9a2a96b02d37e
  custom:scripting/monoscript/fileName/ScaleEffect.cs: bf12e834d532f4f806bebaac99f812c1 -> 
  custom:SearchIndexIgnoredProperties: e643bd26f0fe6173181afceb89e7c659 -> 
  custom:scripting/monoscript/fileName/ScrollSnappedMarker.cs: 066cb0420eaae820b69ffbae9344f0b4 -> 1cd14000dfdbca98f6dda0685bba7fce
  custom:scripting/monoscript/fileName/DestroyViewSystem.cs: e1c1ea54b0c9f7465aac7332f0e6d6a8 -> 59b102bdf1755f7c7d016788c0259b93
  custom:scripting/monoscript/fileName/CleanupLevelRequest.cs: a4116677aeb8d793871c137a2a44b119 -> c4dd04e39c7a6664b68dab929adf2e81
  custom:AudioImporter_EditorPlatform: d09bf68614088b80899f8185d706f6e7 -> 
  custom:scripting/monoscript/fileName/ChainMovementMarker.cs: feac63d7e5aa51292f19abaa1d9db08c -> 
  custom:scripting/monoscript/fileName/ScrollPosition.cs: 225c0c33ea226da69f3473693dfb3c05 -> 9f9e723ba8833b9541ecfca3c6d6f8bc
  custom:scripting/monoscript/fileName/GameFieldWaveAlgorithmSystem.cs: fc14103f781a8cbb106ceeeb57eaeaab -> 607884f57fd7ce8ffeb8d2a7c96f93a3
  custom:scripting/monoscript/fileName/PlayerCfgRef.cs: 6d19f04523dbbba4fc64c8057f04e02a -> 198dbad4b6bbc11b3942c96af8dde650
  custom:scripting/monoscript/fileName/DestructionChainStrategySystem.cs: 783bb7763cba92611d8e9cf6674063b1 -> ddd821ede2656248bf0e9ddf669d5a28
  custom:scripting/monoscript/fileName/CreationChainTag.cs: 2998fd809902939f0ee04f473eeca00e -> 
  custom:scripting/monoscript/fileName/DestructionFeature.cs: b9b7cdbe8848a566388411c97a5fbd67 -> adcfef4ac4e45d2e562dcdc6fa49e429
  custom:scripting/monoscript/fileName/GameFieldAlgorithmIndex.cs: 9457d7f2147049910ea06f2159c61fc6 -> 7a58e7c6b5adebdaec058182398a5707
  custom:scripting/monoscript/fileName/GameLossTimerSystem.cs: de0b464553cb6b861179a91f75237edf -> 071940ff3f3e183b1d11d15239224386
  custom:scripting/monoscript/fileName/GameFieldPlaneAlgorithmSystem.cs: 526228704b2d4ed12e4753080710ec45 -> fec5555e40052f9e75dc859f5d201f4d
  custom:scripting/monoscript/fileName/ScrollSnappedEvent.cs: 85353374ba80b5fbd36ff4e2e7944412 -> 8bf4efe021842362c4e7d55e6a37d79a
  custom:scripting/monoscript/fileName/ShowMetaGameUIRequest.cs: 5564592071856871b46e981baa2e91f8 -> a88d7f1c319941ffae2f3a8957251596
  custom:scripting/monoscript/fileName/TileGenerator6.cs: 0a225711dfb489626c74dc5ff5d78f40 -> 83a93281253429d4bd51d4bfaf52f3ed
  custom:scripting/monoscript/fileName/GameFieldDestructedRequest.cs: c04d6601b9dc935cfc91348b0b9cc810 -> 47034b076d3abdec8c90304ac1fc38f1
  custom:scripting/monoscript/fileName/MetaGameUI.cs: b1f4a332b284a38895d9534e62ff0baf -> 67622f9ccfe38dacd5af3f2ae37c3026
  custom:scripting/monoscript/fileName/GameFieldClickSystem.cs: 9e6e496c03415de771bf8909db35f03b -> 3b1ea4c67b8ab5832ff3a23919e79f06
  custom:scripting/monoscript/fileName/BaseScrollSnapEffect.cs: d407bd1fc108496d969888a00479cce0 -> 
  custom:scripting/monoscript/fileName/CreateHUDSystem.cs: f8cd7ef545fa25f934c486aaa420eedd -> 43c05b406d9086180812a87a0e010e47
  custom:scripting/monoscript/fileName/Levels.cs: f22977143cde483af3e13597acee3c02 -> 37490b0d126f14e1e1d31453e3e94ae4
  custom:video-encoder-webm-vp8: eb34c28f22e8b96e1ab97ce403110664 -> 
  custom:scripting/monoscript/fileName/AnimalDestructionChainStrategySystem.cs: 23f4cc2de4c34d4d82415b095d5404aa -> 2d33061d60136630278a03c1042b54b3
  custom:scripting/monoscript/fileName/AnimalSpawnedEvent.cs: 18a67763bcf9b1b1ac26ffbfcbeed587 -> 7ad467d334ed6914a6a27adce1847b10
  custom:scripting/monoscript/fileName/RewardConnect.cs: de79e19f525e7b5954dbb77b1f453e4e -> 6751c3bbc08d4697c3b42878cd3daebd
  custom:audio-decoder-ogg-vorbis: bf7c407c2cedff20999df2af8eb42d56 -> 
  custom:scripting/monoscript/fileName/CleanupLevelSystem.cs: 72214ed46a73a03fca528428e05bd1c5 -> 8a5bce7edb21df4c4707d0529e30155e
  custom:scripting/monoscript/fileName/GameTag.cs: 2f67c69f27e85f806b88deb8c87b88d2 -> f5290ba12be2c3f124e97ffb76e9ea9f
  custom:scripting/monoscript/fileName/ScrollSnapTag.cs: 893d8b8aa473763f6ed0fb5321bbad28 -> c53bb14ce7c537cec4ba51b6c7bc6939
  custom:scripting/monoscript/fileName/GameFieldFeature.cs: 1f8b976c740b234c284fddfd95c568fd -> 9a83e32ad7b7857e12d74cf105f5a137
  custom:scripting/monoscript/fileName/GameScreen.cs: deb4cff0d85b325b8a61d3844cabec07 -> 84ec6758a1e33abe8d42365166b67ebd
  custom:scripting/monoscript/fileName/DestructionStrategyTag.cs: 950962d7baf41bc8fed98ea522a40170 -> 
  custom:scripting/monoscript/fileName/ScrollDraggedEvent.cs: d4b82f514f08a6e7eb8d3acbba3af876 -> 76bd8895c3b43170415bf40518460c7d
  custom:scripting/monoscript/fileName/CreateHUDRequest.cs: 61b5f154a3d1ac03d04c59d29d1c4e05 -> 11938a6be2a737aa70fadc220742dab2
  custom:scripting/monoscript/fileName/TileGenerator4.cs: 1ec433f057ddbb323aab6300cdd41968 -> 9b8c2608bd1d4162243c126a2c3ab74b
  custom:scripting/monoscript/fileName/GrowthWave.cs: 7c48243a6dd50c54e09b35b8a70e858a -> ab7a6a6e85687b04c58c7a681131bfdc
  custom:scripting/monoscript/fileName/AssemblyAnalyzer.cs: 5883fa404100530f6821c51e0df4a2b6 -> 
  custom:scripting/monoscript/fileName/CreateCoinRequest.cs: b6ee2396be79577ff18a940acb85bfe6 -> 8bf745611aed40a8441b8db392ff0316
  custom:scripting/monoscript/fileName/CreateGameLossTimerRequest.cs: 286f3e38529572dc1661f3473c808992 -> ef901bf1b06c7938a6030a67dd4d6d21
  custom:scripting/monoscript/fileName/DeathEvent.cs: ae7a15dcf33e2eb04a19bf37c49c469a -> 7ba4c6fe9f322f00d774d318ef8ef3b2
  custom:scripting/monoscript/fileName/GameFieldDestructedEvent.cs: 565697dff0d07f15eb4da25529efeaf3 -> 249503e823ee8a2543fdc65535f78404
  custom:scripting/monoscript/fileName/Wave.cs: e8061bad203a1f6efd397e8313ec6d83 -> ed89714bef4a8fe64f993c8bbc6df15f
  custom:scripting/monoscript/fileName/GameFieldDestructedMarker.cs: ab2e5320e3676ca16774eba7277d5b9e -> 6af6280f9d165b3fa0cbeef98677737a
  custom:scripting/monoscript/fileName/CoinUIConnect.cs: 8505822111497da435ec6d27192811c8 -> 9bed0bffdd7b151bbdc04ee5da58d9a4
  custom:scripting/monoscript/fileName/CreateGameSystem.cs: c40209e5646f830645bfdfa6dda44b96 -> acdc7e582431689501a3c2e4d1b573d0
  custom:audio-encoder-webm-vorbis: bf7c407c2cedff20999df2af8eb42d56 -> 
  custom:scripting/monoscript/fileName/ApplyStrategyRequest.cs: 04790d20b7aab51157b87a2b7ea70902 -> 
  custom:scripting/monoscript/fileName/ScrollSystem.cs: 80ef92943d864cb0b392598d6fcd75b9 -> 
  custom:scripting/monoscript/fileName/CreationChainStrategyTag.cs: 4fd921b87fca9ba0c731b954efca90f5 -> 7572d150aeb0955f670c8845e4df7c53
  custom:scripting/monoscript/fileName/ScrollDraggedMarker.cs: f40ec288e4d6330335dd03fa8726c839 -> 74ece2a65d27c55d64e7936bb538e5a8
  custom:scripting/monoscript/fileName/CreateAnimalsRequest.cs: a7ebd1a26b1e6c2c8f783f7506341452 -> 45001033be0d024e3f69c19d212eca00
  custom:scripting/monoscript/fileName/GameFieldGeneratedMarker.cs: 3343d51a95b5393b866292f7dd40076e -> 8ec9e96219719154c6ef937af1a570ab
  custom:scripting/monoscript/fileName/TileGenerator7.cs: d48bfbfd829455d8678bccfbd4ddf1db -> d7e74d9e48390acec81fb7d05eab04b6
  custom:scripting/monoscript/fileName/ClickSideMarker.cs: c1aa69917ccbb0e088243ec1d2c1ed5f -> 0c097904c16edc5a7ac1137f05d8d51c
  custom:scripting/monoscript/fileName/LevelLostMarker.cs: 93ebe850d5850b9eb8bc2c04e2ffed33 -> 3e55ffaf6b929b3b51e014250d9920ac
  custom:scripting/monoscript/fileName/GameTitleConnect.cs: 5c14e36aa95fc82c33183a9dfce72cd2 -> 41a65dfb2d31309386b013674fae2e80
  custom:scripting/monoscript/fileName/CreateGameScreenRequest.cs: a885ba890460f60ddcd2c66df732e91f -> 066c58def3458c57fd1f40d51ed860c1
  custom:scripting/monoscript/fileName/ScrollToTargetMarker.cs: 7c2577f2a0b3fb585d934a4d0b35b7ec -> 01286f347cbc8bec863dbe15212d04dd
  custom:scripting/monoscript/fileName/GameFieldGeneratedByAlgorithm.cs: 642fd6d4f4e02c35c870cd61f2ca081f -> 074895d821d9efb916232844efdac6c8
  custom:scripting/monoscript/fileName/TileGenerator5.cs: 0eaf6fadc56123ad87a1d593fa635ede -> ee69db292b395fb7006478b7279c5ca6
  custom:scripting/monoscript/fileName/GameScreenSystem.cs: a0b364fc1bcdda23e4dd359a2204c08d -> 402c5e1323b5b0152bd1eea24fa29d07
  custom:scripting/monoscript/fileName/DestructionChainStrategyTag.cs: b0d607db3ab31634dee73b569e199000 -> 0c62c6ddeecb954158e34eafdd3e629f
========================================================================
Received Prepare
Caller must complete domain reload
Begin MonoManager ReloadAssembly
- Loaded All Assemblies, in  1.914 seconds
Native extension for WindowsStandalone target not found
Native extension for Android target not found
Native extension for WebGL target not found
[Package Manager] Server::EnsureServerProcessIsRunning -- launch failed, reason: Unity was launched with the -noUpm command-line argument
[Package Manager] UpmClient::Send -- Unable to send message (not connected to UPM process).
[Package Manager] Cannot connect to Unity Package Manager local server
Mono: successfully reloaded assembly
[Package Manager] Server::EnsureServerProcessIsRunning -- launch failed, reason: Unity was launched with the -noUpm command-line argument
[Package Manager] UpmClient::Send -- Unable to send message (not connected to UPM process).
[Package Manager] Cannot connect to Unity Package Manager local server
- Finished resetting the current domain, in  1.909 seconds
Domain Reload Profiling: 3823ms
	BeginReloadAssembly (801ms)
		ExecutionOrderSort (0ms)
		DisableScriptedObjects (16ms)
		BackupInstance (0ms)
		ReleaseScriptingObjects (11ms)
		CreateAndSetChildDomain (464ms)
	RebuildCommonClasses (34ms)
	RebuildNativeTypeToScriptingClass (10ms)
	initialDomainReloadingComplete (40ms)
	LoadAllAssembliesAndSetupDomain (1028ms)
		LoadAssemblies (1137ms)
		RebuildTransferFunctionScriptingTraits (0ms)
		AnalyzeDomain (67ms)
			TypeCache.Refresh (33ms)
				TypeCache.ScanAssembly (11ms)
			ScanForSourceGeneratedMonoScriptInfo (23ms)
			ResolveRequiredComponents (10ms)
	FinalizeReload (1910ms)
		ReleaseScriptCaches (0ms)
		RebuildScriptCaches (0ms)
		SetupLoadedEditorAssemblies (808ms)
			LogAssemblyErrors (0ms)
			InitializePlatformSupportModulesInManaged (30ms)
			SetLoadedEditorAssemblies (3ms)
			RefreshPlugins (0ms)
			BeforeProcessingInitializeOnLoad (75ms)
			ProcessInitializeOnLoadAttributes (354ms)
			ProcessInitializeOnLoadMethodAttributes (342ms)
			AfterProcessingInitializeOnLoad (3ms)
			EditorAssembliesLoaded (1ms)
		ExecutionOrderSort2 (0ms)
		AwakeInstancesAfterBackupRestoration (5ms)
Refreshing native plugins compatible for Editor in 20.91 ms, found 3 plugins.
Preloading 0 native plugins for Editor in 0.00 ms.
Unloading 4484 Unused Serialized files (Serialized files now loaded: 0)
Unloading 31 unused Assets / (66.3 KB). Loaded Objects now: 5081.
Memory consumption went from 174.3 MB to 174.2 MB.
Total: 43.427200 ms (FindLiveObjects: 2.729300 ms CreateObjectMapping: 0.136400 ms MarkObjects: 33.899800 ms  DeleteObjects: 6.467000 ms)

Prepare: number of updated asset objects reloaded= 0
AssetImportParameters requested are different than current active one (requested -> active):
  custom:scripting/monoscript/fileName/CatchGameFieldGeneratedRequest.cs: a67d51feea369e3830f924d9b8e9bd99 -> 17b67da9d0f3c4e2f8690dc96459b2b2
  custom:scripting/monoscript/fileName/TileGenerator3.cs: d30fb83fc6ac7475a319a83728c9ad41 -> 9b48fa675f0bce54dde0ed40b926842e
  custom:scripting/monoscript/fileName/GameFieldGrowthWaveAlgorithmTag.cs: 0ef400f135d729b9ef5ef61213bf46ca -> 992c54089fb6287a3abd63c766c90ae4
  custom:scripting/monoscript/fileName/CreateControlsRequest.cs: b6b52fa38bc5533b3ae550ee8b4085d9 -> 16e50cc2756add101f300d8e44319dd4
  custom:scripting/monoscript/fileName/HUDPrefab.cs: 30eaa62651e9c88e43fcb0d04e30077a -> 114724dd8b86c8d5655c0a4636c8f807
  custom:container-demuxer-ogg: 62fdf1f143b41e24485cea50d1cbac27 -> 
  custom:scripting/monoscript/fileName/TileGenerator2.cs: 09c5b2f1e3412cb486138eafe6da2ee9 -> d25441398affce60b9e3b08d18b5fa1c
  custom:scripting/monoscript/fileName/GameFlowFeature.cs: e6718831d198d39704b255f20f16f8d0 -> df0113f54b1bbce00d62c010ef3fe8b4
  custom:scripting/monoscript/fileName/CreationAnimalStrategyCfg.cs: fb433a13c1a2eff2a6d277801dbab975 -> 4fd36c8314e91d36d51becb0cdc6faeb
  custom:scripting/monoscript/fileName/CreateAnimalsSystem.cs: 8cef56369804335c0ac2e97203aee8a9 -> bee4bc1341c43b6aa3c88b1b3d4e3e18
  custom:scripting/monoscript/fileName/ScrollToTargetEvent.cs: 267de8c3fdba9d89cbf5a80a977d1db1 -> 1606e13368f10abd95859ea46f664d86
  custom:scripting/monoscript/fileName/GameFieldGeneratedEvent.cs: f908cee032e843be5ba60b9a2c441882 -> a6030e6b0b808118faf8aa49ffee5b94
  custom:scripting/monoscript/fileName/RandomGameFieldAlgorithmSystem.cs: 22b92a32636676be944ecefe67707cbf -> c5085b777b6be8657ea1f9bd1eb1f0e6
  custom:scripting/monoscript/fileName/GameFieldWaveAlgorithmTag.cs: 5be4d41974793f3169ea3a8184ff61d2 -> a3fe88f8e3ec0ea7cb6587b6cb569630
  custom:scripting/monoscript/fileName/GameFieldAlgorithms.cs: 9210f2e649de58f37f078a6eadd5eb19 -> a68d1cf9c70b1eb7af91f8532ed35f7f
  custom:scripting/monoscript/fileName/MetaGameUIHiddenEvent.cs: 342ed956eb53710532411f8c2784417a -> 463482aa840de7082f4a278ef86a7e1d
  custom:scripting/monoscript/fileName/LevelClearedEvent.cs: bbac8ca3904db25721b8cf3b0fab6582 -> 663b31180f17f64cf76455cfee4638c9
  custom:scripting/monoscript/fileName/GameScreenPrefab.cs: ad79cba3a80ff268ab301d438f50d7a3 -> b778ed7a73a66bec617f434ba9deff77
  custom:video-decoder-ogg-theora: a1e56fd34408186e4bbccfd4996cb3dc -> 
  custom:scripting/monoscript/fileName/CalculateCellScaleYSystem.cs: 939787dca0b233005791ec684dff156a -> 24348a5eb2340227fde21c4e16f198a5
  custom:scripting/monoscript/fileName/AnimalPositionedEvent.cs: 8e15db485d40ca13ea5402666ad1b4b3 -> 1bc3206bed9925993456a53b954cd396
  custom:scripting/monoscript/fileName/ScrollSnapEffect.cs: b6c51e4f0f8afbbfdca8ecd17bfb0fb9 -> 91d29477668f48905bbbd4cb6247533d
  custom:scripting/monoscript/fileName/LevelLifeTimeMarker.cs: bfaf24a17910b0a8ddcc0f9024db8056 -> d0a88ae6d48c761dad292d2aec410cb0
  custom:scripting/monoscript/fileName/GameFieldPlaneAlgorithmTag.cs: 21e5015ce1d5b093ab9d6011592292bd -> 7cf8c3e3aade2f1d2e7a2f82f1c5463e
  custom:framework-win-MediaFoundation: 216162199b28c13a410421893ffa2e32 -> 
  custom:scripting/monoscript/fileName/LevelLostEvent.cs: afc9b242eba24b2b4392b9bea1cad284 -> d1c8f0634443fb2b56e42e7c40935303
  custom:scripting/monoscript/fileName/GameField.cs: 27b6b3d034a0ef2e26f2934f1319d99d -> bf9a4c69a023939dbb88e3f1703ca432
  custom:scripting/monoscript/fileName/ScrollSnap.cs: 5dd984369f102ebda4e54789a0ea104e -> 74fe1fbb0f6bef271000d67e7c21bd45
  custom:scripting/monoscript/fileName/HideMetaGameUIRequest.cs: c6d8ffd38038f5edb986b7d2b1660fc7 -> 023f27171a187f71ff8a4853369f6cb5
  custom:scripting/monoscript/fileName/ReferenceCodeGen.cs: 1847e30272d75555141d3031c134c733 -> 
  custom:scripting/monoscript/fileName/GameCreatedEvent.cs: 25808abd6af439ae2d396c16c3d9e8f2 -> 13c2ac463741ba32d214c8bfa0606347
  custom:scripting/monoscript/fileName/TileGeneratedEvent.cs: 1b597c0aa79fd56f2f4088925f13cbef -> dba7452f6d7179c1abc1b361aa9403a8
  custom:scripting/monoscript/fileName/ScrollSnapSystem.cs: 51807458632b0abe0dcd77862975ce47 -> 49fa898761310374e9100843919f1617
  custom:scripting/monoscript/fileName/ChainDestructionRequestSystem.cs: e36a5ffa427d50aa181531f55986ccd8 -> 
  custom:scripting/monoscript/fileName/GameFlowSystem.cs: cf1e5382541a33c73a981035dae85045 -> b60539680bd07758445284af098b515c
  custom:scripting/monoscript/fileName/LevelLostCheckSystem.cs: 255183d3cc1fbb2d10c8abfa77b7b9e2 -> 1205ba5e4744c00285ba2c45a53da364
  custom:scripting/monoscript/fileName/CatchGameFieldEventsSystem.cs: 69b1fa6bdab0b0e6ef5f59e5ba1798e4 -> d8fdc78bead3537fb228755ca2d434dd
  custom:scripting/monoscript/fileName/FitObjectToCamera.cs: 942221b48ed202602e9ac643e54d7650 -> aaedefa2aeb7069389a90129af0ec391
  custom:scripting/monoscript/fileName/DestructionAnimalStrategyCfg.cs: b5449fe14a7d9ce6de2ff0202c280054 -> dcccc812fc5e86758b5038f4fc7d9a74
  custom:scripting/monoscript/fileName/CameraScaler.cs: 150bf424de40cfdb27d6bfc1fd0a2d72 -> 3cbb08bff7a396f130a0443ef1ccb748
  custom:scripting/monoscript/fileName/ScoreUIConnect.cs: c27938a2bdddd88ab951e7adbbd35794 -> ac7c32a805063f081f2fababb8d4d898
  custom:CustomObjectIndexerAttribute: 9a22284fe3817be447336de3de66b15e -> 
  custom:scripting/monoscript/fileName/ChainDestructionSystem.cs: 1804387f55e34d8c464a091638dbfb17 -> 
  custom:scripting/monoscript/fileName/GameFieldDestructRequest.cs: 10e88c15a7ec0cf5e99dbb40e0a3edf8 -> 39e29c44e39353c5f5e46e4fd35fb435
  custom:scripting/monoscript/fileName/GameLossTimerConnect.cs: f0cf7139ab50e9b8389bcd82a4789c30 -> 21c0067c523cc022f4caa4d8eef3c889
  custom:scripting/monoscript/fileName/GameFieldAlgorithmCfg.cs: 2a67613a1067bee0772c4bce0a006e8e -> c18842b2d8e9d19897c42dc941ae1a61
  custom:scripting/monoscript/fileName/DestructionChainTag.cs: d52207bbfd049f584009aa3d50645080 -> 
  custom:scripting/monoscript/fileName/AnimalCreationChainStrategySystem.cs: cfd77a10d3edff40c8fa516ba194c3f6 -> 6245b6c4937dad6bd6bfbe1a5bb91d82
  custom:scripting/monoscript/fileName/MetaGameUISystem.cs: 93f0bb4ace47f6ac6817404d82ccb661 -> 34bedb813123b4b9a91614edd15a8069
  custom:scripting/monoscript/fileName/ScrollSetupRequest.cs: a402aba2680e5863d1008ad06428d65a -> e1c69e68812599757df2aff91a4e9cf2
  custom:container-demuxer-webm: 4f35f7cbe854078d1ac9338744f61a02 -> 
  custom:scripting/monoscript/fileName/FadeEffect.cs: 4615b2acb46a691c33b29aab26f2062a -> 
  custom:scripting/monoscript/fileName/MetaGameUIHiddenMarker.cs: a71b94db2ed8f97f815cc84fb87d48eb -> dddb2beaf43a7ef60953e2f9eacf78f8
  custom:scripting/monoscript/fileName/SourceCodeModifier.cs: 3ffa94fedf57701a474133f623b99b6a -> 5c7f9a2114ee5b14002453c253315bd0
  custom:scripting/monoscript/fileName/GameFieldAlgorithmTag.cs: 5b91fd95ca72cd7048aa9f46e543e265 -> da7c22434643605d19edac79c0d3b3c7
  custom:scripting/monoscript/fileName/GameFieldGrowthWaveAlgorithmSystem.cs: c43067b71ef74cae0090827f88cfe4b8 -> 00c4aec9ff9f1e3764b69170240089db
  custom:scripting/monoscript/fileName/LevelLossSystem.cs: 89eef653e3f28787ebae3df17b9a17fa -> 1a50b41fb86c42146dd1e7eca3f63c3b
  custom:scripting/monoscript/fileName/GameFieldGenerateRequest.cs: b3f004fb89f931ad5595eca9c3e3ea7d -> fc85f9d1ad1c72513abf13f206f13826
  custom:container-muxer-webm: aa71ff27fc2769a1b78a27578f13a17b -> 
  custom:scripting/monoscript/fileName/AnimalDestructedEvent.cs: de6741ad9146f65b9ee26b392c6f63b7 -> e882e3b205fcfc8f4d8ec1b06235b0f7
  custom:scripting/monoscript/fileName/DeleteEntityCommand.cs: bcabe5bfe518320718d48d41a3a0e90a -> 
  custom:video-decoder-webm-vp8: 9c59270c3fd7afecdb556c50c9e8de78 -> 
  custom:scripting/monoscript/fileName/DestroyViewRequest.cs: 1a0b5b4a36b5820faa4b3894f8324e00 -> 0ebb0c5641d0ac20e497e246c3eff337
  custom:scripting/monoscript/fileName/ApplyDestructionStrategyRequest.cs: 032a28d88c65010193deb5a4b99f58dd -> 213312285ccaacd75ce574cb89bf2411
  custom:scripting/monoscript/fileName/TileGenerator.cs: 042c900c13328f8a0055f0bccddada85 -> a538991689346061c6a9a2a96b02d37e
  custom:scripting/monoscript/fileName/ScaleEffect.cs: bf12e834d532f4f806bebaac99f812c1 -> 
  custom:SearchIndexIgnoredProperties: e643bd26f0fe6173181afceb89e7c659 -> 
  custom:scripting/monoscript/fileName/ScrollSnappedMarker.cs: 066cb0420eaae820b69ffbae9344f0b4 -> 1cd14000dfdbca98f6dda0685bba7fce
  custom:scripting/monoscript/fileName/DestroyViewSystem.cs: e1c1ea54b0c9f7465aac7332f0e6d6a8 -> 59b102bdf1755f7c7d016788c0259b93
  custom:scripting/monoscript/fileName/CleanupLevelRequest.cs: a4116677aeb8d793871c137a2a44b119 -> c4dd04e39c7a6664b68dab929adf2e81
  custom:AudioImporter_EditorPlatform: d09bf68614088b80899f8185d706f6e7 -> 
  custom:scripting/monoscript/fileName/ChainMovementMarker.cs: feac63d7e5aa51292f19abaa1d9db08c -> 
  custom:scripting/monoscript/fileName/ScrollPosition.cs: 225c0c33ea226da69f3473693dfb3c05 -> 9f9e723ba8833b9541ecfca3c6d6f8bc
  custom:scripting/monoscript/fileName/GameFieldWaveAlgorithmSystem.cs: fc14103f781a8cbb106ceeeb57eaeaab -> 607884f57fd7ce8ffeb8d2a7c96f93a3
  custom:scripting/monoscript/fileName/PlayerCfgRef.cs: 6d19f04523dbbba4fc64c8057f04e02a -> 198dbad4b6bbc11b3942c96af8dde650
  custom:scripting/monoscript/fileName/DestructionChainStrategySystem.cs: 783bb7763cba92611d8e9cf6674063b1 -> ddd821ede2656248bf0e9ddf669d5a28
  custom:scripting/monoscript/fileName/CreationChainTag.cs: 2998fd809902939f0ee04f473eeca00e -> 
  custom:scripting/monoscript/fileName/DestructionFeature.cs: b9b7cdbe8848a566388411c97a5fbd67 -> adcfef4ac4e45d2e562dcdc6fa49e429
  custom:scripting/monoscript/fileName/GameFieldAlgorithmIndex.cs: 9457d7f2147049910ea06f2159c61fc6 -> 7a58e7c6b5adebdaec058182398a5707
  custom:scripting/monoscript/fileName/GameLossTimerSystem.cs: de0b464553cb6b861179a91f75237edf -> 071940ff3f3e183b1d11d15239224386
  custom:scripting/monoscript/fileName/GameFieldPlaneAlgorithmSystem.cs: 526228704b2d4ed12e4753080710ec45 -> fec5555e40052f9e75dc859f5d201f4d
  custom:scripting/monoscript/fileName/ScrollSnappedEvent.cs: 85353374ba80b5fbd36ff4e2e7944412 -> 8bf4efe021842362c4e7d55e6a37d79a
  custom:scripting/monoscript/fileName/ShowMetaGameUIRequest.cs: 5564592071856871b46e981baa2e91f8 -> a88d7f1c319941ffae2f3a8957251596
  custom:scripting/monoscript/fileName/TileGenerator6.cs: 0a225711dfb489626c74dc5ff5d78f40 -> 83a93281253429d4bd51d4bfaf52f3ed
  custom:scripting/monoscript/fileName/GameFieldDestructedRequest.cs: c04d6601b9dc935cfc91348b0b9cc810 -> 47034b076d3abdec8c90304ac1fc38f1
  custom:scripting/monoscript/fileName/MetaGameUI.cs: b1f4a332b284a38895d9534e62ff0baf -> 67622f9ccfe38dacd5af3f2ae37c3026
  custom:scripting/monoscript/fileName/GameFieldClickSystem.cs: 9e6e496c03415de771bf8909db35f03b -> 3b1ea4c67b8ab5832ff3a23919e79f06
  custom:scripting/monoscript/fileName/BaseScrollSnapEffect.cs: d407bd1fc108496d969888a00479cce0 -> 
  custom:scripting/monoscript/fileName/CreateHUDSystem.cs: f8cd7ef545fa25f934c486aaa420eedd -> 43c05b406d9086180812a87a0e010e47
  custom:scripting/monoscript/fileName/Levels.cs: f22977143cde483af3e13597acee3c02 -> 37490b0d126f14e1e1d31453e3e94ae4
  custom:video-encoder-webm-vp8: eb34c28f22e8b96e1ab97ce403110664 -> 
  custom:scripting/monoscript/fileName/AnimalDestructionChainStrategySystem.cs: 23f4cc2de4c34d4d82415b095d5404aa -> 2d33061d60136630278a03c1042b54b3
  custom:scripting/monoscript/fileName/AnimalSpawnedEvent.cs: 18a67763bcf9b1b1ac26ffbfcbeed587 -> 7ad467d334ed6914a6a27adce1847b10
  custom:scripting/monoscript/fileName/RewardConnect.cs: de79e19f525e7b5954dbb77b1f453e4e -> 6751c3bbc08d4697c3b42878cd3daebd
  custom:audio-decoder-ogg-vorbis: bf7c407c2cedff20999df2af8eb42d56 -> 
  custom:scripting/monoscript/fileName/CleanupLevelSystem.cs: 72214ed46a73a03fca528428e05bd1c5 -> 8a5bce7edb21df4c4707d0529e30155e
  custom:scripting/monoscript/fileName/GameTag.cs: 2f67c69f27e85f806b88deb8c87b88d2 -> f5290ba12be2c3f124e97ffb76e9ea9f
  custom:scripting/monoscript/fileName/ScrollSnapTag.cs: 893d8b8aa473763f6ed0fb5321bbad28 -> c53bb14ce7c537cec4ba51b6c7bc6939
  custom:scripting/monoscript/fileName/GameFieldFeature.cs: 1f8b976c740b234c284fddfd95c568fd -> 9a83e32ad7b7857e12d74cf105f5a137
  custom:scripting/monoscript/fileName/GameScreen.cs: deb4cff0d85b325b8a61d3844cabec07 -> 84ec6758a1e33abe8d42365166b67ebd
  custom:scripting/monoscript/fileName/DestructionStrategyTag.cs: 950962d7baf41bc8fed98ea522a40170 -> 
  custom:scripting/monoscript/fileName/ScrollDraggedEvent.cs: d4b82f514f08a6e7eb8d3acbba3af876 -> 76bd8895c3b43170415bf40518460c7d
  custom:scripting/monoscript/fileName/CreateHUDRequest.cs: 61b5f154a3d1ac03d04c59d29d1c4e05 -> 11938a6be2a737aa70fadc220742dab2
  custom:scripting/monoscript/fileName/TileGenerator4.cs: 1ec433f057ddbb323aab6300cdd41968 -> 9b8c2608bd1d4162243c126a2c3ab74b
  custom:scripting/monoscript/fileName/GrowthWave.cs: 7c48243a6dd50c54e09b35b8a70e858a -> ab7a6a6e85687b04c58c7a681131bfdc
  custom:scripting/monoscript/fileName/AssemblyAnalyzer.cs: 5883fa404100530f6821c51e0df4a2b6 -> 
  custom:scripting/monoscript/fileName/CreateCoinRequest.cs: b6ee2396be79577ff18a940acb85bfe6 -> 8bf745611aed40a8441b8db392ff0316
  custom:scripting/monoscript/fileName/CreateGameLossTimerRequest.cs: 286f3e38529572dc1661f3473c808992 -> ef901bf1b06c7938a6030a67dd4d6d21
  custom:scripting/monoscript/fileName/DeathEvent.cs: ae7a15dcf33e2eb04a19bf37c49c469a -> 7ba4c6fe9f322f00d774d318ef8ef3b2
  custom:scripting/monoscript/fileName/GameFieldDestructedEvent.cs: 565697dff0d07f15eb4da25529efeaf3 -> 249503e823ee8a2543fdc65535f78404
  custom:scripting/monoscript/fileName/Wave.cs: e8061bad203a1f6efd397e8313ec6d83 -> ed89714bef4a8fe64f993c8bbc6df15f
  custom:scripting/monoscript/fileName/GameFieldDestructedMarker.cs: ab2e5320e3676ca16774eba7277d5b9e -> 6af6280f9d165b3fa0cbeef98677737a
  custom:scripting/monoscript/fileName/CoinUIConnect.cs: 8505822111497da435ec6d27192811c8 -> 9bed0bffdd7b151bbdc04ee5da58d9a4
  custom:scripting/monoscript/fileName/CreateGameSystem.cs: c40209e5646f830645bfdfa6dda44b96 -> acdc7e582431689501a3c2e4d1b573d0
  custom:audio-encoder-webm-vorbis: bf7c407c2cedff20999df2af8eb42d56 -> 
  custom:scripting/monoscript/fileName/ApplyStrategyRequest.cs: 04790d20b7aab51157b87a2b7ea70902 -> 
  custom:scripting/monoscript/fileName/ScrollSystem.cs: 80ef92943d864cb0b392598d6fcd75b9 -> 
  custom:scripting/monoscript/fileName/CreationChainStrategyTag.cs: 4fd921b87fca9ba0c731b954efca90f5 -> 7572d150aeb0955f670c8845e4df7c53
  custom:scripting/monoscript/fileName/ScrollDraggedMarker.cs: f40ec288e4d6330335dd03fa8726c839 -> 74ece2a65d27c55d64e7936bb538e5a8
  custom:scripting/monoscript/fileName/CreateAnimalsRequest.cs: a7ebd1a26b1e6c2c8f783f7506341452 -> 45001033be0d024e3f69c19d212eca00
  custom:scripting/monoscript/fileName/GameFieldGeneratedMarker.cs: 3343d51a95b5393b866292f7dd40076e -> 8ec9e96219719154c6ef937af1a570ab
  custom:scripting/monoscript/fileName/TileGenerator7.cs: d48bfbfd829455d8678bccfbd4ddf1db -> d7e74d9e48390acec81fb7d05eab04b6
  custom:scripting/monoscript/fileName/ClickSideMarker.cs: c1aa69917ccbb0e088243ec1d2c1ed5f -> 0c097904c16edc5a7ac1137f05d8d51c
  custom:scripting/monoscript/fileName/LevelLostMarker.cs: 93ebe850d5850b9eb8bc2c04e2ffed33 -> 3e55ffaf6b929b3b51e014250d9920ac
  custom:scripting/monoscript/fileName/GameTitleConnect.cs: 5c14e36aa95fc82c33183a9dfce72cd2 -> 41a65dfb2d31309386b013674fae2e80
  custom:scripting/monoscript/fileName/CreateGameScreenRequest.cs: a885ba890460f60ddcd2c66df732e91f -> 066c58def3458c57fd1f40d51ed860c1
  custom:scripting/monoscript/fileName/ScrollToTargetMarker.cs: 7c2577f2a0b3fb585d934a4d0b35b7ec -> 01286f347cbc8bec863dbe15212d04dd
  custom:scripting/monoscript/fileName/GameFieldGeneratedByAlgorithm.cs: 642fd6d4f4e02c35c870cd61f2ca081f -> 074895d821d9efb916232844efdac6c8
  custom:scripting/monoscript/fileName/TileGenerator5.cs: 0eaf6fadc56123ad87a1d593fa635ede -> ee69db292b395fb7006478b7279c5ca6
  custom:scripting/monoscript/fileName/GameScreenSystem.cs: a0b364fc1bcdda23e4dd359a2204c08d -> 402c5e1323b5b0152bd1eea24fa29d07
  custom:scripting/monoscript/fileName/DestructionChainStrategyTag.cs: b0d607db3ab31634dee73b569e199000 -> 0c62c6ddeecb954158e34eafdd3e629f
========================================================================
Received Prepare
Caller must complete domain reload
Begin MonoManager ReloadAssembly
- Loaded All Assemblies, in  1.262 seconds
Native extension for WindowsStandalone target not found
Native extension for Android target not found
Native extension for WebGL target not found
[Package Manager] Server::EnsureServerProcessIsRunning -- launch failed, reason: Unity was launched with the -noUpm command-line argument
[Package Manager] UpmClient::Send -- Unable to send message (not connected to UPM process).
[Package Manager] Cannot connect to Unity Package Manager local server
Mono: successfully reloaded assembly
[Package Manager] Server::EnsureServerProcessIsRunning -- launch failed, reason: Unity was launched with the -noUpm command-line argument
[Package Manager] UpmClient::Send -- Unable to send message (not connected to UPM process).
[Package Manager] Cannot connect to Unity Package Manager local server
- Finished resetting the current domain, in  1.729 seconds
Domain Reload Profiling: 2994ms
	BeginReloadAssembly (495ms)
		ExecutionOrderSort (0ms)
		DisableScriptedObjects (9ms)
		BackupInstance (0ms)
		ReleaseScriptingObjects (1ms)
		CreateAndSetChildDomain (102ms)
	RebuildCommonClasses (31ms)
	RebuildNativeTypeToScriptingClass (11ms)
	initialDomainReloadingComplete (39ms)
	LoadAllAssembliesAndSetupDomain (688ms)
		LoadAssemblies (952ms)
		RebuildTransferFunctionScriptingTraits (0ms)
		AnalyzeDomain (64ms)
			TypeCache.Refresh (33ms)
				TypeCache.ScanAssembly (7ms)
			ScanForSourceGeneratedMonoScriptInfo (17ms)
			ResolveRequiredComponents (13ms)
	FinalizeReload (1731ms)
		ReleaseScriptCaches (0ms)
		RebuildScriptCaches (0ms)
		SetupLoadedEditorAssemblies (819ms)
			LogAssemblyErrors (0ms)
			InitializePlatformSupportModulesInManaged (45ms)
			SetLoadedEditorAssemblies (4ms)
			RefreshPlugins (0ms)
			BeforeProcessingInitializeOnLoad (93ms)
			ProcessInitializeOnLoadAttributes (405ms)
			ProcessInitializeOnLoadMethodAttributes (268ms)
			AfterProcessingInitializeOnLoad (2ms)
			EditorAssembliesLoaded (1ms)
		ExecutionOrderSort2 (0ms)
		AwakeInstancesAfterBackupRestoration (6ms)
Refreshing native plugins compatible for Editor in 10.47 ms, found 3 plugins.
Preloading 0 native plugins for Editor in 0.00 ms.
Unloading 4484 Unused Serialized files (Serialized files now loaded: 0)
Unloading 31 unused Assets / (66.2 KB). Loaded Objects now: 5084.
Memory consumption went from 174.3 MB to 174.2 MB.
Total: 20.230900 ms (FindLiveObjects: 0.794900 ms CreateObjectMapping: 0.139500 ms MarkObjects: 18.988700 ms  DeleteObjects: 0.306100 ms)

Prepare: number of updated asset objects reloaded= 0
AssetImportParameters requested are different than current active one (requested -> active):
  custom:scripting/monoscript/fileName/CatchGameFieldGeneratedRequest.cs: a67d51feea369e3830f924d9b8e9bd99 -> 17b67da9d0f3c4e2f8690dc96459b2b2
  custom:scripting/monoscript/fileName/TileGenerator3.cs: d30fb83fc6ac7475a319a83728c9ad41 -> 9b48fa675f0bce54dde0ed40b926842e
  custom:scripting/monoscript/fileName/GameFieldGrowthWaveAlgorithmTag.cs: 0ef400f135d729b9ef5ef61213bf46ca -> 992c54089fb6287a3abd63c766c90ae4
  custom:scripting/monoscript/fileName/CreateControlsRequest.cs: b6b52fa38bc5533b3ae550ee8b4085d9 -> 16e50cc2756add101f300d8e44319dd4
  custom:scripting/monoscript/fileName/HUDPrefab.cs: 30eaa62651e9c88e43fcb0d04e30077a -> 114724dd8b86c8d5655c0a4636c8f807
  custom:container-demuxer-ogg: 62fdf1f143b41e24485cea50d1cbac27 -> 
  custom:scripting/monoscript/fileName/TileGenerator2.cs: 09c5b2f1e3412cb486138eafe6da2ee9 -> d25441398affce60b9e3b08d18b5fa1c
  custom:scripting/monoscript/fileName/GameFlowFeature.cs: e6718831d198d39704b255f20f16f8d0 -> df0113f54b1bbce00d62c010ef3fe8b4
  custom:scripting/monoscript/fileName/CreationAnimalStrategyCfg.cs: fb433a13c1a2eff2a6d277801dbab975 -> 4fd36c8314e91d36d51becb0cdc6faeb
  custom:scripting/monoscript/fileName/CreateAnimalsSystem.cs: 8cef56369804335c0ac2e97203aee8a9 -> bee4bc1341c43b6aa3c88b1b3d4e3e18
  custom:scripting/monoscript/fileName/ScrollToTargetEvent.cs: 267de8c3fdba9d89cbf5a80a977d1db1 -> 1606e13368f10abd95859ea46f664d86
  custom:scripting/monoscript/fileName/GameFieldGeneratedEvent.cs: f908cee032e843be5ba60b9a2c441882 -> a6030e6b0b808118faf8aa49ffee5b94
  custom:scripting/monoscript/fileName/RandomGameFieldAlgorithmSystem.cs: 22b92a32636676be944ecefe67707cbf -> c5085b777b6be8657ea1f9bd1eb1f0e6
  custom:scripting/monoscript/fileName/GameFieldWaveAlgorithmTag.cs: 5be4d41974793f3169ea3a8184ff61d2 -> a3fe88f8e3ec0ea7cb6587b6cb569630
  custom:scripting/monoscript/fileName/GameFieldAlgorithms.cs: 9210f2e649de58f37f078a6eadd5eb19 -> a68d1cf9c70b1eb7af91f8532ed35f7f
  custom:scripting/monoscript/fileName/MetaGameUIHiddenEvent.cs: 342ed956eb53710532411f8c2784417a -> 463482aa840de7082f4a278ef86a7e1d
  custom:scripting/monoscript/fileName/LevelClearedEvent.cs: bbac8ca3904db25721b8cf3b0fab6582 -> 663b31180f17f64cf76455cfee4638c9
  custom:scripting/monoscript/fileName/GameScreenPrefab.cs: ad79cba3a80ff268ab301d438f50d7a3 -> b778ed7a73a66bec617f434ba9deff77
  custom:video-decoder-ogg-theora: a1e56fd34408186e4bbccfd4996cb3dc -> 
  custom:scripting/monoscript/fileName/CalculateCellScaleYSystem.cs: 939787dca0b233005791ec684dff156a -> 24348a5eb2340227fde21c4e16f198a5
  custom:scripting/monoscript/fileName/AnimalPositionedEvent.cs: 8e15db485d40ca13ea5402666ad1b4b3 -> 1bc3206bed9925993456a53b954cd396
  custom:scripting/monoscript/fileName/ScrollSnapEffect.cs: b6c51e4f0f8afbbfdca8ecd17bfb0fb9 -> 91d29477668f48905bbbd4cb6247533d
  custom:scripting/monoscript/fileName/LevelLifeTimeMarker.cs: bfaf24a17910b0a8ddcc0f9024db8056 -> d0a88ae6d48c761dad292d2aec410cb0
  custom:scripting/monoscript/fileName/GameFieldPlaneAlgorithmTag.cs: 21e5015ce1d5b093ab9d6011592292bd -> 7cf8c3e3aade2f1d2e7a2f82f1c5463e
  custom:framework-win-MediaFoundation: 216162199b28c13a410421893ffa2e32 -> 
  custom:scripting/monoscript/fileName/LevelLostEvent.cs: afc9b242eba24b2b4392b9bea1cad284 -> d1c8f0634443fb2b56e42e7c40935303
  custom:scripting/monoscript/fileName/GameField.cs: 27b6b3d034a0ef2e26f2934f1319d99d -> bf9a4c69a023939dbb88e3f1703ca432
  custom:scripting/monoscript/fileName/ScrollSnap.cs: 5dd984369f102ebda4e54789a0ea104e -> 74fe1fbb0f6bef271000d67e7c21bd45
  custom:scripting/monoscript/fileName/HideMetaGameUIRequest.cs: c6d8ffd38038f5edb986b7d2b1660fc7 -> 023f27171a187f71ff8a4853369f6cb5
  custom:scripting/monoscript/fileName/ReferenceCodeGen.cs: 1847e30272d75555141d3031c134c733 -> 
  custom:scripting/monoscript/fileName/GameCreatedEvent.cs: 25808abd6af439ae2d396c16c3d9e8f2 -> 13c2ac463741ba32d214c8bfa0606347
  custom:scripting/monoscript/fileName/TileGeneratedEvent.cs: 1b597c0aa79fd56f2f4088925f13cbef -> dba7452f6d7179c1abc1b361aa9403a8
  custom:scripting/monoscript/fileName/ScrollSnapSystem.cs: 51807458632b0abe0dcd77862975ce47 -> 49fa898761310374e9100843919f1617
  custom:scripting/monoscript/fileName/ChainDestructionRequestSystem.cs: e36a5ffa427d50aa181531f55986ccd8 -> 
  custom:scripting/monoscript/fileName/GameFlowSystem.cs: cf1e5382541a33c73a981035dae85045 -> b60539680bd07758445284af098b515c
  custom:scripting/monoscript/fileName/LevelLostCheckSystem.cs: 255183d3cc1fbb2d10c8abfa77b7b9e2 -> 1205ba5e4744c00285ba2c45a53da364
  custom:scripting/monoscript/fileName/CatchGameFieldEventsSystem.cs: 69b1fa6bdab0b0e6ef5f59e5ba1798e4 -> d8fdc78bead3537fb228755ca2d434dd
  custom:scripting/monoscript/fileName/FitObjectToCamera.cs: 942221b48ed202602e9ac643e54d7650 -> aaedefa2aeb7069389a90129af0ec391
  custom:scripting/monoscript/fileName/DestructionAnimalStrategyCfg.cs: b5449fe14a7d9ce6de2ff0202c280054 -> dcccc812fc5e86758b5038f4fc7d9a74
  custom:scripting/monoscript/fileName/CameraScaler.cs: 150bf424de40cfdb27d6bfc1fd0a2d72 -> 3cbb08bff7a396f130a0443ef1ccb748
  custom:scripting/monoscript/fileName/ScoreUIConnect.cs: c27938a2bdddd88ab951e7adbbd35794 -> ac7c32a805063f081f2fababb8d4d898
  custom:CustomObjectIndexerAttribute: 9a22284fe3817be447336de3de66b15e -> 
  custom:scripting/monoscript/fileName/ChainDestructionSystem.cs: 1804387f55e34d8c464a091638dbfb17 -> 
  custom:scripting/monoscript/fileName/GameFieldDestructRequest.cs: 10e88c15a7ec0cf5e99dbb40e0a3edf8 -> 39e29c44e39353c5f5e46e4fd35fb435
  custom:scripting/monoscript/fileName/GameLossTimerConnect.cs: f0cf7139ab50e9b8389bcd82a4789c30 -> 21c0067c523cc022f4caa4d8eef3c889
  custom:scripting/monoscript/fileName/GameFieldAlgorithmCfg.cs: 2a67613a1067bee0772c4bce0a006e8e -> c18842b2d8e9d19897c42dc941ae1a61
  custom:scripting/monoscript/fileName/DestructionChainTag.cs: d52207bbfd049f584009aa3d50645080 -> 
  custom:scripting/monoscript/fileName/AnimalCreationChainStrategySystem.cs: cfd77a10d3edff40c8fa516ba194c3f6 -> 6245b6c4937dad6bd6bfbe1a5bb91d82
  custom:scripting/monoscript/fileName/MetaGameUISystem.cs: 93f0bb4ace47f6ac6817404d82ccb661 -> 34bedb813123b4b9a91614edd15a8069
  custom:scripting/monoscript/fileName/ScrollSetupRequest.cs: a402aba2680e5863d1008ad06428d65a -> e1c69e68812599757df2aff91a4e9cf2
  custom:container-demuxer-webm: 4f35f7cbe854078d1ac9338744f61a02 -> 
  custom:scripting/monoscript/fileName/FadeEffect.cs: 4615b2acb46a691c33b29aab26f2062a -> 
  custom:scripting/monoscript/fileName/MetaGameUIHiddenMarker.cs: a71b94db2ed8f97f815cc84fb87d48eb -> dddb2beaf43a7ef60953e2f9eacf78f8
  custom:scripting/monoscript/fileName/SourceCodeModifier.cs: 3ffa94fedf57701a474133f623b99b6a -> 5c7f9a2114ee5b14002453c253315bd0
  custom:scripting/monoscript/fileName/GameFieldAlgorithmTag.cs: 5b91fd95ca72cd7048aa9f46e543e265 -> da7c22434643605d19edac79c0d3b3c7
  custom:scripting/monoscript/fileName/GameFieldGrowthWaveAlgorithmSystem.cs: c43067b71ef74cae0090827f88cfe4b8 -> 00c4aec9ff9f1e3764b69170240089db
  custom:scripting/monoscript/fileName/LevelLossSystem.cs: 89eef653e3f28787ebae3df17b9a17fa -> 1a50b41fb86c42146dd1e7eca3f63c3b
  custom:scripting/monoscript/fileName/GameFieldGenerateRequest.cs: b3f004fb89f931ad5595eca9c3e3ea7d -> fc85f9d1ad1c72513abf13f206f13826
  custom:container-muxer-webm: aa71ff27fc2769a1b78a27578f13a17b -> 
  custom:scripting/monoscript/fileName/AnimalDestructedEvent.cs: de6741ad9146f65b9ee26b392c6f63b7 -> e882e3b205fcfc8f4d8ec1b06235b0f7
  custom:scripting/monoscript/fileName/DeleteEntityCommand.cs: bcabe5bfe518320718d48d41a3a0e90a -> 
  custom:video-decoder-webm-vp8: 9c59270c3fd7afecdb556c50c9e8de78 -> 
  custom:scripting/monoscript/fileName/DestroyViewRequest.cs: 1a0b5b4a36b5820faa4b3894f8324e00 -> 0ebb0c5641d0ac20e497e246c3eff337
  custom:scripting/monoscript/fileName/ApplyDestructionStrategyRequest.cs: 032a28d88c65010193deb5a4b99f58dd -> 213312285ccaacd75ce574cb89bf2411
  custom:scripting/monoscript/fileName/TileGenerator.cs: 042c900c13328f8a0055f0bccddada85 -> a538991689346061c6a9a2a96b02d37e
  custom:scripting/monoscript/fileName/ScaleEffect.cs: bf12e834d532f4f806bebaac99f812c1 -> 
  custom:SearchIndexIgnoredProperties: e643bd26f0fe6173181afceb89e7c659 -> 
  custom:scripting/monoscript/fileName/ScrollSnappedMarker.cs: 066cb0420eaae820b69ffbae9344f0b4 -> 1cd14000dfdbca98f6dda0685bba7fce
  custom:scripting/monoscript/fileName/DestroyViewSystem.cs: e1c1ea54b0c9f7465aac7332f0e6d6a8 -> 59b102bdf1755f7c7d016788c0259b93
  custom:scripting/monoscript/fileName/CleanupLevelRequest.cs: a4116677aeb8d793871c137a2a44b119 -> c4dd04e39c7a6664b68dab929adf2e81
  custom:AudioImporter_EditorPlatform: d09bf68614088b80899f8185d706f6e7 -> 
  custom:scripting/monoscript/fileName/ChainMovementMarker.cs: feac63d7e5aa51292f19abaa1d9db08c -> 
  custom:scripting/monoscript/fileName/ScrollPosition.cs: 225c0c33ea226da69f3473693dfb3c05 -> 9f9e723ba8833b9541ecfca3c6d6f8bc
  custom:scripting/monoscript/fileName/GameFieldWaveAlgorithmSystem.cs: fc14103f781a8cbb106ceeeb57eaeaab -> 607884f57fd7ce8ffeb8d2a7c96f93a3
  custom:scripting/monoscript/fileName/PlayerCfgRef.cs: 6d19f04523dbbba4fc64c8057f04e02a -> 198dbad4b6bbc11b3942c96af8dde650
  custom:scripting/monoscript/fileName/DestructionChainStrategySystem.cs: 783bb7763cba92611d8e9cf6674063b1 -> ddd821ede2656248bf0e9ddf669d5a28
  custom:scripting/monoscript/fileName/CreationChainTag.cs: 2998fd809902939f0ee04f473eeca00e -> 
  custom:scripting/monoscript/fileName/DestructionFeature.cs: b9b7cdbe8848a566388411c97a5fbd67 -> adcfef4ac4e45d2e562dcdc6fa49e429
  custom:scripting/monoscript/fileName/GameFieldAlgorithmIndex.cs: 9457d7f2147049910ea06f2159c61fc6 -> 7a58e7c6b5adebdaec058182398a5707
  custom:scripting/monoscript/fileName/GameLossTimerSystem.cs: de0b464553cb6b861179a91f75237edf -> 071940ff3f3e183b1d11d15239224386
  custom:scripting/monoscript/fileName/GameFieldPlaneAlgorithmSystem.cs: 526228704b2d4ed12e4753080710ec45 -> fec5555e40052f9e75dc859f5d201f4d
  custom:scripting/monoscript/fileName/ScrollSnappedEvent.cs: 85353374ba80b5fbd36ff4e2e7944412 -> 8bf4efe021842362c4e7d55e6a37d79a
  custom:scripting/monoscript/fileName/ShowMetaGameUIRequest.cs: 5564592071856871b46e981baa2e91f8 -> a88d7f1c319941ffae2f3a8957251596
  custom:scripting/monoscript/fileName/TileGenerator6.cs: 0a225711dfb489626c74dc5ff5d78f40 -> 83a93281253429d4bd51d4bfaf52f3ed
  custom:scripting/monoscript/fileName/GameFieldDestructedRequest.cs: c04d6601b9dc935cfc91348b0b9cc810 -> 47034b076d3abdec8c90304ac1fc38f1
  custom:scripting/monoscript/fileName/MetaGameUI.cs: b1f4a332b284a38895d9534e62ff0baf -> 67622f9ccfe38dacd5af3f2ae37c3026
  custom:scripting/monoscript/fileName/GameFieldClickSystem.cs: 9e6e496c03415de771bf8909db35f03b -> 3b1ea4c67b8ab5832ff3a23919e79f06
  custom:scripting/monoscript/fileName/BaseScrollSnapEffect.cs: d407bd1fc108496d969888a00479cce0 -> 
  custom:scripting/monoscript/fileName/CreateHUDSystem.cs: f8cd7ef545fa25f934c486aaa420eedd -> 43c05b406d9086180812a87a0e010e47
  custom:scripting/monoscript/fileName/Levels.cs: f22977143cde483af3e13597acee3c02 -> 37490b0d126f14e1e1d31453e3e94ae4
  custom:video-encoder-webm-vp8: eb34c28f22e8b96e1ab97ce403110664 -> 
  custom:scripting/monoscript/fileName/AnimalDestructionChainStrategySystem.cs: 23f4cc2de4c34d4d82415b095d5404aa -> 2d33061d60136630278a03c1042b54b3
  custom:scripting/monoscript/fileName/AnimalSpawnedEvent.cs: 18a67763bcf9b1b1ac26ffbfcbeed587 -> 7ad467d334ed6914a6a27adce1847b10
  custom:scripting/monoscript/fileName/RewardConnect.cs: de79e19f525e7b5954dbb77b1f453e4e -> 6751c3bbc08d4697c3b42878cd3daebd
  custom:audio-decoder-ogg-vorbis: bf7c407c2cedff20999df2af8eb42d56 -> 
  custom:scripting/monoscript/fileName/CleanupLevelSystem.cs: 72214ed46a73a03fca528428e05bd1c5 -> 8a5bce7edb21df4c4707d0529e30155e
  custom:scripting/monoscript/fileName/GameTag.cs: 2f67c69f27e85f806b88deb8c87b88d2 -> f5290ba12be2c3f124e97ffb76e9ea9f
  custom:scripting/monoscript/fileName/ScrollSnapTag.cs: 893d8b8aa473763f6ed0fb5321bbad28 -> c53bb14ce7c537cec4ba51b6c7bc6939
  custom:scripting/monoscript/fileName/GameFieldFeature.cs: 1f8b976c740b234c284fddfd95c568fd -> 9a83e32ad7b7857e12d74cf105f5a137
  custom:scripting/monoscript/fileName/GameScreen.cs: deb4cff0d85b325b8a61d3844cabec07 -> 84ec6758a1e33abe8d42365166b67ebd
  custom:scripting/monoscript/fileName/DestructionStrategyTag.cs: 950962d7baf41bc8fed98ea522a40170 -> 
  custom:scripting/monoscript/fileName/ScrollDraggedEvent.cs: d4b82f514f08a6e7eb8d3acbba3af876 -> 76bd8895c3b43170415bf40518460c7d
  custom:scripting/monoscript/fileName/CreateHUDRequest.cs: 61b5f154a3d1ac03d04c59d29d1c4e05 -> 11938a6be2a737aa70fadc220742dab2
  custom:scripting/monoscript/fileName/TileGenerator4.cs: 1ec433f057ddbb323aab6300cdd41968 -> 9b8c2608bd1d4162243c126a2c3ab74b
  custom:scripting/monoscript/fileName/GrowthWave.cs: 7c48243a6dd50c54e09b35b8a70e858a -> ab7a6a6e85687b04c58c7a681131bfdc
  custom:scripting/monoscript/fileName/AssemblyAnalyzer.cs: 5883fa404100530f6821c51e0df4a2b6 -> 
  custom:scripting/monoscript/fileName/CreateCoinRequest.cs: b6ee2396be79577ff18a940acb85bfe6 -> 8bf745611aed40a8441b8db392ff0316
  custom:scripting/monoscript/fileName/CreateGameLossTimerRequest.cs: 286f3e38529572dc1661f3473c808992 -> ef901bf1b06c7938a6030a67dd4d6d21
  custom:scripting/monoscript/fileName/DeathEvent.cs: ae7a15dcf33e2eb04a19bf37c49c469a -> 7ba4c6fe9f322f00d774d318ef8ef3b2
  custom:scripting/monoscript/fileName/GameFieldDestructedEvent.cs: 565697dff0d07f15eb4da25529efeaf3 -> 249503e823ee8a2543fdc65535f78404
  custom:scripting/monoscript/fileName/Wave.cs: e8061bad203a1f6efd397e8313ec6d83 -> ed89714bef4a8fe64f993c8bbc6df15f
  custom:scripting/monoscript/fileName/GameFieldDestructedMarker.cs: ab2e5320e3676ca16774eba7277d5b9e -> 6af6280f9d165b3fa0cbeef98677737a
  custom:scripting/monoscript/fileName/CoinUIConnect.cs: 8505822111497da435ec6d27192811c8 -> 9bed0bffdd7b151bbdc04ee5da58d9a4
  custom:scripting/monoscript/fileName/CreateGameSystem.cs: c40209e5646f830645bfdfa6dda44b96 -> acdc7e582431689501a3c2e4d1b573d0
  custom:audio-encoder-webm-vorbis: bf7c407c2cedff20999df2af8eb42d56 -> 
  custom:scripting/monoscript/fileName/ApplyStrategyRequest.cs: 04790d20b7aab51157b87a2b7ea70902 -> 
  custom:scripting/monoscript/fileName/ScrollSystem.cs: 80ef92943d864cb0b392598d6fcd75b9 -> 
  custom:scripting/monoscript/fileName/CreationChainStrategyTag.cs: 4fd921b87fca9ba0c731b954efca90f5 -> 7572d150aeb0955f670c8845e4df7c53
  custom:scripting/monoscript/fileName/ScrollDraggedMarker.cs: f40ec288e4d6330335dd03fa8726c839 -> 74ece2a65d27c55d64e7936bb538e5a8
  custom:scripting/monoscript/fileName/CreateAnimalsRequest.cs: a7ebd1a26b1e6c2c8f783f7506341452 -> 45001033be0d024e3f69c19d212eca00
  custom:scripting/monoscript/fileName/GameFieldGeneratedMarker.cs: 3343d51a95b5393b866292f7dd40076e -> 8ec9e96219719154c6ef937af1a570ab
  custom:scripting/monoscript/fileName/TileGenerator7.cs: d48bfbfd829455d8678bccfbd4ddf1db -> d7e74d9e48390acec81fb7d05eab04b6
  custom:scripting/monoscript/fileName/ClickSideMarker.cs: c1aa69917ccbb0e088243ec1d2c1ed5f -> 0c097904c16edc5a7ac1137f05d8d51c
  custom:scripting/monoscript/fileName/LevelLostMarker.cs: 93ebe850d5850b9eb8bc2c04e2ffed33 -> 3e55ffaf6b929b3b51e014250d9920ac
  custom:scripting/monoscript/fileName/GameTitleConnect.cs: 5c14e36aa95fc82c33183a9dfce72cd2 -> 41a65dfb2d31309386b013674fae2e80
  custom:scripting/monoscript/fileName/CreateGameScreenRequest.cs: a885ba890460f60ddcd2c66df732e91f -> 066c58def3458c57fd1f40d51ed860c1
  custom:scripting/monoscript/fileName/ScrollToTargetMarker.cs: 7c2577f2a0b3fb585d934a4d0b35b7ec -> 01286f347cbc8bec863dbe15212d04dd
  custom:scripting/monoscript/fileName/GameFieldGeneratedByAlgorithm.cs: 642fd6d4f4e02c35c870cd61f2ca081f -> 074895d821d9efb916232844efdac6c8
  custom:scripting/monoscript/fileName/TileGenerator5.cs: 0eaf6fadc56123ad87a1d593fa635ede -> ee69db292b395fb7006478b7279c5ca6
  custom:scripting/monoscript/fileName/GameScreenSystem.cs: a0b364fc1bcdda23e4dd359a2204c08d -> 402c5e1323b5b0152bd1eea24fa29d07
  custom:scripting/monoscript/fileName/DestructionChainStrategyTag.cs: b0d607db3ab31634dee73b569e199000 -> 0c62c6ddeecb954158e34eafdd3e629f
========================================================================
Received Prepare
Caller must complete domain reload
Begin MonoManager ReloadAssembly
- Loaded All Assemblies, in  1.547 seconds
Native extension for WindowsStandalone target not found
Native extension for Android target not found
Native extension for WebGL target not found
[Package Manager] Server::EnsureServerProcessIsRunning -- launch failed, reason: Unity was launched with the -noUpm command-line argument
[Package Manager] UpmClient::Send -- Unable to send message (not connected to UPM process).
[Package Manager] Cannot connect to Unity Package Manager local server
Mono: successfully reloaded assembly
[Package Manager] Server::EnsureServerProcessIsRunning -- launch failed, reason: Unity was launched with the -noUpm command-line argument
[Package Manager] UpmClient::Send -- Unable to send message (not connected to UPM process).
[Package Manager] Cannot connect to Unity Package Manager local server
- Finished resetting the current domain, in  1.757 seconds
Domain Reload Profiling: 3330ms
	BeginReloadAssembly (237ms)
		ExecutionOrderSort (0ms)
		DisableScriptedObjects (10ms)
		BackupInstance (0ms)
		ReleaseScriptingObjects (0ms)
		CreateAndSetChildDomain (87ms)
	RebuildCommonClasses (40ms)
	RebuildNativeTypeToScriptingClass (11ms)
	initialDomainReloadingComplete (36ms)
	LoadAllAssembliesAndSetupDomain (1249ms)
		LoadAssemblies (1083ms)
		RebuildTransferFunctionScriptingTraits (0ms)
		AnalyzeDomain (232ms)
			TypeCache.Refresh (123ms)
				TypeCache.ScanAssembly (25ms)
			ScanForSourceGeneratedMonoScriptInfo (71ms)
			ResolveRequiredComponents (36ms)
	FinalizeReload (1758ms)
		ReleaseScriptCaches (0ms)
		RebuildScriptCaches (0ms)
		SetupLoadedEditorAssemblies (672ms)
			LogAssemblyErrors (0ms)
			InitializePlatformSupportModulesInManaged (25ms)
			SetLoadedEditorAssemblies (3ms)
			RefreshPlugins (0ms)
			BeforeProcessingInitializeOnLoad (72ms)
			ProcessInitializeOnLoadAttributes (336ms)
			ProcessInitializeOnLoadMethodAttributes (234ms)
			AfterProcessingInitializeOnLoad (3ms)
			EditorAssembliesLoaded (0ms)
		ExecutionOrderSort2 (0ms)
		AwakeInstancesAfterBackupRestoration (5ms)
Refreshing native plugins compatible for Editor in 7.27 ms, found 3 plugins.
Preloading 0 native plugins for Editor in 0.00 ms.
Unloading 4484 Unused Serialized files (Serialized files now loaded: 0)
Unloading 31 unused Assets / (66.2 KB). Loaded Objects now: 5087.
Memory consumption went from 174.3 MB to 174.2 MB.
Total: 15.746900 ms (FindLiveObjects: 0.359100 ms CreateObjectMapping: 0.122100 ms MarkObjects: 15.045400 ms  DeleteObjects: 0.219000 ms)

Prepare: number of updated asset objects reloaded= 0
AssetImportParameters requested are different than current active one (requested -> active):
  custom:scripting/monoscript/fileName/CatchGameFieldGeneratedRequest.cs: a67d51feea369e3830f924d9b8e9bd99 -> 17b67da9d0f3c4e2f8690dc96459b2b2
  custom:scripting/monoscript/fileName/TileGenerator3.cs: d30fb83fc6ac7475a319a83728c9ad41 -> 9b48fa675f0bce54dde0ed40b926842e
  custom:scripting/monoscript/fileName/GameFieldGrowthWaveAlgorithmTag.cs: 0ef400f135d729b9ef5ef61213bf46ca -> 992c54089fb6287a3abd63c766c90ae4
  custom:scripting/monoscript/fileName/CreateControlsRequest.cs: b6b52fa38bc5533b3ae550ee8b4085d9 -> 16e50cc2756add101f300d8e44319dd4
  custom:scripting/monoscript/fileName/HUDPrefab.cs: 30eaa62651e9c88e43fcb0d04e30077a -> 114724dd8b86c8d5655c0a4636c8f807
  custom:container-demuxer-ogg: 62fdf1f143b41e24485cea50d1cbac27 -> 
  custom:scripting/monoscript/fileName/TileGenerator2.cs: 09c5b2f1e3412cb486138eafe6da2ee9 -> d25441398affce60b9e3b08d18b5fa1c
  custom:scripting/monoscript/fileName/GameFlowFeature.cs: e6718831d198d39704b255f20f16f8d0 -> df0113f54b1bbce00d62c010ef3fe8b4
  custom:scripting/monoscript/fileName/CreationAnimalStrategyCfg.cs: fb433a13c1a2eff2a6d277801dbab975 -> 4fd36c8314e91d36d51becb0cdc6faeb
  custom:scripting/monoscript/fileName/CreateAnimalsSystem.cs: 8cef56369804335c0ac2e97203aee8a9 -> bee4bc1341c43b6aa3c88b1b3d4e3e18
  custom:scripting/monoscript/fileName/ScrollToTargetEvent.cs: 267de8c3fdba9d89cbf5a80a977d1db1 -> 1606e13368f10abd95859ea46f664d86
  custom:scripting/monoscript/fileName/GameFieldGeneratedEvent.cs: f908cee032e843be5ba60b9a2c441882 -> a6030e6b0b808118faf8aa49ffee5b94
  custom:scripting/monoscript/fileName/RandomGameFieldAlgorithmSystem.cs: 22b92a32636676be944ecefe67707cbf -> c5085b777b6be8657ea1f9bd1eb1f0e6
  custom:scripting/monoscript/fileName/GameFieldWaveAlgorithmTag.cs: 5be4d41974793f3169ea3a8184ff61d2 -> a3fe88f8e3ec0ea7cb6587b6cb569630
  custom:scripting/monoscript/fileName/GameFieldAlgorithms.cs: 9210f2e649de58f37f078a6eadd5eb19 -> a68d1cf9c70b1eb7af91f8532ed35f7f
  custom:scripting/monoscript/fileName/MetaGameUIHiddenEvent.cs: 342ed956eb53710532411f8c2784417a -> 463482aa840de7082f4a278ef86a7e1d
  custom:scripting/monoscript/fileName/LevelClearedEvent.cs: bbac8ca3904db25721b8cf3b0fab6582 -> 663b31180f17f64cf76455cfee4638c9
  custom:scripting/monoscript/fileName/GameScreenPrefab.cs: ad79cba3a80ff268ab301d438f50d7a3 -> b778ed7a73a66bec617f434ba9deff77
  custom:video-decoder-ogg-theora: a1e56fd34408186e4bbccfd4996cb3dc -> 
  custom:scripting/monoscript/fileName/CalculateCellScaleYSystem.cs: 939787dca0b233005791ec684dff156a -> 24348a5eb2340227fde21c4e16f198a5
  custom:scripting/monoscript/fileName/AnimalPositionedEvent.cs: 8e15db485d40ca13ea5402666ad1b4b3 -> 1bc3206bed9925993456a53b954cd396
  custom:scripting/monoscript/fileName/ScrollSnapEffect.cs: b6c51e4f0f8afbbfdca8ecd17bfb0fb9 -> 91d29477668f48905bbbd4cb6247533d
  custom:scripting/monoscript/fileName/LevelLifeTimeMarker.cs: bfaf24a17910b0a8ddcc0f9024db8056 -> d0a88ae6d48c761dad292d2aec410cb0
  custom:scripting/monoscript/fileName/GameFieldPlaneAlgorithmTag.cs: 21e5015ce1d5b093ab9d6011592292bd -> 7cf8c3e3aade2f1d2e7a2f82f1c5463e
  custom:framework-win-MediaFoundation: 216162199b28c13a410421893ffa2e32 -> 
  custom:scripting/monoscript/fileName/LevelLostEvent.cs: afc9b242eba24b2b4392b9bea1cad284 -> d1c8f0634443fb2b56e42e7c40935303
  custom:scripting/monoscript/fileName/GameField.cs: 27b6b3d034a0ef2e26f2934f1319d99d -> bf9a4c69a023939dbb88e3f1703ca432
  custom:scripting/monoscript/fileName/ScrollSnap.cs: 5dd984369f102ebda4e54789a0ea104e -> 74fe1fbb0f6bef271000d67e7c21bd45
  custom:scripting/monoscript/fileName/HideMetaGameUIRequest.cs: c6d8ffd38038f5edb986b7d2b1660fc7 -> 023f27171a187f71ff8a4853369f6cb5
  custom:scripting/monoscript/fileName/ReferenceCodeGen.cs: 1847e30272d75555141d3031c134c733 -> 
  custom:scripting/monoscript/fileName/GameCreatedEvent.cs: 25808abd6af439ae2d396c16c3d9e8f2 -> 13c2ac463741ba32d214c8bfa0606347
  custom:scripting/monoscript/fileName/TileGeneratedEvent.cs: 1b597c0aa79fd56f2f4088925f13cbef -> dba7452f6d7179c1abc1b361aa9403a8
  custom:scripting/monoscript/fileName/ScrollSnapSystem.cs: 51807458632b0abe0dcd77862975ce47 -> 49fa898761310374e9100843919f1617
  custom:scripting/monoscript/fileName/ChainDestructionRequestSystem.cs: e36a5ffa427d50aa181531f55986ccd8 -> 
  custom:scripting/monoscript/fileName/GameFlowSystem.cs: cf1e5382541a33c73a981035dae85045 -> b60539680bd07758445284af098b515c
  custom:scripting/monoscript/fileName/LevelLostCheckSystem.cs: 255183d3cc1fbb2d10c8abfa77b7b9e2 -> 1205ba5e4744c00285ba2c45a53da364
  custom:scripting/monoscript/fileName/CatchGameFieldEventsSystem.cs: 69b1fa6bdab0b0e6ef5f59e5ba1798e4 -> d8fdc78bead3537fb228755ca2d434dd
  custom:scripting/monoscript/fileName/FitObjectToCamera.cs: 942221b48ed202602e9ac643e54d7650 -> aaedefa2aeb7069389a90129af0ec391
  custom:scripting/monoscript/fileName/DestructionAnimalStrategyCfg.cs: b5449fe14a7d9ce6de2ff0202c280054 -> dcccc812fc5e86758b5038f4fc7d9a74
  custom:scripting/monoscript/fileName/CameraScaler.cs: 150bf424de40cfdb27d6bfc1fd0a2d72 -> 3cbb08bff7a396f130a0443ef1ccb748
  custom:scripting/monoscript/fileName/ScoreUIConnect.cs: c27938a2bdddd88ab951e7adbbd35794 -> ac7c32a805063f081f2fababb8d4d898
  custom:CustomObjectIndexerAttribute: 9a22284fe3817be447336de3de66b15e -> 
  custom:scripting/monoscript/fileName/ChainDestructionSystem.cs: 1804387f55e34d8c464a091638dbfb17 -> 
  custom:scripting/monoscript/fileName/GameFieldDestructRequest.cs: 10e88c15a7ec0cf5e99dbb40e0a3edf8 -> 39e29c44e39353c5f5e46e4fd35fb435
  custom:scripting/monoscript/fileName/GameLossTimerConnect.cs: f0cf7139ab50e9b8389bcd82a4789c30 -> 21c0067c523cc022f4caa4d8eef3c889
  custom:scripting/monoscript/fileName/GameFieldAlgorithmCfg.cs: 2a67613a1067bee0772c4bce0a006e8e -> c18842b2d8e9d19897c42dc941ae1a61
  custom:scripting/monoscript/fileName/DestructionChainTag.cs: d52207bbfd049f584009aa3d50645080 -> 
  custom:scripting/monoscript/fileName/AnimalCreationChainStrategySystem.cs: cfd77a10d3edff40c8fa516ba194c3f6 -> 6245b6c4937dad6bd6bfbe1a5bb91d82
  custom:scripting/monoscript/fileName/MetaGameUISystem.cs: 93f0bb4ace47f6ac6817404d82ccb661 -> 34bedb813123b4b9a91614edd15a8069
  custom:scripting/monoscript/fileName/ScrollSetupRequest.cs: a402aba2680e5863d1008ad06428d65a -> e1c69e68812599757df2aff91a4e9cf2
  custom:container-demuxer-webm: 4f35f7cbe854078d1ac9338744f61a02 -> 
  custom:scripting/monoscript/fileName/FadeEffect.cs: 4615b2acb46a691c33b29aab26f2062a -> 
  custom:scripting/monoscript/fileName/MetaGameUIHiddenMarker.cs: a71b94db2ed8f97f815cc84fb87d48eb -> dddb2beaf43a7ef60953e2f9eacf78f8
  custom:scripting/monoscript/fileName/SourceCodeModifier.cs: 3ffa94fedf57701a474133f623b99b6a -> 5c7f9a2114ee5b14002453c253315bd0
  custom:scripting/monoscript/fileName/GameFieldAlgorithmTag.cs: 5b91fd95ca72cd7048aa9f46e543e265 -> da7c22434643605d19edac79c0d3b3c7
  custom:scripting/monoscript/fileName/GameFieldGrowthWaveAlgorithmSystem.cs: c43067b71ef74cae0090827f88cfe4b8 -> 00c4aec9ff9f1e3764b69170240089db
  custom:scripting/monoscript/fileName/LevelLossSystem.cs: 89eef653e3f28787ebae3df17b9a17fa -> 1a50b41fb86c42146dd1e7eca3f63c3b
  custom:scripting/monoscript/fileName/GameFieldGenerateRequest.cs: b3f004fb89f931ad5595eca9c3e3ea7d -> fc85f9d1ad1c72513abf13f206f13826
  custom:container-muxer-webm: aa71ff27fc2769a1b78a27578f13a17b -> 
  custom:scripting/monoscript/fileName/AnimalDestructedEvent.cs: de6741ad9146f65b9ee26b392c6f63b7 -> e882e3b205fcfc8f4d8ec1b06235b0f7
  custom:scripting/monoscript/fileName/DeleteEntityCommand.cs: bcabe5bfe518320718d48d41a3a0e90a -> 
  custom:video-decoder-webm-vp8: 9c59270c3fd7afecdb556c50c9e8de78 -> 
  custom:scripting/monoscript/fileName/DestroyViewRequest.cs: 1a0b5b4a36b5820faa4b3894f8324e00 -> 0ebb0c5641d0ac20e497e246c3eff337
  custom:scripting/monoscript/fileName/ApplyDestructionStrategyRequest.cs: 032a28d88c65010193deb5a4b99f58dd -> 213312285ccaacd75ce574cb89bf2411
  custom:scripting/monoscript/fileName/TileGenerator.cs: 042c900c13328f8a0055f0bccddada85 -> a538991689346061c6a9a2a96b02d37e
  custom:scripting/monoscript/fileName/ScaleEffect.cs: bf12e834d532f4f806bebaac99f812c1 -> 
  custom:SearchIndexIgnoredProperties: e643bd26f0fe6173181afceb89e7c659 -> 
  custom:scripting/monoscript/fileName/ScrollSnappedMarker.cs: 066cb0420eaae820b69ffbae9344f0b4 -> 1cd14000dfdbca98f6dda0685bba7fce
  custom:scripting/monoscript/fileName/DestroyViewSystem.cs: e1c1ea54b0c9f7465aac7332f0e6d6a8 -> 59b102bdf1755f7c7d016788c0259b93
  custom:scripting/monoscript/fileName/CleanupLevelRequest.cs: a4116677aeb8d793871c137a2a44b119 -> c4dd04e39c7a6664b68dab929adf2e81
  custom:AudioImporter_EditorPlatform: d09bf68614088b80899f8185d706f6e7 -> 
  custom:scripting/monoscript/fileName/ChainMovementMarker.cs: feac63d7e5aa51292f19abaa1d9db08c -> 
  custom:scripting/monoscript/fileName/ScrollPosition.cs: 225c0c33ea226da69f3473693dfb3c05 -> 9f9e723ba8833b9541ecfca3c6d6f8bc
  custom:scripting/monoscript/fileName/GameFieldWaveAlgorithmSystem.cs: fc14103f781a8cbb106ceeeb57eaeaab -> 607884f57fd7ce8ffeb8d2a7c96f93a3
  custom:scripting/monoscript/fileName/PlayerCfgRef.cs: 6d19f04523dbbba4fc64c8057f04e02a -> 198dbad4b6bbc11b3942c96af8dde650
  custom:scripting/monoscript/fileName/DestructionChainStrategySystem.cs: 783bb7763cba92611d8e9cf6674063b1 -> ddd821ede2656248bf0e9ddf669d5a28
  custom:scripting/monoscript/fileName/CreationChainTag.cs: 2998fd809902939f0ee04f473eeca00e -> 
  custom:scripting/monoscript/fileName/DestructionFeature.cs: b9b7cdbe8848a566388411c97a5fbd67 -> adcfef4ac4e45d2e562dcdc6fa49e429
  custom:scripting/monoscript/fileName/GameFieldAlgorithmIndex.cs: 9457d7f2147049910ea06f2159c61fc6 -> 7a58e7c6b5adebdaec058182398a5707
  custom:scripting/monoscript/fileName/GameLossTimerSystem.cs: de0b464553cb6b861179a91f75237edf -> 071940ff3f3e183b1d11d15239224386
  custom:scripting/monoscript/fileName/GameFieldPlaneAlgorithmSystem.cs: 526228704b2d4ed12e4753080710ec45 -> fec5555e40052f9e75dc859f5d201f4d
  custom:scripting/monoscript/fileName/ScrollSnappedEvent.cs: 85353374ba80b5fbd36ff4e2e7944412 -> 8bf4efe021842362c4e7d55e6a37d79a
  custom:scripting/monoscript/fileName/ShowMetaGameUIRequest.cs: 5564592071856871b46e981baa2e91f8 -> a88d7f1c319941ffae2f3a8957251596
  custom:scripting/monoscript/fileName/TileGenerator6.cs: 0a225711dfb489626c74dc5ff5d78f40 -> 83a93281253429d4bd51d4bfaf52f3ed
  custom:scripting/monoscript/fileName/GameFieldDestructedRequest.cs: c04d6601b9dc935cfc91348b0b9cc810 -> 47034b076d3abdec8c90304ac1fc38f1
  custom:scripting/monoscript/fileName/MetaGameUI.cs: b1f4a332b284a38895d9534e62ff0baf -> 67622f9ccfe38dacd5af3f2ae37c3026
  custom:scripting/monoscript/fileName/GameFieldClickSystem.cs: 9e6e496c03415de771bf8909db35f03b -> 3b1ea4c67b8ab5832ff3a23919e79f06
  custom:scripting/monoscript/fileName/BaseScrollSnapEffect.cs: d407bd1fc108496d969888a00479cce0 -> 
  custom:scripting/monoscript/fileName/CreateHUDSystem.cs: f8cd7ef545fa25f934c486aaa420eedd -> 43c05b406d9086180812a87a0e010e47
  custom:scripting/monoscript/fileName/Levels.cs: f22977143cde483af3e13597acee3c02 -> 37490b0d126f14e1e1d31453e3e94ae4
  custom:video-encoder-webm-vp8: eb34c28f22e8b96e1ab97ce403110664 -> 
  custom:scripting/monoscript/fileName/AnimalDestructionChainStrategySystem.cs: 23f4cc2de4c34d4d82415b095d5404aa -> 2d33061d60136630278a03c1042b54b3
  custom:scripting/monoscript/fileName/AnimalSpawnedEvent.cs: 18a67763bcf9b1b1ac26ffbfcbeed587 -> 7ad467d334ed6914a6a27adce1847b10
  custom:scripting/monoscript/fileName/RewardConnect.cs: de79e19f525e7b5954dbb77b1f453e4e -> 6751c3bbc08d4697c3b42878cd3daebd
  custom:audio-decoder-ogg-vorbis: bf7c407c2cedff20999df2af8eb42d56 -> 
  custom:scripting/monoscript/fileName/CleanupLevelSystem.cs: 72214ed46a73a03fca528428e05bd1c5 -> 8a5bce7edb21df4c4707d0529e30155e
  custom:scripting/monoscript/fileName/GameTag.cs: 2f67c69f27e85f806b88deb8c87b88d2 -> f5290ba12be2c3f124e97ffb76e9ea9f
  custom:scripting/monoscript/fileName/ScrollSnapTag.cs: 893d8b8aa473763f6ed0fb5321bbad28 -> c53bb14ce7c537cec4ba51b6c7bc6939
  custom:scripting/monoscript/fileName/GameFieldFeature.cs: 1f8b976c740b234c284fddfd95c568fd -> 9a83e32ad7b7857e12d74cf105f5a137
  custom:scripting/monoscript/fileName/GameScreen.cs: deb4cff0d85b325b8a61d3844cabec07 -> 84ec6758a1e33abe8d42365166b67ebd
  custom:scripting/monoscript/fileName/DestructionStrategyTag.cs: 950962d7baf41bc8fed98ea522a40170 -> 
  custom:scripting/monoscript/fileName/ScrollDraggedEvent.cs: d4b82f514f08a6e7eb8d3acbba3af876 -> 76bd8895c3b43170415bf40518460c7d
  custom:scripting/monoscript/fileName/CreateHUDRequest.cs: 61b5f154a3d1ac03d04c59d29d1c4e05 -> 11938a6be2a737aa70fadc220742dab2
  custom:scripting/monoscript/fileName/TileGenerator4.cs: 1ec433f057ddbb323aab6300cdd41968 -> 9b8c2608bd1d4162243c126a2c3ab74b
  custom:scripting/monoscript/fileName/GrowthWave.cs: 7c48243a6dd50c54e09b35b8a70e858a -> ab7a6a6e85687b04c58c7a681131bfdc
  custom:scripting/monoscript/fileName/AssemblyAnalyzer.cs: 5883fa404100530f6821c51e0df4a2b6 -> 
  custom:scripting/monoscript/fileName/CreateCoinRequest.cs: b6ee2396be79577ff18a940acb85bfe6 -> 8bf745611aed40a8441b8db392ff0316
  custom:scripting/monoscript/fileName/CreateGameLossTimerRequest.cs: 286f3e38529572dc1661f3473c808992 -> ef901bf1b06c7938a6030a67dd4d6d21
  custom:scripting/monoscript/fileName/DeathEvent.cs: ae7a15dcf33e2eb04a19bf37c49c469a -> 7ba4c6fe9f322f00d774d318ef8ef3b2
  custom:scripting/monoscript/fileName/GameFieldDestructedEvent.cs: 565697dff0d07f15eb4da25529efeaf3 -> 249503e823ee8a2543fdc65535f78404
  custom:scripting/monoscript/fileName/Wave.cs: e8061bad203a1f6efd397e8313ec6d83 -> ed89714bef4a8fe64f993c8bbc6df15f
  custom:scripting/monoscript/fileName/GameFieldDestructedMarker.cs: ab2e5320e3676ca16774eba7277d5b9e -> 6af6280f9d165b3fa0cbeef98677737a
  custom:scripting/monoscript/fileName/CoinUIConnect.cs: 8505822111497da435ec6d27192811c8 -> 9bed0bffdd7b151bbdc04ee5da58d9a4
  custom:scripting/monoscript/fileName/CreateGameSystem.cs: c40209e5646f830645bfdfa6dda44b96 -> acdc7e582431689501a3c2e4d1b573d0
  custom:audio-encoder-webm-vorbis: bf7c407c2cedff20999df2af8eb42d56 -> 
  custom:scripting/monoscript/fileName/ApplyStrategyRequest.cs: 04790d20b7aab51157b87a2b7ea70902 -> 
  custom:scripting/monoscript/fileName/ScrollSystem.cs: 80ef92943d864cb0b392598d6fcd75b9 -> 
  custom:scripting/monoscript/fileName/CreationChainStrategyTag.cs: 4fd921b87fca9ba0c731b954efca90f5 -> 7572d150aeb0955f670c8845e4df7c53
  custom:scripting/monoscript/fileName/ScrollDraggedMarker.cs: f40ec288e4d6330335dd03fa8726c839 -> 74ece2a65d27c55d64e7936bb538e5a8
  custom:scripting/monoscript/fileName/CreateAnimalsRequest.cs: a7ebd1a26b1e6c2c8f783f7506341452 -> 45001033be0d024e3f69c19d212eca00
  custom:scripting/monoscript/fileName/GameFieldGeneratedMarker.cs: 3343d51a95b5393b866292f7dd40076e -> 8ec9e96219719154c6ef937af1a570ab
  custom:scripting/monoscript/fileName/TileGenerator7.cs: d48bfbfd829455d8678bccfbd4ddf1db -> d7e74d9e48390acec81fb7d05eab04b6
  custom:scripting/monoscript/fileName/ClickSideMarker.cs: c1aa69917ccbb0e088243ec1d2c1ed5f -> 0c097904c16edc5a7ac1137f05d8d51c
  custom:scripting/monoscript/fileName/LevelLostMarker.cs: 93ebe850d5850b9eb8bc2c04e2ffed33 -> 3e55ffaf6b929b3b51e014250d9920ac
  custom:scripting/monoscript/fileName/GameTitleConnect.cs: 5c14e36aa95fc82c33183a9dfce72cd2 -> 41a65dfb2d31309386b013674fae2e80
  custom:scripting/monoscript/fileName/CreateGameScreenRequest.cs: a885ba890460f60ddcd2c66df732e91f -> 066c58def3458c57fd1f40d51ed860c1
  custom:scripting/monoscript/fileName/ScrollToTargetMarker.cs: 7c2577f2a0b3fb585d934a4d0b35b7ec -> 01286f347cbc8bec863dbe15212d04dd
  custom:scripting/monoscript/fileName/GameFieldGeneratedByAlgorithm.cs: 642fd6d4f4e02c35c870cd61f2ca081f -> 074895d821d9efb916232844efdac6c8
  custom:scripting/monoscript/fileName/TileGenerator5.cs: 0eaf6fadc56123ad87a1d593fa635ede -> ee69db292b395fb7006478b7279c5ca6
  custom:scripting/monoscript/fileName/GameScreenSystem.cs: a0b364fc1bcdda23e4dd359a2204c08d -> 402c5e1323b5b0152bd1eea24fa29d07
  custom:scripting/monoscript/fileName/DestructionChainStrategyTag.cs: b0d607db3ab31634dee73b569e199000 -> 0c62c6ddeecb954158e34eafdd3e629f
========================================================================
Received Prepare
Caller must complete domain reload
Begin MonoManager ReloadAssembly
- Loaded All Assemblies, in  1.771 seconds
Native extension for WindowsStandalone target not found
Native extension for Android target not found
Native extension for WebGL target not found
[Package Manager] Server::EnsureServerProcessIsRunning -- launch failed, reason: Unity was launched with the -noUpm command-line argument
[Package Manager] UpmClient::Send -- Unable to send message (not connected to UPM process).
[Package Manager] Cannot connect to Unity Package Manager local server
Mono: successfully reloaded assembly
[Package Manager] Server::EnsureServerProcessIsRunning -- launch failed, reason: Unity was launched with the -noUpm command-line argument
[Package Manager] UpmClient::Send -- Unable to send message (not connected to UPM process).
[Package Manager] Cannot connect to Unity Package Manager local server
- Finished resetting the current domain, in  1.778 seconds
Domain Reload Profiling: 3551ms
	BeginReloadAssembly (837ms)
		ExecutionOrderSort (0ms)
		DisableScriptedObjects (27ms)
		BackupInstance (0ms)
		ReleaseScriptingObjects (2ms)
		CreateAndSetChildDomain (480ms)
	RebuildCommonClasses (54ms)
	RebuildNativeTypeToScriptingClass (10ms)
	initialDomainReloadingComplete (73ms)
	LoadAllAssembliesAndSetupDomain (798ms)
		LoadAssemblies (967ms)
		RebuildTransferFunctionScriptingTraits (0ms)
		AnalyzeDomain (56ms)
			TypeCache.Refresh (30ms)
				TypeCache.ScanAssembly (9ms)
			ScanForSourceGeneratedMonoScriptInfo (16ms)
			ResolveRequiredComponents (9ms)
	FinalizeReload (1780ms)
		ReleaseScriptCaches (0ms)
		RebuildScriptCaches (0ms)
		SetupLoadedEditorAssemblies (936ms)
			LogAssemblyErrors (0ms)
			InitializePlatformSupportModulesInManaged (33ms)
			SetLoadedEditorAssemblies (4ms)
			RefreshPlugins (0ms)
			BeforeProcessingInitializeOnLoad (171ms)
			ProcessInitializeOnLoadAttributes (445ms)
			ProcessInitializeOnLoadMethodAttributes (280ms)
			AfterProcessingInitializeOnLoad (2ms)
			EditorAssembliesLoaded (0ms)
		ExecutionOrderSort2 (0ms)
		AwakeInstancesAfterBackupRestoration (5ms)
Refreshing native plugins compatible for Editor in 18.36 ms, found 3 plugins.
Preloading 0 native plugins for Editor in 0.00 ms.
Unloading 4484 Unused Serialized files (Serialized files now loaded: 0)
Unloading 31 unused Assets / (66.3 KB). Loaded Objects now: 5090.
Memory consumption went from 174.3 MB to 174.2 MB.
Total: 27.891700 ms (FindLiveObjects: 1.091400 ms CreateObjectMapping: 0.157000 ms MarkObjects: 25.820600 ms  DeleteObjects: 0.821100 ms)

Prepare: number of updated asset objects reloaded= 0
AssetImportParameters requested are different than current active one (requested -> active):
  custom:scripting/monoscript/fileName/CatchGameFieldGeneratedRequest.cs: a67d51feea369e3830f924d9b8e9bd99 -> 17b67da9d0f3c4e2f8690dc96459b2b2
  custom:scripting/monoscript/fileName/TileGenerator3.cs: d30fb83fc6ac7475a319a83728c9ad41 -> 9b48fa675f0bce54dde0ed40b926842e
  custom:scripting/monoscript/fileName/GameFieldGrowthWaveAlgorithmTag.cs: 0ef400f135d729b9ef5ef61213bf46ca -> 992c54089fb6287a3abd63c766c90ae4
  custom:scripting/monoscript/fileName/CreateControlsRequest.cs: b6b52fa38bc5533b3ae550ee8b4085d9 -> 16e50cc2756add101f300d8e44319dd4
  custom:scripting/monoscript/fileName/HUDPrefab.cs: 30eaa62651e9c88e43fcb0d04e30077a -> 114724dd8b86c8d5655c0a4636c8f807
  custom:container-demuxer-ogg: 62fdf1f143b41e24485cea50d1cbac27 -> 
  custom:scripting/monoscript/fileName/TileGenerator2.cs: 09c5b2f1e3412cb486138eafe6da2ee9 -> d25441398affce60b9e3b08d18b5fa1c
  custom:scripting/monoscript/fileName/GameFlowFeature.cs: e6718831d198d39704b255f20f16f8d0 -> df0113f54b1bbce00d62c010ef3fe8b4
  custom:scripting/monoscript/fileName/CreationAnimalStrategyCfg.cs: fb433a13c1a2eff2a6d277801dbab975 -> 4fd36c8314e91d36d51becb0cdc6faeb
  custom:scripting/monoscript/fileName/CreateAnimalsSystem.cs: 8cef56369804335c0ac2e97203aee8a9 -> bee4bc1341c43b6aa3c88b1b3d4e3e18
  custom:scripting/monoscript/fileName/ScrollToTargetEvent.cs: 267de8c3fdba9d89cbf5a80a977d1db1 -> 1606e13368f10abd95859ea46f664d86
  custom:scripting/monoscript/fileName/GameFieldGeneratedEvent.cs: f908cee032e843be5ba60b9a2c441882 -> a6030e6b0b808118faf8aa49ffee5b94
  custom:scripting/monoscript/fileName/RandomGameFieldAlgorithmSystem.cs: 22b92a32636676be944ecefe67707cbf -> c5085b777b6be8657ea1f9bd1eb1f0e6
  custom:scripting/monoscript/fileName/GameFieldWaveAlgorithmTag.cs: 5be4d41974793f3169ea3a8184ff61d2 -> a3fe88f8e3ec0ea7cb6587b6cb569630
  custom:scripting/monoscript/fileName/GameFieldAlgorithms.cs: 9210f2e649de58f37f078a6eadd5eb19 -> a68d1cf9c70b1eb7af91f8532ed35f7f
  custom:scripting/monoscript/fileName/MetaGameUIHiddenEvent.cs: 342ed956eb53710532411f8c2784417a -> 463482aa840de7082f4a278ef86a7e1d
  custom:scripting/monoscript/fileName/LevelClearedEvent.cs: bbac8ca3904db25721b8cf3b0fab6582 -> 663b31180f17f64cf76455cfee4638c9
  custom:scripting/monoscript/fileName/GameScreenPrefab.cs: ad79cba3a80ff268ab301d438f50d7a3 -> b778ed7a73a66bec617f434ba9deff77
  custom:video-decoder-ogg-theora: a1e56fd34408186e4bbccfd4996cb3dc -> 
  custom:scripting/monoscript/fileName/CalculateCellScaleYSystem.cs: 939787dca0b233005791ec684dff156a -> 24348a5eb2340227fde21c4e16f198a5
  custom:scripting/monoscript/fileName/AnimalPositionedEvent.cs: 8e15db485d40ca13ea5402666ad1b4b3 -> 1bc3206bed9925993456a53b954cd396
  custom:scripting/monoscript/fileName/ScrollSnapEffect.cs: b6c51e4f0f8afbbfdca8ecd17bfb0fb9 -> 91d29477668f48905bbbd4cb6247533d
  custom:scripting/monoscript/fileName/LevelLifeTimeMarker.cs: bfaf24a17910b0a8ddcc0f9024db8056 -> d0a88ae6d48c761dad292d2aec410cb0
  custom:scripting/monoscript/fileName/GameFieldPlaneAlgorithmTag.cs: 21e5015ce1d5b093ab9d6011592292bd -> 7cf8c3e3aade2f1d2e7a2f82f1c5463e
  custom:framework-win-MediaFoundation: 216162199b28c13a410421893ffa2e32 -> 
  custom:scripting/monoscript/fileName/LevelLostEvent.cs: afc9b242eba24b2b4392b9bea1cad284 -> d1c8f0634443fb2b56e42e7c40935303
  custom:scripting/monoscript/fileName/GameField.cs: 27b6b3d034a0ef2e26f2934f1319d99d -> bf9a4c69a023939dbb88e3f1703ca432
  custom:scripting/monoscript/fileName/ScrollSnap.cs: 5dd984369f102ebda4e54789a0ea104e -> 74fe1fbb0f6bef271000d67e7c21bd45
  custom:scripting/monoscript/fileName/HideMetaGameUIRequest.cs: c6d8ffd38038f5edb986b7d2b1660fc7 -> 023f27171a187f71ff8a4853369f6cb5
  custom:scripting/monoscript/fileName/ReferenceCodeGen.cs: 1847e30272d75555141d3031c134c733 -> 
  custom:scripting/monoscript/fileName/GameCreatedEvent.cs: 25808abd6af439ae2d396c16c3d9e8f2 -> 13c2ac463741ba32d214c8bfa0606347
  custom:scripting/monoscript/fileName/TileGeneratedEvent.cs: 1b597c0aa79fd56f2f4088925f13cbef -> dba7452f6d7179c1abc1b361aa9403a8
  custom:scripting/monoscript/fileName/ScrollSnapSystem.cs: 51807458632b0abe0dcd77862975ce47 -> 49fa898761310374e9100843919f1617
  custom:scripting/monoscript/fileName/ChainDestructionRequestSystem.cs: e36a5ffa427d50aa181531f55986ccd8 -> 
  custom:scripting/monoscript/fileName/GameFlowSystem.cs: cf1e5382541a33c73a981035dae85045 -> b60539680bd07758445284af098b515c
  custom:scripting/monoscript/fileName/LevelLostCheckSystem.cs: 255183d3cc1fbb2d10c8abfa77b7b9e2 -> 1205ba5e4744c00285ba2c45a53da364
  custom:scripting/monoscript/fileName/CatchGameFieldEventsSystem.cs: 69b1fa6bdab0b0e6ef5f59e5ba1798e4 -> d8fdc78bead3537fb228755ca2d434dd
  custom:scripting/monoscript/fileName/FitObjectToCamera.cs: 942221b48ed202602e9ac643e54d7650 -> aaedefa2aeb7069389a90129af0ec391
  custom:scripting/monoscript/fileName/DestructionAnimalStrategyCfg.cs: b5449fe14a7d9ce6de2ff0202c280054 -> dcccc812fc5e86758b5038f4fc7d9a74
  custom:scripting/monoscript/fileName/CameraScaler.cs: 150bf424de40cfdb27d6bfc1fd0a2d72 -> 3cbb08bff7a396f130a0443ef1ccb748
  custom:scripting/monoscript/fileName/ScoreUIConnect.cs: c27938a2bdddd88ab951e7adbbd35794 -> ac7c32a805063f081f2fababb8d4d898
  custom:CustomObjectIndexerAttribute: 9a22284fe3817be447336de3de66b15e -> 
  custom:scripting/monoscript/fileName/ChainDestructionSystem.cs: 1804387f55e34d8c464a091638dbfb17 -> 
  custom:scripting/monoscript/fileName/GameFieldDestructRequest.cs: 10e88c15a7ec0cf5e99dbb40e0a3edf8 -> 39e29c44e39353c5f5e46e4fd35fb435
  custom:scripting/monoscript/fileName/GameLossTimerConnect.cs: f0cf7139ab50e9b8389bcd82a4789c30 -> 21c0067c523cc022f4caa4d8eef3c889
  custom:scripting/monoscript/fileName/GameFieldAlgorithmCfg.cs: 2a67613a1067bee0772c4bce0a006e8e -> c18842b2d8e9d19897c42dc941ae1a61
  custom:scripting/monoscript/fileName/DestructionChainTag.cs: d52207bbfd049f584009aa3d50645080 -> 
  custom:scripting/monoscript/fileName/AnimalCreationChainStrategySystem.cs: cfd77a10d3edff40c8fa516ba194c3f6 -> 6245b6c4937dad6bd6bfbe1a5bb91d82
  custom:scripting/monoscript/fileName/MetaGameUISystem.cs: 93f0bb4ace47f6ac6817404d82ccb661 -> 34bedb813123b4b9a91614edd15a8069
  custom:scripting/monoscript/fileName/ScrollSetupRequest.cs: a402aba2680e5863d1008ad06428d65a -> e1c69e68812599757df2aff91a4e9cf2
  custom:container-demuxer-webm: 4f35f7cbe854078d1ac9338744f61a02 -> 
  custom:scripting/monoscript/fileName/FadeEffect.cs: 4615b2acb46a691c33b29aab26f2062a -> 
  custom:scripting/monoscript/fileName/MetaGameUIHiddenMarker.cs: a71b94db2ed8f97f815cc84fb87d48eb -> dddb2beaf43a7ef60953e2f9eacf78f8
  custom:scripting/monoscript/fileName/SourceCodeModifier.cs: 3ffa94fedf57701a474133f623b99b6a -> 5c7f9a2114ee5b14002453c253315bd0
  custom:scripting/monoscript/fileName/GameFieldAlgorithmTag.cs: 5b91fd95ca72cd7048aa9f46e543e265 -> da7c22434643605d19edac79c0d3b3c7
  custom:scripting/monoscript/fileName/GameFieldGrowthWaveAlgorithmSystem.cs: c43067b71ef74cae0090827f88cfe4b8 -> 00c4aec9ff9f1e3764b69170240089db
  custom:scripting/monoscript/fileName/LevelLossSystem.cs: 89eef653e3f28787ebae3df17b9a17fa -> 1a50b41fb86c42146dd1e7eca3f63c3b
  custom:scripting/monoscript/fileName/GameFieldGenerateRequest.cs: b3f004fb89f931ad5595eca9c3e3ea7d -> fc85f9d1ad1c72513abf13f206f13826
  custom:container-muxer-webm: aa71ff27fc2769a1b78a27578f13a17b -> 
  custom:scripting/monoscript/fileName/AnimalDestructedEvent.cs: de6741ad9146f65b9ee26b392c6f63b7 -> e882e3b205fcfc8f4d8ec1b06235b0f7
  custom:scripting/monoscript/fileName/DeleteEntityCommand.cs: bcabe5bfe518320718d48d41a3a0e90a -> 
  custom:video-decoder-webm-vp8: 9c59270c3fd7afecdb556c50c9e8de78 -> 
  custom:scripting/monoscript/fileName/DestroyViewRequest.cs: 1a0b5b4a36b5820faa4b3894f8324e00 -> 0ebb0c5641d0ac20e497e246c3eff337
  custom:scripting/monoscript/fileName/ApplyDestructionStrategyRequest.cs: 032a28d88c65010193deb5a4b99f58dd -> 213312285ccaacd75ce574cb89bf2411
  custom:scripting/monoscript/fileName/TileGenerator.cs: 042c900c13328f8a0055f0bccddada85 -> a538991689346061c6a9a2a96b02d37e
  custom:scripting/monoscript/fileName/ScaleEffect.cs: bf12e834d532f4f806bebaac99f812c1 -> 
  custom:SearchIndexIgnoredProperties: e643bd26f0fe6173181afceb89e7c659 -> 
  custom:scripting/monoscript/fileName/ScrollSnappedMarker.cs: 066cb0420eaae820b69ffbae9344f0b4 -> 1cd14000dfdbca98f6dda0685bba7fce
  custom:scripting/monoscript/fileName/DestroyViewSystem.cs: e1c1ea54b0c9f7465aac7332f0e6d6a8 -> 59b102bdf1755f7c7d016788c0259b93
  custom:scripting/monoscript/fileName/CleanupLevelRequest.cs: a4116677aeb8d793871c137a2a44b119 -> c4dd04e39c7a6664b68dab929adf2e81
  custom:AudioImporter_EditorPlatform: d09bf68614088b80899f8185d706f6e7 -> 
  custom:scripting/monoscript/fileName/ChainMovementMarker.cs: feac63d7e5aa51292f19abaa1d9db08c -> 
  custom:scripting/monoscript/fileName/ScrollPosition.cs: 225c0c33ea226da69f3473693dfb3c05 -> 9f9e723ba8833b9541ecfca3c6d6f8bc
  custom:scripting/monoscript/fileName/GameFieldWaveAlgorithmSystem.cs: fc14103f781a8cbb106ceeeb57eaeaab -> 607884f57fd7ce8ffeb8d2a7c96f93a3
  custom:scripting/monoscript/fileName/PlayerCfgRef.cs: 6d19f04523dbbba4fc64c8057f04e02a -> 198dbad4b6bbc11b3942c96af8dde650
  custom:scripting/monoscript/fileName/DestructionChainStrategySystem.cs: 783bb7763cba92611d8e9cf6674063b1 -> ddd821ede2656248bf0e9ddf669d5a28
  custom:scripting/monoscript/fileName/CreationChainTag.cs: 2998fd809902939f0ee04f473eeca00e -> 
  custom:scripting/monoscript/fileName/DestructionFeature.cs: b9b7cdbe8848a566388411c97a5fbd67 -> adcfef4ac4e45d2e562dcdc6fa49e429
  custom:scripting/monoscript/fileName/GameFieldAlgorithmIndex.cs: 9457d7f2147049910ea06f2159c61fc6 -> 7a58e7c6b5adebdaec058182398a5707
  custom:scripting/monoscript/fileName/GameLossTimerSystem.cs: de0b464553cb6b861179a91f75237edf -> 071940ff3f3e183b1d11d15239224386
  custom:scripting/monoscript/fileName/GameFieldPlaneAlgorithmSystem.cs: 526228704b2d4ed12e4753080710ec45 -> fec5555e40052f9e75dc859f5d201f4d
  custom:scripting/monoscript/fileName/ScrollSnappedEvent.cs: 85353374ba80b5fbd36ff4e2e7944412 -> 8bf4efe021842362c4e7d55e6a37d79a
  custom:scripting/monoscript/fileName/ShowMetaGameUIRequest.cs: 5564592071856871b46e981baa2e91f8 -> a88d7f1c319941ffae2f3a8957251596
  custom:scripting/monoscript/fileName/TileGenerator6.cs: 0a225711dfb489626c74dc5ff5d78f40 -> 83a93281253429d4bd51d4bfaf52f3ed
  custom:scripting/monoscript/fileName/GameFieldDestructedRequest.cs: c04d6601b9dc935cfc91348b0b9cc810 -> 47034b076d3abdec8c90304ac1fc38f1
  custom:scripting/monoscript/fileName/MetaGameUI.cs: b1f4a332b284a38895d9534e62ff0baf -> 67622f9ccfe38dacd5af3f2ae37c3026
  custom:scripting/monoscript/fileName/GameFieldClickSystem.cs: 9e6e496c03415de771bf8909db35f03b -> 3b1ea4c67b8ab5832ff3a23919e79f06
  custom:scripting/monoscript/fileName/BaseScrollSnapEffect.cs: d407bd1fc108496d969888a00479cce0 -> 
  custom:scripting/monoscript/fileName/CreateHUDSystem.cs: f8cd7ef545fa25f934c486aaa420eedd -> 43c05b406d9086180812a87a0e010e47
  custom:scripting/monoscript/fileName/Levels.cs: f22977143cde483af3e13597acee3c02 -> 37490b0d126f14e1e1d31453e3e94ae4
  custom:video-encoder-webm-vp8: eb34c28f22e8b96e1ab97ce403110664 -> 
  custom:scripting/monoscript/fileName/AnimalDestructionChainStrategySystem.cs: 23f4cc2de4c34d4d82415b095d5404aa -> 2d33061d60136630278a03c1042b54b3
  custom:scripting/monoscript/fileName/AnimalSpawnedEvent.cs: 18a67763bcf9b1b1ac26ffbfcbeed587 -> 7ad467d334ed6914a6a27adce1847b10
  custom:scripting/monoscript/fileName/RewardConnect.cs: de79e19f525e7b5954dbb77b1f453e4e -> 6751c3bbc08d4697c3b42878cd3daebd
  custom:audio-decoder-ogg-vorbis: bf7c407c2cedff20999df2af8eb42d56 -> 
  custom:scripting/monoscript/fileName/CleanupLevelSystem.cs: 72214ed46a73a03fca528428e05bd1c5 -> 8a5bce7edb21df4c4707d0529e30155e
  custom:scripting/monoscript/fileName/GameTag.cs: 2f67c69f27e85f806b88deb8c87b88d2 -> f5290ba12be2c3f124e97ffb76e9ea9f
  custom:scripting/monoscript/fileName/ScrollSnapTag.cs: 893d8b8aa473763f6ed0fb5321bbad28 -> c53bb14ce7c537cec4ba51b6c7bc6939
  custom:scripting/monoscript/fileName/GameFieldFeature.cs: 1f8b976c740b234c284fddfd95c568fd -> 9a83e32ad7b7857e12d74cf105f5a137
  custom:scripting/monoscript/fileName/GameScreen.cs: deb4cff0d85b325b8a61d3844cabec07 -> 84ec6758a1e33abe8d42365166b67ebd
  custom:scripting/monoscript/fileName/DestructionStrategyTag.cs: 950962d7baf41bc8fed98ea522a40170 -> 
  custom:scripting/monoscript/fileName/ScrollDraggedEvent.cs: d4b82f514f08a6e7eb8d3acbba3af876 -> 76bd8895c3b43170415bf40518460c7d
  custom:scripting/monoscript/fileName/CreateHUDRequest.cs: 61b5f154a3d1ac03d04c59d29d1c4e05 -> 11938a6be2a737aa70fadc220742dab2
  custom:scripting/monoscript/fileName/TileGenerator4.cs: 1ec433f057ddbb323aab6300cdd41968 -> 9b8c2608bd1d4162243c126a2c3ab74b
  custom:scripting/monoscript/fileName/GrowthWave.cs: 7c48243a6dd50c54e09b35b8a70e858a -> ab7a6a6e85687b04c58c7a681131bfdc
  custom:scripting/monoscript/fileName/AssemblyAnalyzer.cs: 5883fa404100530f6821c51e0df4a2b6 -> 
  custom:scripting/monoscript/fileName/CreateCoinRequest.cs: b6ee2396be79577ff18a940acb85bfe6 -> 8bf745611aed40a8441b8db392ff0316
  custom:scripting/monoscript/fileName/CreateGameLossTimerRequest.cs: 286f3e38529572dc1661f3473c808992 -> ef901bf1b06c7938a6030a67dd4d6d21
  custom:scripting/monoscript/fileName/DeathEvent.cs: ae7a15dcf33e2eb04a19bf37c49c469a -> 7ba4c6fe9f322f00d774d318ef8ef3b2
  custom:scripting/monoscript/fileName/GameFieldDestructedEvent.cs: 565697dff0d07f15eb4da25529efeaf3 -> 249503e823ee8a2543fdc65535f78404
  custom:scripting/monoscript/fileName/Wave.cs: e8061bad203a1f6efd397e8313ec6d83 -> ed89714bef4a8fe64f993c8bbc6df15f
  custom:scripting/monoscript/fileName/GameFieldDestructedMarker.cs: ab2e5320e3676ca16774eba7277d5b9e -> 6af6280f9d165b3fa0cbeef98677737a
  custom:scripting/monoscript/fileName/CoinUIConnect.cs: 8505822111497da435ec6d27192811c8 -> 9bed0bffdd7b151bbdc04ee5da58d9a4
  custom:scripting/monoscript/fileName/CreateGameSystem.cs: c40209e5646f830645bfdfa6dda44b96 -> acdc7e582431689501a3c2e4d1b573d0
  custom:audio-encoder-webm-vorbis: bf7c407c2cedff20999df2af8eb42d56 -> 
  custom:scripting/monoscript/fileName/ApplyStrategyRequest.cs: 04790d20b7aab51157b87a2b7ea70902 -> 
  custom:scripting/monoscript/fileName/ScrollSystem.cs: 80ef92943d864cb0b392598d6fcd75b9 -> 
  custom:scripting/monoscript/fileName/CreationChainStrategyTag.cs: 4fd921b87fca9ba0c731b954efca90f5 -> 7572d150aeb0955f670c8845e4df7c53
  custom:scripting/monoscript/fileName/ScrollDraggedMarker.cs: f40ec288e4d6330335dd03fa8726c839 -> 74ece2a65d27c55d64e7936bb538e5a8
  custom:scripting/monoscript/fileName/CreateAnimalsRequest.cs: a7ebd1a26b1e6c2c8f783f7506341452 -> 45001033be0d024e3f69c19d212eca00
  custom:scripting/monoscript/fileName/GameFieldGeneratedMarker.cs: 3343d51a95b5393b866292f7dd40076e -> 8ec9e96219719154c6ef937af1a570ab
  custom:scripting/monoscript/fileName/TileGenerator7.cs: d48bfbfd829455d8678bccfbd4ddf1db -> d7e74d9e48390acec81fb7d05eab04b6
  custom:scripting/monoscript/fileName/ClickSideMarker.cs: c1aa69917ccbb0e088243ec1d2c1ed5f -> 0c097904c16edc5a7ac1137f05d8d51c
  custom:scripting/monoscript/fileName/LevelLostMarker.cs: 93ebe850d5850b9eb8bc2c04e2ffed33 -> 3e55ffaf6b929b3b51e014250d9920ac
  custom:scripting/monoscript/fileName/GameTitleConnect.cs: 5c14e36aa95fc82c33183a9dfce72cd2 -> 41a65dfb2d31309386b013674fae2e80
  custom:scripting/monoscript/fileName/CreateGameScreenRequest.cs: a885ba890460f60ddcd2c66df732e91f -> 066c58def3458c57fd1f40d51ed860c1
  custom:scripting/monoscript/fileName/ScrollToTargetMarker.cs: 7c2577f2a0b3fb585d934a4d0b35b7ec -> 01286f347cbc8bec863dbe15212d04dd
  custom:scripting/monoscript/fileName/GameFieldGeneratedByAlgorithm.cs: 642fd6d4f4e02c35c870cd61f2ca081f -> 074895d821d9efb916232844efdac6c8
  custom:scripting/monoscript/fileName/TileGenerator5.cs: 0eaf6fadc56123ad87a1d593fa635ede -> ee69db292b395fb7006478b7279c5ca6
  custom:scripting/monoscript/fileName/GameScreenSystem.cs: a0b364fc1bcdda23e4dd359a2204c08d -> 402c5e1323b5b0152bd1eea24fa29d07
  custom:scripting/monoscript/fileName/DestructionChainStrategyTag.cs: b0d607db3ab31634dee73b569e199000 -> 0c62c6ddeecb954158e34eafdd3e629f
========================================================================
Received Prepare
Caller must complete domain reload
Begin MonoManager ReloadAssembly
- Loaded All Assemblies, in  1.775 seconds
Native extension for WindowsStandalone target not found
Native extension for Android target not found
Native extension for WebGL target not found
[Package Manager] Server::EnsureServerProcessIsRunning -- launch failed, reason: Unity was launched with the -noUpm command-line argument
[Package Manager] UpmClient::Send -- Unable to send message (not connected to UPM process).
[Package Manager] Cannot connect to Unity Package Manager local server
Mono: successfully reloaded assembly
[Package Manager] Server::EnsureServerProcessIsRunning -- launch failed, reason: Unity was launched with the -noUpm command-line argument
[Package Manager] UpmClient::Send -- Unable to send message (not connected to UPM process).
[Package Manager] Cannot connect to Unity Package Manager local server
- Finished resetting the current domain, in  1.931 seconds
Domain Reload Profiling: 3724ms
	BeginReloadAssembly (253ms)
		ExecutionOrderSort (0ms)
		DisableScriptedObjects (5ms)
		BackupInstance (0ms)
		ReleaseScriptingObjects (2ms)
		CreateAndSetChildDomain (94ms)
	RebuildCommonClasses (39ms)
	RebuildNativeTypeToScriptingClass (10ms)
	initialDomainReloadingComplete (39ms)
	LoadAllAssembliesAndSetupDomain (1448ms)
		LoadAssemblies (1308ms)
		RebuildTransferFunctionScriptingTraits (0ms)
		AnalyzeDomain (232ms)
			TypeCache.Refresh (115ms)
				TypeCache.ScanAssembly (13ms)
			ScanForSourceGeneratedMonoScriptInfo (83ms)
			ResolveRequiredComponents (32ms)
	FinalizeReload (1934ms)
		ReleaseScriptCaches (0ms)
		RebuildScriptCaches (0ms)
		SetupLoadedEditorAssemblies (1023ms)
			LogAssemblyErrors (0ms)
			InitializePlatformSupportModulesInManaged (33ms)
			SetLoadedEditorAssemblies (4ms)
			RefreshPlugins (0ms)
			BeforeProcessingInitializeOnLoad (79ms)
			ProcessInitializeOnLoadAttributes (474ms)
			ProcessInitializeOnLoadMethodAttributes (427ms)
			AfterProcessingInitializeOnLoad (5ms)
			EditorAssembliesLoaded (1ms)
		ExecutionOrderSort2 (0ms)
		AwakeInstancesAfterBackupRestoration (10ms)
Refreshing native plugins compatible for Editor in 20.97 ms, found 3 plugins.
Preloading 0 native plugins for Editor in 0.00 ms.
Unloading 4484 Unused Serialized files (Serialized files now loaded: 0)
Unloading 31 unused Assets / (66.2 KB). Loaded Objects now: 5093.
Memory consumption went from 174.3 MB to 174.2 MB.
Total: 20.000200 ms (FindLiveObjects: 0.876800 ms CreateObjectMapping: 0.181000 ms MarkObjects: 18.426500 ms  DeleteObjects: 0.513900 ms)

Prepare: number of updated asset objects reloaded= 0
AssetImportParameters requested are different than current active one (requested -> active):
  custom:scripting/monoscript/fileName/CatchGameFieldGeneratedRequest.cs: a67d51feea369e3830f924d9b8e9bd99 -> 17b67da9d0f3c4e2f8690dc96459b2b2
  custom:scripting/monoscript/fileName/TileGenerator3.cs: d30fb83fc6ac7475a319a83728c9ad41 -> 9b48fa675f0bce54dde0ed40b926842e
  custom:scripting/monoscript/fileName/GameFieldGrowthWaveAlgorithmTag.cs: 0ef400f135d729b9ef5ef61213bf46ca -> 992c54089fb6287a3abd63c766c90ae4
  custom:scripting/monoscript/fileName/CreateControlsRequest.cs: b6b52fa38bc5533b3ae550ee8b4085d9 -> 16e50cc2756add101f300d8e44319dd4
  custom:scripting/monoscript/fileName/HUDPrefab.cs: 30eaa62651e9c88e43fcb0d04e30077a -> 114724dd8b86c8d5655c0a4636c8f807
  custom:container-demuxer-ogg: 62fdf1f143b41e24485cea50d1cbac27 -> 
  custom:scripting/monoscript/fileName/TileGenerator2.cs: 09c5b2f1e3412cb486138eafe6da2ee9 -> d25441398affce60b9e3b08d18b5fa1c
  custom:scripting/monoscript/fileName/GameFlowFeature.cs: e6718831d198d39704b255f20f16f8d0 -> df0113f54b1bbce00d62c010ef3fe8b4
  custom:scripting/monoscript/fileName/CreationAnimalStrategyCfg.cs: fb433a13c1a2eff2a6d277801dbab975 -> 4fd36c8314e91d36d51becb0cdc6faeb
  custom:scripting/monoscript/fileName/CreateAnimalsSystem.cs: 8cef56369804335c0ac2e97203aee8a9 -> bee4bc1341c43b6aa3c88b1b3d4e3e18
  custom:scripting/monoscript/fileName/ScrollToTargetEvent.cs: 267de8c3fdba9d89cbf5a80a977d1db1 -> 1606e13368f10abd95859ea46f664d86
  custom:scripting/monoscript/fileName/GameFieldGeneratedEvent.cs: f908cee032e843be5ba60b9a2c441882 -> a6030e6b0b808118faf8aa49ffee5b94
  custom:scripting/monoscript/fileName/RandomGameFieldAlgorithmSystem.cs: 22b92a32636676be944ecefe67707cbf -> c5085b777b6be8657ea1f9bd1eb1f0e6
  custom:scripting/monoscript/fileName/GameFieldWaveAlgorithmTag.cs: 5be4d41974793f3169ea3a8184ff61d2 -> a3fe88f8e3ec0ea7cb6587b6cb569630
  custom:scripting/monoscript/fileName/GameFieldAlgorithms.cs: 9210f2e649de58f37f078a6eadd5eb19 -> a68d1cf9c70b1eb7af91f8532ed35f7f
  custom:scripting/monoscript/fileName/MetaGameUIHiddenEvent.cs: 342ed956eb53710532411f8c2784417a -> 463482aa840de7082f4a278ef86a7e1d
  custom:scripting/monoscript/fileName/LevelClearedEvent.cs: bbac8ca3904db25721b8cf3b0fab6582 -> 663b31180f17f64cf76455cfee4638c9
  custom:scripting/monoscript/fileName/GameScreenPrefab.cs: ad79cba3a80ff268ab301d438f50d7a3 -> b778ed7a73a66bec617f434ba9deff77
  custom:video-decoder-ogg-theora: a1e56fd34408186e4bbccfd4996cb3dc -> 
  custom:scripting/monoscript/fileName/CalculateCellScaleYSystem.cs: 939787dca0b233005791ec684dff156a -> 24348a5eb2340227fde21c4e16f198a5
  custom:scripting/monoscript/fileName/AnimalPositionedEvent.cs: 8e15db485d40ca13ea5402666ad1b4b3 -> 1bc3206bed9925993456a53b954cd396
  custom:scripting/monoscript/fileName/ScrollSnapEffect.cs: b6c51e4f0f8afbbfdca8ecd17bfb0fb9 -> 91d29477668f48905bbbd4cb6247533d
  custom:scripting/monoscript/fileName/LevelLifeTimeMarker.cs: bfaf24a17910b0a8ddcc0f9024db8056 -> d0a88ae6d48c761dad292d2aec410cb0
  custom:scripting/monoscript/fileName/GameFieldPlaneAlgorithmTag.cs: 21e5015ce1d5b093ab9d6011592292bd -> 7cf8c3e3aade2f1d2e7a2f82f1c5463e
  custom:framework-win-MediaFoundation: 216162199b28c13a410421893ffa2e32 -> 
  custom:scripting/monoscript/fileName/LevelLostEvent.cs: afc9b242eba24b2b4392b9bea1cad284 -> d1c8f0634443fb2b56e42e7c40935303
  custom:scripting/monoscript/fileName/GameField.cs: 27b6b3d034a0ef2e26f2934f1319d99d -> bf9a4c69a023939dbb88e3f1703ca432
  custom:scripting/monoscript/fileName/ScrollSnap.cs: 5dd984369f102ebda4e54789a0ea104e -> 74fe1fbb0f6bef271000d67e7c21bd45
  custom:scripting/monoscript/fileName/HideMetaGameUIRequest.cs: c6d8ffd38038f5edb986b7d2b1660fc7 -> 023f27171a187f71ff8a4853369f6cb5
  custom:scripting/monoscript/fileName/ReferenceCodeGen.cs: 1847e30272d75555141d3031c134c733 -> 
  custom:scripting/monoscript/fileName/GameCreatedEvent.cs: 25808abd6af439ae2d396c16c3d9e8f2 -> 13c2ac463741ba32d214c8bfa0606347
  custom:scripting/monoscript/fileName/TileGeneratedEvent.cs: 1b597c0aa79fd56f2f4088925f13cbef -> dba7452f6d7179c1abc1b361aa9403a8
  custom:scripting/monoscript/fileName/ScrollSnapSystem.cs: 51807458632b0abe0dcd77862975ce47 -> 49fa898761310374e9100843919f1617
  custom:scripting/monoscript/fileName/ChainDestructionRequestSystem.cs: e36a5ffa427d50aa181531f55986ccd8 -> 
  custom:scripting/monoscript/fileName/GameFlowSystem.cs: cf1e5382541a33c73a981035dae85045 -> b60539680bd07758445284af098b515c
  custom:scripting/monoscript/fileName/LevelLostCheckSystem.cs: 255183d3cc1fbb2d10c8abfa77b7b9e2 -> 1205ba5e4744c00285ba2c45a53da364
  custom:scripting/monoscript/fileName/CatchGameFieldEventsSystem.cs: 69b1fa6bdab0b0e6ef5f59e5ba1798e4 -> d8fdc78bead3537fb228755ca2d434dd
  custom:scripting/monoscript/fileName/FitObjectToCamera.cs: 942221b48ed202602e9ac643e54d7650 -> aaedefa2aeb7069389a90129af0ec391
  custom:scripting/monoscript/fileName/DestructionAnimalStrategyCfg.cs: b5449fe14a7d9ce6de2ff0202c280054 -> dcccc812fc5e86758b5038f4fc7d9a74
  custom:scripting/monoscript/fileName/CameraScaler.cs: 150bf424de40cfdb27d6bfc1fd0a2d72 -> 3cbb08bff7a396f130a0443ef1ccb748
  custom:scripting/monoscript/fileName/ScoreUIConnect.cs: c27938a2bdddd88ab951e7adbbd35794 -> ac7c32a805063f081f2fababb8d4d898
  custom:CustomObjectIndexerAttribute: 9a22284fe3817be447336de3de66b15e -> 
  custom:scripting/monoscript/fileName/ChainDestructionSystem.cs: 1804387f55e34d8c464a091638dbfb17 -> 
  custom:scripting/monoscript/fileName/GameFieldDestructRequest.cs: 10e88c15a7ec0cf5e99dbb40e0a3edf8 -> 39e29c44e39353c5f5e46e4fd35fb435
  custom:scripting/monoscript/fileName/GameLossTimerConnect.cs: f0cf7139ab50e9b8389bcd82a4789c30 -> 21c0067c523cc022f4caa4d8eef3c889
  custom:scripting/monoscript/fileName/GameFieldAlgorithmCfg.cs: 2a67613a1067bee0772c4bce0a006e8e -> c18842b2d8e9d19897c42dc941ae1a61
  custom:scripting/monoscript/fileName/DestructionChainTag.cs: d52207bbfd049f584009aa3d50645080 -> 
  custom:scripting/monoscript/fileName/AnimalCreationChainStrategySystem.cs: cfd77a10d3edff40c8fa516ba194c3f6 -> 6245b6c4937dad6bd6bfbe1a5bb91d82
  custom:scripting/monoscript/fileName/MetaGameUISystem.cs: 93f0bb4ace47f6ac6817404d82ccb661 -> 34bedb813123b4b9a91614edd15a8069
  custom:scripting/monoscript/fileName/ScrollSetupRequest.cs: a402aba2680e5863d1008ad06428d65a -> e1c69e68812599757df2aff91a4e9cf2
  custom:container-demuxer-webm: 4f35f7cbe854078d1ac9338744f61a02 -> 
  custom:scripting/monoscript/fileName/FadeEffect.cs: 4615b2acb46a691c33b29aab26f2062a -> 
  custom:scripting/monoscript/fileName/MetaGameUIHiddenMarker.cs: a71b94db2ed8f97f815cc84fb87d48eb -> dddb2beaf43a7ef60953e2f9eacf78f8
  custom:scripting/monoscript/fileName/SourceCodeModifier.cs: 3ffa94fedf57701a474133f623b99b6a -> 5c7f9a2114ee5b14002453c253315bd0
  custom:scripting/monoscript/fileName/GameFieldAlgorithmTag.cs: 5b91fd95ca72cd7048aa9f46e543e265 -> da7c22434643605d19edac79c0d3b3c7
  custom:scripting/monoscript/fileName/GameFieldGrowthWaveAlgorithmSystem.cs: c43067b71ef74cae0090827f88cfe4b8 -> 00c4aec9ff9f1e3764b69170240089db
  custom:scripting/monoscript/fileName/LevelLossSystem.cs: 89eef653e3f28787ebae3df17b9a17fa -> 1a50b41fb86c42146dd1e7eca3f63c3b
  custom:scripting/monoscript/fileName/GameFieldGenerateRequest.cs: b3f004fb89f931ad5595eca9c3e3ea7d -> fc85f9d1ad1c72513abf13f206f13826
  custom:container-muxer-webm: aa71ff27fc2769a1b78a27578f13a17b -> 
  custom:scripting/monoscript/fileName/AnimalDestructedEvent.cs: de6741ad9146f65b9ee26b392c6f63b7 -> e882e3b205fcfc8f4d8ec1b06235b0f7
  custom:scripting/monoscript/fileName/DeleteEntityCommand.cs: bcabe5bfe518320718d48d41a3a0e90a -> 
  custom:video-decoder-webm-vp8: 9c59270c3fd7afecdb556c50c9e8de78 -> 
  custom:scripting/monoscript/fileName/DestroyViewRequest.cs: 1a0b5b4a36b5820faa4b3894f8324e00 -> 0ebb0c5641d0ac20e497e246c3eff337
  custom:scripting/monoscript/fileName/ApplyDestructionStrategyRequest.cs: 032a28d88c65010193deb5a4b99f58dd -> 213312285ccaacd75ce574cb89bf2411
  custom:scripting/monoscript/fileName/TileGenerator.cs: 042c900c13328f8a0055f0bccddada85 -> a538991689346061c6a9a2a96b02d37e
  custom:scripting/monoscript/fileName/ScaleEffect.cs: bf12e834d532f4f806bebaac99f812c1 -> 
  custom:SearchIndexIgnoredProperties: e643bd26f0fe6173181afceb89e7c659 -> 
  custom:scripting/monoscript/fileName/ScrollSnappedMarker.cs: 066cb0420eaae820b69ffbae9344f0b4 -> 1cd14000dfdbca98f6dda0685bba7fce
  custom:scripting/monoscript/fileName/DestroyViewSystem.cs: e1c1ea54b0c9f7465aac7332f0e6d6a8 -> 59b102bdf1755f7c7d016788c0259b93
  custom:scripting/monoscript/fileName/CleanupLevelRequest.cs: a4116677aeb8d793871c137a2a44b119 -> c4dd04e39c7a6664b68dab929adf2e81
  custom:AudioImporter_EditorPlatform: d09bf68614088b80899f8185d706f6e7 -> 
  custom:scripting/monoscript/fileName/ChainMovementMarker.cs: feac63d7e5aa51292f19abaa1d9db08c -> 
  custom:scripting/monoscript/fileName/ScrollPosition.cs: 225c0c33ea226da69f3473693dfb3c05 -> 9f9e723ba8833b9541ecfca3c6d6f8bc
  custom:scripting/monoscript/fileName/GameFieldWaveAlgorithmSystem.cs: fc14103f781a8cbb106ceeeb57eaeaab -> 607884f57fd7ce8ffeb8d2a7c96f93a3
  custom:scripting/monoscript/fileName/PlayerCfgRef.cs: 6d19f04523dbbba4fc64c8057f04e02a -> 198dbad4b6bbc11b3942c96af8dde650
  custom:scripting/monoscript/fileName/DestructionChainStrategySystem.cs: 783bb7763cba92611d8e9cf6674063b1 -> ddd821ede2656248bf0e9ddf669d5a28
  custom:scripting/monoscript/fileName/CreationChainTag.cs: 2998fd809902939f0ee04f473eeca00e -> 
  custom:scripting/monoscript/fileName/DestructionFeature.cs: b9b7cdbe8848a566388411c97a5fbd67 -> adcfef4ac4e45d2e562dcdc6fa49e429
  custom:scripting/monoscript/fileName/GameFieldAlgorithmIndex.cs: 9457d7f2147049910ea06f2159c61fc6 -> 7a58e7c6b5adebdaec058182398a5707
  custom:scripting/monoscript/fileName/GameLossTimerSystem.cs: de0b464553cb6b861179a91f75237edf -> 071940ff3f3e183b1d11d15239224386
  custom:scripting/monoscript/fileName/GameFieldPlaneAlgorithmSystem.cs: 526228704b2d4ed12e4753080710ec45 -> fec5555e40052f9e75dc859f5d201f4d
  custom:scripting/monoscript/fileName/ScrollSnappedEvent.cs: 85353374ba80b5fbd36ff4e2e7944412 -> 8bf4efe021842362c4e7d55e6a37d79a
  custom:scripting/monoscript/fileName/ShowMetaGameUIRequest.cs: 5564592071856871b46e981baa2e91f8 -> a88d7f1c319941ffae2f3a8957251596
  custom:scripting/monoscript/fileName/TileGenerator6.cs: 0a225711dfb489626c74dc5ff5d78f40 -> 83a93281253429d4bd51d4bfaf52f3ed
  custom:scripting/monoscript/fileName/GameFieldDestructedRequest.cs: c04d6601b9dc935cfc91348b0b9cc810 -> 47034b076d3abdec8c90304ac1fc38f1
  custom:scripting/monoscript/fileName/MetaGameUI.cs: b1f4a332b284a38895d9534e62ff0baf -> 67622f9ccfe38dacd5af3f2ae37c3026
  custom:scripting/monoscript/fileName/GameFieldClickSystem.cs: 9e6e496c03415de771bf8909db35f03b -> 3b1ea4c67b8ab5832ff3a23919e79f06
  custom:scripting/monoscript/fileName/BaseScrollSnapEffect.cs: d407bd1fc108496d969888a00479cce0 -> 
  custom:scripting/monoscript/fileName/CreateHUDSystem.cs: f8cd7ef545fa25f934c486aaa420eedd -> 43c05b406d9086180812a87a0e010e47
  custom:scripting/monoscript/fileName/Levels.cs: f22977143cde483af3e13597acee3c02 -> 37490b0d126f14e1e1d31453e3e94ae4
  custom:video-encoder-webm-vp8: eb34c28f22e8b96e1ab97ce403110664 -> 
  custom:scripting/monoscript/fileName/AnimalDestructionChainStrategySystem.cs: 23f4cc2de4c34d4d82415b095d5404aa -> 2d33061d60136630278a03c1042b54b3
  custom:scripting/monoscript/fileName/AnimalSpawnedEvent.cs: 18a67763bcf9b1b1ac26ffbfcbeed587 -> 7ad467d334ed6914a6a27adce1847b10
  custom:scripting/monoscript/fileName/RewardConnect.cs: de79e19f525e7b5954dbb77b1f453e4e -> 6751c3bbc08d4697c3b42878cd3daebd
  custom:audio-decoder-ogg-vorbis: bf7c407c2cedff20999df2af8eb42d56 -> 
  custom:scripting/monoscript/fileName/CleanupLevelSystem.cs: 72214ed46a73a03fca528428e05bd1c5 -> 8a5bce7edb21df4c4707d0529e30155e
  custom:scripting/monoscript/fileName/GameTag.cs: 2f67c69f27e85f806b88deb8c87b88d2 -> f5290ba12be2c3f124e97ffb76e9ea9f
  custom:scripting/monoscript/fileName/ScrollSnapTag.cs: 893d8b8aa473763f6ed0fb5321bbad28 -> c53bb14ce7c537cec4ba51b6c7bc6939
  custom:scripting/monoscript/fileName/GameFieldFeature.cs: 1f8b976c740b234c284fddfd95c568fd -> 9a83e32ad7b7857e12d74cf105f5a137
  custom:scripting/monoscript/fileName/GameScreen.cs: deb4cff0d85b325b8a61d3844cabec07 -> 84ec6758a1e33abe8d42365166b67ebd
  custom:scripting/monoscript/fileName/DestructionStrategyTag.cs: 950962d7baf41bc8fed98ea522a40170 -> 
  custom:scripting/monoscript/fileName/ScrollDraggedEvent.cs: d4b82f514f08a6e7eb8d3acbba3af876 -> 76bd8895c3b43170415bf40518460c7d
  custom:scripting/monoscript/fileName/CreateHUDRequest.cs: 61b5f154a3d1ac03d04c59d29d1c4e05 -> 11938a6be2a737aa70fadc220742dab2
  custom:scripting/monoscript/fileName/TileGenerator4.cs: 1ec433f057ddbb323aab6300cdd41968 -> 9b8c2608bd1d4162243c126a2c3ab74b
  custom:scripting/monoscript/fileName/GrowthWave.cs: 7c48243a6dd50c54e09b35b8a70e858a -> ab7a6a6e85687b04c58c7a681131bfdc
  custom:scripting/monoscript/fileName/AssemblyAnalyzer.cs: 5883fa404100530f6821c51e0df4a2b6 -> 
  custom:scripting/monoscript/fileName/CreateCoinRequest.cs: b6ee2396be79577ff18a940acb85bfe6 -> 8bf745611aed40a8441b8db392ff0316
  custom:scripting/monoscript/fileName/CreateGameLossTimerRequest.cs: 286f3e38529572dc1661f3473c808992 -> ef901bf1b06c7938a6030a67dd4d6d21
  custom:scripting/monoscript/fileName/DeathEvent.cs: ae7a15dcf33e2eb04a19bf37c49c469a -> 7ba4c6fe9f322f00d774d318ef8ef3b2
  custom:scripting/monoscript/fileName/GameFieldDestructedEvent.cs: 565697dff0d07f15eb4da25529efeaf3 -> 249503e823ee8a2543fdc65535f78404
  custom:scripting/monoscript/fileName/Wave.cs: e8061bad203a1f6efd397e8313ec6d83 -> ed89714bef4a8fe64f993c8bbc6df15f
  custom:scripting/monoscript/fileName/GameFieldDestructedMarker.cs: ab2e5320e3676ca16774eba7277d5b9e -> 6af6280f9d165b3fa0cbeef98677737a
  custom:scripting/monoscript/fileName/CoinUIConnect.cs: 8505822111497da435ec6d27192811c8 -> 9bed0bffdd7b151bbdc04ee5da58d9a4
  custom:scripting/monoscript/fileName/CreateGameSystem.cs: c40209e5646f830645bfdfa6dda44b96 -> acdc7e582431689501a3c2e4d1b573d0
  custom:audio-encoder-webm-vorbis: bf7c407c2cedff20999df2af8eb42d56 -> 
  custom:scripting/monoscript/fileName/ApplyStrategyRequest.cs: 04790d20b7aab51157b87a2b7ea70902 -> 
  custom:scripting/monoscript/fileName/ScrollSystem.cs: 80ef92943d864cb0b392598d6fcd75b9 -> 
  custom:scripting/monoscript/fileName/CreationChainStrategyTag.cs: 4fd921b87fca9ba0c731b954efca90f5 -> 7572d150aeb0955f670c8845e4df7c53
  custom:scripting/monoscript/fileName/ScrollDraggedMarker.cs: f40ec288e4d6330335dd03fa8726c839 -> 74ece2a65d27c55d64e7936bb538e5a8
  custom:scripting/monoscript/fileName/CreateAnimalsRequest.cs: a7ebd1a26b1e6c2c8f783f7506341452 -> 45001033be0d024e3f69c19d212eca00
  custom:scripting/monoscript/fileName/GameFieldGeneratedMarker.cs: 3343d51a95b5393b866292f7dd40076e -> 8ec9e96219719154c6ef937af1a570ab
  custom:scripting/monoscript/fileName/TileGenerator7.cs: d48bfbfd829455d8678bccfbd4ddf1db -> d7e74d9e48390acec81fb7d05eab04b6
  custom:scripting/monoscript/fileName/ClickSideMarker.cs: c1aa69917ccbb0e088243ec1d2c1ed5f -> 0c097904c16edc5a7ac1137f05d8d51c
  custom:scripting/monoscript/fileName/LevelLostMarker.cs: 93ebe850d5850b9eb8bc2c04e2ffed33 -> 3e55ffaf6b929b3b51e014250d9920ac
  custom:scripting/monoscript/fileName/GameTitleConnect.cs: 5c14e36aa95fc82c33183a9dfce72cd2 -> 41a65dfb2d31309386b013674fae2e80
  custom:scripting/monoscript/fileName/CreateGameScreenRequest.cs: a885ba890460f60ddcd2c66df732e91f -> 066c58def3458c57fd1f40d51ed860c1
  custom:scripting/monoscript/fileName/ScrollToTargetMarker.cs: 7c2577f2a0b3fb585d934a4d0b35b7ec -> 01286f347cbc8bec863dbe15212d04dd
  custom:scripting/monoscript/fileName/GameFieldGeneratedByAlgorithm.cs: 642fd6d4f4e02c35c870cd61f2ca081f -> 074895d821d9efb916232844efdac6c8
  custom:scripting/monoscript/fileName/TileGenerator5.cs: 0eaf6fadc56123ad87a1d593fa635ede -> ee69db292b395fb7006478b7279c5ca6
  custom:scripting/monoscript/fileName/GameScreenSystem.cs: a0b364fc1bcdda23e4dd359a2204c08d -> 402c5e1323b5b0152bd1eea24fa29d07
  custom:scripting/monoscript/fileName/DestructionChainStrategyTag.cs: b0d607db3ab31634dee73b569e199000 -> 0c62c6ddeecb954158e34eafdd3e629f
========================================================================
Received Prepare
Caller must complete domain reload
Begin MonoManager ReloadAssembly
- Loaded All Assemblies, in  2.089 seconds
Native extension for WindowsStandalone target not found
Native extension for Android target not found
Native extension for WebGL target not found
[Package Manager] Server::EnsureServerProcessIsRunning -- launch failed, reason: Unity was launched with the -noUpm command-line argument
[Package Manager] UpmClient::Send -- Unable to send message (not connected to UPM process).
[Package Manager] Cannot connect to Unity Package Manager local server
Mono: successfully reloaded assembly
[Package Manager] Server::EnsureServerProcessIsRunning -- launch failed, reason: Unity was launched with the -noUpm command-line argument
[Package Manager] UpmClient::Send -- Unable to send message (not connected to UPM process).
[Package Manager] Cannot connect to Unity Package Manager local server
- Finished resetting the current domain, in  2.008 seconds
Domain Reload Profiling: 4098ms
	BeginReloadAssembly (445ms)
		ExecutionOrderSort (0ms)
		DisableScriptedObjects (19ms)
		BackupInstance (0ms)
		ReleaseScriptingObjects (0ms)
		CreateAndSetChildDomain (214ms)
	RebuildCommonClasses (39ms)
	RebuildNativeTypeToScriptingClass (11ms)
	initialDomainReloadingComplete (37ms)
	LoadAllAssembliesAndSetupDomain (1556ms)
		LoadAssemblies (1658ms)
		RebuildTransferFunctionScriptingTraits (0ms)
		AnalyzeDomain (42ms)
			TypeCache.Refresh (22ms)
				TypeCache.ScanAssembly (8ms)
			ScanForSourceGeneratedMonoScriptInfo (12ms)
			ResolveRequiredComponents (6ms)
	FinalizeReload (2010ms)
		ReleaseScriptCaches (0ms)
		RebuildScriptCaches (0ms)
		SetupLoadedEditorAssemblies (1197ms)
			LogAssemblyErrors (0ms)
			InitializePlatformSupportModulesInManaged (94ms)
			SetLoadedEditorAssemblies (7ms)
			RefreshPlugins (0ms)
			BeforeProcessingInitializeOnLoad (185ms)
			ProcessInitializeOnLoadAttributes (562ms)
			ProcessInitializeOnLoadMethodAttributes (344ms)
			AfterProcessingInitializeOnLoad (4ms)
			EditorAssembliesLoaded (1ms)
		ExecutionOrderSort2 (0ms)
		AwakeInstancesAfterBackupRestoration (8ms)
Script is not up to date after domain reload: guid(75deeaeea1b940d599056ba372db2554) path("Assets/_Project/Scripts/Gameplay/Features/GameFlowFeature/Systems/AnimalCreationChainStrategySystem.cs") state(2)
Refreshing native plugins compatible for Editor in 14.96 ms, found 3 plugins.
Preloading 0 native plugins for Editor in 0.00 ms.
Unloading 4483 Unused Serialized files (Serialized files now loaded: 0)
Unloading 31 unused Assets / (66.2 KB). Loaded Objects now: 5095.
Memory consumption went from 174.3 MB to 174.2 MB.
Total: 33.237500 ms (FindLiveObjects: 2.543000 ms CreateObjectMapping: 0.181400 ms MarkObjects: 28.998000 ms  DeleteObjects: 1.513000 ms)

Prepare: number of updated asset objects reloaded= 0
AssetImportParameters requested are different than current active one (requested -> active):
  custom:scripting/monoscript/fileName/CatchGameFieldGeneratedRequest.cs: a67d51feea369e3830f924d9b8e9bd99 -> 17b67da9d0f3c4e2f8690dc96459b2b2
  custom:scripting/monoscript/fileName/TileGenerator3.cs: d30fb83fc6ac7475a319a83728c9ad41 -> 9b48fa675f0bce54dde0ed40b926842e
  custom:scripting/monoscript/fileName/GameFieldGrowthWaveAlgorithmTag.cs: 0ef400f135d729b9ef5ef61213bf46ca -> 992c54089fb6287a3abd63c766c90ae4
  custom:scripting/monoscript/fileName/CreateControlsRequest.cs: b6b52fa38bc5533b3ae550ee8b4085d9 -> 16e50cc2756add101f300d8e44319dd4
  custom:scripting/monoscript/fileName/HUDPrefab.cs: 30eaa62651e9c88e43fcb0d04e30077a -> 114724dd8b86c8d5655c0a4636c8f807
  custom:container-demuxer-ogg: 62fdf1f143b41e24485cea50d1cbac27 -> 
  custom:scripting/monoscript/fileName/TileGenerator2.cs: 09c5b2f1e3412cb486138eafe6da2ee9 -> d25441398affce60b9e3b08d18b5fa1c
  custom:scripting/monoscript/fileName/GameFlowFeature.cs: e6718831d198d39704b255f20f16f8d0 -> df0113f54b1bbce00d62c010ef3fe8b4
  custom:scripting/monoscript/fileName/CreationAnimalStrategyCfg.cs: fb433a13c1a2eff2a6d277801dbab975 -> 4fd36c8314e91d36d51becb0cdc6faeb
  custom:scripting/monoscript/fileName/CreateAnimalsSystem.cs: 8cef56369804335c0ac2e97203aee8a9 -> bee4bc1341c43b6aa3c88b1b3d4e3e18
  custom:scripting/monoscript/fileName/ScrollToTargetEvent.cs: 267de8c3fdba9d89cbf5a80a977d1db1 -> 1606e13368f10abd95859ea46f664d86
  custom:scripting/monoscript/fileName/GameFieldGeneratedEvent.cs: f908cee032e843be5ba60b9a2c441882 -> a6030e6b0b808118faf8aa49ffee5b94
  custom:scripting/monoscript/fileName/RandomGameFieldAlgorithmSystem.cs: 22b92a32636676be944ecefe67707cbf -> c5085b777b6be8657ea1f9bd1eb1f0e6
  custom:scripting/monoscript/fileName/GameFieldWaveAlgorithmTag.cs: 5be4d41974793f3169ea3a8184ff61d2 -> a3fe88f8e3ec0ea7cb6587b6cb569630
  custom:scripting/monoscript/fileName/GameFieldAlgorithms.cs: 9210f2e649de58f37f078a6eadd5eb19 -> a68d1cf9c70b1eb7af91f8532ed35f7f
  custom:scripting/monoscript/fileName/MetaGameUIHiddenEvent.cs: 342ed956eb53710532411f8c2784417a -> 463482aa840de7082f4a278ef86a7e1d
  custom:scripting/monoscript/fileName/LevelClearedEvent.cs: bbac8ca3904db25721b8cf3b0fab6582 -> 663b31180f17f64cf76455cfee4638c9
  custom:scripting/monoscript/fileName/GameScreenPrefab.cs: ad79cba3a80ff268ab301d438f50d7a3 -> b778ed7a73a66bec617f434ba9deff77
  custom:video-decoder-ogg-theora: a1e56fd34408186e4bbccfd4996cb3dc -> 
  custom:scripting/monoscript/fileName/CalculateCellScaleYSystem.cs: 939787dca0b233005791ec684dff156a -> 24348a5eb2340227fde21c4e16f198a5
  custom:scripting/monoscript/fileName/AnimalPositionedEvent.cs: 8e15db485d40ca13ea5402666ad1b4b3 -> 1bc3206bed9925993456a53b954cd396
  custom:scripting/monoscript/fileName/ScrollSnapEffect.cs: b6c51e4f0f8afbbfdca8ecd17bfb0fb9 -> 91d29477668f48905bbbd4cb6247533d
  custom:scripting/monoscript/fileName/LevelLifeTimeMarker.cs: bfaf24a17910b0a8ddcc0f9024db8056 -> d0a88ae6d48c761dad292d2aec410cb0
  custom:scripting/monoscript/fileName/GameFieldPlaneAlgorithmTag.cs: 21e5015ce1d5b093ab9d6011592292bd -> 7cf8c3e3aade2f1d2e7a2f82f1c5463e
  custom:framework-win-MediaFoundation: 216162199b28c13a410421893ffa2e32 -> 
  custom:scripting/monoscript/fileName/LevelLostEvent.cs: afc9b242eba24b2b4392b9bea1cad284 -> d1c8f0634443fb2b56e42e7c40935303
  custom:scripting/monoscript/fileName/GameField.cs: 27b6b3d034a0ef2e26f2934f1319d99d -> bf9a4c69a023939dbb88e3f1703ca432
  custom:scripting/monoscript/fileName/ScrollSnap.cs: 5dd984369f102ebda4e54789a0ea104e -> 74fe1fbb0f6bef271000d67e7c21bd45
  custom:scripting/monoscript/fileName/HideMetaGameUIRequest.cs: c6d8ffd38038f5edb986b7d2b1660fc7 -> 023f27171a187f71ff8a4853369f6cb5
  custom:scripting/monoscript/fileName/ReferenceCodeGen.cs: 1847e30272d75555141d3031c134c733 -> 
  custom:scripting/monoscript/fileName/GameCreatedEvent.cs: 25808abd6af439ae2d396c16c3d9e8f2 -> 13c2ac463741ba32d214c8bfa0606347
  custom:scripting/monoscript/fileName/TileGeneratedEvent.cs: 1b597c0aa79fd56f2f4088925f13cbef -> dba7452f6d7179c1abc1b361aa9403a8
  custom:scripting/monoscript/fileName/ScrollSnapSystem.cs: 51807458632b0abe0dcd77862975ce47 -> 49fa898761310374e9100843919f1617
  custom:scripting/monoscript/fileName/ChainDestructionRequestSystem.cs: e36a5ffa427d50aa181531f55986ccd8 -> 
  custom:scripting/monoscript/fileName/GameFlowSystem.cs: cf1e5382541a33c73a981035dae85045 -> b60539680bd07758445284af098b515c
  custom:scripting/monoscript/fileName/LevelLostCheckSystem.cs: 255183d3cc1fbb2d10c8abfa77b7b9e2 -> 1205ba5e4744c00285ba2c45a53da364
  custom:scripting/monoscript/fileName/CatchGameFieldEventsSystem.cs: 69b1fa6bdab0b0e6ef5f59e5ba1798e4 -> d8fdc78bead3537fb228755ca2d434dd
  custom:scripting/monoscript/fileName/FitObjectToCamera.cs: 942221b48ed202602e9ac643e54d7650 -> aaedefa2aeb7069389a90129af0ec391
  custom:scripting/monoscript/fileName/DestructionAnimalStrategyCfg.cs: b5449fe14a7d9ce6de2ff0202c280054 -> dcccc812fc5e86758b5038f4fc7d9a74
  custom:scripting/monoscript/fileName/CameraScaler.cs: 150bf424de40cfdb27d6bfc1fd0a2d72 -> 3cbb08bff7a396f130a0443ef1ccb748
  custom:scripting/monoscript/fileName/ScoreUIConnect.cs: c27938a2bdddd88ab951e7adbbd35794 -> ac7c32a805063f081f2fababb8d4d898
  custom:CustomObjectIndexerAttribute: 9a22284fe3817be447336de3de66b15e -> 
  custom:scripting/monoscript/fileName/ChainDestructionSystem.cs: 1804387f55e34d8c464a091638dbfb17 -> 
  custom:scripting/monoscript/fileName/GameFieldDestructRequest.cs: 10e88c15a7ec0cf5e99dbb40e0a3edf8 -> 39e29c44e39353c5f5e46e4fd35fb435
  custom:scripting/monoscript/fileName/GameLossTimerConnect.cs: f0cf7139ab50e9b8389bcd82a4789c30 -> 21c0067c523cc022f4caa4d8eef3c889
  custom:scripting/monoscript/fileName/GameFieldAlgorithmCfg.cs: 2a67613a1067bee0772c4bce0a006e8e -> c18842b2d8e9d19897c42dc941ae1a61
  custom:scripting/monoscript/fileName/DestructionChainTag.cs: d52207bbfd049f584009aa3d50645080 -> 
  custom:scripting/monoscript/fileName/AnimalCreationChainStrategySystem.cs: cfd77a10d3edff40c8fa516ba194c3f6 -> 6245b6c4937dad6bd6bfbe1a5bb91d82
  custom:scripting/monoscript/fileName/MetaGameUISystem.cs: 93f0bb4ace47f6ac6817404d82ccb661 -> 34bedb813123b4b9a91614edd15a8069
  custom:scripting/monoscript/fileName/ScrollSetupRequest.cs: a402aba2680e5863d1008ad06428d65a -> e1c69e68812599757df2aff91a4e9cf2
  custom:container-demuxer-webm: 4f35f7cbe854078d1ac9338744f61a02 -> 
  custom:scripting/monoscript/fileName/FadeEffect.cs: 4615b2acb46a691c33b29aab26f2062a -> 
  custom:scripting/monoscript/fileName/MetaGameUIHiddenMarker.cs: a71b94db2ed8f97f815cc84fb87d48eb -> dddb2beaf43a7ef60953e2f9eacf78f8
  custom:scripting/monoscript/fileName/SourceCodeModifier.cs: 3ffa94fedf57701a474133f623b99b6a -> 5c7f9a2114ee5b14002453c253315bd0
  custom:scripting/monoscript/fileName/GameFieldAlgorithmTag.cs: 5b91fd95ca72cd7048aa9f46e543e265 -> da7c22434643605d19edac79c0d3b3c7
  custom:scripting/monoscript/fileName/GameFieldGrowthWaveAlgorithmSystem.cs: c43067b71ef74cae0090827f88cfe4b8 -> 00c4aec9ff9f1e3764b69170240089db
  custom:scripting/monoscript/fileName/LevelLossSystem.cs: 89eef653e3f28787ebae3df17b9a17fa -> 1a50b41fb86c42146dd1e7eca3f63c3b
  custom:scripting/monoscript/fileName/GameFieldGenerateRequest.cs: b3f004fb89f931ad5595eca9c3e3ea7d -> fc85f9d1ad1c72513abf13f206f13826
  custom:container-muxer-webm: aa71ff27fc2769a1b78a27578f13a17b -> 
  custom:scripting/monoscript/fileName/AnimalDestructedEvent.cs: de6741ad9146f65b9ee26b392c6f63b7 -> e882e3b205fcfc8f4d8ec1b06235b0f7
  custom:scripting/monoscript/fileName/DeleteEntityCommand.cs: bcabe5bfe518320718d48d41a3a0e90a -> 
  custom:video-decoder-webm-vp8: 9c59270c3fd7afecdb556c50c9e8de78 -> 
  custom:scripting/monoscript/fileName/DestroyViewRequest.cs: 1a0b5b4a36b5820faa4b3894f8324e00 -> 0ebb0c5641d0ac20e497e246c3eff337
  custom:scripting/monoscript/fileName/ApplyDestructionStrategyRequest.cs: 032a28d88c65010193deb5a4b99f58dd -> 213312285ccaacd75ce574cb89bf2411
  custom:scripting/monoscript/fileName/TileGenerator.cs: 042c900c13328f8a0055f0bccddada85 -> a538991689346061c6a9a2a96b02d37e
  custom:scripting/monoscript/fileName/ScaleEffect.cs: bf12e834d532f4f806bebaac99f812c1 -> 
  custom:SearchIndexIgnoredProperties: e643bd26f0fe6173181afceb89e7c659 -> 
  custom:scripting/monoscript/fileName/ScrollSnappedMarker.cs: 066cb0420eaae820b69ffbae9344f0b4 -> 1cd14000dfdbca98f6dda0685bba7fce
  custom:scripting/monoscript/fileName/DestroyViewSystem.cs: e1c1ea54b0c9f7465aac7332f0e6d6a8 -> 59b102bdf1755f7c7d016788c0259b93
  custom:scripting/monoscript/fileName/CleanupLevelRequest.cs: a4116677aeb8d793871c137a2a44b119 -> c4dd04e39c7a6664b68dab929adf2e81
  custom:AudioImporter_EditorPlatform: d09bf68614088b80899f8185d706f6e7 -> 
  custom:scripting/monoscript/fileName/ChainMovementMarker.cs: feac63d7e5aa51292f19abaa1d9db08c -> 
  custom:scripting/monoscript/fileName/ScrollPosition.cs: 225c0c33ea226da69f3473693dfb3c05 -> 9f9e723ba8833b9541ecfca3c6d6f8bc
  custom:scripting/monoscript/fileName/GameFieldWaveAlgorithmSystem.cs: fc14103f781a8cbb106ceeeb57eaeaab -> 607884f57fd7ce8ffeb8d2a7c96f93a3
  custom:scripting/monoscript/fileName/PlayerCfgRef.cs: 6d19f04523dbbba4fc64c8057f04e02a -> 198dbad4b6bbc11b3942c96af8dde650
  custom:scripting/monoscript/fileName/DestructionChainStrategySystem.cs: 783bb7763cba92611d8e9cf6674063b1 -> ddd821ede2656248bf0e9ddf669d5a28
  custom:scripting/monoscript/fileName/CreationChainTag.cs: 2998fd809902939f0ee04f473eeca00e -> 
  custom:scripting/monoscript/fileName/DestructionFeature.cs: b9b7cdbe8848a566388411c97a5fbd67 -> adcfef4ac4e45d2e562dcdc6fa49e429
  custom:scripting/monoscript/fileName/GameFieldAlgorithmIndex.cs: 9457d7f2147049910ea06f2159c61fc6 -> 7a58e7c6b5adebdaec058182398a5707
  custom:scripting/monoscript/fileName/GameLossTimerSystem.cs: de0b464553cb6b861179a91f75237edf -> 071940ff3f3e183b1d11d15239224386
  custom:scripting/monoscript/fileName/GameFieldPlaneAlgorithmSystem.cs: 526228704b2d4ed12e4753080710ec45 -> fec5555e40052f9e75dc859f5d201f4d
  custom:scripting/monoscript/fileName/ScrollSnappedEvent.cs: 85353374ba80b5fbd36ff4e2e7944412 -> 8bf4efe021842362c4e7d55e6a37d79a
  custom:scripting/monoscript/fileName/ShowMetaGameUIRequest.cs: 5564592071856871b46e981baa2e91f8 -> a88d7f1c319941ffae2f3a8957251596
  custom:scripting/monoscript/fileName/TileGenerator6.cs: 0a225711dfb489626c74dc5ff5d78f40 -> 83a93281253429d4bd51d4bfaf52f3ed
  custom:scripting/monoscript/fileName/GameFieldDestructedRequest.cs: c04d6601b9dc935cfc91348b0b9cc810 -> 47034b076d3abdec8c90304ac1fc38f1
  custom:scripting/monoscript/fileName/MetaGameUI.cs: b1f4a332b284a38895d9534e62ff0baf -> 67622f9ccfe38dacd5af3f2ae37c3026
  custom:scripting/monoscript/fileName/GameFieldClickSystem.cs: 9e6e496c03415de771bf8909db35f03b -> 3b1ea4c67b8ab5832ff3a23919e79f06
  custom:scripting/monoscript/fileName/BaseScrollSnapEffect.cs: d407bd1fc108496d969888a00479cce0 -> 
  custom:scripting/monoscript/fileName/CreateHUDSystem.cs: f8cd7ef545fa25f934c486aaa420eedd -> 43c05b406d9086180812a87a0e010e47
  custom:scripting/monoscript/fileName/Levels.cs: f22977143cde483af3e13597acee3c02 -> 37490b0d126f14e1e1d31453e3e94ae4
  custom:video-encoder-webm-vp8: eb34c28f22e8b96e1ab97ce403110664 -> 
  custom:scripting/monoscript/fileName/AnimalDestructionChainStrategySystem.cs: 23f4cc2de4c34d4d82415b095d5404aa -> 2d33061d60136630278a03c1042b54b3
  custom:scripting/monoscript/fileName/AnimalSpawnedEvent.cs: 18a67763bcf9b1b1ac26ffbfcbeed587 -> 7ad467d334ed6914a6a27adce1847b10
  custom:scripting/monoscript/fileName/RewardConnect.cs: de79e19f525e7b5954dbb77b1f453e4e -> 6751c3bbc08d4697c3b42878cd3daebd
  custom:audio-decoder-ogg-vorbis: bf7c407c2cedff20999df2af8eb42d56 -> 
  custom:scripting/monoscript/fileName/CleanupLevelSystem.cs: 72214ed46a73a03fca528428e05bd1c5 -> 8a5bce7edb21df4c4707d0529e30155e
  custom:scripting/monoscript/fileName/GameTag.cs: 2f67c69f27e85f806b88deb8c87b88d2 -> f5290ba12be2c3f124e97ffb76e9ea9f
  custom:scripting/monoscript/fileName/ScrollSnapTag.cs: 893d8b8aa473763f6ed0fb5321bbad28 -> c53bb14ce7c537cec4ba51b6c7bc6939
  custom:scripting/monoscript/fileName/GameFieldFeature.cs: 1f8b976c740b234c284fddfd95c568fd -> 9a83e32ad7b7857e12d74cf105f5a137
  custom:scripting/monoscript/fileName/GameScreen.cs: deb4cff0d85b325b8a61d3844cabec07 -> 84ec6758a1e33abe8d42365166b67ebd
  custom:scripting/monoscript/fileName/DestructionStrategyTag.cs: 950962d7baf41bc8fed98ea522a40170 -> 
  custom:scripting/monoscript/fileName/ScrollDraggedEvent.cs: d4b82f514f08a6e7eb8d3acbba3af876 -> 76bd8895c3b43170415bf40518460c7d
  custom:scripting/monoscript/fileName/CreateHUDRequest.cs: 61b5f154a3d1ac03d04c59d29d1c4e05 -> 11938a6be2a737aa70fadc220742dab2
  custom:scripting/monoscript/fileName/TileGenerator4.cs: 1ec433f057ddbb323aab6300cdd41968 -> 9b8c2608bd1d4162243c126a2c3ab74b
  custom:scripting/monoscript/fileName/GrowthWave.cs: 7c48243a6dd50c54e09b35b8a70e858a -> ab7a6a6e85687b04c58c7a681131bfdc
  custom:scripting/monoscript/fileName/AssemblyAnalyzer.cs: 5883fa404100530f6821c51e0df4a2b6 -> 
  custom:scripting/monoscript/fileName/CreateCoinRequest.cs: b6ee2396be79577ff18a940acb85bfe6 -> 8bf745611aed40a8441b8db392ff0316
  custom:scripting/monoscript/fileName/CreateGameLossTimerRequest.cs: 286f3e38529572dc1661f3473c808992 -> ef901bf1b06c7938a6030a67dd4d6d21
  custom:scripting/monoscript/fileName/DeathEvent.cs: ae7a15dcf33e2eb04a19bf37c49c469a -> 7ba4c6fe9f322f00d774d318ef8ef3b2
  custom:scripting/monoscript/fileName/GameFieldDestructedEvent.cs: 565697dff0d07f15eb4da25529efeaf3 -> 249503e823ee8a2543fdc65535f78404
  custom:scripting/monoscript/fileName/Wave.cs: e8061bad203a1f6efd397e8313ec6d83 -> ed89714bef4a8fe64f993c8bbc6df15f
  custom:scripting/monoscript/fileName/GameFieldDestructedMarker.cs: ab2e5320e3676ca16774eba7277d5b9e -> 6af6280f9d165b3fa0cbeef98677737a
  custom:scripting/monoscript/fileName/CoinUIConnect.cs: 8505822111497da435ec6d27192811c8 -> 9bed0bffdd7b151bbdc04ee5da58d9a4
  custom:scripting/monoscript/fileName/CreateGameSystem.cs: c40209e5646f830645bfdfa6dda44b96 -> acdc7e582431689501a3c2e4d1b573d0
  custom:audio-encoder-webm-vorbis: bf7c407c2cedff20999df2af8eb42d56 -> 
  custom:scripting/monoscript/fileName/ApplyStrategyRequest.cs: 04790d20b7aab51157b87a2b7ea70902 -> 
  custom:scripting/monoscript/fileName/ScrollSystem.cs: 80ef92943d864cb0b392598d6fcd75b9 -> 
  custom:scripting/monoscript/fileName/CreationChainStrategyTag.cs: 4fd921b87fca9ba0c731b954efca90f5 -> 7572d150aeb0955f670c8845e4df7c53
  custom:scripting/monoscript/fileName/ScrollDraggedMarker.cs: f40ec288e4d6330335dd03fa8726c839 -> 74ece2a65d27c55d64e7936bb538e5a8
  custom:scripting/monoscript/fileName/CreateAnimalsRequest.cs: a7ebd1a26b1e6c2c8f783f7506341452 -> 45001033be0d024e3f69c19d212eca00
  custom:scripting/monoscript/fileName/GameFieldGeneratedMarker.cs: 3343d51a95b5393b866292f7dd40076e -> 8ec9e96219719154c6ef937af1a570ab
  custom:scripting/monoscript/fileName/TileGenerator7.cs: d48bfbfd829455d8678bccfbd4ddf1db -> d7e74d9e48390acec81fb7d05eab04b6
  custom:scripting/monoscript/fileName/ClickSideMarker.cs: c1aa69917ccbb0e088243ec1d2c1ed5f -> 0c097904c16edc5a7ac1137f05d8d51c
  custom:scripting/monoscript/fileName/LevelLostMarker.cs: 93ebe850d5850b9eb8bc2c04e2ffed33 -> 3e55ffaf6b929b3b51e014250d9920ac
  custom:scripting/monoscript/fileName/GameTitleConnect.cs: 5c14e36aa95fc82c33183a9dfce72cd2 -> 41a65dfb2d31309386b013674fae2e80
  custom:scripting/monoscript/fileName/CreateGameScreenRequest.cs: a885ba890460f60ddcd2c66df732e91f -> 066c58def3458c57fd1f40d51ed860c1
  custom:scripting/monoscript/fileName/ScrollToTargetMarker.cs: 7c2577f2a0b3fb585d934a4d0b35b7ec -> 01286f347cbc8bec863dbe15212d04dd
  custom:scripting/monoscript/fileName/GameFieldGeneratedByAlgorithm.cs: 642fd6d4f4e02c35c870cd61f2ca081f -> 074895d821d9efb916232844efdac6c8
  custom:scripting/monoscript/fileName/TileGenerator5.cs: 0eaf6fadc56123ad87a1d593fa635ede -> ee69db292b395fb7006478b7279c5ca6
  custom:scripting/monoscript/fileName/GameScreenSystem.cs: a0b364fc1bcdda23e4dd359a2204c08d -> 402c5e1323b5b0152bd1eea24fa29d07
  custom:scripting/monoscript/fileName/DestructionChainStrategyTag.cs: b0d607db3ab31634dee73b569e199000 -> 0c62c6ddeecb954158e34eafdd3e629f
========================================================================
Received Prepare
Caller must complete domain reload
Begin MonoManager ReloadAssembly
- Loaded All Assemblies, in  0.725 seconds
Native extension for WindowsStandalone target not found
Native extension for Android target not found
Native extension for WebGL target not found
[Package Manager] Server::EnsureServerProcessIsRunning -- launch failed, reason: Unity was launched with the -noUpm command-line argument
[Package Manager] UpmClient::Send -- Unable to send message (not connected to UPM process).
[Package Manager] Cannot connect to Unity Package Manager local server
Mono: successfully reloaded assembly
[Package Manager] Server::EnsureServerProcessIsRunning -- launch failed, reason: Unity was launched with the -noUpm command-line argument
[Package Manager] UpmClient::Send -- Unable to send message (not connected to UPM process).
[Package Manager] Cannot connect to Unity Package Manager local server
- Finished resetting the current domain, in  1.602 seconds
Domain Reload Profiling: 2326ms
	BeginReloadAssembly (262ms)
		ExecutionOrderSort (0ms)
		DisableScriptedObjects (12ms)
		BackupInstance (0ms)
		ReleaseScriptingObjects (2ms)
		CreateAndSetChildDomain (96ms)
	RebuildCommonClasses (37ms)
	RebuildNativeTypeToScriptingClass (10ms)
	initialDomainReloadingComplete (34ms)
	LoadAllAssembliesAndSetupDomain (381ms)
		LoadAssemblies (417ms)
		RebuildTransferFunctionScriptingTraits (0ms)
		AnalyzeDomain (58ms)
			TypeCache.Refresh (24ms)
				TypeCache.ScanAssembly (7ms)
			ScanForSourceGeneratedMonoScriptInfo (24ms)
			ResolveRequiredComponents (9ms)
	FinalizeReload (1602ms)
		ReleaseScriptCaches (0ms)
		RebuildScriptCaches (0ms)
		SetupLoadedEditorAssemblies (786ms)
			LogAssemblyErrors (0ms)
			InitializePlatformSupportModulesInManaged (67ms)
			SetLoadedEditorAssemblies (5ms)
			RefreshPlugins (0ms)
			BeforeProcessingInitializeOnLoad (95ms)
			ProcessInitializeOnLoadAttributes (373ms)
			ProcessInitializeOnLoadMethodAttributes (244ms)
			AfterProcessingInitializeOnLoad (2ms)
			EditorAssembliesLoaded (0ms)
		ExecutionOrderSort2 (0ms)
		AwakeInstancesAfterBackupRestoration (5ms)
Refreshing native plugins compatible for Editor in 9.31 ms, found 3 plugins.
Preloading 0 native plugins for Editor in 0.00 ms.
Unloading 4484 Unused Serialized files (Serialized files now loaded: 0)
Unloading 31 unused Assets / (66.3 KB). Loaded Objects now: 5099.
Memory consumption went from 174.3 MB to 174.2 MB.
Total: 17.706800 ms (FindLiveObjects: 0.720800 ms CreateObjectMapping: 0.114700 ms MarkObjects: 16.697200 ms  DeleteObjects: 0.172000 ms)

Prepare: number of updated asset objects reloaded= 0
AssetImportParameters requested are different than current active one (requested -> active):
  custom:scripting/monoscript/fileName/CatchGameFieldGeneratedRequest.cs: a67d51feea369e3830f924d9b8e9bd99 -> 17b67da9d0f3c4e2f8690dc96459b2b2
  custom:scripting/monoscript/fileName/TileGenerator3.cs: d30fb83fc6ac7475a319a83728c9ad41 -> 9b48fa675f0bce54dde0ed40b926842e
  custom:scripting/monoscript/fileName/GameFieldGrowthWaveAlgorithmTag.cs: 0ef400f135d729b9ef5ef61213bf46ca -> 992c54089fb6287a3abd63c766c90ae4
  custom:scripting/monoscript/fileName/CreateControlsRequest.cs: b6b52fa38bc5533b3ae550ee8b4085d9 -> 16e50cc2756add101f300d8e44319dd4
  custom:scripting/monoscript/fileName/HUDPrefab.cs: 30eaa62651e9c88e43fcb0d04e30077a -> 114724dd8b86c8d5655c0a4636c8f807
  custom:container-demuxer-ogg: 62fdf1f143b41e24485cea50d1cbac27 -> 
  custom:scripting/monoscript/fileName/TileGenerator2.cs: 09c5b2f1e3412cb486138eafe6da2ee9 -> d25441398affce60b9e3b08d18b5fa1c
  custom:scripting/monoscript/fileName/GameFlowFeature.cs: e6718831d198d39704b255f20f16f8d0 -> df0113f54b1bbce00d62c010ef3fe8b4
  custom:scripting/monoscript/fileName/CreationAnimalStrategyCfg.cs: fb433a13c1a2eff2a6d277801dbab975 -> 4fd36c8314e91d36d51becb0cdc6faeb
  custom:scripting/monoscript/fileName/CreateAnimalsSystem.cs: 8cef56369804335c0ac2e97203aee8a9 -> bee4bc1341c43b6aa3c88b1b3d4e3e18
  custom:scripting/monoscript/fileName/ScrollToTargetEvent.cs: 267de8c3fdba9d89cbf5a80a977d1db1 -> 1606e13368f10abd95859ea46f664d86
  custom:scripting/monoscript/fileName/GameFieldGeneratedEvent.cs: f908cee032e843be5ba60b9a2c441882 -> a6030e6b0b808118faf8aa49ffee5b94
  custom:scripting/monoscript/fileName/RandomGameFieldAlgorithmSystem.cs: 22b92a32636676be944ecefe67707cbf -> c5085b777b6be8657ea1f9bd1eb1f0e6
  custom:scripting/monoscript/fileName/GameFieldWaveAlgorithmTag.cs: 5be4d41974793f3169ea3a8184ff61d2 -> a3fe88f8e3ec0ea7cb6587b6cb569630
  custom:scripting/monoscript/fileName/GameFieldAlgorithms.cs: 9210f2e649de58f37f078a6eadd5eb19 -> a68d1cf9c70b1eb7af91f8532ed35f7f
  custom:scripting/monoscript/fileName/MetaGameUIHiddenEvent.cs: 342ed956eb53710532411f8c2784417a -> 463482aa840de7082f4a278ef86a7e1d
  custom:scripting/monoscript/fileName/LevelClearedEvent.cs: bbac8ca3904db25721b8cf3b0fab6582 -> 663b31180f17f64cf76455cfee4638c9
  custom:scripting/monoscript/fileName/GameScreenPrefab.cs: ad79cba3a80ff268ab301d438f50d7a3 -> b778ed7a73a66bec617f434ba9deff77
  custom:video-decoder-ogg-theora: a1e56fd34408186e4bbccfd4996cb3dc -> 
  custom:scripting/monoscript/fileName/CalculateCellScaleYSystem.cs: 939787dca0b233005791ec684dff156a -> 24348a5eb2340227fde21c4e16f198a5
  custom:scripting/monoscript/fileName/AnimalPositionedEvent.cs: 8e15db485d40ca13ea5402666ad1b4b3 -> 1bc3206bed9925993456a53b954cd396
  custom:scripting/monoscript/fileName/ScrollSnapEffect.cs: b6c51e4f0f8afbbfdca8ecd17bfb0fb9 -> 91d29477668f48905bbbd4cb6247533d
  custom:scripting/monoscript/fileName/LevelLifeTimeMarker.cs: bfaf24a17910b0a8ddcc0f9024db8056 -> d0a88ae6d48c761dad292d2aec410cb0
  custom:scripting/monoscript/fileName/GameFieldPlaneAlgorithmTag.cs: 21e5015ce1d5b093ab9d6011592292bd -> 7cf8c3e3aade2f1d2e7a2f82f1c5463e
  custom:framework-win-MediaFoundation: 216162199b28c13a410421893ffa2e32 -> 
  custom:scripting/monoscript/fileName/LevelLostEvent.cs: afc9b242eba24b2b4392b9bea1cad284 -> d1c8f0634443fb2b56e42e7c40935303
  custom:scripting/monoscript/fileName/GameField.cs: 27b6b3d034a0ef2e26f2934f1319d99d -> bf9a4c69a023939dbb88e3f1703ca432
  custom:scripting/monoscript/fileName/ScrollSnap.cs: 5dd984369f102ebda4e54789a0ea104e -> 74fe1fbb0f6bef271000d67e7c21bd45
  custom:scripting/monoscript/fileName/HideMetaGameUIRequest.cs: c6d8ffd38038f5edb986b7d2b1660fc7 -> 023f27171a187f71ff8a4853369f6cb5
  custom:scripting/monoscript/fileName/ReferenceCodeGen.cs: 1847e30272d75555141d3031c134c733 -> 
  custom:scripting/monoscript/fileName/GameCreatedEvent.cs: 25808abd6af439ae2d396c16c3d9e8f2 -> 13c2ac463741ba32d214c8bfa0606347
  custom:scripting/monoscript/fileName/TileGeneratedEvent.cs: 1b597c0aa79fd56f2f4088925f13cbef -> dba7452f6d7179c1abc1b361aa9403a8
  custom:scripting/monoscript/fileName/ScrollSnapSystem.cs: 51807458632b0abe0dcd77862975ce47 -> 49fa898761310374e9100843919f1617
  custom:scripting/monoscript/fileName/ChainDestructionRequestSystem.cs: e36a5ffa427d50aa181531f55986ccd8 -> 
  custom:scripting/monoscript/fileName/GameFlowSystem.cs: cf1e5382541a33c73a981035dae85045 -> b60539680bd07758445284af098b515c
  custom:scripting/monoscript/fileName/LevelLostCheckSystem.cs: 255183d3cc1fbb2d10c8abfa77b7b9e2 -> 1205ba5e4744c00285ba2c45a53da364
  custom:scripting/monoscript/fileName/CatchGameFieldEventsSystem.cs: 69b1fa6bdab0b0e6ef5f59e5ba1798e4 -> d8fdc78bead3537fb228755ca2d434dd
  custom:scripting/monoscript/fileName/FitObjectToCamera.cs: 942221b48ed202602e9ac643e54d7650 -> aaedefa2aeb7069389a90129af0ec391
  custom:scripting/monoscript/fileName/DestructionAnimalStrategyCfg.cs: b5449fe14a7d9ce6de2ff0202c280054 -> dcccc812fc5e86758b5038f4fc7d9a74
  custom:scripting/monoscript/fileName/CameraScaler.cs: 150bf424de40cfdb27d6bfc1fd0a2d72 -> 3cbb08bff7a396f130a0443ef1ccb748
  custom:scripting/monoscript/fileName/ScoreUIConnect.cs: c27938a2bdddd88ab951e7adbbd35794 -> ac7c32a805063f081f2fababb8d4d898
  custom:CustomObjectIndexerAttribute: 9a22284fe3817be447336de3de66b15e -> 
  custom:scripting/monoscript/fileName/ChainDestructionSystem.cs: 1804387f55e34d8c464a091638dbfb17 -> 
  custom:scripting/monoscript/fileName/GameFieldDestructRequest.cs: 10e88c15a7ec0cf5e99dbb40e0a3edf8 -> 39e29c44e39353c5f5e46e4fd35fb435
  custom:scripting/monoscript/fileName/GameLossTimerConnect.cs: f0cf7139ab50e9b8389bcd82a4789c30 -> 21c0067c523cc022f4caa4d8eef3c889
  custom:scripting/monoscript/fileName/GameFieldAlgorithmCfg.cs: 2a67613a1067bee0772c4bce0a006e8e -> c18842b2d8e9d19897c42dc941ae1a61
  custom:scripting/monoscript/fileName/DestructionChainTag.cs: d52207bbfd049f584009aa3d50645080 -> 
  custom:scripting/monoscript/fileName/AnimalCreationChainStrategySystem.cs: cfd77a10d3edff40c8fa516ba194c3f6 -> 6245b6c4937dad6bd6bfbe1a5bb91d82
  custom:scripting/monoscript/fileName/MetaGameUISystem.cs: 93f0bb4ace47f6ac6817404d82ccb661 -> 34bedb813123b4b9a91614edd15a8069
  custom:scripting/monoscript/fileName/ScrollSetupRequest.cs: a402aba2680e5863d1008ad06428d65a -> e1c69e68812599757df2aff91a4e9cf2
  custom:container-demuxer-webm: 4f35f7cbe854078d1ac9338744f61a02 -> 
  custom:scripting/monoscript/fileName/FadeEffect.cs: 4615b2acb46a691c33b29aab26f2062a -> 
  custom:scripting/monoscript/fileName/MetaGameUIHiddenMarker.cs: a71b94db2ed8f97f815cc84fb87d48eb -> dddb2beaf43a7ef60953e2f9eacf78f8
  custom:scripting/monoscript/fileName/SourceCodeModifier.cs: 3ffa94fedf57701a474133f623b99b6a -> 5c7f9a2114ee5b14002453c253315bd0
  custom:scripting/monoscript/fileName/GameFieldAlgorithmTag.cs: 5b91fd95ca72cd7048aa9f46e543e265 -> da7c22434643605d19edac79c0d3b3c7
  custom:scripting/monoscript/fileName/GameFieldGrowthWaveAlgorithmSystem.cs: c43067b71ef74cae0090827f88cfe4b8 -> 00c4aec9ff9f1e3764b69170240089db
  custom:scripting/monoscript/fileName/LevelLossSystem.cs: 89eef653e3f28787ebae3df17b9a17fa -> 1a50b41fb86c42146dd1e7eca3f63c3b
  custom:scripting/monoscript/fileName/GameFieldGenerateRequest.cs: b3f004fb89f931ad5595eca9c3e3ea7d -> fc85f9d1ad1c72513abf13f206f13826
  custom:container-muxer-webm: aa71ff27fc2769a1b78a27578f13a17b -> 
  custom:scripting/monoscript/fileName/AnimalDestructedEvent.cs: de6741ad9146f65b9ee26b392c6f63b7 -> e882e3b205fcfc8f4d8ec1b06235b0f7
  custom:scripting/monoscript/fileName/DeleteEntityCommand.cs: bcabe5bfe518320718d48d41a3a0e90a -> 
  custom:video-decoder-webm-vp8: 9c59270c3fd7afecdb556c50c9e8de78 -> 
  custom:scripting/monoscript/fileName/DestroyViewRequest.cs: 1a0b5b4a36b5820faa4b3894f8324e00 -> 0ebb0c5641d0ac20e497e246c3eff337
  custom:scripting/monoscript/fileName/ApplyDestructionStrategyRequest.cs: 032a28d88c65010193deb5a4b99f58dd -> 213312285ccaacd75ce574cb89bf2411
  custom:scripting/monoscript/fileName/TileGenerator.cs: 042c900c13328f8a0055f0bccddada85 -> a538991689346061c6a9a2a96b02d37e
  custom:scripting/monoscript/fileName/ScaleEffect.cs: bf12e834d532f4f806bebaac99f812c1 -> 
  custom:SearchIndexIgnoredProperties: e643bd26f0fe6173181afceb89e7c659 -> 
  custom:scripting/monoscript/fileName/ScrollSnappedMarker.cs: 066cb0420eaae820b69ffbae9344f0b4 -> 1cd14000dfdbca98f6dda0685bba7fce
  custom:scripting/monoscript/fileName/DestroyViewSystem.cs: e1c1ea54b0c9f7465aac7332f0e6d6a8 -> 59b102bdf1755f7c7d016788c0259b93
  custom:scripting/monoscript/fileName/CleanupLevelRequest.cs: a4116677aeb8d793871c137a2a44b119 -> c4dd04e39c7a6664b68dab929adf2e81
  custom:AudioImporter_EditorPlatform: d09bf68614088b80899f8185d706f6e7 -> 
  custom:scripting/monoscript/fileName/ChainMovementMarker.cs: feac63d7e5aa51292f19abaa1d9db08c -> 
  custom:scripting/monoscript/fileName/ScrollPosition.cs: 225c0c33ea226da69f3473693dfb3c05 -> 9f9e723ba8833b9541ecfca3c6d6f8bc
  custom:scripting/monoscript/fileName/GameFieldWaveAlgorithmSystem.cs: fc14103f781a8cbb106ceeeb57eaeaab -> 607884f57fd7ce8ffeb8d2a7c96f93a3
  custom:scripting/monoscript/fileName/PlayerCfgRef.cs: 6d19f04523dbbba4fc64c8057f04e02a -> 198dbad4b6bbc11b3942c96af8dde650
  custom:scripting/monoscript/fileName/DestructionChainStrategySystem.cs: 783bb7763cba92611d8e9cf6674063b1 -> ddd821ede2656248bf0e9ddf669d5a28
  custom:scripting/monoscript/fileName/CreationChainTag.cs: 2998fd809902939f0ee04f473eeca00e -> 
  custom:scripting/monoscript/fileName/DestructionFeature.cs: b9b7cdbe8848a566388411c97a5fbd67 -> adcfef4ac4e45d2e562dcdc6fa49e429
  custom:scripting/monoscript/fileName/GameFieldAlgorithmIndex.cs: 9457d7f2147049910ea06f2159c61fc6 -> 7a58e7c6b5adebdaec058182398a5707
  custom:scripting/monoscript/fileName/GameLossTimerSystem.cs: de0b464553cb6b861179a91f75237edf -> 071940ff3f3e183b1d11d15239224386
  custom:scripting/monoscript/fileName/GameFieldPlaneAlgorithmSystem.cs: 526228704b2d4ed12e4753080710ec45 -> fec5555e40052f9e75dc859f5d201f4d
  custom:scripting/monoscript/fileName/ScrollSnappedEvent.cs: 85353374ba80b5fbd36ff4e2e7944412 -> 8bf4efe021842362c4e7d55e6a37d79a
  custom:scripting/monoscript/fileName/ShowMetaGameUIRequest.cs: 5564592071856871b46e981baa2e91f8 -> a88d7f1c319941ffae2f3a8957251596
  custom:scripting/monoscript/fileName/TileGenerator6.cs: 0a225711dfb489626c74dc5ff5d78f40 -> 83a93281253429d4bd51d4bfaf52f3ed
  custom:scripting/monoscript/fileName/GameFieldDestructedRequest.cs: c04d6601b9dc935cfc91348b0b9cc810 -> 47034b076d3abdec8c90304ac1fc38f1
  custom:scripting/monoscript/fileName/MetaGameUI.cs: b1f4a332b284a38895d9534e62ff0baf -> 67622f9ccfe38dacd5af3f2ae37c3026
  custom:scripting/monoscript/fileName/GameFieldClickSystem.cs: 9e6e496c03415de771bf8909db35f03b -> 3b1ea4c67b8ab5832ff3a23919e79f06
  custom:scripting/monoscript/fileName/BaseScrollSnapEffect.cs: d407bd1fc108496d969888a00479cce0 -> 
  custom:scripting/monoscript/fileName/CreateHUDSystem.cs: f8cd7ef545fa25f934c486aaa420eedd -> 43c05b406d9086180812a87a0e010e47
  custom:scripting/monoscript/fileName/Levels.cs: f22977143cde483af3e13597acee3c02 -> 37490b0d126f14e1e1d31453e3e94ae4
  custom:video-encoder-webm-vp8: eb34c28f22e8b96e1ab97ce403110664 -> 
  custom:scripting/monoscript/fileName/AnimalDestructionChainStrategySystem.cs: 23f4cc2de4c34d4d82415b095d5404aa -> 2d33061d60136630278a03c1042b54b3
  custom:scripting/monoscript/fileName/AnimalSpawnedEvent.cs: 18a67763bcf9b1b1ac26ffbfcbeed587 -> 7ad467d334ed6914a6a27adce1847b10
  custom:scripting/monoscript/fileName/RewardConnect.cs: de79e19f525e7b5954dbb77b1f453e4e -> 6751c3bbc08d4697c3b42878cd3daebd
  custom:audio-decoder-ogg-vorbis: bf7c407c2cedff20999df2af8eb42d56 -> 
  custom:scripting/monoscript/fileName/CleanupLevelSystem.cs: 72214ed46a73a03fca528428e05bd1c5 -> 8a5bce7edb21df4c4707d0529e30155e
  custom:scripting/monoscript/fileName/GameTag.cs: 2f67c69f27e85f806b88deb8c87b88d2 -> f5290ba12be2c3f124e97ffb76e9ea9f
  custom:scripting/monoscript/fileName/ScrollSnapTag.cs: 893d8b8aa473763f6ed0fb5321bbad28 -> c53bb14ce7c537cec4ba51b6c7bc6939
  custom:scripting/monoscript/fileName/GameFieldFeature.cs: 1f8b976c740b234c284fddfd95c568fd -> 9a83e32ad7b7857e12d74cf105f5a137
  custom:scripting/monoscript/fileName/GameScreen.cs: deb4cff0d85b325b8a61d3844cabec07 -> 84ec6758a1e33abe8d42365166b67ebd
  custom:scripting/monoscript/fileName/DestructionStrategyTag.cs: 950962d7baf41bc8fed98ea522a40170 -> 
  custom:scripting/monoscript/fileName/ScrollDraggedEvent.cs: d4b82f514f08a6e7eb8d3acbba3af876 -> 76bd8895c3b43170415bf40518460c7d
  custom:scripting/monoscript/fileName/CreateHUDRequest.cs: 61b5f154a3d1ac03d04c59d29d1c4e05 -> 11938a6be2a737aa70fadc220742dab2
  custom:scripting/monoscript/fileName/TileGenerator4.cs: 1ec433f057ddbb323aab6300cdd41968 -> 9b8c2608bd1d4162243c126a2c3ab74b
  custom:scripting/monoscript/fileName/GrowthWave.cs: 7c48243a6dd50c54e09b35b8a70e858a -> ab7a6a6e85687b04c58c7a681131bfdc
  custom:scripting/monoscript/fileName/AssemblyAnalyzer.cs: 5883fa404100530f6821c51e0df4a2b6 -> 
  custom:scripting/monoscript/fileName/CreateCoinRequest.cs: b6ee2396be79577ff18a940acb85bfe6 -> 8bf745611aed40a8441b8db392ff0316
  custom:scripting/monoscript/fileName/CreateGameLossTimerRequest.cs: 286f3e38529572dc1661f3473c808992 -> ef901bf1b06c7938a6030a67dd4d6d21
  custom:scripting/monoscript/fileName/DeathEvent.cs: ae7a15dcf33e2eb04a19bf37c49c469a -> 7ba4c6fe9f322f00d774d318ef8ef3b2
  custom:scripting/monoscript/fileName/GameFieldDestructedEvent.cs: 565697dff0d07f15eb4da25529efeaf3 -> 249503e823ee8a2543fdc65535f78404
  custom:scripting/monoscript/fileName/Wave.cs: e8061bad203a1f6efd397e8313ec6d83 -> ed89714bef4a8fe64f993c8bbc6df15f
  custom:scripting/monoscript/fileName/GameFieldDestructedMarker.cs: ab2e5320e3676ca16774eba7277d5b9e -> 6af6280f9d165b3fa0cbeef98677737a
  custom:scripting/monoscript/fileName/CoinUIConnect.cs: 8505822111497da435ec6d27192811c8 -> 9bed0bffdd7b151bbdc04ee5da58d9a4
  custom:scripting/monoscript/fileName/CreateGameSystem.cs: c40209e5646f830645bfdfa6dda44b96 -> acdc7e582431689501a3c2e4d1b573d0
  custom:audio-encoder-webm-vorbis: bf7c407c2cedff20999df2af8eb42d56 -> 
  custom:scripting/monoscript/fileName/ApplyStrategyRequest.cs: 04790d20b7aab51157b87a2b7ea70902 -> 
  custom:scripting/monoscript/fileName/ScrollSystem.cs: 80ef92943d864cb0b392598d6fcd75b9 -> 
  custom:scripting/monoscript/fileName/CreationChainStrategyTag.cs: 4fd921b87fca9ba0c731b954efca90f5 -> 7572d150aeb0955f670c8845e4df7c53
  custom:scripting/monoscript/fileName/ScrollDraggedMarker.cs: f40ec288e4d6330335dd03fa8726c839 -> 74ece2a65d27c55d64e7936bb538e5a8
  custom:scripting/monoscript/fileName/CreateAnimalsRequest.cs: a7ebd1a26b1e6c2c8f783f7506341452 -> 45001033be0d024e3f69c19d212eca00
  custom:scripting/monoscript/fileName/GameFieldGeneratedMarker.cs: 3343d51a95b5393b866292f7dd40076e -> 8ec9e96219719154c6ef937af1a570ab
  custom:scripting/monoscript/fileName/TileGenerator7.cs: d48bfbfd829455d8678bccfbd4ddf1db -> d7e74d9e48390acec81fb7d05eab04b6
  custom:scripting/monoscript/fileName/ClickSideMarker.cs: c1aa69917ccbb0e088243ec1d2c1ed5f -> 0c097904c16edc5a7ac1137f05d8d51c
  custom:scripting/monoscript/fileName/LevelLostMarker.cs: 93ebe850d5850b9eb8bc2c04e2ffed33 -> 3e55ffaf6b929b3b51e014250d9920ac
  custom:scripting/monoscript/fileName/GameTitleConnect.cs: 5c14e36aa95fc82c33183a9dfce72cd2 -> 41a65dfb2d31309386b013674fae2e80
  custom:scripting/monoscript/fileName/CreateGameScreenRequest.cs: a885ba890460f60ddcd2c66df732e91f -> 066c58def3458c57fd1f40d51ed860c1
  custom:scripting/monoscript/fileName/ScrollToTargetMarker.cs: 7c2577f2a0b3fb585d934a4d0b35b7ec -> 01286f347cbc8bec863dbe15212d04dd
  custom:scripting/monoscript/fileName/GameFieldGeneratedByAlgorithm.cs: 642fd6d4f4e02c35c870cd61f2ca081f -> 074895d821d9efb916232844efdac6c8
  custom:scripting/monoscript/fileName/TileGenerator5.cs: 0eaf6fadc56123ad87a1d593fa635ede -> ee69db292b395fb7006478b7279c5ca6
  custom:scripting/monoscript/fileName/GameScreenSystem.cs: a0b364fc1bcdda23e4dd359a2204c08d -> 402c5e1323b5b0152bd1eea24fa29d07
  custom:scripting/monoscript/fileName/DestructionChainStrategyTag.cs: b0d607db3ab31634dee73b569e199000 -> 0c62c6ddeecb954158e34eafdd3e629f
========================================================================
Received Prepare
Caller must complete domain reload
Begin MonoManager ReloadAssembly
- Loaded All Assemblies, in  1.943 seconds
Native extension for WindowsStandalone target not found
Native extension for Android target not found
Native extension for WebGL target not found
[Package Manager] Server::EnsureServerProcessIsRunning -- launch failed, reason: Unity was launched with the -noUpm command-line argument
[Package Manager] UpmClient::Send -- Unable to send message (not connected to UPM process).
[Package Manager] Cannot connect to Unity Package Manager local server
Mono: successfully reloaded assembly
[Package Manager] Server::EnsureServerProcessIsRunning -- launch failed, reason: Unity was launched with the -noUpm command-line argument
[Package Manager] UpmClient::Send -- Unable to send message (not connected to UPM process).
[Package Manager] Cannot connect to Unity Package Manager local server
- Finished resetting the current domain, in  2.168 seconds
Domain Reload Profiling: 4119ms
	BeginReloadAssembly (812ms)
		ExecutionOrderSort (0ms)
		DisableScriptedObjects (36ms)
		BackupInstance (0ms)
		ReleaseScriptingObjects (5ms)
		CreateAndSetChildDomain (404ms)
	RebuildCommonClasses (43ms)
	RebuildNativeTypeToScriptingClass (14ms)
	initialDomainReloadingComplete (41ms)
	LoadAllAssembliesAndSetupDomain (1035ms)
		LoadAssemblies (1155ms)
		RebuildTransferFunctionScriptingTraits (0ms)
		AnalyzeDomain (66ms)
			TypeCache.Refresh (35ms)
				TypeCache.ScanAssembly (10ms)
			ScanForSourceGeneratedMonoScriptInfo (19ms)
			ResolveRequiredComponents (10ms)
	FinalizeReload (2175ms)
		ReleaseScriptCaches (0ms)
		RebuildScriptCaches (0ms)
		SetupLoadedEditorAssemblies (1167ms)
			LogAssemblyErrors (0ms)
			InitializePlatformSupportModulesInManaged (53ms)
			SetLoadedEditorAssemblies (9ms)
			RefreshPlugins (0ms)
			BeforeProcessingInitializeOnLoad (92ms)
			ProcessInitializeOnLoadAttributes (540ms)
			ProcessInitializeOnLoadMethodAttributes (461ms)
			AfterProcessingInitializeOnLoad (4ms)
			EditorAssembliesLoaded (9ms)
		ExecutionOrderSort2 (1ms)
		AwakeInstancesAfterBackupRestoration (19ms)
Refreshing native plugins compatible for Editor in 15.91 ms, found 3 plugins.
Preloading 0 native plugins for Editor in 0.00 ms.
Unloading 4484 Unused Serialized files (Serialized files now loaded: 0)
Unloading 31 unused Assets / (67.3 KB). Loaded Objects now: 5102.
Memory consumption went from 185.8 MB to 185.7 MB.
Total: 31.269300 ms (FindLiveObjects: 2.732800 ms CreateObjectMapping: 0.518500 ms MarkObjects: 26.964100 ms  DeleteObjects: 1.050400 ms)

Prepare: number of updated asset objects reloaded= 0
AssetImportParameters requested are different than current active one (requested -> active):
  custom:scripting/monoscript/fileName/CatchGameFieldGeneratedRequest.cs: a67d51feea369e3830f924d9b8e9bd99 -> 17b67da9d0f3c4e2f8690dc96459b2b2
  custom:scripting/monoscript/fileName/TileGenerator3.cs: d30fb83fc6ac7475a319a83728c9ad41 -> 9b48fa675f0bce54dde0ed40b926842e
  custom:scripting/monoscript/fileName/GameFieldGrowthWaveAlgorithmTag.cs: 0ef400f135d729b9ef5ef61213bf46ca -> 992c54089fb6287a3abd63c766c90ae4
  custom:scripting/monoscript/fileName/CreateControlsRequest.cs: b6b52fa38bc5533b3ae550ee8b4085d9 -> 16e50cc2756add101f300d8e44319dd4
  custom:scripting/monoscript/fileName/HUDPrefab.cs: 30eaa62651e9c88e43fcb0d04e30077a -> 114724dd8b86c8d5655c0a4636c8f807
  custom:container-demuxer-ogg: 62fdf1f143b41e24485cea50d1cbac27 -> 
  custom:scripting/monoscript/fileName/TileGenerator2.cs: 09c5b2f1e3412cb486138eafe6da2ee9 -> d25441398affce60b9e3b08d18b5fa1c
  custom:scripting/monoscript/fileName/GameFlowFeature.cs: e6718831d198d39704b255f20f16f8d0 -> df0113f54b1bbce00d62c010ef3fe8b4
  custom:scripting/monoscript/fileName/CreationAnimalStrategyCfg.cs: fb433a13c1a2eff2a6d277801dbab975 -> 4fd36c8314e91d36d51becb0cdc6faeb
  custom:scripting/monoscript/fileName/CreateAnimalsSystem.cs: 8cef56369804335c0ac2e97203aee8a9 -> bee4bc1341c43b6aa3c88b1b3d4e3e18
  custom:scripting/monoscript/fileName/ScrollToTargetEvent.cs: 267de8c3fdba9d89cbf5a80a977d1db1 -> 1606e13368f10abd95859ea46f664d86
  custom:scripting/monoscript/fileName/GameFieldGeneratedEvent.cs: f908cee032e843be5ba60b9a2c441882 -> a6030e6b0b808118faf8aa49ffee5b94
  custom:scripting/monoscript/fileName/RandomGameFieldAlgorithmSystem.cs: 22b92a32636676be944ecefe67707cbf -> c5085b777b6be8657ea1f9bd1eb1f0e6
  custom:scripting/monoscript/fileName/GameFieldWaveAlgorithmTag.cs: 5be4d41974793f3169ea3a8184ff61d2 -> a3fe88f8e3ec0ea7cb6587b6cb569630
  custom:scripting/monoscript/fileName/GameFieldAlgorithms.cs: 9210f2e649de58f37f078a6eadd5eb19 -> a68d1cf9c70b1eb7af91f8532ed35f7f
  custom:scripting/monoscript/fileName/MetaGameUIHiddenEvent.cs: 342ed956eb53710532411f8c2784417a -> 463482aa840de7082f4a278ef86a7e1d
  custom:scripting/monoscript/fileName/LevelClearedEvent.cs: bbac8ca3904db25721b8cf3b0fab6582 -> 663b31180f17f64cf76455cfee4638c9
  custom:scripting/monoscript/fileName/GameScreenPrefab.cs: ad79cba3a80ff268ab301d438f50d7a3 -> b778ed7a73a66bec617f434ba9deff77
  custom:video-decoder-ogg-theora: a1e56fd34408186e4bbccfd4996cb3dc -> 
  custom:scripting/monoscript/fileName/CalculateCellScaleYSystem.cs: 939787dca0b233005791ec684dff156a -> 24348a5eb2340227fde21c4e16f198a5
  custom:scripting/monoscript/fileName/AnimalPositionedEvent.cs: 8e15db485d40ca13ea5402666ad1b4b3 -> 1bc3206bed9925993456a53b954cd396
  custom:scripting/monoscript/fileName/ScrollSnapEffect.cs: b6c51e4f0f8afbbfdca8ecd17bfb0fb9 -> 91d29477668f48905bbbd4cb6247533d
  custom:scripting/monoscript/fileName/LevelLifeTimeMarker.cs: bfaf24a17910b0a8ddcc0f9024db8056 -> d0a88ae6d48c761dad292d2aec410cb0
  custom:scripting/monoscript/fileName/GameFieldPlaneAlgorithmTag.cs: 21e5015ce1d5b093ab9d6011592292bd -> 7cf8c3e3aade2f1d2e7a2f82f1c5463e
  custom:framework-win-MediaFoundation: 216162199b28c13a410421893ffa2e32 -> 
  custom:scripting/monoscript/fileName/LevelLostEvent.cs: afc9b242eba24b2b4392b9bea1cad284 -> d1c8f0634443fb2b56e42e7c40935303
  custom:scripting/monoscript/fileName/GameField.cs: 27b6b3d034a0ef2e26f2934f1319d99d -> bf9a4c69a023939dbb88e3f1703ca432
  custom:scripting/monoscript/fileName/ScrollSnap.cs: 5dd984369f102ebda4e54789a0ea104e -> 74fe1fbb0f6bef271000d67e7c21bd45
  custom:scripting/monoscript/fileName/HideMetaGameUIRequest.cs: c6d8ffd38038f5edb986b7d2b1660fc7 -> 023f27171a187f71ff8a4853369f6cb5
  custom:scripting/monoscript/fileName/ReferenceCodeGen.cs: 1847e30272d75555141d3031c134c733 -> 
  custom:scripting/monoscript/fileName/GameCreatedEvent.cs: 25808abd6af439ae2d396c16c3d9e8f2 -> 13c2ac463741ba32d214c8bfa0606347
  custom:scripting/monoscript/fileName/TileGeneratedEvent.cs: 1b597c0aa79fd56f2f4088925f13cbef -> dba7452f6d7179c1abc1b361aa9403a8
  custom:scripting/monoscript/fileName/ScrollSnapSystem.cs: 51807458632b0abe0dcd77862975ce47 -> 49fa898761310374e9100843919f1617
  custom:scripting/monoscript/fileName/ChainDestructionRequestSystem.cs: e36a5ffa427d50aa181531f55986ccd8 -> 
  custom:scripting/monoscript/fileName/GameFlowSystem.cs: cf1e5382541a33c73a981035dae85045 -> b60539680bd07758445284af098b515c
  custom:scripting/monoscript/fileName/LevelLostCheckSystem.cs: 255183d3cc1fbb2d10c8abfa77b7b9e2 -> 1205ba5e4744c00285ba2c45a53da364
  custom:scripting/monoscript/fileName/CatchGameFieldEventsSystem.cs: 69b1fa6bdab0b0e6ef5f59e5ba1798e4 -> d8fdc78bead3537fb228755ca2d434dd
  custom:scripting/monoscript/fileName/FitObjectToCamera.cs: 942221b48ed202602e9ac643e54d7650 -> aaedefa2aeb7069389a90129af0ec391
  custom:scripting/monoscript/fileName/DestructionAnimalStrategyCfg.cs: b5449fe14a7d9ce6de2ff0202c280054 -> dcccc812fc5e86758b5038f4fc7d9a74
  custom:scripting/monoscript/fileName/CameraScaler.cs: 150bf424de40cfdb27d6bfc1fd0a2d72 -> 3cbb08bff7a396f130a0443ef1ccb748
  custom:scripting/monoscript/fileName/ScoreUIConnect.cs: c27938a2bdddd88ab951e7adbbd35794 -> ac7c32a805063f081f2fababb8d4d898
  custom:CustomObjectIndexerAttribute: 9a22284fe3817be447336de3de66b15e -> 
  custom:scripting/monoscript/fileName/ChainDestructionSystem.cs: 1804387f55e34d8c464a091638dbfb17 -> 
  custom:scripting/monoscript/fileName/GameFieldDestructRequest.cs: 10e88c15a7ec0cf5e99dbb40e0a3edf8 -> 39e29c44e39353c5f5e46e4fd35fb435
  custom:scripting/monoscript/fileName/GameLossTimerConnect.cs: f0cf7139ab50e9b8389bcd82a4789c30 -> 21c0067c523cc022f4caa4d8eef3c889
  custom:scripting/monoscript/fileName/GameFieldAlgorithmCfg.cs: 2a67613a1067bee0772c4bce0a006e8e -> c18842b2d8e9d19897c42dc941ae1a61
  custom:scripting/monoscript/fileName/DestructionChainTag.cs: d52207bbfd049f584009aa3d50645080 -> 
  custom:scripting/monoscript/fileName/AnimalCreationChainStrategySystem.cs: cfd77a10d3edff40c8fa516ba194c3f6 -> 6245b6c4937dad6bd6bfbe1a5bb91d82
  custom:scripting/monoscript/fileName/MetaGameUISystem.cs: 93f0bb4ace47f6ac6817404d82ccb661 -> 34bedb813123b4b9a91614edd15a8069
  custom:scripting/monoscript/fileName/ScrollSetupRequest.cs: a402aba2680e5863d1008ad06428d65a -> e1c69e68812599757df2aff91a4e9cf2
  custom:container-demuxer-webm: 4f35f7cbe854078d1ac9338744f61a02 -> 
  custom:scripting/monoscript/fileName/FadeEffect.cs: 4615b2acb46a691c33b29aab26f2062a -> 
  custom:scripting/monoscript/fileName/MetaGameUIHiddenMarker.cs: a71b94db2ed8f97f815cc84fb87d48eb -> dddb2beaf43a7ef60953e2f9eacf78f8
  custom:scripting/monoscript/fileName/SourceCodeModifier.cs: 3ffa94fedf57701a474133f623b99b6a -> 5c7f9a2114ee5b14002453c253315bd0
  custom:scripting/monoscript/fileName/GameFieldAlgorithmTag.cs: 5b91fd95ca72cd7048aa9f46e543e265 -> da7c22434643605d19edac79c0d3b3c7
  custom:scripting/monoscript/fileName/GameFieldGrowthWaveAlgorithmSystem.cs: c43067b71ef74cae0090827f88cfe4b8 -> 00c4aec9ff9f1e3764b69170240089db
  custom:scripting/monoscript/fileName/LevelLossSystem.cs: 89eef653e3f28787ebae3df17b9a17fa -> 1a50b41fb86c42146dd1e7eca3f63c3b
  custom:scripting/monoscript/fileName/GameFieldGenerateRequest.cs: b3f004fb89f931ad5595eca9c3e3ea7d -> fc85f9d1ad1c72513abf13f206f13826
  custom:container-muxer-webm: aa71ff27fc2769a1b78a27578f13a17b -> 
  custom:scripting/monoscript/fileName/AnimalDestructedEvent.cs: de6741ad9146f65b9ee26b392c6f63b7 -> e882e3b205fcfc8f4d8ec1b06235b0f7
  custom:scripting/monoscript/fileName/DeleteEntityCommand.cs: bcabe5bfe518320718d48d41a3a0e90a -> 
  custom:video-decoder-webm-vp8: 9c59270c3fd7afecdb556c50c9e8de78 -> 
  custom:scripting/monoscript/fileName/DestroyViewRequest.cs: 1a0b5b4a36b5820faa4b3894f8324e00 -> 0ebb0c5641d0ac20e497e246c3eff337
  custom:scripting/monoscript/fileName/ApplyDestructionStrategyRequest.cs: 032a28d88c65010193deb5a4b99f58dd -> 213312285ccaacd75ce574cb89bf2411
  custom:scripting/monoscript/fileName/TileGenerator.cs: 042c900c13328f8a0055f0bccddada85 -> a538991689346061c6a9a2a96b02d37e
  custom:scripting/monoscript/fileName/ScaleEffect.cs: bf12e834d532f4f806bebaac99f812c1 -> 
  custom:SearchIndexIgnoredProperties: e643bd26f0fe6173181afceb89e7c659 -> 
  custom:scripting/monoscript/fileName/ScrollSnappedMarker.cs: 066cb0420eaae820b69ffbae9344f0b4 -> 1cd14000dfdbca98f6dda0685bba7fce
  custom:scripting/monoscript/fileName/DestroyViewSystem.cs: e1c1ea54b0c9f7465aac7332f0e6d6a8 -> 59b102bdf1755f7c7d016788c0259b93
  custom:scripting/monoscript/fileName/CleanupLevelRequest.cs: a4116677aeb8d793871c137a2a44b119 -> c4dd04e39c7a6664b68dab929adf2e81
  custom:AudioImporter_EditorPlatform: d09bf68614088b80899f8185d706f6e7 -> 
  custom:scripting/monoscript/fileName/ChainMovementMarker.cs: feac63d7e5aa51292f19abaa1d9db08c -> 
  custom:scripting/monoscript/fileName/ScrollPosition.cs: 225c0c33ea226da69f3473693dfb3c05 -> 9f9e723ba8833b9541ecfca3c6d6f8bc
  custom:scripting/monoscript/fileName/GameFieldWaveAlgorithmSystem.cs: fc14103f781a8cbb106ceeeb57eaeaab -> 607884f57fd7ce8ffeb8d2a7c96f93a3
  custom:scripting/monoscript/fileName/PlayerCfgRef.cs: 6d19f04523dbbba4fc64c8057f04e02a -> 198dbad4b6bbc11b3942c96af8dde650
  custom:scripting/monoscript/fileName/DestructionChainStrategySystem.cs: 783bb7763cba92611d8e9cf6674063b1 -> ddd821ede2656248bf0e9ddf669d5a28
  custom:scripting/monoscript/fileName/CreationChainTag.cs: 2998fd809902939f0ee04f473eeca00e -> 
  custom:scripting/monoscript/fileName/DestructionFeature.cs: b9b7cdbe8848a566388411c97a5fbd67 -> adcfef4ac4e45d2e562dcdc6fa49e429
  custom:scripting/monoscript/fileName/GameFieldAlgorithmIndex.cs: 9457d7f2147049910ea06f2159c61fc6 -> 7a58e7c6b5adebdaec058182398a5707
  custom:scripting/monoscript/fileName/GameLossTimerSystem.cs: de0b464553cb6b861179a91f75237edf -> 071940ff3f3e183b1d11d15239224386
  custom:scripting/monoscript/fileName/GameFieldPlaneAlgorithmSystem.cs: 526228704b2d4ed12e4753080710ec45 -> fec5555e40052f9e75dc859f5d201f4d
  custom:scripting/monoscript/fileName/ScrollSnappedEvent.cs: 85353374ba80b5fbd36ff4e2e7944412 -> 8bf4efe021842362c4e7d55e6a37d79a
  custom:scripting/monoscript/fileName/ShowMetaGameUIRequest.cs: 5564592071856871b46e981baa2e91f8 -> a88d7f1c319941ffae2f3a8957251596
  custom:scripting/monoscript/fileName/TileGenerator6.cs: 0a225711dfb489626c74dc5ff5d78f40 -> 83a93281253429d4bd51d4bfaf52f3ed
  custom:scripting/monoscript/fileName/GameFieldDestructedRequest.cs: c04d6601b9dc935cfc91348b0b9cc810 -> 47034b076d3abdec8c90304ac1fc38f1
  custom:scripting/monoscript/fileName/MetaGameUI.cs: b1f4a332b284a38895d9534e62ff0baf -> 67622f9ccfe38dacd5af3f2ae37c3026
  custom:scripting/monoscript/fileName/GameFieldClickSystem.cs: 9e6e496c03415de771bf8909db35f03b -> 3b1ea4c67b8ab5832ff3a23919e79f06
  custom:scripting/monoscript/fileName/BaseScrollSnapEffect.cs: d407bd1fc108496d969888a00479cce0 -> 
  custom:scripting/monoscript/fileName/CreateHUDSystem.cs: f8cd7ef545fa25f934c486aaa420eedd -> 43c05b406d9086180812a87a0e010e47
  custom:scripting/monoscript/fileName/Levels.cs: f22977143cde483af3e13597acee3c02 -> 37490b0d126f14e1e1d31453e3e94ae4
  custom:video-encoder-webm-vp8: eb34c28f22e8b96e1ab97ce403110664 -> 
  custom:scripting/monoscript/fileName/AnimalDestructionChainStrategySystem.cs: 23f4cc2de4c34d4d82415b095d5404aa -> 2d33061d60136630278a03c1042b54b3
  custom:scripting/monoscript/fileName/AnimalSpawnedEvent.cs: 18a67763bcf9b1b1ac26ffbfcbeed587 -> 7ad467d334ed6914a6a27adce1847b10
  custom:scripting/monoscript/fileName/RewardConnect.cs: de79e19f525e7b5954dbb77b1f453e4e -> 6751c3bbc08d4697c3b42878cd3daebd
  custom:audio-decoder-ogg-vorbis: bf7c407c2cedff20999df2af8eb42d56 -> 
  custom:scripting/monoscript/fileName/CleanupLevelSystem.cs: 72214ed46a73a03fca528428e05bd1c5 -> 8a5bce7edb21df4c4707d0529e30155e
  custom:scripting/monoscript/fileName/GameTag.cs: 2f67c69f27e85f806b88deb8c87b88d2 -> f5290ba12be2c3f124e97ffb76e9ea9f
  custom:scripting/monoscript/fileName/ScrollSnapTag.cs: 893d8b8aa473763f6ed0fb5321bbad28 -> c53bb14ce7c537cec4ba51b6c7bc6939
  custom:scripting/monoscript/fileName/GameFieldFeature.cs: 1f8b976c740b234c284fddfd95c568fd -> 9a83e32ad7b7857e12d74cf105f5a137
  custom:scripting/monoscript/fileName/GameScreen.cs: deb4cff0d85b325b8a61d3844cabec07 -> 84ec6758a1e33abe8d42365166b67ebd
  custom:scripting/monoscript/fileName/DestructionStrategyTag.cs: 950962d7baf41bc8fed98ea522a40170 -> 
  custom:scripting/monoscript/fileName/ScrollDraggedEvent.cs: d4b82f514f08a6e7eb8d3acbba3af876 -> 76bd8895c3b43170415bf40518460c7d
  custom:scripting/monoscript/fileName/CreateHUDRequest.cs: 61b5f154a3d1ac03d04c59d29d1c4e05 -> 11938a6be2a737aa70fadc220742dab2
  custom:scripting/monoscript/fileName/TileGenerator4.cs: 1ec433f057ddbb323aab6300cdd41968 -> 9b8c2608bd1d4162243c126a2c3ab74b
  custom:scripting/monoscript/fileName/GrowthWave.cs: 7c48243a6dd50c54e09b35b8a70e858a -> ab7a6a6e85687b04c58c7a681131bfdc
  custom:scripting/monoscript/fileName/AssemblyAnalyzer.cs: 5883fa404100530f6821c51e0df4a2b6 -> 
  custom:scripting/monoscript/fileName/CreateCoinRequest.cs: b6ee2396be79577ff18a940acb85bfe6 -> 8bf745611aed40a8441b8db392ff0316
  custom:scripting/monoscript/fileName/CreateGameLossTimerRequest.cs: 286f3e38529572dc1661f3473c808992 -> ef901bf1b06c7938a6030a67dd4d6d21
  custom:scripting/monoscript/fileName/DeathEvent.cs: ae7a15dcf33e2eb04a19bf37c49c469a -> 7ba4c6fe9f322f00d774d318ef8ef3b2
  custom:scripting/monoscript/fileName/GameFieldDestructedEvent.cs: 565697dff0d07f15eb4da25529efeaf3 -> 249503e823ee8a2543fdc65535f78404
  custom:scripting/monoscript/fileName/Wave.cs: e8061bad203a1f6efd397e8313ec6d83 -> ed89714bef4a8fe64f993c8bbc6df15f
  custom:scripting/monoscript/fileName/GameFieldDestructedMarker.cs: ab2e5320e3676ca16774eba7277d5b9e -> 6af6280f9d165b3fa0cbeef98677737a
  custom:scripting/monoscript/fileName/CoinUIConnect.cs: 8505822111497da435ec6d27192811c8 -> 9bed0bffdd7b151bbdc04ee5da58d9a4
  custom:scripting/monoscript/fileName/CreateGameSystem.cs: c40209e5646f830645bfdfa6dda44b96 -> acdc7e582431689501a3c2e4d1b573d0
  custom:audio-encoder-webm-vorbis: bf7c407c2cedff20999df2af8eb42d56 -> 
  custom:scripting/monoscript/fileName/ApplyStrategyRequest.cs: 04790d20b7aab51157b87a2b7ea70902 -> 
  custom:scripting/monoscript/fileName/ScrollSystem.cs: 80ef92943d864cb0b392598d6fcd75b9 -> 
  custom:scripting/monoscript/fileName/CreationChainStrategyTag.cs: 4fd921b87fca9ba0c731b954efca90f5 -> 7572d150aeb0955f670c8845e4df7c53
  custom:scripting/monoscript/fileName/ScrollDraggedMarker.cs: f40ec288e4d6330335dd03fa8726c839 -> 74ece2a65d27c55d64e7936bb538e5a8
  custom:scripting/monoscript/fileName/CreateAnimalsRequest.cs: a7ebd1a26b1e6c2c8f783f7506341452 -> 45001033be0d024e3f69c19d212eca00
  custom:scripting/monoscript/fileName/GameFieldGeneratedMarker.cs: 3343d51a95b5393b866292f7dd40076e -> 8ec9e96219719154c6ef937af1a570ab
  custom:scripting/monoscript/fileName/TileGenerator7.cs: d48bfbfd829455d8678bccfbd4ddf1db -> d7e74d9e48390acec81fb7d05eab04b6
  custom:scripting/monoscript/fileName/ClickSideMarker.cs: c1aa69917ccbb0e088243ec1d2c1ed5f -> 0c097904c16edc5a7ac1137f05d8d51c
  custom:scripting/monoscript/fileName/LevelLostMarker.cs: 93ebe850d5850b9eb8bc2c04e2ffed33 -> 3e55ffaf6b929b3b51e014250d9920ac
  custom:scripting/monoscript/fileName/GameTitleConnect.cs: 5c14e36aa95fc82c33183a9dfce72cd2 -> 41a65dfb2d31309386b013674fae2e80
  custom:scripting/monoscript/fileName/CreateGameScreenRequest.cs: a885ba890460f60ddcd2c66df732e91f -> 066c58def3458c57fd1f40d51ed860c1
  custom:scripting/monoscript/fileName/ScrollToTargetMarker.cs: 7c2577f2a0b3fb585d934a4d0b35b7ec -> 01286f347cbc8bec863dbe15212d04dd
  custom:scripting/monoscript/fileName/GameFieldGeneratedByAlgorithm.cs: 642fd6d4f4e02c35c870cd61f2ca081f -> 074895d821d9efb916232844efdac6c8
  custom:scripting/monoscript/fileName/TileGenerator5.cs: 0eaf6fadc56123ad87a1d593fa635ede -> ee69db292b395fb7006478b7279c5ca6
  custom:scripting/monoscript/fileName/GameScreenSystem.cs: a0b364fc1bcdda23e4dd359a2204c08d -> 402c5e1323b5b0152bd1eea24fa29d07
  custom:scripting/monoscript/fileName/DestructionChainStrategyTag.cs: b0d607db3ab31634dee73b569e199000 -> 0c62c6ddeecb954158e34eafdd3e629f
========================================================================
Received Prepare
Caller must complete domain reload
Begin MonoManager ReloadAssembly
- Loaded All Assemblies, in  1.709 seconds
Native extension for WindowsStandalone target not found
Native extension for Android target not found
Native extension for WebGL target not found
[Package Manager] Server::EnsureServerProcessIsRunning -- launch failed, reason: Unity was launched with the -noUpm command-line argument
[Package Manager] UpmClient::Send -- Unable to send message (not connected to UPM process).
[Package Manager] Cannot connect to Unity Package Manager local server
Mono: successfully reloaded assembly
[Package Manager] Server::EnsureServerProcessIsRunning -- launch failed, reason: Unity was launched with the -noUpm command-line argument
[Package Manager] UpmClient::Send -- Unable to send message (not connected to UPM process).
[Package Manager] Cannot connect to Unity Package Manager local server
- Finished resetting the current domain, in  1.851 seconds
Domain Reload Profiling: 3578ms
	BeginReloadAssembly (387ms)
		ExecutionOrderSort (0ms)
		DisableScriptedObjects (28ms)
		BackupInstance (0ms)
		ReleaseScriptingObjects (2ms)
		CreateAndSetChildDomain (81ms)
	RebuildCommonClasses (29ms)
	RebuildNativeTypeToScriptingClass (10ms)
	initialDomainReloadingComplete (39ms)
	LoadAllAssembliesAndSetupDomain (1262ms)
		LoadAssemblies (1260ms)
		RebuildTransferFunctionScriptingTraits (0ms)
		AnalyzeDomain (167ms)
			TypeCache.Refresh (98ms)
				TypeCache.ScanAssembly (14ms)
			ScanForSourceGeneratedMonoScriptInfo (36ms)
			ResolveRequiredComponents (31ms)
	FinalizeReload (1852ms)
		ReleaseScriptCaches (0ms)
		RebuildScriptCaches (0ms)
		SetupLoadedEditorAssemblies (729ms)
			LogAssemblyErrors (0ms)
			InitializePlatformSupportModulesInManaged (34ms)
			SetLoadedEditorAssemblies (4ms)
			RefreshPlugins (0ms)
			BeforeProcessingInitializeOnLoad (68ms)
			ProcessInitializeOnLoadAttributes (375ms)
			ProcessInitializeOnLoadMethodAttributes (246ms)
			AfterProcessingInitializeOnLoad (3ms)
			EditorAssembliesLoaded (0ms)
		ExecutionOrderSort2 (0ms)
		AwakeInstancesAfterBackupRestoration (6ms)
Refreshing native plugins compatible for Editor in 7.54 ms, found 3 plugins.
Preloading 0 native plugins for Editor in 0.00 ms.
Unloading 4483 Unused Serialized files (Serialized files now loaded: 0)
Unloading 32 unused Assets / (67.3 KB). Loaded Objects now: 5104.
Memory consumption went from 185.8 MB to 185.7 MB.
Total: 32.448200 ms (FindLiveObjects: 1.060800 ms CreateObjectMapping: 0.195500 ms MarkObjects: 29.705400 ms  DeleteObjects: 1.485300 ms)

Prepare: number of updated asset objects reloaded= 0
AssetImportParameters requested are different than current active one (requested -> active):
  custom:scripting/monoscript/fileName/CatchGameFieldGeneratedRequest.cs: a67d51feea369e3830f924d9b8e9bd99 -> 17b67da9d0f3c4e2f8690dc96459b2b2
  custom:scripting/monoscript/fileName/TileGenerator3.cs: d30fb83fc6ac7475a319a83728c9ad41 -> 9b48fa675f0bce54dde0ed40b926842e
  custom:scripting/monoscript/fileName/GameFieldGrowthWaveAlgorithmTag.cs: 0ef400f135d729b9ef5ef61213bf46ca -> 992c54089fb6287a3abd63c766c90ae4
  custom:scripting/monoscript/fileName/CreateControlsRequest.cs: b6b52fa38bc5533b3ae550ee8b4085d9 -> 16e50cc2756add101f300d8e44319dd4
  custom:scripting/monoscript/fileName/HUDPrefab.cs: 30eaa62651e9c88e43fcb0d04e30077a -> 114724dd8b86c8d5655c0a4636c8f807
  custom:container-demuxer-ogg: 62fdf1f143b41e24485cea50d1cbac27 -> 
  custom:scripting/monoscript/fileName/TileGenerator2.cs: 09c5b2f1e3412cb486138eafe6da2ee9 -> d25441398affce60b9e3b08d18b5fa1c
  custom:scripting/monoscript/fileName/GameFlowFeature.cs: e6718831d198d39704b255f20f16f8d0 -> df0113f54b1bbce00d62c010ef3fe8b4
  custom:scripting/monoscript/fileName/CreationAnimalStrategyCfg.cs: fb433a13c1a2eff2a6d277801dbab975 -> 4fd36c8314e91d36d51becb0cdc6faeb
  custom:scripting/monoscript/fileName/CreateAnimalsSystem.cs: 8cef56369804335c0ac2e97203aee8a9 -> bee4bc1341c43b6aa3c88b1b3d4e3e18
  custom:scripting/monoscript/fileName/ScrollToTargetEvent.cs: 267de8c3fdba9d89cbf5a80a977d1db1 -> 1606e13368f10abd95859ea46f664d86
  custom:scripting/monoscript/fileName/GameFieldGeneratedEvent.cs: f908cee032e843be5ba60b9a2c441882 -> a6030e6b0b808118faf8aa49ffee5b94
  custom:scripting/monoscript/fileName/RandomGameFieldAlgorithmSystem.cs: 22b92a32636676be944ecefe67707cbf -> c5085b777b6be8657ea1f9bd1eb1f0e6
  custom:scripting/monoscript/fileName/GameFieldWaveAlgorithmTag.cs: 5be4d41974793f3169ea3a8184ff61d2 -> a3fe88f8e3ec0ea7cb6587b6cb569630
  custom:scripting/monoscript/fileName/GameFieldAlgorithms.cs: 9210f2e649de58f37f078a6eadd5eb19 -> a68d1cf9c70b1eb7af91f8532ed35f7f
  custom:scripting/monoscript/fileName/MetaGameUIHiddenEvent.cs: 342ed956eb53710532411f8c2784417a -> 463482aa840de7082f4a278ef86a7e1d
  custom:scripting/monoscript/fileName/LevelClearedEvent.cs: bbac8ca3904db25721b8cf3b0fab6582 -> 663b31180f17f64cf76455cfee4638c9
  custom:scripting/monoscript/fileName/GameScreenPrefab.cs: ad79cba3a80ff268ab301d438f50d7a3 -> b778ed7a73a66bec617f434ba9deff77
  custom:video-decoder-ogg-theora: a1e56fd34408186e4bbccfd4996cb3dc -> 
  custom:scripting/monoscript/fileName/CalculateCellScaleYSystem.cs: 939787dca0b233005791ec684dff156a -> 24348a5eb2340227fde21c4e16f198a5
  custom:scripting/monoscript/fileName/AnimalPositionedEvent.cs: 8e15db485d40ca13ea5402666ad1b4b3 -> 1bc3206bed9925993456a53b954cd396
  custom:scripting/monoscript/fileName/ScrollSnapEffect.cs: b6c51e4f0f8afbbfdca8ecd17bfb0fb9 -> 91d29477668f48905bbbd4cb6247533d
  custom:scripting/monoscript/fileName/LevelLifeTimeMarker.cs: bfaf24a17910b0a8ddcc0f9024db8056 -> d0a88ae6d48c761dad292d2aec410cb0
  custom:scripting/monoscript/fileName/GameFieldPlaneAlgorithmTag.cs: 21e5015ce1d5b093ab9d6011592292bd -> 7cf8c3e3aade2f1d2e7a2f82f1c5463e
  custom:framework-win-MediaFoundation: 216162199b28c13a410421893ffa2e32 -> 
  custom:scripting/monoscript/fileName/LevelLostEvent.cs: afc9b242eba24b2b4392b9bea1cad284 -> d1c8f0634443fb2b56e42e7c40935303
  custom:scripting/monoscript/fileName/GameField.cs: 27b6b3d034a0ef2e26f2934f1319d99d -> bf9a4c69a023939dbb88e3f1703ca432
  custom:scripting/monoscript/fileName/ScrollSnap.cs: 5dd984369f102ebda4e54789a0ea104e -> 74fe1fbb0f6bef271000d67e7c21bd45
  custom:scripting/monoscript/fileName/HideMetaGameUIRequest.cs: c6d8ffd38038f5edb986b7d2b1660fc7 -> 023f27171a187f71ff8a4853369f6cb5
  custom:scripting/monoscript/fileName/ReferenceCodeGen.cs: 1847e30272d75555141d3031c134c733 -> 
  custom:scripting/monoscript/fileName/GameCreatedEvent.cs: 25808abd6af439ae2d396c16c3d9e8f2 -> 13c2ac463741ba32d214c8bfa0606347
  custom:scripting/monoscript/fileName/TileGeneratedEvent.cs: 1b597c0aa79fd56f2f4088925f13cbef -> dba7452f6d7179c1abc1b361aa9403a8
  custom:scripting/monoscript/fileName/ScrollSnapSystem.cs: 51807458632b0abe0dcd77862975ce47 -> 49fa898761310374e9100843919f1617
  custom:scripting/monoscript/fileName/ChainDestructionRequestSystem.cs: e36a5ffa427d50aa181531f55986ccd8 -> 
  custom:scripting/monoscript/fileName/GameFlowSystem.cs: cf1e5382541a33c73a981035dae85045 -> b60539680bd07758445284af098b515c
  custom:scripting/monoscript/fileName/LevelLostCheckSystem.cs: 255183d3cc1fbb2d10c8abfa77b7b9e2 -> 1205ba5e4744c00285ba2c45a53da364
  custom:scripting/monoscript/fileName/CatchGameFieldEventsSystem.cs: 69b1fa6bdab0b0e6ef5f59e5ba1798e4 -> d8fdc78bead3537fb228755ca2d434dd
  custom:scripting/monoscript/fileName/FitObjectToCamera.cs: 942221b48ed202602e9ac643e54d7650 -> aaedefa2aeb7069389a90129af0ec391
  custom:scripting/monoscript/fileName/DestructionAnimalStrategyCfg.cs: b5449fe14a7d9ce6de2ff0202c280054 -> dcccc812fc5e86758b5038f4fc7d9a74
  custom:scripting/monoscript/fileName/CameraScaler.cs: 150bf424de40cfdb27d6bfc1fd0a2d72 -> 3cbb08bff7a396f130a0443ef1ccb748
  custom:scripting/monoscript/fileName/ScoreUIConnect.cs: c27938a2bdddd88ab951e7adbbd35794 -> ac7c32a805063f081f2fababb8d4d898
  custom:CustomObjectIndexerAttribute: 9a22284fe3817be447336de3de66b15e -> 
  custom:scripting/monoscript/fileName/ChainDestructionSystem.cs: 1804387f55e34d8c464a091638dbfb17 -> 
  custom:scripting/monoscript/fileName/GameFieldDestructRequest.cs: 10e88c15a7ec0cf5e99dbb40e0a3edf8 -> 39e29c44e39353c5f5e46e4fd35fb435
  custom:scripting/monoscript/fileName/GameLossTimerConnect.cs: f0cf7139ab50e9b8389bcd82a4789c30 -> 21c0067c523cc022f4caa4d8eef3c889
  custom:scripting/monoscript/fileName/GameFieldAlgorithmCfg.cs: 2a67613a1067bee0772c4bce0a006e8e -> c18842b2d8e9d19897c42dc941ae1a61
  custom:scripting/monoscript/fileName/DestructionChainTag.cs: d52207bbfd049f584009aa3d50645080 -> 
  custom:scripting/monoscript/fileName/AnimalCreationChainStrategySystem.cs: cfd77a10d3edff40c8fa516ba194c3f6 -> 6245b6c4937dad6bd6bfbe1a5bb91d82
  custom:scripting/monoscript/fileName/MetaGameUISystem.cs: 93f0bb4ace47f6ac6817404d82ccb661 -> 34bedb813123b4b9a91614edd15a8069
  custom:scripting/monoscript/fileName/ScrollSetupRequest.cs: a402aba2680e5863d1008ad06428d65a -> e1c69e68812599757df2aff91a4e9cf2
  custom:container-demuxer-webm: 4f35f7cbe854078d1ac9338744f61a02 -> 
  custom:scripting/monoscript/fileName/FadeEffect.cs: 4615b2acb46a691c33b29aab26f2062a -> 
  custom:scripting/monoscript/fileName/MetaGameUIHiddenMarker.cs: a71b94db2ed8f97f815cc84fb87d48eb -> dddb2beaf43a7ef60953e2f9eacf78f8
  custom:scripting/monoscript/fileName/SourceCodeModifier.cs: 3ffa94fedf57701a474133f623b99b6a -> 5c7f9a2114ee5b14002453c253315bd0
  custom:scripting/monoscript/fileName/GameFieldAlgorithmTag.cs: 5b91fd95ca72cd7048aa9f46e543e265 -> da7c22434643605d19edac79c0d3b3c7
  custom:scripting/monoscript/fileName/GameFieldGrowthWaveAlgorithmSystem.cs: c43067b71ef74cae0090827f88cfe4b8 -> 00c4aec9ff9f1e3764b69170240089db
  custom:scripting/monoscript/fileName/LevelLossSystem.cs: 89eef653e3f28787ebae3df17b9a17fa -> 1a50b41fb86c42146dd1e7eca3f63c3b
  custom:scripting/monoscript/fileName/GameFieldGenerateRequest.cs: b3f004fb89f931ad5595eca9c3e3ea7d -> fc85f9d1ad1c72513abf13f206f13826
  custom:container-muxer-webm: aa71ff27fc2769a1b78a27578f13a17b -> 
  custom:scripting/monoscript/fileName/AnimalDestructedEvent.cs: de6741ad9146f65b9ee26b392c6f63b7 -> e882e3b205fcfc8f4d8ec1b06235b0f7
  custom:scripting/monoscript/fileName/DeleteEntityCommand.cs: bcabe5bfe518320718d48d41a3a0e90a -> 
  custom:video-decoder-webm-vp8: 9c59270c3fd7afecdb556c50c9e8de78 -> 
  custom:scripting/monoscript/fileName/DestroyViewRequest.cs: 1a0b5b4a36b5820faa4b3894f8324e00 -> 0ebb0c5641d0ac20e497e246c3eff337
  custom:scripting/monoscript/fileName/ApplyDestructionStrategyRequest.cs: 032a28d88c65010193deb5a4b99f58dd -> 213312285ccaacd75ce574cb89bf2411
  custom:scripting/monoscript/fileName/TileGenerator.cs: 042c900c13328f8a0055f0bccddada85 -> a538991689346061c6a9a2a96b02d37e
  custom:scripting/monoscript/fileName/ScaleEffect.cs: bf12e834d532f4f806bebaac99f812c1 -> 
  custom:SearchIndexIgnoredProperties: e643bd26f0fe6173181afceb89e7c659 -> 
  custom:scripting/monoscript/fileName/ScrollSnappedMarker.cs: 066cb0420eaae820b69ffbae9344f0b4 -> 1cd14000dfdbca98f6dda0685bba7fce
  custom:scripting/monoscript/fileName/DestroyViewSystem.cs: e1c1ea54b0c9f7465aac7332f0e6d6a8 -> 59b102bdf1755f7c7d016788c0259b93
  custom:scripting/monoscript/fileName/CleanupLevelRequest.cs: a4116677aeb8d793871c137a2a44b119 -> c4dd04e39c7a6664b68dab929adf2e81
  custom:AudioImporter_EditorPlatform: d09bf68614088b80899f8185d706f6e7 -> 
  custom:scripting/monoscript/fileName/ChainMovementMarker.cs: feac63d7e5aa51292f19abaa1d9db08c -> 
  custom:scripting/monoscript/fileName/ScrollPosition.cs: 225c0c33ea226da69f3473693dfb3c05 -> 9f9e723ba8833b9541ecfca3c6d6f8bc
  custom:scripting/monoscript/fileName/GameFieldWaveAlgorithmSystem.cs: fc14103f781a8cbb106ceeeb57eaeaab -> 607884f57fd7ce8ffeb8d2a7c96f93a3
  custom:scripting/monoscript/fileName/PlayerCfgRef.cs: 6d19f04523dbbba4fc64c8057f04e02a -> 198dbad4b6bbc11b3942c96af8dde650
  custom:scripting/monoscript/fileName/DestructionChainStrategySystem.cs: 783bb7763cba92611d8e9cf6674063b1 -> ddd821ede2656248bf0e9ddf669d5a28
  custom:scripting/monoscript/fileName/CreationChainTag.cs: 2998fd809902939f0ee04f473eeca00e -> 
  custom:scripting/monoscript/fileName/DestructionFeature.cs: b9b7cdbe8848a566388411c97a5fbd67 -> adcfef4ac4e45d2e562dcdc6fa49e429
  custom:scripting/monoscript/fileName/GameFieldAlgorithmIndex.cs: 9457d7f2147049910ea06f2159c61fc6 -> 7a58e7c6b5adebdaec058182398a5707
  custom:scripting/monoscript/fileName/GameLossTimerSystem.cs: de0b464553cb6b861179a91f75237edf -> 071940ff3f3e183b1d11d15239224386
  custom:scripting/monoscript/fileName/GameFieldPlaneAlgorithmSystem.cs: 526228704b2d4ed12e4753080710ec45 -> fec5555e40052f9e75dc859f5d201f4d
  custom:scripting/monoscript/fileName/ScrollSnappedEvent.cs: 85353374ba80b5fbd36ff4e2e7944412 -> 8bf4efe021842362c4e7d55e6a37d79a
  custom:scripting/monoscript/fileName/ShowMetaGameUIRequest.cs: 5564592071856871b46e981baa2e91f8 -> a88d7f1c319941ffae2f3a8957251596
  custom:scripting/monoscript/fileName/TileGenerator6.cs: 0a225711dfb489626c74dc5ff5d78f40 -> 83a93281253429d4bd51d4bfaf52f3ed
  custom:scripting/monoscript/fileName/GameFieldDestructedRequest.cs: c04d6601b9dc935cfc91348b0b9cc810 -> 47034b076d3abdec8c90304ac1fc38f1
  custom:scripting/monoscript/fileName/MetaGameUI.cs: b1f4a332b284a38895d9534e62ff0baf -> 67622f9ccfe38dacd5af3f2ae37c3026
  custom:scripting/monoscript/fileName/GameFieldClickSystem.cs: 9e6e496c03415de771bf8909db35f03b -> 3b1ea4c67b8ab5832ff3a23919e79f06
  custom:scripting/monoscript/fileName/BaseScrollSnapEffect.cs: d407bd1fc108496d969888a00479cce0 -> 
  custom:scripting/monoscript/fileName/CreateHUDSystem.cs: f8cd7ef545fa25f934c486aaa420eedd -> 43c05b406d9086180812a87a0e010e47
  custom:scripting/monoscript/fileName/Levels.cs: f22977143cde483af3e13597acee3c02 -> 37490b0d126f14e1e1d31453e3e94ae4
  custom:video-encoder-webm-vp8: eb34c28f22e8b96e1ab97ce403110664 -> 
  custom:scripting/monoscript/fileName/AnimalDestructionChainStrategySystem.cs: 23f4cc2de4c34d4d82415b095d5404aa -> 2d33061d60136630278a03c1042b54b3
  custom:scripting/monoscript/fileName/AnimalSpawnedEvent.cs: 18a67763bcf9b1b1ac26ffbfcbeed587 -> 7ad467d334ed6914a6a27adce1847b10
  custom:scripting/monoscript/fileName/RewardConnect.cs: de79e19f525e7b5954dbb77b1f453e4e -> 6751c3bbc08d4697c3b42878cd3daebd
  custom:audio-decoder-ogg-vorbis: bf7c407c2cedff20999df2af8eb42d56 -> 
  custom:scripting/monoscript/fileName/CleanupLevelSystem.cs: 72214ed46a73a03fca528428e05bd1c5 -> 8a5bce7edb21df4c4707d0529e30155e
  custom:scripting/monoscript/fileName/GameTag.cs: 2f67c69f27e85f806b88deb8c87b88d2 -> f5290ba12be2c3f124e97ffb76e9ea9f
  custom:scripting/monoscript/fileName/ScrollSnapTag.cs: 893d8b8aa473763f6ed0fb5321bbad28 -> c53bb14ce7c537cec4ba51b6c7bc6939
  custom:scripting/monoscript/fileName/GameFieldFeature.cs: 1f8b976c740b234c284fddfd95c568fd -> 9a83e32ad7b7857e12d74cf105f5a137
  custom:scripting/monoscript/fileName/GameScreen.cs: deb4cff0d85b325b8a61d3844cabec07 -> 84ec6758a1e33abe8d42365166b67ebd
  custom:scripting/monoscript/fileName/DestructionStrategyTag.cs: 950962d7baf41bc8fed98ea522a40170 -> 
  custom:scripting/monoscript/fileName/ScrollDraggedEvent.cs: d4b82f514f08a6e7eb8d3acbba3af876 -> 76bd8895c3b43170415bf40518460c7d
  custom:scripting/monoscript/fileName/CreateHUDRequest.cs: 61b5f154a3d1ac03d04c59d29d1c4e05 -> 11938a6be2a737aa70fadc220742dab2
  custom:scripting/monoscript/fileName/TileGenerator4.cs: 1ec433f057ddbb323aab6300cdd41968 -> 9b8c2608bd1d4162243c126a2c3ab74b
  custom:scripting/monoscript/fileName/GrowthWave.cs: 7c48243a6dd50c54e09b35b8a70e858a -> ab7a6a6e85687b04c58c7a681131bfdc
  custom:scripting/monoscript/fileName/AssemblyAnalyzer.cs: 5883fa404100530f6821c51e0df4a2b6 -> 
  custom:scripting/monoscript/fileName/CreateCoinRequest.cs: b6ee2396be79577ff18a940acb85bfe6 -> 8bf745611aed40a8441b8db392ff0316
  custom:scripting/monoscript/fileName/CreateGameLossTimerRequest.cs: 286f3e38529572dc1661f3473c808992 -> ef901bf1b06c7938a6030a67dd4d6d21
  custom:scripting/monoscript/fileName/DeathEvent.cs: ae7a15dcf33e2eb04a19bf37c49c469a -> 7ba4c6fe9f322f00d774d318ef8ef3b2
  custom:scripting/monoscript/fileName/GameFieldDestructedEvent.cs: 565697dff0d07f15eb4da25529efeaf3 -> 249503e823ee8a2543fdc65535f78404
  custom:scripting/monoscript/fileName/Wave.cs: e8061bad203a1f6efd397e8313ec6d83 -> ed89714bef4a8fe64f993c8bbc6df15f
  custom:scripting/monoscript/fileName/GameFieldDestructedMarker.cs: ab2e5320e3676ca16774eba7277d5b9e -> 6af6280f9d165b3fa0cbeef98677737a
  custom:scripting/monoscript/fileName/CoinUIConnect.cs: 8505822111497da435ec6d27192811c8 -> 9bed0bffdd7b151bbdc04ee5da58d9a4
  custom:scripting/monoscript/fileName/CreateGameSystem.cs: c40209e5646f830645bfdfa6dda44b96 -> acdc7e582431689501a3c2e4d1b573d0
  custom:audio-encoder-webm-vorbis: bf7c407c2cedff20999df2af8eb42d56 -> 
  custom:scripting/monoscript/fileName/ApplyStrategyRequest.cs: 04790d20b7aab51157b87a2b7ea70902 -> 
  custom:scripting/monoscript/fileName/ScrollSystem.cs: 80ef92943d864cb0b392598d6fcd75b9 -> 
  custom:scripting/monoscript/fileName/CreationChainStrategyTag.cs: 4fd921b87fca9ba0c731b954efca90f5 -> 7572d150aeb0955f670c8845e4df7c53
  custom:scripting/monoscript/fileName/ScrollDraggedMarker.cs: f40ec288e4d6330335dd03fa8726c839 -> 74ece2a65d27c55d64e7936bb538e5a8
  custom:scripting/monoscript/fileName/CreateAnimalsRequest.cs: a7ebd1a26b1e6c2c8f783f7506341452 -> 45001033be0d024e3f69c19d212eca00
  custom:scripting/monoscript/fileName/GameFieldGeneratedMarker.cs: 3343d51a95b5393b866292f7dd40076e -> 8ec9e96219719154c6ef937af1a570ab
  custom:scripting/monoscript/fileName/TileGenerator7.cs: d48bfbfd829455d8678bccfbd4ddf1db -> d7e74d9e48390acec81fb7d05eab04b6
  custom:scripting/monoscript/fileName/ClickSideMarker.cs: c1aa69917ccbb0e088243ec1d2c1ed5f -> 0c097904c16edc5a7ac1137f05d8d51c
  custom:scripting/precompiled-assembly-types:Assembly-CSharp: 58eabd3df9ff25b91bdfc0bd7e358824 -> a8a0291e33e77c495a3eaeddbf28c6f7
  custom:scripting/monoscript/fileName/LevelLostMarker.cs: 93ebe850d5850b9eb8bc2c04e2ffed33 -> 3e55ffaf6b929b3b51e014250d9920ac
  custom:scripting/monoscript/fileName/GameTitleConnect.cs: 5c14e36aa95fc82c33183a9dfce72cd2 -> 41a65dfb2d31309386b013674fae2e80
  custom:scripting/monoscript/fileName/CreateGameScreenRequest.cs: a885ba890460f60ddcd2c66df732e91f -> 066c58def3458c57fd1f40d51ed860c1
  custom:scripting/monoscript/fileName/ScrollToTargetMarker.cs: 7c2577f2a0b3fb585d934a4d0b35b7ec -> 01286f347cbc8bec863dbe15212d04dd
  custom:scripting/monoscript/fileName/GameFieldGeneratedByAlgorithm.cs: 642fd6d4f4e02c35c870cd61f2ca081f -> 074895d821d9efb916232844efdac6c8
  custom:scripting/monoscript/fileName/TileGenerator5.cs: 0eaf6fadc56123ad87a1d593fa635ede -> ee69db292b395fb7006478b7279c5ca6
  custom:scripting/monoscript/fileName/GameScreenSystem.cs: a0b364fc1bcdda23e4dd359a2204c08d -> 402c5e1323b5b0152bd1eea24fa29d07
  custom:scripting/monoscript/fileName/DestructionChainStrategyTag.cs: b0d607db3ab31634dee73b569e199000 -> 0c62c6ddeecb954158e34eafdd3e629f
========================================================================
Received Prepare
Caller must complete domain reload
Begin MonoManager ReloadAssembly
- Loaded All Assemblies, in  1.067 seconds
Native extension for WindowsStandalone target not found
Native extension for Android target not found
Native extension for WebGL target not found
[Package Manager] Server::EnsureServerProcessIsRunning -- launch failed, reason: Unity was launched with the -noUpm command-line argument
[Package Manager] UpmClient::Send -- Unable to send message (not connected to UPM process).
[Package Manager] Cannot connect to Unity Package Manager local server
Mono: successfully reloaded assembly
[Package Manager] Server::EnsureServerProcessIsRunning -- launch failed, reason: Unity was launched with the -noUpm command-line argument
[Package Manager] UpmClient::Send -- Unable to send message (not connected to UPM process).
[Package Manager] Cannot connect to Unity Package Manager local server
- Finished resetting the current domain, in  1.607 seconds
Domain Reload Profiling: 2674ms
	BeginReloadAssembly (270ms)
		ExecutionOrderSort (0ms)
		DisableScriptedObjects (7ms)
		BackupInstance (0ms)
		ReleaseScriptingObjects (2ms)
		CreateAndSetChildDomain (129ms)
	RebuildCommonClasses (31ms)
	RebuildNativeTypeToScriptingClass (10ms)
	initialDomainReloadingComplete (44ms)
	LoadAllAssembliesAndSetupDomain (713ms)
		LoadAssemblies (747ms)
		RebuildTransferFunctionScriptingTraits (0ms)
		AnalyzeDomain (51ms)
			TypeCache.Refresh (26ms)
				TypeCache.ScanAssembly (9ms)
			ScanForSourceGeneratedMonoScriptInfo (15ms)
			ResolveRequiredComponents (9ms)
	FinalizeReload (1607ms)
		ReleaseScriptCaches (0ms)
		RebuildScriptCaches (0ms)
		SetupLoadedEditorAssemblies (683ms)
			LogAssemblyErrors (0ms)
			InitializePlatformSupportModulesInManaged (27ms)
			SetLoadedEditorAssemblies (4ms)
			RefreshPlugins (0ms)
			BeforeProcessingInitializeOnLoad (65ms)
			ProcessInitializeOnLoadAttributes (343ms)
			ProcessInitializeOnLoadMethodAttributes (242ms)
			AfterProcessingInitializeOnLoad (2ms)
			EditorAssembliesLoaded (0ms)
		ExecutionOrderSort2 (0ms)
		AwakeInstancesAfterBackupRestoration (5ms)
Refreshing native plugins compatible for Editor in 4.92 ms, found 3 plugins.
Preloading 0 native plugins for Editor in 0.00 ms.
Unloading 4483 Unused Serialized files (Serialized files now loaded: 0)
Unloading 31 unused Assets / (67.7 KB). Loaded Objects now: 5107.
Memory consumption went from 185.8 MB to 185.7 MB.
Total: 17.973800 ms (FindLiveObjects: 0.632900 ms CreateObjectMapping: 0.113300 ms MarkObjects: 16.983200 ms  DeleteObjects: 0.242900 ms)

Prepare: number of updated asset objects reloaded= 0
AssetImportParameters requested are different than current active one (requested -> active):
  custom:scripting/monoscript/fileName/CatchGameFieldGeneratedRequest.cs: a67d51feea369e3830f924d9b8e9bd99 -> 17b67da9d0f3c4e2f8690dc96459b2b2
  custom:scripting/monoscript/fileName/TileGenerator3.cs: d30fb83fc6ac7475a319a83728c9ad41 -> 9b48fa675f0bce54dde0ed40b926842e
  custom:scripting/monoscript/fileName/GameFieldGrowthWaveAlgorithmTag.cs: 0ef400f135d729b9ef5ef61213bf46ca -> 992c54089fb6287a3abd63c766c90ae4
  custom:scripting/monoscript/fileName/CreateControlsRequest.cs: b6b52fa38bc5533b3ae550ee8b4085d9 -> 16e50cc2756add101f300d8e44319dd4
  custom:scripting/monoscript/fileName/HUDPrefab.cs: 30eaa62651e9c88e43fcb0d04e30077a -> 114724dd8b86c8d5655c0a4636c8f807
  custom:container-demuxer-ogg: 62fdf1f143b41e24485cea50d1cbac27 -> 
  custom:scripting/monoscript/fileName/TileGenerator2.cs: 09c5b2f1e3412cb486138eafe6da2ee9 -> d25441398affce60b9e3b08d18b5fa1c
  custom:scripting/monoscript/fileName/GameFlowFeature.cs: e6718831d198d39704b255f20f16f8d0 -> df0113f54b1bbce00d62c010ef3fe8b4
  custom:scripting/monoscript/fileName/CreationAnimalStrategyCfg.cs: fb433a13c1a2eff2a6d277801dbab975 -> 4fd36c8314e91d36d51becb0cdc6faeb
  custom:scripting/monoscript/fileName/CreateAnimalsSystem.cs: 8cef56369804335c0ac2e97203aee8a9 -> bee4bc1341c43b6aa3c88b1b3d4e3e18
  custom:scripting/monoscript/fileName/ScrollToTargetEvent.cs: 267de8c3fdba9d89cbf5a80a977d1db1 -> 1606e13368f10abd95859ea46f664d86
  custom:scripting/monoscript/fileName/GameFieldGeneratedEvent.cs: f908cee032e843be5ba60b9a2c441882 -> a6030e6b0b808118faf8aa49ffee5b94
  custom:scripting/monoscript/fileName/RandomGameFieldAlgorithmSystem.cs: 22b92a32636676be944ecefe67707cbf -> c5085b777b6be8657ea1f9bd1eb1f0e6
  custom:scripting/monoscript/fileName/GameFieldWaveAlgorithmTag.cs: 5be4d41974793f3169ea3a8184ff61d2 -> a3fe88f8e3ec0ea7cb6587b6cb569630
  custom:scripting/monoscript/fileName/GameFieldAlgorithms.cs: 9210f2e649de58f37f078a6eadd5eb19 -> a68d1cf9c70b1eb7af91f8532ed35f7f
  custom:scripting/monoscript/fileName/MetaGameUIHiddenEvent.cs: 342ed956eb53710532411f8c2784417a -> 463482aa840de7082f4a278ef86a7e1d
  custom:scripting/monoscript/fileName/LevelClearedEvent.cs: bbac8ca3904db25721b8cf3b0fab6582 -> 663b31180f17f64cf76455cfee4638c9
  custom:scripting/monoscript/fileName/GameScreenPrefab.cs: ad79cba3a80ff268ab301d438f50d7a3 -> b778ed7a73a66bec617f434ba9deff77
  custom:video-decoder-ogg-theora: a1e56fd34408186e4bbccfd4996cb3dc -> 
  custom:scripting/monoscript/fileName/CalculateCellScaleYSystem.cs: 939787dca0b233005791ec684dff156a -> 24348a5eb2340227fde21c4e16f198a5
  custom:scripting/monoscript/fileName/AnimalPositionedEvent.cs: 8e15db485d40ca13ea5402666ad1b4b3 -> 1bc3206bed9925993456a53b954cd396
  custom:scripting/monoscript/fileName/ScrollSnapEffect.cs: b6c51e4f0f8afbbfdca8ecd17bfb0fb9 -> 91d29477668f48905bbbd4cb6247533d
  custom:scripting/monoscript/fileName/LevelLifeTimeMarker.cs: bfaf24a17910b0a8ddcc0f9024db8056 -> d0a88ae6d48c761dad292d2aec410cb0
  custom:scripting/monoscript/fileName/GameFieldPlaneAlgorithmTag.cs: 21e5015ce1d5b093ab9d6011592292bd -> 7cf8c3e3aade2f1d2e7a2f82f1c5463e
  custom:framework-win-MediaFoundation: 216162199b28c13a410421893ffa2e32 -> 
  custom:scripting/monoscript/fileName/LevelLostEvent.cs: afc9b242eba24b2b4392b9bea1cad284 -> d1c8f0634443fb2b56e42e7c40935303
  custom:scripting/monoscript/fileName/GameField.cs: 27b6b3d034a0ef2e26f2934f1319d99d -> bf9a4c69a023939dbb88e3f1703ca432
  custom:scripting/monoscript/fileName/ScrollSnap.cs: 5dd984369f102ebda4e54789a0ea104e -> 74fe1fbb0f6bef271000d67e7c21bd45
  custom:scripting/monoscript/fileName/HideMetaGameUIRequest.cs: c6d8ffd38038f5edb986b7d2b1660fc7 -> 023f27171a187f71ff8a4853369f6cb5
  custom:scripting/monoscript/fileName/ReferenceCodeGen.cs: 1847e30272d75555141d3031c134c733 -> 
  custom:scripting/monoscript/fileName/GameCreatedEvent.cs: 25808abd6af439ae2d396c16c3d9e8f2 -> 13c2ac463741ba32d214c8bfa0606347
  custom:scripting/monoscript/fileName/TileGeneratedEvent.cs: 1b597c0aa79fd56f2f4088925f13cbef -> dba7452f6d7179c1abc1b361aa9403a8
  custom:scripting/monoscript/fileName/ScrollSnapSystem.cs: 51807458632b0abe0dcd77862975ce47 -> 49fa898761310374e9100843919f1617
  custom:scripting/monoscript/fileName/ChainDestructionRequestSystem.cs: e36a5ffa427d50aa181531f55986ccd8 -> 
  custom:scripting/monoscript/fileName/GameFlowSystem.cs: cf1e5382541a33c73a981035dae85045 -> b60539680bd07758445284af098b515c
  custom:scripting/monoscript/fileName/LevelLostCheckSystem.cs: 255183d3cc1fbb2d10c8abfa77b7b9e2 -> 1205ba5e4744c00285ba2c45a53da364
  custom:scripting/monoscript/fileName/CatchGameFieldEventsSystem.cs: 69b1fa6bdab0b0e6ef5f59e5ba1798e4 -> d8fdc78bead3537fb228755ca2d434dd
  custom:scripting/monoscript/fileName/FitObjectToCamera.cs: 942221b48ed202602e9ac643e54d7650 -> aaedefa2aeb7069389a90129af0ec391
  custom:scripting/monoscript/fileName/DestructionAnimalStrategyCfg.cs: b5449fe14a7d9ce6de2ff0202c280054 -> dcccc812fc5e86758b5038f4fc7d9a74
  custom:scripting/monoscript/fileName/CameraScaler.cs: 150bf424de40cfdb27d6bfc1fd0a2d72 -> 3cbb08bff7a396f130a0443ef1ccb748
  custom:scripting/monoscript/fileName/ScoreUIConnect.cs: c27938a2bdddd88ab951e7adbbd35794 -> ac7c32a805063f081f2fababb8d4d898
  custom:CustomObjectIndexerAttribute: 9a22284fe3817be447336de3de66b15e -> 
  custom:scripting/monoscript/fileName/ChainDestructionSystem.cs: 1804387f55e34d8c464a091638dbfb17 -> 
  custom:scripting/monoscript/fileName/GameFieldDestructRequest.cs: 10e88c15a7ec0cf5e99dbb40e0a3edf8 -> 39e29c44e39353c5f5e46e4fd35fb435
  custom:scripting/monoscript/fileName/GameLossTimerConnect.cs: f0cf7139ab50e9b8389bcd82a4789c30 -> 21c0067c523cc022f4caa4d8eef3c889
  custom:scripting/monoscript/fileName/GameFieldAlgorithmCfg.cs: 2a67613a1067bee0772c4bce0a006e8e -> c18842b2d8e9d19897c42dc941ae1a61
  custom:scripting/monoscript/fileName/DestructionChainTag.cs: d52207bbfd049f584009aa3d50645080 -> 
  custom:scripting/monoscript/fileName/AnimalCreationChainStrategySystem.cs: cfd77a10d3edff40c8fa516ba194c3f6 -> 6245b6c4937dad6bd6bfbe1a5bb91d82
  custom:scripting/monoscript/fileName/MetaGameUISystem.cs: 93f0bb4ace47f6ac6817404d82ccb661 -> 34bedb813123b4b9a91614edd15a8069
  custom:scripting/monoscript/fileName/ScrollSetupRequest.cs: a402aba2680e5863d1008ad06428d65a -> e1c69e68812599757df2aff91a4e9cf2
  custom:container-demuxer-webm: 4f35f7cbe854078d1ac9338744f61a02 -> 
  custom:scripting/monoscript/fileName/FadeEffect.cs: 4615b2acb46a691c33b29aab26f2062a -> 
  custom:scripting/monoscript/fileName/MetaGameUIHiddenMarker.cs: a71b94db2ed8f97f815cc84fb87d48eb -> dddb2beaf43a7ef60953e2f9eacf78f8
  custom:scripting/monoscript/fileName/SourceCodeModifier.cs: 3ffa94fedf57701a474133f623b99b6a -> 5c7f9a2114ee5b14002453c253315bd0
  custom:scripting/monoscript/fileName/GameFieldAlgorithmTag.cs: 5b91fd95ca72cd7048aa9f46e543e265 -> da7c22434643605d19edac79c0d3b3c7
  custom:scripting/monoscript/fileName/GameFieldGrowthWaveAlgorithmSystem.cs: c43067b71ef74cae0090827f88cfe4b8 -> 00c4aec9ff9f1e3764b69170240089db
  custom:scripting/monoscript/fileName/LevelLossSystem.cs: 89eef653e3f28787ebae3df17b9a17fa -> 1a50b41fb86c42146dd1e7eca3f63c3b
  custom:scripting/monoscript/fileName/GameFieldGenerateRequest.cs: b3f004fb89f931ad5595eca9c3e3ea7d -> fc85f9d1ad1c72513abf13f206f13826
  custom:container-muxer-webm: aa71ff27fc2769a1b78a27578f13a17b -> 
  custom:scripting/monoscript/fileName/AnimalDestructedEvent.cs: de6741ad9146f65b9ee26b392c6f63b7 -> e882e3b205fcfc8f4d8ec1b06235b0f7
  custom:scripting/monoscript/fileName/DeleteEntityCommand.cs: bcabe5bfe518320718d48d41a3a0e90a -> 
  custom:video-decoder-webm-vp8: 9c59270c3fd7afecdb556c50c9e8de78 -> 
  custom:scripting/monoscript/fileName/DestroyViewRequest.cs: 1a0b5b4a36b5820faa4b3894f8324e00 -> 0ebb0c5641d0ac20e497e246c3eff337
  custom:scripting/monoscript/fileName/ApplyDestructionStrategyRequest.cs: 032a28d88c65010193deb5a4b99f58dd -> 213312285ccaacd75ce574cb89bf2411
  custom:scripting/monoscript/fileName/TileGenerator.cs: 042c900c13328f8a0055f0bccddada85 -> a538991689346061c6a9a2a96b02d37e
  custom:scripting/monoscript/fileName/ScaleEffect.cs: bf12e834d532f4f806bebaac99f812c1 -> 
  custom:SearchIndexIgnoredProperties: e643bd26f0fe6173181afceb89e7c659 -> 
  custom:scripting/monoscript/fileName/ScrollSnappedMarker.cs: 066cb0420eaae820b69ffbae9344f0b4 -> 1cd14000dfdbca98f6dda0685bba7fce
  custom:scripting/monoscript/fileName/DestroyViewSystem.cs: e1c1ea54b0c9f7465aac7332f0e6d6a8 -> 59b102bdf1755f7c7d016788c0259b93
  custom:scripting/monoscript/fileName/CleanupLevelRequest.cs: a4116677aeb8d793871c137a2a44b119 -> c4dd04e39c7a6664b68dab929adf2e81
  custom:AudioImporter_EditorPlatform: d09bf68614088b80899f8185d706f6e7 -> 
  custom:scripting/monoscript/fileName/ChainMovementMarker.cs: feac63d7e5aa51292f19abaa1d9db08c -> 
  custom:scripting/monoscript/fileName/ScrollPosition.cs: 225c0c33ea226da69f3473693dfb3c05 -> 9f9e723ba8833b9541ecfca3c6d6f8bc
  custom:scripting/monoscript/fileName/GameFieldWaveAlgorithmSystem.cs: fc14103f781a8cbb106ceeeb57eaeaab -> 607884f57fd7ce8ffeb8d2a7c96f93a3
  custom:scripting/monoscript/fileName/PlayerCfgRef.cs: 6d19f04523dbbba4fc64c8057f04e02a -> 198dbad4b6bbc11b3942c96af8dde650
  custom:scripting/monoscript/fileName/DestructionChainStrategySystem.cs: 783bb7763cba92611d8e9cf6674063b1 -> ddd821ede2656248bf0e9ddf669d5a28
  custom:scripting/monoscript/fileName/CreationChainTag.cs: 2998fd809902939f0ee04f473eeca00e -> 
  custom:scripting/monoscript/fileName/DestructionFeature.cs: b9b7cdbe8848a566388411c97a5fbd67 -> adcfef4ac4e45d2e562dcdc6fa49e429
  custom:scripting/monoscript/fileName/GameFieldAlgorithmIndex.cs: 9457d7f2147049910ea06f2159c61fc6 -> 7a58e7c6b5adebdaec058182398a5707
  custom:scripting/monoscript/fileName/GameLossTimerSystem.cs: de0b464553cb6b861179a91f75237edf -> 071940ff3f3e183b1d11d15239224386
  custom:scripting/monoscript/fileName/GameFieldPlaneAlgorithmSystem.cs: 526228704b2d4ed12e4753080710ec45 -> fec5555e40052f9e75dc859f5d201f4d
  custom:scripting/monoscript/fileName/ScrollSnappedEvent.cs: 85353374ba80b5fbd36ff4e2e7944412 -> 8bf4efe021842362c4e7d55e6a37d79a
  custom:scripting/monoscript/fileName/ShowMetaGameUIRequest.cs: 5564592071856871b46e981baa2e91f8 -> a88d7f1c319941ffae2f3a8957251596
  custom:scripting/monoscript/fileName/TileGenerator6.cs: 0a225711dfb489626c74dc5ff5d78f40 -> 83a93281253429d4bd51d4bfaf52f3ed
  custom:scripting/monoscript/fileName/GameFieldDestructedRequest.cs: c04d6601b9dc935cfc91348b0b9cc810 -> 47034b076d3abdec8c90304ac1fc38f1
  custom:scripting/monoscript/fileName/MetaGameUI.cs: b1f4a332b284a38895d9534e62ff0baf -> 67622f9ccfe38dacd5af3f2ae37c3026
  custom:scripting/monoscript/fileName/GameFieldClickSystem.cs: 9e6e496c03415de771bf8909db35f03b -> 3b1ea4c67b8ab5832ff3a23919e79f06
  custom:scripting/monoscript/fileName/BaseScrollSnapEffect.cs: d407bd1fc108496d969888a00479cce0 -> 
  custom:scripting/monoscript/fileName/CreateHUDSystem.cs: f8cd7ef545fa25f934c486aaa420eedd -> 43c05b406d9086180812a87a0e010e47
  custom:scripting/monoscript/fileName/Levels.cs: f22977143cde483af3e13597acee3c02 -> 37490b0d126f14e1e1d31453e3e94ae4
  custom:video-encoder-webm-vp8: eb34c28f22e8b96e1ab97ce403110664 -> 
  custom:scripting/monoscript/fileName/AnimalDestructionChainStrategySystem.cs: 23f4cc2de4c34d4d82415b095d5404aa -> 2d33061d60136630278a03c1042b54b3
  custom:scripting/monoscript/fileName/AnimalSpawnedEvent.cs: 18a67763bcf9b1b1ac26ffbfcbeed587 -> 7ad467d334ed6914a6a27adce1847b10
  custom:scripting/monoscript/fileName/RewardConnect.cs: de79e19f525e7b5954dbb77b1f453e4e -> 6751c3bbc08d4697c3b42878cd3daebd
  custom:audio-decoder-ogg-vorbis: bf7c407c2cedff20999df2af8eb42d56 -> 
  custom:scripting/monoscript/fileName/CleanupLevelSystem.cs: 72214ed46a73a03fca528428e05bd1c5 -> 8a5bce7edb21df4c4707d0529e30155e
  custom:scripting/monoscript/fileName/GameTag.cs: 2f67c69f27e85f806b88deb8c87b88d2 -> f5290ba12be2c3f124e97ffb76e9ea9f
  custom:scripting/monoscript/fileName/ScrollSnapTag.cs: 893d8b8aa473763f6ed0fb5321bbad28 -> c53bb14ce7c537cec4ba51b6c7bc6939
  custom:scripting/monoscript/fileName/GameFieldFeature.cs: 1f8b976c740b234c284fddfd95c568fd -> 9a83e32ad7b7857e12d74cf105f5a137
  custom:scripting/monoscript/fileName/GameScreen.cs: deb4cff0d85b325b8a61d3844cabec07 -> 84ec6758a1e33abe8d42365166b67ebd
  custom:scripting/monoscript/fileName/DestructionStrategyTag.cs: 950962d7baf41bc8fed98ea522a40170 -> 
  custom:scripting/monoscript/fileName/ScrollDraggedEvent.cs: d4b82f514f08a6e7eb8d3acbba3af876 -> 76bd8895c3b43170415bf40518460c7d
  custom:scripting/monoscript/fileName/CreateHUDRequest.cs: 61b5f154a3d1ac03d04c59d29d1c4e05 -> 11938a6be2a737aa70fadc220742dab2
  custom:scripting/monoscript/fileName/TileGenerator4.cs: 1ec433f057ddbb323aab6300cdd41968 -> 9b8c2608bd1d4162243c126a2c3ab74b
  custom:scripting/monoscript/fileName/GrowthWave.cs: 7c48243a6dd50c54e09b35b8a70e858a -> ab7a6a6e85687b04c58c7a681131bfdc
  custom:scripting/monoscript/fileName/AssemblyAnalyzer.cs: 5883fa404100530f6821c51e0df4a2b6 -> 
  custom:scripting/monoscript/fileName/CreateCoinRequest.cs: b6ee2396be79577ff18a940acb85bfe6 -> 8bf745611aed40a8441b8db392ff0316
  custom:scripting/monoscript/fileName/CreateGameLossTimerRequest.cs: 286f3e38529572dc1661f3473c808992 -> ef901bf1b06c7938a6030a67dd4d6d21
  custom:scripting/monoscript/fileName/DeathEvent.cs: ae7a15dcf33e2eb04a19bf37c49c469a -> 7ba4c6fe9f322f00d774d318ef8ef3b2
  custom:scripting/monoscript/fileName/GameFieldDestructedEvent.cs: 565697dff0d07f15eb4da25529efeaf3 -> 249503e823ee8a2543fdc65535f78404
  custom:scripting/monoscript/fileName/Wave.cs: e8061bad203a1f6efd397e8313ec6d83 -> ed89714bef4a8fe64f993c8bbc6df15f
  custom:scripting/monoscript/fileName/GameFieldDestructedMarker.cs: ab2e5320e3676ca16774eba7277d5b9e -> 6af6280f9d165b3fa0cbeef98677737a
  custom:scripting/monoscript/fileName/CoinUIConnect.cs: 8505822111497da435ec6d27192811c8 -> 9bed0bffdd7b151bbdc04ee5da58d9a4
  custom:scripting/monoscript/fileName/CreateGameSystem.cs: c40209e5646f830645bfdfa6dda44b96 -> acdc7e582431689501a3c2e4d1b573d0
  custom:audio-encoder-webm-vorbis: bf7c407c2cedff20999df2af8eb42d56 -> 
  custom:scripting/monoscript/fileName/ApplyStrategyRequest.cs: 04790d20b7aab51157b87a2b7ea70902 -> 
  custom:scripting/monoscript/fileName/ScrollSystem.cs: 80ef92943d864cb0b392598d6fcd75b9 -> 
  custom:scripting/monoscript/fileName/CreationChainStrategyTag.cs: 4fd921b87fca9ba0c731b954efca90f5 -> 7572d150aeb0955f670c8845e4df7c53
  custom:scripting/monoscript/fileName/ScrollDraggedMarker.cs: f40ec288e4d6330335dd03fa8726c839 -> 74ece2a65d27c55d64e7936bb538e5a8
  custom:scripting/monoscript/fileName/CreateAnimalsRequest.cs: a7ebd1a26b1e6c2c8f783f7506341452 -> 45001033be0d024e3f69c19d212eca00
  custom:scripting/monoscript/fileName/GameFieldGeneratedMarker.cs: 3343d51a95b5393b866292f7dd40076e -> 8ec9e96219719154c6ef937af1a570ab
  custom:scripting/monoscript/fileName/TileGenerator7.cs: d48bfbfd829455d8678bccfbd4ddf1db -> d7e74d9e48390acec81fb7d05eab04b6
  custom:scripting/monoscript/fileName/ClickSideMarker.cs: c1aa69917ccbb0e088243ec1d2c1ed5f -> 0c097904c16edc5a7ac1137f05d8d51c
  custom:scripting/monoscript/fileName/DestinationCellSystem.cs: 963aa1626fcb23e854feae01796a104e -> 840793441983a12313c0195510dbf2c3
  custom:scripting/precompiled-assembly-types:Assembly-CSharp: 3f6d2a9c8c4815a74f82179cf903b4ff -> a8a0291e33e77c495a3eaeddbf28c6f7
  custom:scripting/monoscript/fileName/LevelLostMarker.cs: 93ebe850d5850b9eb8bc2c04e2ffed33 -> 3e55ffaf6b929b3b51e014250d9920ac
  custom:scripting/monoscript/fileName/GameTitleConnect.cs: 5c14e36aa95fc82c33183a9dfce72cd2 -> 41a65dfb2d31309386b013674fae2e80
  custom:scripting/monoscript/fileName/CreateGameScreenRequest.cs: a885ba890460f60ddcd2c66df732e91f -> 066c58def3458c57fd1f40d51ed860c1
  custom:scripting/monoscript/fileName/ScrollToTargetMarker.cs: 7c2577f2a0b3fb585d934a4d0b35b7ec -> 01286f347cbc8bec863dbe15212d04dd
  custom:scripting/monoscript/fileName/GameFieldGeneratedByAlgorithm.cs: 642fd6d4f4e02c35c870cd61f2ca081f -> 074895d821d9efb916232844efdac6c8
  custom:scripting/monoscript/fileName/TileGenerator5.cs: 0eaf6fadc56123ad87a1d593fa635ede -> ee69db292b395fb7006478b7279c5ca6
  custom:scripting/monoscript/fileName/GameScreenSystem.cs: a0b364fc1bcdda23e4dd359a2204c08d -> 402c5e1323b5b0152bd1eea24fa29d07
  custom:scripting/monoscript/fileName/DestructionChainStrategyTag.cs: b0d607db3ab31634dee73b569e199000 -> 0c62c6ddeecb954158e34eafdd3e629f
========================================================================
Received Prepare
Caller must complete domain reload
Begin MonoManager ReloadAssembly
- Loaded All Assemblies, in  1.026 seconds
Native extension for WindowsStandalone target not found
Native extension for Android target not found
Native extension for WebGL target not found
[Package Manager] Server::EnsureServerProcessIsRunning -- launch failed, reason: Unity was launched with the -noUpm command-line argument
[Package Manager] UpmClient::Send -- Unable to send message (not connected to UPM process).
[Package Manager] Cannot connect to Unity Package Manager local server
Mono: successfully reloaded assembly
[Package Manager] Server::EnsureServerProcessIsRunning -- launch failed, reason: Unity was launched with the -noUpm command-line argument
[Package Manager] UpmClient::Send -- Unable to send message (not connected to UPM process).
[Package Manager] Cannot connect to Unity Package Manager local server
- Finished resetting the current domain, in  1.750 seconds
Domain Reload Profiling: 2778ms
	BeginReloadAssembly (382ms)
		ExecutionOrderSort (0ms)
		DisableScriptedObjects (13ms)
		BackupInstance (0ms)
		ReleaseScriptingObjects (1ms)
		CreateAndSetChildDomain (190ms)
	RebuildCommonClasses (30ms)
	RebuildNativeTypeToScriptingClass (9ms)
	initialDomainReloadingComplete (39ms)
	LoadAllAssembliesAndSetupDomain (567ms)
		LoadAssemblies (607ms)
		RebuildTransferFunctionScriptingTraits (0ms)
		AnalyzeDomain (73ms)
			TypeCache.Refresh (38ms)
				TypeCache.ScanAssembly (9ms)
			ScanForSourceGeneratedMonoScriptInfo (21ms)
			ResolveRequiredComponents (13ms)
	FinalizeReload (1751ms)
		ReleaseScriptCaches (0ms)
		RebuildScriptCaches (0ms)
		SetupLoadedEditorAssemblies (739ms)
			LogAssemblyErrors (0ms)
			InitializePlatformSupportModulesInManaged (27ms)
			SetLoadedEditorAssemblies (4ms)
			RefreshPlugins (0ms)
			BeforeProcessingInitializeOnLoad (81ms)
			ProcessInitializeOnLoadAttributes (388ms)
			ProcessInitializeOnLoadMethodAttributes (238ms)
			AfterProcessingInitializeOnLoad (2ms)
			EditorAssembliesLoaded (0ms)
		ExecutionOrderSort2 (0ms)
		AwakeInstancesAfterBackupRestoration (5ms)
Refreshing native plugins compatible for Editor in 14.06 ms, found 3 plugins.
Preloading 0 native plugins for Editor in 0.00 ms.
Unloading 4483 Unused Serialized files (Serialized files now loaded: 0)
Unloading 31 unused Assets / (66.7 KB). Loaded Objects now: 5110.
Memory consumption went from 185.8 MB to 185.7 MB.
Total: 28.905300 ms (FindLiveObjects: 0.874200 ms CreateObjectMapping: 0.241700 ms MarkObjects: 27.074600 ms  DeleteObjects: 0.712900 ms)

Prepare: number of updated asset objects reloaded= 0
AssetImportParameters requested are different than current active one (requested -> active):
  custom:scripting/monoscript/fileName/CatchGameFieldGeneratedRequest.cs: a67d51feea369e3830f924d9b8e9bd99 -> 17b67da9d0f3c4e2f8690dc96459b2b2
  custom:scripting/monoscript/fileName/TileGenerator3.cs: d30fb83fc6ac7475a319a83728c9ad41 -> 9b48fa675f0bce54dde0ed40b926842e
  custom:scripting/monoscript/fileName/GameFieldGrowthWaveAlgorithmTag.cs: 0ef400f135d729b9ef5ef61213bf46ca -> 992c54089fb6287a3abd63c766c90ae4
  custom:scripting/monoscript/fileName/CreateControlsRequest.cs: b6b52fa38bc5533b3ae550ee8b4085d9 -> 16e50cc2756add101f300d8e44319dd4
  custom:scripting/monoscript/fileName/HUDPrefab.cs: 30eaa62651e9c88e43fcb0d04e30077a -> 114724dd8b86c8d5655c0a4636c8f807
  custom:container-demuxer-ogg: 62fdf1f143b41e24485cea50d1cbac27 -> 
  custom:scripting/monoscript/fileName/TileGenerator2.cs: 09c5b2f1e3412cb486138eafe6da2ee9 -> d25441398affce60b9e3b08d18b5fa1c
  custom:scripting/monoscript/fileName/GameFlowFeature.cs: e6718831d198d39704b255f20f16f8d0 -> df0113f54b1bbce00d62c010ef3fe8b4
  custom:scripting/monoscript/fileName/CreationAnimalStrategyCfg.cs: fb433a13c1a2eff2a6d277801dbab975 -> 4fd36c8314e91d36d51becb0cdc6faeb
  custom:scripting/monoscript/fileName/CreateAnimalsSystem.cs: 8cef56369804335c0ac2e97203aee8a9 -> bee4bc1341c43b6aa3c88b1b3d4e3e18
  custom:scripting/monoscript/fileName/ScrollToTargetEvent.cs: 267de8c3fdba9d89cbf5a80a977d1db1 -> 1606e13368f10abd95859ea46f664d86
  custom:scripting/monoscript/fileName/GameFieldGeneratedEvent.cs: f908cee032e843be5ba60b9a2c441882 -> a6030e6b0b808118faf8aa49ffee5b94
  custom:scripting/monoscript/fileName/RandomGameFieldAlgorithmSystem.cs: 22b92a32636676be944ecefe67707cbf -> c5085b777b6be8657ea1f9bd1eb1f0e6
  custom:scripting/monoscript/fileName/GameFieldWaveAlgorithmTag.cs: 5be4d41974793f3169ea3a8184ff61d2 -> a3fe88f8e3ec0ea7cb6587b6cb569630
  custom:scripting/monoscript/fileName/GameFieldAlgorithms.cs: 9210f2e649de58f37f078a6eadd5eb19 -> a68d1cf9c70b1eb7af91f8532ed35f7f
  custom:scripting/monoscript/fileName/MetaGameUIHiddenEvent.cs: 342ed956eb53710532411f8c2784417a -> 463482aa840de7082f4a278ef86a7e1d
  custom:scripting/monoscript/fileName/LevelClearedEvent.cs: bbac8ca3904db25721b8cf3b0fab6582 -> 663b31180f17f64cf76455cfee4638c9
  custom:scripting/monoscript/fileName/GameScreenPrefab.cs: ad79cba3a80ff268ab301d438f50d7a3 -> b778ed7a73a66bec617f434ba9deff77
  custom:video-decoder-ogg-theora: a1e56fd34408186e4bbccfd4996cb3dc -> 
  custom:scripting/monoscript/fileName/CalculateCellScaleYSystem.cs: 939787dca0b233005791ec684dff156a -> 24348a5eb2340227fde21c4e16f198a5
  custom:scripting/monoscript/fileName/AnimalPositionedEvent.cs: 8e15db485d40ca13ea5402666ad1b4b3 -> 1bc3206bed9925993456a53b954cd396
  custom:scripting/monoscript/fileName/ScrollSnapEffect.cs: b6c51e4f0f8afbbfdca8ecd17bfb0fb9 -> 91d29477668f48905bbbd4cb6247533d
  custom:scripting/monoscript/fileName/LevelLifeTimeMarker.cs: bfaf24a17910b0a8ddcc0f9024db8056 -> d0a88ae6d48c761dad292d2aec410cb0
  custom:scripting/monoscript/fileName/GameFieldPlaneAlgorithmTag.cs: 21e5015ce1d5b093ab9d6011592292bd -> 7cf8c3e3aade2f1d2e7a2f82f1c5463e
  custom:framework-win-MediaFoundation: 216162199b28c13a410421893ffa2e32 -> 
  custom:scripting/monoscript/fileName/LevelLostEvent.cs: afc9b242eba24b2b4392b9bea1cad284 -> d1c8f0634443fb2b56e42e7c40935303
  custom:scripting/monoscript/fileName/GameField.cs: 27b6b3d034a0ef2e26f2934f1319d99d -> bf9a4c69a023939dbb88e3f1703ca432
  custom:scripting/monoscript/fileName/ScrollSnap.cs: 5dd984369f102ebda4e54789a0ea104e -> 74fe1fbb0f6bef271000d67e7c21bd45
  custom:scripting/monoscript/fileName/HideMetaGameUIRequest.cs: c6d8ffd38038f5edb986b7d2b1660fc7 -> 023f27171a187f71ff8a4853369f6cb5
  custom:scripting/monoscript/fileName/ReferenceCodeGen.cs: 1847e30272d75555141d3031c134c733 -> 
  custom:scripting/monoscript/fileName/GameCreatedEvent.cs: 25808abd6af439ae2d396c16c3d9e8f2 -> 13c2ac463741ba32d214c8bfa0606347
  custom:scripting/monoscript/fileName/TileGeneratedEvent.cs: 1b597c0aa79fd56f2f4088925f13cbef -> dba7452f6d7179c1abc1b361aa9403a8
  custom:scripting/monoscript/fileName/ScrollSnapSystem.cs: 51807458632b0abe0dcd77862975ce47 -> 49fa898761310374e9100843919f1617
  custom:scripting/monoscript/fileName/ChainDestructionRequestSystem.cs: e36a5ffa427d50aa181531f55986ccd8 -> 
  custom:scripting/monoscript/fileName/GameFlowSystem.cs: cf1e5382541a33c73a981035dae85045 -> b60539680bd07758445284af098b515c
  custom:scripting/monoscript/fileName/LevelLostCheckSystem.cs: 255183d3cc1fbb2d10c8abfa77b7b9e2 -> 1205ba5e4744c00285ba2c45a53da364
  custom:scripting/monoscript/fileName/CatchGameFieldEventsSystem.cs: 69b1fa6bdab0b0e6ef5f59e5ba1798e4 -> d8fdc78bead3537fb228755ca2d434dd
  custom:scripting/monoscript/fileName/FitObjectToCamera.cs: 942221b48ed202602e9ac643e54d7650 -> aaedefa2aeb7069389a90129af0ec391
  custom:scripting/monoscript/fileName/DestructionAnimalStrategyCfg.cs: b5449fe14a7d9ce6de2ff0202c280054 -> dcccc812fc5e86758b5038f4fc7d9a74
  custom:scripting/monoscript/fileName/CameraScaler.cs: 150bf424de40cfdb27d6bfc1fd0a2d72 -> 3cbb08bff7a396f130a0443ef1ccb748
  custom:scripting/monoscript/fileName/ScoreUIConnect.cs: c27938a2bdddd88ab951e7adbbd35794 -> ac7c32a805063f081f2fababb8d4d898
  custom:CustomObjectIndexerAttribute: 9a22284fe3817be447336de3de66b15e -> 
  custom:scripting/monoscript/fileName/ChainDestructionSystem.cs: 1804387f55e34d8c464a091638dbfb17 -> 
  custom:scripting/monoscript/fileName/GameFieldDestructRequest.cs: 10e88c15a7ec0cf5e99dbb40e0a3edf8 -> 39e29c44e39353c5f5e46e4fd35fb435
  custom:scripting/monoscript/fileName/GameLossTimerConnect.cs: f0cf7139ab50e9b8389bcd82a4789c30 -> 21c0067c523cc022f4caa4d8eef3c889
  custom:scripting/monoscript/fileName/GameFieldAlgorithmCfg.cs: 2a67613a1067bee0772c4bce0a006e8e -> c18842b2d8e9d19897c42dc941ae1a61
  custom:scripting/monoscript/fileName/DestructionChainTag.cs: d52207bbfd049f584009aa3d50645080 -> 
  custom:scripting/monoscript/fileName/AnimalCreationChainStrategySystem.cs: cfd77a10d3edff40c8fa516ba194c3f6 -> 6245b6c4937dad6bd6bfbe1a5bb91d82
  custom:scripting/monoscript/fileName/MetaGameUISystem.cs: 93f0bb4ace47f6ac6817404d82ccb661 -> 34bedb813123b4b9a91614edd15a8069
  custom:scripting/monoscript/fileName/ScrollSetupRequest.cs: a402aba2680e5863d1008ad06428d65a -> e1c69e68812599757df2aff91a4e9cf2
  custom:container-demuxer-webm: 4f35f7cbe854078d1ac9338744f61a02 -> 
  custom:scripting/monoscript/fileName/FadeEffect.cs: 4615b2acb46a691c33b29aab26f2062a -> 
  custom:scripting/monoscript/fileName/MetaGameUIHiddenMarker.cs: a71b94db2ed8f97f815cc84fb87d48eb -> dddb2beaf43a7ef60953e2f9eacf78f8
  custom:scripting/monoscript/fileName/SourceCodeModifier.cs: 3ffa94fedf57701a474133f623b99b6a -> 5c7f9a2114ee5b14002453c253315bd0
  custom:scripting/monoscript/fileName/GameFieldAlgorithmTag.cs: 5b91fd95ca72cd7048aa9f46e543e265 -> da7c22434643605d19edac79c0d3b3c7
  custom:scripting/monoscript/fileName/GameFieldGrowthWaveAlgorithmSystem.cs: c43067b71ef74cae0090827f88cfe4b8 -> 00c4aec9ff9f1e3764b69170240089db
  custom:scripting/monoscript/fileName/LevelLossSystem.cs: 89eef653e3f28787ebae3df17b9a17fa -> 1a50b41fb86c42146dd1e7eca3f63c3b
  custom:scripting/monoscript/fileName/GameFieldGenerateRequest.cs: b3f004fb89f931ad5595eca9c3e3ea7d -> fc85f9d1ad1c72513abf13f206f13826
  custom:container-muxer-webm: aa71ff27fc2769a1b78a27578f13a17b -> 
  custom:scripting/monoscript/fileName/AnimalDestructedEvent.cs: de6741ad9146f65b9ee26b392c6f63b7 -> e882e3b205fcfc8f4d8ec1b06235b0f7
  custom:scripting/monoscript/fileName/DeleteEntityCommand.cs: bcabe5bfe518320718d48d41a3a0e90a -> 
  custom:video-decoder-webm-vp8: 9c59270c3fd7afecdb556c50c9e8de78 -> 
  custom:scripting/monoscript/fileName/DestroyViewRequest.cs: 1a0b5b4a36b5820faa4b3894f8324e00 -> 0ebb0c5641d0ac20e497e246c3eff337
  custom:scripting/monoscript/fileName/ApplyDestructionStrategyRequest.cs: 032a28d88c65010193deb5a4b99f58dd -> 213312285ccaacd75ce574cb89bf2411
  custom:scripting/monoscript/fileName/TileGenerator.cs: 042c900c13328f8a0055f0bccddada85 -> a538991689346061c6a9a2a96b02d37e
  custom:scripting/monoscript/fileName/ScaleEffect.cs: bf12e834d532f4f806bebaac99f812c1 -> 
  custom:SearchIndexIgnoredProperties: e643bd26f0fe6173181afceb89e7c659 -> 
  custom:scripting/monoscript/fileName/ScrollSnappedMarker.cs: 066cb0420eaae820b69ffbae9344f0b4 -> 1cd14000dfdbca98f6dda0685bba7fce
  custom:scripting/monoscript/fileName/DestroyViewSystem.cs: e1c1ea54b0c9f7465aac7332f0e6d6a8 -> 59b102bdf1755f7c7d016788c0259b93
  custom:scripting/monoscript/fileName/CleanupLevelRequest.cs: a4116677aeb8d793871c137a2a44b119 -> c4dd04e39c7a6664b68dab929adf2e81
  custom:AudioImporter_EditorPlatform: d09bf68614088b80899f8185d706f6e7 -> 
  custom:scripting/monoscript/fileName/ChainMovementMarker.cs: feac63d7e5aa51292f19abaa1d9db08c -> 
  custom:scripting/monoscript/fileName/ScrollPosition.cs: 225c0c33ea226da69f3473693dfb3c05 -> 9f9e723ba8833b9541ecfca3c6d6f8bc
  custom:scripting/monoscript/fileName/GameFieldWaveAlgorithmSystem.cs: fc14103f781a8cbb106ceeeb57eaeaab -> 607884f57fd7ce8ffeb8d2a7c96f93a3
  custom:scripting/monoscript/fileName/PlayerCfgRef.cs: 6d19f04523dbbba4fc64c8057f04e02a -> 198dbad4b6bbc11b3942c96af8dde650
  custom:scripting/monoscript/fileName/DestructionChainStrategySystem.cs: 783bb7763cba92611d8e9cf6674063b1 -> ddd821ede2656248bf0e9ddf669d5a28
  custom:scripting/monoscript/fileName/CreationChainTag.cs: 2998fd809902939f0ee04f473eeca00e -> 
  custom:scripting/monoscript/fileName/DestructionFeature.cs: b9b7cdbe8848a566388411c97a5fbd67 -> adcfef4ac4e45d2e562dcdc6fa49e429
  custom:scripting/monoscript/fileName/GameFieldAlgorithmIndex.cs: 9457d7f2147049910ea06f2159c61fc6 -> 7a58e7c6b5adebdaec058182398a5707
  custom:scripting/monoscript/fileName/GameLossTimerSystem.cs: de0b464553cb6b861179a91f75237edf -> 071940ff3f3e183b1d11d15239224386
  custom:scripting/monoscript/fileName/GameFieldPlaneAlgorithmSystem.cs: 526228704b2d4ed12e4753080710ec45 -> fec5555e40052f9e75dc859f5d201f4d
  custom:scripting/monoscript/fileName/ScrollSnappedEvent.cs: 85353374ba80b5fbd36ff4e2e7944412 -> 8bf4efe021842362c4e7d55e6a37d79a
  custom:scripting/monoscript/fileName/ShowMetaGameUIRequest.cs: 5564592071856871b46e981baa2e91f8 -> a88d7f1c319941ffae2f3a8957251596
  custom:scripting/monoscript/fileName/TileGenerator6.cs: 0a225711dfb489626c74dc5ff5d78f40 -> 83a93281253429d4bd51d4bfaf52f3ed
  custom:scripting/monoscript/fileName/GameFieldDestructedRequest.cs: c04d6601b9dc935cfc91348b0b9cc810 -> 47034b076d3abdec8c90304ac1fc38f1
  custom:scripting/monoscript/fileName/MetaGameUI.cs: b1f4a332b284a38895d9534e62ff0baf -> 67622f9ccfe38dacd5af3f2ae37c3026
  custom:scripting/monoscript/fileName/GameFieldClickSystem.cs: 9e6e496c03415de771bf8909db35f03b -> 3b1ea4c67b8ab5832ff3a23919e79f06
  custom:scripting/monoscript/fileName/BaseScrollSnapEffect.cs: d407bd1fc108496d969888a00479cce0 -> 
  custom:scripting/monoscript/fileName/CreateHUDSystem.cs: f8cd7ef545fa25f934c486aaa420eedd -> 43c05b406d9086180812a87a0e010e47
  custom:scripting/monoscript/fileName/Levels.cs: f22977143cde483af3e13597acee3c02 -> 37490b0d126f14e1e1d31453e3e94ae4
  custom:video-encoder-webm-vp8: eb34c28f22e8b96e1ab97ce403110664 -> 
  custom:scripting/monoscript/fileName/AnimalDestructionChainStrategySystem.cs: 23f4cc2de4c34d4d82415b095d5404aa -> 2d33061d60136630278a03c1042b54b3
  custom:scripting/monoscript/fileName/AnimalSpawnedEvent.cs: 18a67763bcf9b1b1ac26ffbfcbeed587 -> 7ad467d334ed6914a6a27adce1847b10
  custom:scripting/monoscript/fileName/RewardConnect.cs: de79e19f525e7b5954dbb77b1f453e4e -> 6751c3bbc08d4697c3b42878cd3daebd
  custom:audio-decoder-ogg-vorbis: bf7c407c2cedff20999df2af8eb42d56 -> 
  custom:scripting/monoscript/fileName/CleanupLevelSystem.cs: 72214ed46a73a03fca528428e05bd1c5 -> 8a5bce7edb21df4c4707d0529e30155e
  custom:scripting/monoscript/fileName/GameTag.cs: 2f67c69f27e85f806b88deb8c87b88d2 -> f5290ba12be2c3f124e97ffb76e9ea9f
  custom:scripting/monoscript/fileName/ScrollSnapTag.cs: 893d8b8aa473763f6ed0fb5321bbad28 -> c53bb14ce7c537cec4ba51b6c7bc6939
  custom:scripting/monoscript/fileName/GameFieldFeature.cs: 1f8b976c740b234c284fddfd95c568fd -> 9a83e32ad7b7857e12d74cf105f5a137
  custom:scripting/monoscript/fileName/GameScreen.cs: deb4cff0d85b325b8a61d3844cabec07 -> 84ec6758a1e33abe8d42365166b67ebd
  custom:scripting/monoscript/fileName/DestructionStrategyTag.cs: 950962d7baf41bc8fed98ea522a40170 -> 
  custom:scripting/monoscript/fileName/ScrollDraggedEvent.cs: d4b82f514f08a6e7eb8d3acbba3af876 -> 76bd8895c3b43170415bf40518460c7d
  custom:scripting/monoscript/fileName/CreateHUDRequest.cs: 61b5f154a3d1ac03d04c59d29d1c4e05 -> 11938a6be2a737aa70fadc220742dab2
  custom:scripting/monoscript/fileName/TileGenerator4.cs: 1ec433f057ddbb323aab6300cdd41968 -> 9b8c2608bd1d4162243c126a2c3ab74b
  custom:scripting/monoscript/fileName/GrowthWave.cs: 7c48243a6dd50c54e09b35b8a70e858a -> ab7a6a6e85687b04c58c7a681131bfdc
  custom:scripting/monoscript/fileName/AssemblyAnalyzer.cs: 5883fa404100530f6821c51e0df4a2b6 -> 
  custom:scripting/monoscript/fileName/CreateCoinRequest.cs: b6ee2396be79577ff18a940acb85bfe6 -> 8bf745611aed40a8441b8db392ff0316
  custom:scripting/monoscript/fileName/CreateGameLossTimerRequest.cs: 286f3e38529572dc1661f3473c808992 -> ef901bf1b06c7938a6030a67dd4d6d21
  custom:scripting/monoscript/fileName/DeathEvent.cs: ae7a15dcf33e2eb04a19bf37c49c469a -> 7ba4c6fe9f322f00d774d318ef8ef3b2
  custom:scripting/monoscript/fileName/GameFieldDestructedEvent.cs: 565697dff0d07f15eb4da25529efeaf3 -> 249503e823ee8a2543fdc65535f78404
  custom:scripting/monoscript/fileName/Wave.cs: e8061bad203a1f6efd397e8313ec6d83 -> ed89714bef4a8fe64f993c8bbc6df15f
  custom:scripting/monoscript/fileName/GameFieldDestructedMarker.cs: ab2e5320e3676ca16774eba7277d5b9e -> 6af6280f9d165b3fa0cbeef98677737a
  custom:scripting/monoscript/fileName/CoinUIConnect.cs: 8505822111497da435ec6d27192811c8 -> 9bed0bffdd7b151bbdc04ee5da58d9a4
  custom:scripting/monoscript/fileName/CreateGameSystem.cs: c40209e5646f830645bfdfa6dda44b96 -> acdc7e582431689501a3c2e4d1b573d0
  custom:audio-encoder-webm-vorbis: bf7c407c2cedff20999df2af8eb42d56 -> 
  custom:scripting/monoscript/fileName/ApplyStrategyRequest.cs: 04790d20b7aab51157b87a2b7ea70902 -> 
  custom:scripting/monoscript/fileName/ScrollSystem.cs: 80ef92943d864cb0b392598d6fcd75b9 -> 
  custom:scripting/monoscript/fileName/CreationChainStrategyTag.cs: 4fd921b87fca9ba0c731b954efca90f5 -> 7572d150aeb0955f670c8845e4df7c53
  custom:scripting/monoscript/fileName/ScrollDraggedMarker.cs: f40ec288e4d6330335dd03fa8726c839 -> 74ece2a65d27c55d64e7936bb538e5a8
  custom:scripting/monoscript/fileName/CreateAnimalsRequest.cs: a7ebd1a26b1e6c2c8f783f7506341452 -> 45001033be0d024e3f69c19d212eca00
  custom:scripting/monoscript/fileName/GameFieldGeneratedMarker.cs: 3343d51a95b5393b866292f7dd40076e -> 8ec9e96219719154c6ef937af1a570ab
  custom:scripting/monoscript/fileName/TileGenerator7.cs: d48bfbfd829455d8678bccfbd4ddf1db -> d7e74d9e48390acec81fb7d05eab04b6
  custom:scripting/monoscript/fileName/ClickSideMarker.cs: c1aa69917ccbb0e088243ec1d2c1ed5f -> 0c097904c16edc5a7ac1137f05d8d51c
  custom:scripting/monoscript/fileName/DestinationCellSystem.cs: 963aa1626fcb23e854feae01796a104e -> 840793441983a12313c0195510dbf2c3
  custom:scripting/precompiled-assembly-types:Assembly-CSharp: 3f6d2a9c8c4815a74f82179cf903b4ff -> a8a0291e33e77c495a3eaeddbf28c6f7
  custom:scripting/monoscript/fileName/LevelLostMarker.cs: 93ebe850d5850b9eb8bc2c04e2ffed33 -> 3e55ffaf6b929b3b51e014250d9920ac
  custom:scripting/monoscript/fileName/GameTitleConnect.cs: 5c14e36aa95fc82c33183a9dfce72cd2 -> 41a65dfb2d31309386b013674fae2e80
  custom:scripting/monoscript/fileName/CreateGameScreenRequest.cs: a885ba890460f60ddcd2c66df732e91f -> 066c58def3458c57fd1f40d51ed860c1
  custom:scripting/monoscript/fileName/ScrollToTargetMarker.cs: 7c2577f2a0b3fb585d934a4d0b35b7ec -> 01286f347cbc8bec863dbe15212d04dd
  custom:scripting/monoscript/fileName/GameFieldGeneratedByAlgorithm.cs: 642fd6d4f4e02c35c870cd61f2ca081f -> 074895d821d9efb916232844efdac6c8
  custom:scripting/monoscript/fileName/TileGenerator5.cs: 0eaf6fadc56123ad87a1d593fa635ede -> ee69db292b395fb7006478b7279c5ca6
  custom:scripting/monoscript/fileName/GameScreenSystem.cs: a0b364fc1bcdda23e4dd359a2204c08d -> 402c5e1323b5b0152bd1eea24fa29d07
  custom:scripting/monoscript/fileName/DestructionChainStrategyTag.cs: b0d607db3ab31634dee73b569e199000 -> 0c62c6ddeecb954158e34eafdd3e629f
========================================================================
Received Prepare
Caller must complete domain reload
Begin MonoManager ReloadAssembly
- Loaded All Assemblies, in  1.263 seconds
Native extension for WindowsStandalone target not found
Native extension for Android target not found
Native extension for WebGL target not found
[Package Manager] Server::EnsureServerProcessIsRunning -- launch failed, reason: Unity was launched with the -noUpm command-line argument
[Package Manager] UpmClient::Send -- Unable to send message (not connected to UPM process).
[Package Manager] Cannot connect to Unity Package Manager local server
Mono: successfully reloaded assembly
[Package Manager] Server::EnsureServerProcessIsRunning -- launch failed, reason: Unity was launched with the -noUpm command-line argument
[Package Manager] UpmClient::Send -- Unable to send message (not connected to UPM process).
[Package Manager] Cannot connect to Unity Package Manager local server
- Finished resetting the current domain, in  1.536 seconds
Domain Reload Profiling: 2803ms
	BeginReloadAssembly (246ms)
		ExecutionOrderSort (0ms)
		DisableScriptedObjects (6ms)
		BackupInstance (0ms)
		ReleaseScriptingObjects (1ms)
		CreateAndSetChildDomain (75ms)
	RebuildCommonClasses (28ms)
	RebuildNativeTypeToScriptingClass (9ms)
	initialDomainReloadingComplete (31ms)
	LoadAllAssembliesAndSetupDomain (952ms)
		LoadAssemblies (959ms)
		RebuildTransferFunctionScriptingTraits (0ms)
		AnalyzeDomain (120ms)
			TypeCache.Refresh (72ms)
				TypeCache.ScanAssembly (8ms)
			ScanForSourceGeneratedMonoScriptInfo (33ms)
			ResolveRequiredComponents (14ms)
	FinalizeReload (1536ms)
		ReleaseScriptCaches (0ms)
		RebuildScriptCaches (0ms)
		SetupLoadedEditorAssemblies (698ms)
			LogAssemblyErrors (0ms)
			InitializePlatformSupportModulesInManaged (25ms)
			SetLoadedEditorAssemblies (3ms)
			RefreshPlugins (0ms)
			BeforeProcessingInitializeOnLoad (69ms)
			ProcessInitializeOnLoadAttributes (348ms)
			ProcessInitializeOnLoadMethodAttributes (250ms)
			AfterProcessingInitializeOnLoad (2ms)
			EditorAssembliesLoaded (0ms)
		ExecutionOrderSort2 (0ms)
		AwakeInstancesAfterBackupRestoration (5ms)
Refreshing native plugins compatible for Editor in 4.84 ms, found 3 plugins.
Preloading 0 native plugins for Editor in 0.00 ms.
Unloading 4483 Unused Serialized files (Serialized files now loaded: 0)
Unloading 31 unused Assets / (66.8 KB). Loaded Objects now: 5113.
Memory consumption went from 185.8 MB to 185.7 MB.
Total: 20.843900 ms (FindLiveObjects: 0.661400 ms CreateObjectMapping: 0.124900 ms MarkObjects: 19.836000 ms  DeleteObjects: 0.220300 ms)

Prepare: number of updated asset objects reloaded= 0
AssetImportParameters requested are different than current active one (requested -> active):
  custom:scripting/monoscript/fileName/CatchGameFieldGeneratedRequest.cs: a67d51feea369e3830f924d9b8e9bd99 -> 17b67da9d0f3c4e2f8690dc96459b2b2
  custom:scripting/monoscript/fileName/TileGenerator3.cs: d30fb83fc6ac7475a319a83728c9ad41 -> 9b48fa675f0bce54dde0ed40b926842e
  custom:scripting/monoscript/fileName/GameFieldGrowthWaveAlgorithmTag.cs: 0ef400f135d729b9ef5ef61213bf46ca -> 992c54089fb6287a3abd63c766c90ae4
  custom:scripting/monoscript/fileName/CreateControlsRequest.cs: b6b52fa38bc5533b3ae550ee8b4085d9 -> 16e50cc2756add101f300d8e44319dd4
  custom:scripting/monoscript/fileName/HUDPrefab.cs: 30eaa62651e9c88e43fcb0d04e30077a -> 114724dd8b86c8d5655c0a4636c8f807
  custom:container-demuxer-ogg: 62fdf1f143b41e24485cea50d1cbac27 -> 
  custom:scripting/monoscript/fileName/TileGenerator2.cs: 09c5b2f1e3412cb486138eafe6da2ee9 -> d25441398affce60b9e3b08d18b5fa1c
  custom:scripting/monoscript/fileName/GameFlowFeature.cs: e6718831d198d39704b255f20f16f8d0 -> df0113f54b1bbce00d62c010ef3fe8b4
  custom:scripting/monoscript/fileName/CreationAnimalStrategyCfg.cs: fb433a13c1a2eff2a6d277801dbab975 -> 4fd36c8314e91d36d51becb0cdc6faeb
  custom:scripting/monoscript/fileName/CreateAnimalsSystem.cs: 8cef56369804335c0ac2e97203aee8a9 -> bee4bc1341c43b6aa3c88b1b3d4e3e18
  custom:scripting/monoscript/fileName/ScrollToTargetEvent.cs: 267de8c3fdba9d89cbf5a80a977d1db1 -> 1606e13368f10abd95859ea46f664d86
  custom:scripting/monoscript/fileName/GameFieldGeneratedEvent.cs: f908cee032e843be5ba60b9a2c441882 -> a6030e6b0b808118faf8aa49ffee5b94
  custom:scripting/monoscript/fileName/RandomGameFieldAlgorithmSystem.cs: 22b92a32636676be944ecefe67707cbf -> c5085b777b6be8657ea1f9bd1eb1f0e6
  custom:scripting/monoscript/fileName/GameFieldWaveAlgorithmTag.cs: 5be4d41974793f3169ea3a8184ff61d2 -> a3fe88f8e3ec0ea7cb6587b6cb569630
  custom:scripting/monoscript/fileName/GameFieldAlgorithms.cs: 9210f2e649de58f37f078a6eadd5eb19 -> a68d1cf9c70b1eb7af91f8532ed35f7f
  custom:scripting/monoscript/fileName/MetaGameUIHiddenEvent.cs: 342ed956eb53710532411f8c2784417a -> 463482aa840de7082f4a278ef86a7e1d
  custom:scripting/monoscript/fileName/LevelClearedEvent.cs: bbac8ca3904db25721b8cf3b0fab6582 -> 663b31180f17f64cf76455cfee4638c9
  custom:scripting/monoscript/fileName/GameScreenPrefab.cs: ad79cba3a80ff268ab301d438f50d7a3 -> b778ed7a73a66bec617f434ba9deff77
  custom:video-decoder-ogg-theora: a1e56fd34408186e4bbccfd4996cb3dc -> 
  custom:scripting/monoscript/fileName/CalculateCellScaleYSystem.cs: 939787dca0b233005791ec684dff156a -> 24348a5eb2340227fde21c4e16f198a5
  custom:scripting/monoscript/fileName/AnimalPositionedEvent.cs: 8e15db485d40ca13ea5402666ad1b4b3 -> 1bc3206bed9925993456a53b954cd396
  custom:scripting/monoscript/fileName/ScrollSnapEffect.cs: b6c51e4f0f8afbbfdca8ecd17bfb0fb9 -> 91d29477668f48905bbbd4cb6247533d
  custom:scripting/monoscript/fileName/LevelLifeTimeMarker.cs: bfaf24a17910b0a8ddcc0f9024db8056 -> d0a88ae6d48c761dad292d2aec410cb0
  custom:scripting/monoscript/fileName/GameFieldPlaneAlgorithmTag.cs: 21e5015ce1d5b093ab9d6011592292bd -> 7cf8c3e3aade2f1d2e7a2f82f1c5463e
  custom:framework-win-MediaFoundation: 216162199b28c13a410421893ffa2e32 -> 
  custom:scripting/monoscript/fileName/LevelLostEvent.cs: afc9b242eba24b2b4392b9bea1cad284 -> d1c8f0634443fb2b56e42e7c40935303
  custom:scripting/monoscript/fileName/GameField.cs: 27b6b3d034a0ef2e26f2934f1319d99d -> bf9a4c69a023939dbb88e3f1703ca432
  custom:scripting/monoscript/fileName/ScrollSnap.cs: 5dd984369f102ebda4e54789a0ea104e -> 74fe1fbb0f6bef271000d67e7c21bd45
  custom:scripting/monoscript/fileName/HideMetaGameUIRequest.cs: c6d8ffd38038f5edb986b7d2b1660fc7 -> 023f27171a187f71ff8a4853369f6cb5
  custom:scripting/monoscript/fileName/ReferenceCodeGen.cs: 1847e30272d75555141d3031c134c733 -> 
  custom:scripting/monoscript/fileName/GameCreatedEvent.cs: 25808abd6af439ae2d396c16c3d9e8f2 -> 13c2ac463741ba32d214c8bfa0606347
  custom:scripting/monoscript/fileName/TileGeneratedEvent.cs: 1b597c0aa79fd56f2f4088925f13cbef -> dba7452f6d7179c1abc1b361aa9403a8
  custom:scripting/monoscript/fileName/ScrollSnapSystem.cs: 51807458632b0abe0dcd77862975ce47 -> 49fa898761310374e9100843919f1617
  custom:scripting/monoscript/fileName/ChainDestructionRequestSystem.cs: e36a5ffa427d50aa181531f55986ccd8 -> 
  custom:scripting/monoscript/fileName/GameFlowSystem.cs: cf1e5382541a33c73a981035dae85045 -> b60539680bd07758445284af098b515c
  custom:scripting/monoscript/fileName/LevelLostCheckSystem.cs: 255183d3cc1fbb2d10c8abfa77b7b9e2 -> 1205ba5e4744c00285ba2c45a53da364
  custom:scripting/monoscript/fileName/CatchGameFieldEventsSystem.cs: 69b1fa6bdab0b0e6ef5f59e5ba1798e4 -> d8fdc78bead3537fb228755ca2d434dd
  custom:scripting/monoscript/fileName/FitObjectToCamera.cs: 942221b48ed202602e9ac643e54d7650 -> aaedefa2aeb7069389a90129af0ec391
  custom:scripting/monoscript/fileName/DestructionAnimalStrategyCfg.cs: b5449fe14a7d9ce6de2ff0202c280054 -> dcccc812fc5e86758b5038f4fc7d9a74
  custom:scripting/monoscript/fileName/CameraScaler.cs: 150bf424de40cfdb27d6bfc1fd0a2d72 -> 3cbb08bff7a396f130a0443ef1ccb748
  custom:scripting/monoscript/fileName/ScoreUIConnect.cs: c27938a2bdddd88ab951e7adbbd35794 -> ac7c32a805063f081f2fababb8d4d898
  custom:CustomObjectIndexerAttribute: 9a22284fe3817be447336de3de66b15e -> 
  custom:scripting/monoscript/fileName/ChainDestructionSystem.cs: 1804387f55e34d8c464a091638dbfb17 -> 
  custom:scripting/monoscript/fileName/GameFieldDestructRequest.cs: 10e88c15a7ec0cf5e99dbb40e0a3edf8 -> 39e29c44e39353c5f5e46e4fd35fb435
  custom:scripting/monoscript/fileName/GameLossTimerConnect.cs: f0cf7139ab50e9b8389bcd82a4789c30 -> 21c0067c523cc022f4caa4d8eef3c889
  custom:scripting/monoscript/fileName/GameFieldAlgorithmCfg.cs: 2a67613a1067bee0772c4bce0a006e8e -> c18842b2d8e9d19897c42dc941ae1a61
  custom:scripting/monoscript/fileName/DestructionChainTag.cs: d52207bbfd049f584009aa3d50645080 -> 
  custom:scripting/monoscript/fileName/AnimalCreationChainStrategySystem.cs: cfd77a10d3edff40c8fa516ba194c3f6 -> 6245b6c4937dad6bd6bfbe1a5bb91d82
  custom:scripting/monoscript/fileName/MetaGameUISystem.cs: 93f0bb4ace47f6ac6817404d82ccb661 -> 34bedb813123b4b9a91614edd15a8069
  custom:scripting/monoscript/fileName/ScrollSetupRequest.cs: a402aba2680e5863d1008ad06428d65a -> e1c69e68812599757df2aff91a4e9cf2
  custom:container-demuxer-webm: 4f35f7cbe854078d1ac9338744f61a02 -> 
  custom:scripting/monoscript/fileName/FadeEffect.cs: 4615b2acb46a691c33b29aab26f2062a -> 
  custom:scripting/monoscript/fileName/MetaGameUIHiddenMarker.cs: a71b94db2ed8f97f815cc84fb87d48eb -> dddb2beaf43a7ef60953e2f9eacf78f8
  custom:scripting/monoscript/fileName/SourceCodeModifier.cs: 3ffa94fedf57701a474133f623b99b6a -> 5c7f9a2114ee5b14002453c253315bd0
  custom:scripting/monoscript/fileName/GameFieldAlgorithmTag.cs: 5b91fd95ca72cd7048aa9f46e543e265 -> da7c22434643605d19edac79c0d3b3c7
  custom:scripting/monoscript/fileName/GameFieldGrowthWaveAlgorithmSystem.cs: c43067b71ef74cae0090827f88cfe4b8 -> 00c4aec9ff9f1e3764b69170240089db
  custom:scripting/monoscript/fileName/LevelLossSystem.cs: 89eef653e3f28787ebae3df17b9a17fa -> 1a50b41fb86c42146dd1e7eca3f63c3b
  custom:scripting/monoscript/fileName/GameFieldGenerateRequest.cs: b3f004fb89f931ad5595eca9c3e3ea7d -> fc85f9d1ad1c72513abf13f206f13826
  custom:container-muxer-webm: aa71ff27fc2769a1b78a27578f13a17b -> 
  custom:scripting/monoscript/fileName/AnimalDestructedEvent.cs: de6741ad9146f65b9ee26b392c6f63b7 -> e882e3b205fcfc8f4d8ec1b06235b0f7
  custom:scripting/monoscript/fileName/DeleteEntityCommand.cs: bcabe5bfe518320718d48d41a3a0e90a -> 
  custom:video-decoder-webm-vp8: 9c59270c3fd7afecdb556c50c9e8de78 -> 
  custom:scripting/monoscript/fileName/DestroyViewRequest.cs: 1a0b5b4a36b5820faa4b3894f8324e00 -> 0ebb0c5641d0ac20e497e246c3eff337
  custom:scripting/monoscript/fileName/ApplyDestructionStrategyRequest.cs: 032a28d88c65010193deb5a4b99f58dd -> 213312285ccaacd75ce574cb89bf2411
  custom:scripting/monoscript/fileName/TileGenerator.cs: 042c900c13328f8a0055f0bccddada85 -> a538991689346061c6a9a2a96b02d37e
  custom:scripting/monoscript/fileName/ScaleEffect.cs: bf12e834d532f4f806bebaac99f812c1 -> 
  custom:SearchIndexIgnoredProperties: e643bd26f0fe6173181afceb89e7c659 -> 
  custom:scripting/monoscript/fileName/ScrollSnappedMarker.cs: 066cb0420eaae820b69ffbae9344f0b4 -> 1cd14000dfdbca98f6dda0685bba7fce
  custom:scripting/monoscript/fileName/DestroyViewSystem.cs: e1c1ea54b0c9f7465aac7332f0e6d6a8 -> 59b102bdf1755f7c7d016788c0259b93
  custom:scripting/monoscript/fileName/CleanupLevelRequest.cs: a4116677aeb8d793871c137a2a44b119 -> c4dd04e39c7a6664b68dab929adf2e81
  custom:AudioImporter_EditorPlatform: d09bf68614088b80899f8185d706f6e7 -> 
  custom:scripting/monoscript/fileName/ChainMovementMarker.cs: feac63d7e5aa51292f19abaa1d9db08c -> 
  custom:scripting/monoscript/fileName/ScrollPosition.cs: 225c0c33ea226da69f3473693dfb3c05 -> 9f9e723ba8833b9541ecfca3c6d6f8bc
  custom:scripting/monoscript/fileName/GameFieldWaveAlgorithmSystem.cs: fc14103f781a8cbb106ceeeb57eaeaab -> 607884f57fd7ce8ffeb8d2a7c96f93a3
  custom:scripting/monoscript/fileName/PlayerCfgRef.cs: 6d19f04523dbbba4fc64c8057f04e02a -> 198dbad4b6bbc11b3942c96af8dde650
  custom:scripting/monoscript/fileName/DestructionChainStrategySystem.cs: 783bb7763cba92611d8e9cf6674063b1 -> ddd821ede2656248bf0e9ddf669d5a28
  custom:scripting/monoscript/fileName/CreationChainTag.cs: 2998fd809902939f0ee04f473eeca00e -> 
  custom:scripting/monoscript/fileName/DestructionFeature.cs: b9b7cdbe8848a566388411c97a5fbd67 -> adcfef4ac4e45d2e562dcdc6fa49e429
  custom:scripting/monoscript/fileName/GameFieldAlgorithmIndex.cs: 9457d7f2147049910ea06f2159c61fc6 -> 7a58e7c6b5adebdaec058182398a5707
  custom:scripting/monoscript/fileName/GameLossTimerSystem.cs: de0b464553cb6b861179a91f75237edf -> 071940ff3f3e183b1d11d15239224386
  custom:scripting/monoscript/fileName/GameFieldPlaneAlgorithmSystem.cs: 526228704b2d4ed12e4753080710ec45 -> fec5555e40052f9e75dc859f5d201f4d
  custom:scripting/monoscript/fileName/ScrollSnappedEvent.cs: 85353374ba80b5fbd36ff4e2e7944412 -> 8bf4efe021842362c4e7d55e6a37d79a
  custom:scripting/monoscript/fileName/ShowMetaGameUIRequest.cs: 5564592071856871b46e981baa2e91f8 -> a88d7f1c319941ffae2f3a8957251596
  custom:scripting/monoscript/fileName/TileGenerator6.cs: 0a225711dfb489626c74dc5ff5d78f40 -> 83a93281253429d4bd51d4bfaf52f3ed
  custom:scripting/monoscript/fileName/GameFieldDestructedRequest.cs: c04d6601b9dc935cfc91348b0b9cc810 -> 47034b076d3abdec8c90304ac1fc38f1
  custom:scripting/monoscript/fileName/MetaGameUI.cs: b1f4a332b284a38895d9534e62ff0baf -> 67622f9ccfe38dacd5af3f2ae37c3026
  custom:scripting/monoscript/fileName/GameFieldClickSystem.cs: 9e6e496c03415de771bf8909db35f03b -> 3b1ea4c67b8ab5832ff3a23919e79f06
  custom:scripting/monoscript/fileName/BaseScrollSnapEffect.cs: d407bd1fc108496d969888a00479cce0 -> 
  custom:scripting/monoscript/fileName/CreateHUDSystem.cs: f8cd7ef545fa25f934c486aaa420eedd -> 43c05b406d9086180812a87a0e010e47
  custom:scripting/monoscript/fileName/Levels.cs: f22977143cde483af3e13597acee3c02 -> 37490b0d126f14e1e1d31453e3e94ae4
  custom:video-encoder-webm-vp8: eb34c28f22e8b96e1ab97ce403110664 -> 
  custom:scripting/monoscript/fileName/AnimalDestructionChainStrategySystem.cs: 23f4cc2de4c34d4d82415b095d5404aa -> 2d33061d60136630278a03c1042b54b3
  custom:scripting/monoscript/fileName/AnimalSpawnedEvent.cs: 18a67763bcf9b1b1ac26ffbfcbeed587 -> 7ad467d334ed6914a6a27adce1847b10
  custom:scripting/monoscript/fileName/RewardConnect.cs: de79e19f525e7b5954dbb77b1f453e4e -> 6751c3bbc08d4697c3b42878cd3daebd
  custom:audio-decoder-ogg-vorbis: bf7c407c2cedff20999df2af8eb42d56 -> 
  custom:scripting/monoscript/fileName/CleanupLevelSystem.cs: 72214ed46a73a03fca528428e05bd1c5 -> 8a5bce7edb21df4c4707d0529e30155e
  custom:scripting/monoscript/fileName/GameTag.cs: 2f67c69f27e85f806b88deb8c87b88d2 -> f5290ba12be2c3f124e97ffb76e9ea9f
  custom:scripting/monoscript/fileName/ScrollSnapTag.cs: 893d8b8aa473763f6ed0fb5321bbad28 -> c53bb14ce7c537cec4ba51b6c7bc6939
  custom:scripting/monoscript/fileName/GameFieldFeature.cs: 1f8b976c740b234c284fddfd95c568fd -> 9a83e32ad7b7857e12d74cf105f5a137
  custom:scripting/monoscript/fileName/GameScreen.cs: deb4cff0d85b325b8a61d3844cabec07 -> 84ec6758a1e33abe8d42365166b67ebd
  custom:scripting/monoscript/fileName/DestructionStrategyTag.cs: 950962d7baf41bc8fed98ea522a40170 -> 
  custom:scripting/monoscript/fileName/ScrollDraggedEvent.cs: d4b82f514f08a6e7eb8d3acbba3af876 -> 76bd8895c3b43170415bf40518460c7d
  custom:scripting/monoscript/fileName/CreateHUDRequest.cs: 61b5f154a3d1ac03d04c59d29d1c4e05 -> 11938a6be2a737aa70fadc220742dab2
  custom:scripting/monoscript/fileName/TileGenerator4.cs: 1ec433f057ddbb323aab6300cdd41968 -> 9b8c2608bd1d4162243c126a2c3ab74b
  custom:scripting/monoscript/fileName/GrowthWave.cs: 7c48243a6dd50c54e09b35b8a70e858a -> ab7a6a6e85687b04c58c7a681131bfdc
  custom:scripting/monoscript/fileName/AssemblyAnalyzer.cs: 5883fa404100530f6821c51e0df4a2b6 -> 
  custom:scripting/monoscript/fileName/CreateCoinRequest.cs: b6ee2396be79577ff18a940acb85bfe6 -> 8bf745611aed40a8441b8db392ff0316
  custom:scripting/monoscript/fileName/CreateGameLossTimerRequest.cs: 286f3e38529572dc1661f3473c808992 -> ef901bf1b06c7938a6030a67dd4d6d21
  custom:scripting/monoscript/fileName/DeathEvent.cs: ae7a15dcf33e2eb04a19bf37c49c469a -> 7ba4c6fe9f322f00d774d318ef8ef3b2
  custom:scripting/monoscript/fileName/GameFieldDestructedEvent.cs: 565697dff0d07f15eb4da25529efeaf3 -> 249503e823ee8a2543fdc65535f78404
  custom:scripting/monoscript/fileName/Wave.cs: e8061bad203a1f6efd397e8313ec6d83 -> ed89714bef4a8fe64f993c8bbc6df15f
  custom:scripting/monoscript/fileName/GameFieldDestructedMarker.cs: ab2e5320e3676ca16774eba7277d5b9e -> 6af6280f9d165b3fa0cbeef98677737a
  custom:scripting/monoscript/fileName/CoinUIConnect.cs: 8505822111497da435ec6d27192811c8 -> 9bed0bffdd7b151bbdc04ee5da58d9a4
  custom:scripting/monoscript/fileName/CreateGameSystem.cs: c40209e5646f830645bfdfa6dda44b96 -> acdc7e582431689501a3c2e4d1b573d0
  custom:audio-encoder-webm-vorbis: bf7c407c2cedff20999df2af8eb42d56 -> 
  custom:scripting/monoscript/fileName/ApplyStrategyRequest.cs: 04790d20b7aab51157b87a2b7ea70902 -> 
  custom:scripting/monoscript/fileName/ScrollSystem.cs: 80ef92943d864cb0b392598d6fcd75b9 -> 
  custom:scripting/monoscript/fileName/CreationChainStrategyTag.cs: 4fd921b87fca9ba0c731b954efca90f5 -> 7572d150aeb0955f670c8845e4df7c53
  custom:scripting/monoscript/fileName/ScrollDraggedMarker.cs: f40ec288e4d6330335dd03fa8726c839 -> 74ece2a65d27c55d64e7936bb538e5a8
  custom:scripting/monoscript/fileName/CreateAnimalsRequest.cs: a7ebd1a26b1e6c2c8f783f7506341452 -> 45001033be0d024e3f69c19d212eca00
  custom:scripting/monoscript/fileName/GameFieldGeneratedMarker.cs: 3343d51a95b5393b866292f7dd40076e -> 8ec9e96219719154c6ef937af1a570ab
  custom:scripting/monoscript/fileName/TileGenerator7.cs: d48bfbfd829455d8678bccfbd4ddf1db -> d7e74d9e48390acec81fb7d05eab04b6
  custom:scripting/monoscript/fileName/ClickSideMarker.cs: c1aa69917ccbb0e088243ec1d2c1ed5f -> 0c097904c16edc5a7ac1137f05d8d51c
  custom:scripting/monoscript/fileName/DestinationCellSystem.cs: 963aa1626fcb23e854feae01796a104e -> 840793441983a12313c0195510dbf2c3
  custom:scripting/precompiled-assembly-types:Assembly-CSharp: 3f6d2a9c8c4815a74f82179cf903b4ff -> a8a0291e33e77c495a3eaeddbf28c6f7
  custom:scripting/monoscript/fileName/LevelLostMarker.cs: 93ebe850d5850b9eb8bc2c04e2ffed33 -> 3e55ffaf6b929b3b51e014250d9920ac
  custom:scripting/monoscript/fileName/GameTitleConnect.cs: 5c14e36aa95fc82c33183a9dfce72cd2 -> 41a65dfb2d31309386b013674fae2e80
  custom:scripting/monoscript/fileName/CreateGameScreenRequest.cs: a885ba890460f60ddcd2c66df732e91f -> 066c58def3458c57fd1f40d51ed860c1
  custom:scripting/monoscript/fileName/ScrollToTargetMarker.cs: 7c2577f2a0b3fb585d934a4d0b35b7ec -> 01286f347cbc8bec863dbe15212d04dd
  custom:scripting/monoscript/fileName/GameFieldGeneratedByAlgorithm.cs: 642fd6d4f4e02c35c870cd61f2ca081f -> 074895d821d9efb916232844efdac6c8
  custom:scripting/monoscript/fileName/TileGenerator5.cs: 0eaf6fadc56123ad87a1d593fa635ede -> ee69db292b395fb7006478b7279c5ca6
  custom:scripting/monoscript/fileName/GameScreenSystem.cs: a0b364fc1bcdda23e4dd359a2204c08d -> 402c5e1323b5b0152bd1eea24fa29d07
  custom:scripting/monoscript/fileName/DestructionChainStrategyTag.cs: b0d607db3ab31634dee73b569e199000 -> 0c62c6ddeecb954158e34eafdd3e629f
========================================================================
Received Prepare
Caller must complete domain reload
Begin MonoManager ReloadAssembly
- Loaded All Assemblies, in  0.541 seconds
Native extension for WindowsStandalone target not found
Native extension for Android target not found
Native extension for WebGL target not found
[Package Manager] Server::EnsureServerProcessIsRunning -- launch failed, reason: Unity was launched with the -noUpm command-line argument
[Package Manager] UpmClient::Send -- Unable to send message (not connected to UPM process).
[Package Manager] Cannot connect to Unity Package Manager local server
Mono: successfully reloaded assembly
[Package Manager] Server::EnsureServerProcessIsRunning -- launch failed, reason: Unity was launched with the -noUpm command-line argument
[Package Manager] UpmClient::Send -- Unable to send message (not connected to UPM process).
[Package Manager] Cannot connect to Unity Package Manager local server
- Finished resetting the current domain, in  1.352 seconds
Domain Reload Profiling: 1893ms
	BeginReloadAssembly (145ms)
		ExecutionOrderSort (0ms)
		DisableScriptedObjects (5ms)
		BackupInstance (0ms)
		ReleaseScriptingObjects (0ms)
		CreateAndSetChildDomain (42ms)
	RebuildCommonClasses (26ms)
	RebuildNativeTypeToScriptingClass (9ms)
	initialDomainReloadingComplete (30ms)
	LoadAllAssembliesAndSetupDomain (331ms)
		LoadAssemblies (354ms)
		RebuildTransferFunctionScriptingTraits (0ms)
		AnalyzeDomain (47ms)
			TypeCache.Refresh (21ms)
				TypeCache.ScanAssembly (7ms)
			ScanForSourceGeneratedMonoScriptInfo (15ms)
			ResolveRequiredComponents (9ms)
	FinalizeReload (1352ms)
		ReleaseScriptCaches (0ms)
		RebuildScriptCaches (0ms)
		SetupLoadedEditorAssemblies (669ms)
			LogAssemblyErrors (0ms)
			InitializePlatformSupportModulesInManaged (21ms)
			SetLoadedEditorAssemblies (3ms)
			RefreshPlugins (0ms)
			BeforeProcessingInitializeOnLoad (60ms)
			ProcessInitializeOnLoadAttributes (342ms)
			ProcessInitializeOnLoadMethodAttributes (241ms)
			AfterProcessingInitializeOnLoad (2ms)
			EditorAssembliesLoaded (0ms)
		ExecutionOrderSort2 (0ms)
		AwakeInstancesAfterBackupRestoration (5ms)
Refreshing native plugins compatible for Editor in 5.58 ms, found 3 plugins.
Preloading 0 native plugins for Editor in 0.00 ms.
Unloading 4483 Unused Serialized files (Serialized files now loaded: 0)
Unloading 31 unused Assets / (66.7 KB). Loaded Objects now: 5116.
Memory consumption went from 185.8 MB to 185.7 MB.
Total: 14.309900 ms (FindLiveObjects: 0.354200 ms CreateObjectMapping: 0.163000 ms MarkObjects: 13.633000 ms  DeleteObjects: 0.158300 ms)

Prepare: number of updated asset objects reloaded= 0
AssetImportParameters requested are different than current active one (requested -> active):
  custom:scripting/monoscript/fileName/CatchGameFieldGeneratedRequest.cs: a67d51feea369e3830f924d9b8e9bd99 -> 17b67da9d0f3c4e2f8690dc96459b2b2
  custom:scripting/monoscript/fileName/TileGenerator3.cs: d30fb83fc6ac7475a319a83728c9ad41 -> 9b48fa675f0bce54dde0ed40b926842e
  custom:scripting/monoscript/fileName/GameFieldGrowthWaveAlgorithmTag.cs: 0ef400f135d729b9ef5ef61213bf46ca -> 992c54089fb6287a3abd63c766c90ae4
  custom:scripting/monoscript/fileName/CreateControlsRequest.cs: b6b52fa38bc5533b3ae550ee8b4085d9 -> 16e50cc2756add101f300d8e44319dd4
  custom:scripting/monoscript/fileName/HUDPrefab.cs: 30eaa62651e9c88e43fcb0d04e30077a -> 114724dd8b86c8d5655c0a4636c8f807
  custom:container-demuxer-ogg: 62fdf1f143b41e24485cea50d1cbac27 -> 
  custom:scripting/monoscript/fileName/TileGenerator2.cs: 09c5b2f1e3412cb486138eafe6da2ee9 -> d25441398affce60b9e3b08d18b5fa1c
  custom:scripting/monoscript/fileName/GameFlowFeature.cs: e6718831d198d39704b255f20f16f8d0 -> df0113f54b1bbce00d62c010ef3fe8b4
  custom:scripting/monoscript/fileName/CreationAnimalStrategyCfg.cs: fb433a13c1a2eff2a6d277801dbab975 -> 4fd36c8314e91d36d51becb0cdc6faeb
  custom:scripting/monoscript/fileName/CreateAnimalsSystem.cs: 8cef56369804335c0ac2e97203aee8a9 -> bee4bc1341c43b6aa3c88b1b3d4e3e18
  custom:scripting/monoscript/fileName/ScrollToTargetEvent.cs: 267de8c3fdba9d89cbf5a80a977d1db1 -> 1606e13368f10abd95859ea46f664d86
  custom:scripting/monoscript/fileName/GameFieldGeneratedEvent.cs: f908cee032e843be5ba60b9a2c441882 -> a6030e6b0b808118faf8aa49ffee5b94
  custom:scripting/monoscript/fileName/RandomGameFieldAlgorithmSystem.cs: 22b92a32636676be944ecefe67707cbf -> c5085b777b6be8657ea1f9bd1eb1f0e6
  custom:scripting/monoscript/fileName/GameFieldWaveAlgorithmTag.cs: 5be4d41974793f3169ea3a8184ff61d2 -> a3fe88f8e3ec0ea7cb6587b6cb569630
  custom:scripting/monoscript/fileName/GameFieldAlgorithms.cs: 9210f2e649de58f37f078a6eadd5eb19 -> a68d1cf9c70b1eb7af91f8532ed35f7f
  custom:scripting/monoscript/fileName/MetaGameUIHiddenEvent.cs: 342ed956eb53710532411f8c2784417a -> 463482aa840de7082f4a278ef86a7e1d
  custom:scripting/monoscript/fileName/LevelClearedEvent.cs: bbac8ca3904db25721b8cf3b0fab6582 -> 663b31180f17f64cf76455cfee4638c9
  custom:scripting/monoscript/fileName/GameScreenPrefab.cs: ad79cba3a80ff268ab301d438f50d7a3 -> b778ed7a73a66bec617f434ba9deff77
  custom:video-decoder-ogg-theora: a1e56fd34408186e4bbccfd4996cb3dc -> 
  custom:scripting/monoscript/fileName/CalculateCellScaleYSystem.cs: 939787dca0b233005791ec684dff156a -> 24348a5eb2340227fde21c4e16f198a5
  custom:scripting/monoscript/fileName/AnimalPositionedEvent.cs: 8e15db485d40ca13ea5402666ad1b4b3 -> 1bc3206bed9925993456a53b954cd396
  custom:scripting/monoscript/fileName/ScrollSnapEffect.cs: b6c51e4f0f8afbbfdca8ecd17bfb0fb9 -> 91d29477668f48905bbbd4cb6247533d
  custom:scripting/monoscript/fileName/LevelLifeTimeMarker.cs: bfaf24a17910b0a8ddcc0f9024db8056 -> d0a88ae6d48c761dad292d2aec410cb0
  custom:scripting/monoscript/fileName/GameFieldPlaneAlgorithmTag.cs: 21e5015ce1d5b093ab9d6011592292bd -> 7cf8c3e3aade2f1d2e7a2f82f1c5463e
  custom:framework-win-MediaFoundation: 216162199b28c13a410421893ffa2e32 -> 
  custom:scripting/monoscript/fileName/LevelLostEvent.cs: afc9b242eba24b2b4392b9bea1cad284 -> d1c8f0634443fb2b56e42e7c40935303
  custom:scripting/monoscript/fileName/GameField.cs: 27b6b3d034a0ef2e26f2934f1319d99d -> bf9a4c69a023939dbb88e3f1703ca432
  custom:scripting/monoscript/fileName/ScrollSnap.cs: 5dd984369f102ebda4e54789a0ea104e -> 74fe1fbb0f6bef271000d67e7c21bd45
  custom:scripting/monoscript/fileName/HideMetaGameUIRequest.cs: c6d8ffd38038f5edb986b7d2b1660fc7 -> 023f27171a187f71ff8a4853369f6cb5
  custom:scripting/monoscript/fileName/ReferenceCodeGen.cs: 1847e30272d75555141d3031c134c733 -> 
  custom:scripting/monoscript/fileName/GameCreatedEvent.cs: 25808abd6af439ae2d396c16c3d9e8f2 -> 13c2ac463741ba32d214c8bfa0606347
  custom:scripting/monoscript/fileName/TileGeneratedEvent.cs: 1b597c0aa79fd56f2f4088925f13cbef -> dba7452f6d7179c1abc1b361aa9403a8
  custom:scripting/monoscript/fileName/ScrollSnapSystem.cs: 51807458632b0abe0dcd77862975ce47 -> 49fa898761310374e9100843919f1617
  custom:scripting/monoscript/fileName/ChainDestructionRequestSystem.cs: e36a5ffa427d50aa181531f55986ccd8 -> 
  custom:scripting/monoscript/fileName/GameFlowSystem.cs: cf1e5382541a33c73a981035dae85045 -> b60539680bd07758445284af098b515c
  custom:scripting/monoscript/fileName/LevelLostCheckSystem.cs: 255183d3cc1fbb2d10c8abfa77b7b9e2 -> 1205ba5e4744c00285ba2c45a53da364
  custom:scripting/monoscript/fileName/CatchGameFieldEventsSystem.cs: 69b1fa6bdab0b0e6ef5f59e5ba1798e4 -> d8fdc78bead3537fb228755ca2d434dd
  custom:scripting/monoscript/fileName/FitObjectToCamera.cs: 942221b48ed202602e9ac643e54d7650 -> aaedefa2aeb7069389a90129af0ec391
  custom:scripting/monoscript/fileName/DestructionAnimalStrategyCfg.cs: b5449fe14a7d9ce6de2ff0202c280054 -> dcccc812fc5e86758b5038f4fc7d9a74
  custom:scripting/monoscript/fileName/CameraScaler.cs: 150bf424de40cfdb27d6bfc1fd0a2d72 -> 3cbb08bff7a396f130a0443ef1ccb748
  custom:scripting/monoscript/fileName/ScoreUIConnect.cs: c27938a2bdddd88ab951e7adbbd35794 -> ac7c32a805063f081f2fababb8d4d898
  custom:CustomObjectIndexerAttribute: 9a22284fe3817be447336de3de66b15e -> 
  custom:scripting/monoscript/fileName/ChainDestructionSystem.cs: 1804387f55e34d8c464a091638dbfb17 -> 
  custom:scripting/monoscript/fileName/GameFieldDestructRequest.cs: 10e88c15a7ec0cf5e99dbb40e0a3edf8 -> 39e29c44e39353c5f5e46e4fd35fb435
  custom:scripting/monoscript/fileName/GameLossTimerConnect.cs: f0cf7139ab50e9b8389bcd82a4789c30 -> 21c0067c523cc022f4caa4d8eef3c889
  custom:scripting/monoscript/fileName/GameFieldAlgorithmCfg.cs: 2a67613a1067bee0772c4bce0a006e8e -> c18842b2d8e9d19897c42dc941ae1a61
  custom:scripting/monoscript/fileName/DestructionChainTag.cs: d52207bbfd049f584009aa3d50645080 -> 
  custom:scripting/monoscript/fileName/AnimalCreationChainStrategySystem.cs: cfd77a10d3edff40c8fa516ba194c3f6 -> 6245b6c4937dad6bd6bfbe1a5bb91d82
  custom:scripting/monoscript/fileName/MetaGameUISystem.cs: 93f0bb4ace47f6ac6817404d82ccb661 -> 34bedb813123b4b9a91614edd15a8069
  custom:scripting/monoscript/fileName/ScrollSetupRequest.cs: a402aba2680e5863d1008ad06428d65a -> e1c69e68812599757df2aff91a4e9cf2
  custom:container-demuxer-webm: 4f35f7cbe854078d1ac9338744f61a02 -> 
  custom:scripting/monoscript/fileName/FadeEffect.cs: 4615b2acb46a691c33b29aab26f2062a -> 
  custom:scripting/monoscript/fileName/MetaGameUIHiddenMarker.cs: a71b94db2ed8f97f815cc84fb87d48eb -> dddb2beaf43a7ef60953e2f9eacf78f8
  custom:scripting/monoscript/fileName/SourceCodeModifier.cs: 3ffa94fedf57701a474133f623b99b6a -> 5c7f9a2114ee5b14002453c253315bd0
  custom:scripting/monoscript/fileName/GameFieldAlgorithmTag.cs: 5b91fd95ca72cd7048aa9f46e543e265 -> da7c22434643605d19edac79c0d3b3c7
  custom:scripting/monoscript/fileName/GameFieldGrowthWaveAlgorithmSystem.cs: c43067b71ef74cae0090827f88cfe4b8 -> 00c4aec9ff9f1e3764b69170240089db
  custom:scripting/monoscript/fileName/LevelLossSystem.cs: 89eef653e3f28787ebae3df17b9a17fa -> 1a50b41fb86c42146dd1e7eca3f63c3b
  custom:scripting/monoscript/fileName/GameFieldGenerateRequest.cs: b3f004fb89f931ad5595eca9c3e3ea7d -> fc85f9d1ad1c72513abf13f206f13826
  custom:container-muxer-webm: aa71ff27fc2769a1b78a27578f13a17b -> 
  custom:scripting/monoscript/fileName/AnimalDestructedEvent.cs: de6741ad9146f65b9ee26b392c6f63b7 -> e882e3b205fcfc8f4d8ec1b06235b0f7
  custom:scripting/monoscript/fileName/DeleteEntityCommand.cs: bcabe5bfe518320718d48d41a3a0e90a -> 
  custom:video-decoder-webm-vp8: 9c59270c3fd7afecdb556c50c9e8de78 -> 
  custom:scripting/monoscript/fileName/DestroyViewRequest.cs: 1a0b5b4a36b5820faa4b3894f8324e00 -> 0ebb0c5641d0ac20e497e246c3eff337
  custom:scripting/monoscript/fileName/ApplyDestructionStrategyRequest.cs: 032a28d88c65010193deb5a4b99f58dd -> 213312285ccaacd75ce574cb89bf2411
  custom:scripting/monoscript/fileName/TileGenerator.cs: 042c900c13328f8a0055f0bccddada85 -> a538991689346061c6a9a2a96b02d37e
  custom:scripting/monoscript/fileName/ScaleEffect.cs: bf12e834d532f4f806bebaac99f812c1 -> 
  custom:SearchIndexIgnoredProperties: e643bd26f0fe6173181afceb89e7c659 -> 
  custom:scripting/monoscript/fileName/ScrollSnappedMarker.cs: 066cb0420eaae820b69ffbae9344f0b4 -> 1cd14000dfdbca98f6dda0685bba7fce
  custom:scripting/monoscript/fileName/DestroyViewSystem.cs: e1c1ea54b0c9f7465aac7332f0e6d6a8 -> 59b102bdf1755f7c7d016788c0259b93
  custom:scripting/monoscript/fileName/CleanupLevelRequest.cs: a4116677aeb8d793871c137a2a44b119 -> c4dd04e39c7a6664b68dab929adf2e81
  custom:AudioImporter_EditorPlatform: d09bf68614088b80899f8185d706f6e7 -> 
  custom:scripting/monoscript/fileName/ChainMovementMarker.cs: feac63d7e5aa51292f19abaa1d9db08c -> 
  custom:scripting/monoscript/fileName/ScrollPosition.cs: 225c0c33ea226da69f3473693dfb3c05 -> 9f9e723ba8833b9541ecfca3c6d6f8bc
  custom:scripting/monoscript/fileName/GameFieldWaveAlgorithmSystem.cs: fc14103f781a8cbb106ceeeb57eaeaab -> 607884f57fd7ce8ffeb8d2a7c96f93a3
  custom:scripting/monoscript/fileName/PlayerCfgRef.cs: 6d19f04523dbbba4fc64c8057f04e02a -> 198dbad4b6bbc11b3942c96af8dde650
  custom:scripting/monoscript/fileName/DestructionChainStrategySystem.cs: 783bb7763cba92611d8e9cf6674063b1 -> ddd821ede2656248bf0e9ddf669d5a28
  custom:scripting/monoscript/fileName/CreationChainTag.cs: 2998fd809902939f0ee04f473eeca00e -> 
  custom:scripting/monoscript/fileName/DestructionFeature.cs: b9b7cdbe8848a566388411c97a5fbd67 -> adcfef4ac4e45d2e562dcdc6fa49e429
  custom:scripting/monoscript/fileName/GameFieldAlgorithmIndex.cs: 9457d7f2147049910ea06f2159c61fc6 -> 7a58e7c6b5adebdaec058182398a5707
  custom:scripting/monoscript/fileName/GameLossTimerSystem.cs: de0b464553cb6b861179a91f75237edf -> 071940ff3f3e183b1d11d15239224386
  custom:scripting/monoscript/fileName/GameFieldPlaneAlgorithmSystem.cs: 526228704b2d4ed12e4753080710ec45 -> fec5555e40052f9e75dc859f5d201f4d
  custom:scripting/monoscript/fileName/ScrollSnappedEvent.cs: 85353374ba80b5fbd36ff4e2e7944412 -> 8bf4efe021842362c4e7d55e6a37d79a
  custom:scripting/monoscript/fileName/ShowMetaGameUIRequest.cs: 5564592071856871b46e981baa2e91f8 -> a88d7f1c319941ffae2f3a8957251596
  custom:scripting/monoscript/fileName/TileGenerator6.cs: 0a225711dfb489626c74dc5ff5d78f40 -> 83a93281253429d4bd51d4bfaf52f3ed
  custom:scripting/monoscript/fileName/GameFieldDestructedRequest.cs: c04d6601b9dc935cfc91348b0b9cc810 -> 47034b076d3abdec8c90304ac1fc38f1
  custom:scripting/monoscript/fileName/MetaGameUI.cs: b1f4a332b284a38895d9534e62ff0baf -> 67622f9ccfe38dacd5af3f2ae37c3026
  custom:scripting/monoscript/fileName/GameFieldClickSystem.cs: 9e6e496c03415de771bf8909db35f03b -> 3b1ea4c67b8ab5832ff3a23919e79f06
  custom:scripting/monoscript/fileName/BaseScrollSnapEffect.cs: d407bd1fc108496d969888a00479cce0 -> 
  custom:scripting/monoscript/fileName/CreateHUDSystem.cs: f8cd7ef545fa25f934c486aaa420eedd -> 43c05b406d9086180812a87a0e010e47
  custom:scripting/monoscript/fileName/Levels.cs: f22977143cde483af3e13597acee3c02 -> 37490b0d126f14e1e1d31453e3e94ae4
  custom:video-encoder-webm-vp8: eb34c28f22e8b96e1ab97ce403110664 -> 
  custom:scripting/monoscript/fileName/AnimalDestructionChainStrategySystem.cs: 23f4cc2de4c34d4d82415b095d5404aa -> 2d33061d60136630278a03c1042b54b3
  custom:scripting/monoscript/fileName/AnimalSpawnedEvent.cs: 18a67763bcf9b1b1ac26ffbfcbeed587 -> 7ad467d334ed6914a6a27adce1847b10
  custom:scripting/monoscript/fileName/RewardConnect.cs: de79e19f525e7b5954dbb77b1f453e4e -> 6751c3bbc08d4697c3b42878cd3daebd
  custom:audio-decoder-ogg-vorbis: bf7c407c2cedff20999df2af8eb42d56 -> 
  custom:scripting/monoscript/fileName/CleanupLevelSystem.cs: 72214ed46a73a03fca528428e05bd1c5 -> 8a5bce7edb21df4c4707d0529e30155e
  custom:scripting/monoscript/fileName/GameTag.cs: 2f67c69f27e85f806b88deb8c87b88d2 -> f5290ba12be2c3f124e97ffb76e9ea9f
  custom:scripting/monoscript/fileName/ScrollSnapTag.cs: 893d8b8aa473763f6ed0fb5321bbad28 -> c53bb14ce7c537cec4ba51b6c7bc6939
  custom:scripting/monoscript/fileName/GameFieldFeature.cs: 1f8b976c740b234c284fddfd95c568fd -> 9a83e32ad7b7857e12d74cf105f5a137
  custom:scripting/monoscript/fileName/GameScreen.cs: deb4cff0d85b325b8a61d3844cabec07 -> 84ec6758a1e33abe8d42365166b67ebd
  custom:scripting/monoscript/fileName/DestructionStrategyTag.cs: 950962d7baf41bc8fed98ea522a40170 -> 
  custom:scripting/monoscript/fileName/ScrollDraggedEvent.cs: d4b82f514f08a6e7eb8d3acbba3af876 -> 76bd8895c3b43170415bf40518460c7d
  custom:scripting/monoscript/fileName/CreateHUDRequest.cs: 61b5f154a3d1ac03d04c59d29d1c4e05 -> 11938a6be2a737aa70fadc220742dab2
  custom:scripting/monoscript/fileName/TileGenerator4.cs: 1ec433f057ddbb323aab6300cdd41968 -> 9b8c2608bd1d4162243c126a2c3ab74b
  custom:scripting/monoscript/fileName/GrowthWave.cs: 7c48243a6dd50c54e09b35b8a70e858a -> ab7a6a6e85687b04c58c7a681131bfdc
  custom:scripting/monoscript/fileName/AssemblyAnalyzer.cs: 5883fa404100530f6821c51e0df4a2b6 -> 
  custom:scripting/monoscript/fileName/CreateCoinRequest.cs: b6ee2396be79577ff18a940acb85bfe6 -> 8bf745611aed40a8441b8db392ff0316
  custom:scripting/monoscript/fileName/CreateGameLossTimerRequest.cs: 286f3e38529572dc1661f3473c808992 -> ef901bf1b06c7938a6030a67dd4d6d21
  custom:scripting/monoscript/fileName/DeathEvent.cs: ae7a15dcf33e2eb04a19bf37c49c469a -> 7ba4c6fe9f322f00d774d318ef8ef3b2
  custom:scripting/monoscript/fileName/GameFieldDestructedEvent.cs: 565697dff0d07f15eb4da25529efeaf3 -> 249503e823ee8a2543fdc65535f78404
  custom:scripting/monoscript/fileName/Wave.cs: e8061bad203a1f6efd397e8313ec6d83 -> ed89714bef4a8fe64f993c8bbc6df15f
  custom:scripting/monoscript/fileName/GameFieldDestructedMarker.cs: ab2e5320e3676ca16774eba7277d5b9e -> 6af6280f9d165b3fa0cbeef98677737a
  custom:scripting/monoscript/fileName/CoinUIConnect.cs: 8505822111497da435ec6d27192811c8 -> 9bed0bffdd7b151bbdc04ee5da58d9a4
  custom:scripting/monoscript/fileName/CreateGameSystem.cs: c40209e5646f830645bfdfa6dda44b96 -> acdc7e582431689501a3c2e4d1b573d0
  custom:audio-encoder-webm-vorbis: bf7c407c2cedff20999df2af8eb42d56 -> 
  custom:scripting/monoscript/fileName/ApplyStrategyRequest.cs: 04790d20b7aab51157b87a2b7ea70902 -> 
  custom:scripting/monoscript/fileName/ScrollSystem.cs: 80ef92943d864cb0b392598d6fcd75b9 -> 
  custom:scripting/monoscript/fileName/CreationChainStrategyTag.cs: 4fd921b87fca9ba0c731b954efca90f5 -> 7572d150aeb0955f670c8845e4df7c53
  custom:scripting/monoscript/fileName/ScrollDraggedMarker.cs: f40ec288e4d6330335dd03fa8726c839 -> 74ece2a65d27c55d64e7936bb538e5a8
  custom:scripting/monoscript/fileName/CreateAnimalsRequest.cs: a7ebd1a26b1e6c2c8f783f7506341452 -> 45001033be0d024e3f69c19d212eca00
  custom:scripting/monoscript/fileName/GameFieldGeneratedMarker.cs: 3343d51a95b5393b866292f7dd40076e -> 8ec9e96219719154c6ef937af1a570ab
  custom:scripting/monoscript/fileName/TileGenerator7.cs: d48bfbfd829455d8678bccfbd4ddf1db -> d7e74d9e48390acec81fb7d05eab04b6
  custom:scripting/monoscript/fileName/ClickSideMarker.cs: c1aa69917ccbb0e088243ec1d2c1ed5f -> 0c097904c16edc5a7ac1137f05d8d51c
  custom:scripting/monoscript/fileName/DestinationCellSystem.cs: 963aa1626fcb23e854feae01796a104e -> 840793441983a12313c0195510dbf2c3
  custom:scripting/precompiled-assembly-types:Assembly-CSharp: 3f6d2a9c8c4815a74f82179cf903b4ff -> a8a0291e33e77c495a3eaeddbf28c6f7
  custom:scripting/monoscript/fileName/LevelLostMarker.cs: 93ebe850d5850b9eb8bc2c04e2ffed33 -> 3e55ffaf6b929b3b51e014250d9920ac
  custom:scripting/monoscript/fileName/GameTitleConnect.cs: 5c14e36aa95fc82c33183a9dfce72cd2 -> 41a65dfb2d31309386b013674fae2e80
  custom:scripting/monoscript/fileName/CreateGameScreenRequest.cs: a885ba890460f60ddcd2c66df732e91f -> 066c58def3458c57fd1f40d51ed860c1
  custom:scripting/monoscript/fileName/ScrollToTargetMarker.cs: 7c2577f2a0b3fb585d934a4d0b35b7ec -> 01286f347cbc8bec863dbe15212d04dd
  custom:scripting/monoscript/fileName/GameFieldGeneratedByAlgorithm.cs: 642fd6d4f4e02c35c870cd61f2ca081f -> 074895d821d9efb916232844efdac6c8
  custom:scripting/monoscript/fileName/TileGenerator5.cs: 0eaf6fadc56123ad87a1d593fa635ede -> ee69db292b395fb7006478b7279c5ca6
  custom:scripting/monoscript/fileName/GameScreenSystem.cs: a0b364fc1bcdda23e4dd359a2204c08d -> 402c5e1323b5b0152bd1eea24fa29d07
  custom:scripting/monoscript/fileName/DestructionChainStrategyTag.cs: b0d607db3ab31634dee73b569e199000 -> 0c62c6ddeecb954158e34eafdd3e629f
========================================================================
Received Prepare
Caller must complete domain reload
Begin MonoManager ReloadAssembly
- Loaded All Assemblies, in 11.851 seconds
Native extension for WindowsStandalone target not found
Native extension for Android target not found
Native extension for WebGL target not found
[Package Manager] Server::EnsureServerProcessIsRunning -- launch failed, reason: Unity was launched with the -noUpm command-line argument
[Package Manager] UpmClient::Send -- Unable to send message (not connected to UPM process).
[Package Manager] Cannot connect to Unity Package Manager local server
Mono: successfully reloaded assembly
[Package Manager] Server::EnsureServerProcessIsRunning -- launch failed, reason: Unity was launched with the -noUpm command-line argument
[Package Manager] UpmClient::Send -- Unable to send message (not connected to UPM process).
[Package Manager] Cannot connect to Unity Package Manager local server
- Finished resetting the current domain, in  2.544 seconds
Domain Reload Profiling: 14405ms
	BeginReloadAssembly (2064ms)
		ExecutionOrderSort (0ms)
		DisableScriptedObjects (76ms)
		BackupInstance (0ms)
		ReleaseScriptingObjects (2ms)
		CreateAndSetChildDomain (1237ms)
	RebuildCommonClasses (44ms)
	RebuildNativeTypeToScriptingClass (13ms)
	initialDomainReloadingComplete (80ms)
	LoadAllAssembliesAndSetupDomain (9658ms)
		LoadAssemblies (10035ms)
		RebuildTransferFunctionScriptingTraits (0ms)
		AnalyzeDomain (83ms)
			TypeCache.Refresh (49ms)
				TypeCache.ScanAssembly (10ms)
			ScanForSourceGeneratedMonoScriptInfo (20ms)
			ResolveRequiredComponents (13ms)
	FinalizeReload (2546ms)
		ReleaseScriptCaches (0ms)
		RebuildScriptCaches (0ms)
		SetupLoadedEditorAssemblies (1242ms)
			LogAssemblyErrors (0ms)
			InitializePlatformSupportModulesInManaged (38ms)
			SetLoadedEditorAssemblies (4ms)
			RefreshPlugins (0ms)
			BeforeProcessingInitializeOnLoad (185ms)
			ProcessInitializeOnLoadAttributes (545ms)
			ProcessInitializeOnLoadMethodAttributes (467ms)
			AfterProcessingInitializeOnLoad (2ms)
			EditorAssembliesLoaded (1ms)
		ExecutionOrderSort2 (0ms)
		AwakeInstancesAfterBackupRestoration (5ms)
Refreshing native plugins compatible for Editor in 15.84 ms, found 3 plugins.
Preloading 0 native plugins for Editor in 0.00 ms.
Unloading 4483 Unused Serialized files (Serialized files now loaded: 0)
Unloading 31 unused Assets / (66.6 KB). Loaded Objects now: 5119.
Memory consumption went from 185.8 MB to 185.7 MB.
Total: 33.521800 ms (FindLiveObjects: 0.673100 ms CreateObjectMapping: 0.250800 ms MarkObjects: 30.277800 ms  DeleteObjects: 2.315700 ms)

Prepare: number of updated asset objects reloaded= 0
AssetImportParameters requested are different than current active one (requested -> active):
  custom:scripting/monoscript/fileName/CatchGameFieldGeneratedRequest.cs: a67d51feea369e3830f924d9b8e9bd99 -> 17b67da9d0f3c4e2f8690dc96459b2b2
  custom:scripting/monoscript/fileName/TileGenerator3.cs: d30fb83fc6ac7475a319a83728c9ad41 -> 9b48fa675f0bce54dde0ed40b926842e
  custom:scripting/monoscript/fileName/GameFieldGrowthWaveAlgorithmTag.cs: 0ef400f135d729b9ef5ef61213bf46ca -> 992c54089fb6287a3abd63c766c90ae4
  custom:scripting/monoscript/fileName/CreateControlsRequest.cs: b6b52fa38bc5533b3ae550ee8b4085d9 -> 16e50cc2756add101f300d8e44319dd4
  custom:scripting/monoscript/fileName/HUDPrefab.cs: 30eaa62651e9c88e43fcb0d04e30077a -> 114724dd8b86c8d5655c0a4636c8f807
  custom:container-demuxer-ogg: 62fdf1f143b41e24485cea50d1cbac27 -> 
  custom:scripting/monoscript/fileName/TileGenerator2.cs: 09c5b2f1e3412cb486138eafe6da2ee9 -> d25441398affce60b9e3b08d18b5fa1c
  custom:scripting/monoscript/fileName/GameFlowFeature.cs: e6718831d198d39704b255f20f16f8d0 -> df0113f54b1bbce00d62c010ef3fe8b4
  custom:scripting/monoscript/fileName/CreationAnimalStrategyCfg.cs: fb433a13c1a2eff2a6d277801dbab975 -> 4fd36c8314e91d36d51becb0cdc6faeb
  custom:scripting/monoscript/fileName/CreateAnimalsSystem.cs: 8cef56369804335c0ac2e97203aee8a9 -> bee4bc1341c43b6aa3c88b1b3d4e3e18
  custom:scripting/monoscript/fileName/ScrollToTargetEvent.cs: 267de8c3fdba9d89cbf5a80a977d1db1 -> 1606e13368f10abd95859ea46f664d86
  custom:scripting/monoscript/fileName/GameFieldGeneratedEvent.cs: f908cee032e843be5ba60b9a2c441882 -> a6030e6b0b808118faf8aa49ffee5b94
  custom:scripting/monoscript/fileName/RandomGameFieldAlgorithmSystem.cs: 22b92a32636676be944ecefe67707cbf -> c5085b777b6be8657ea1f9bd1eb1f0e6
  custom:scripting/monoscript/fileName/GameFieldWaveAlgorithmTag.cs: 5be4d41974793f3169ea3a8184ff61d2 -> a3fe88f8e3ec0ea7cb6587b6cb569630
  custom:scripting/monoscript/fileName/GameFieldAlgorithms.cs: 9210f2e649de58f37f078a6eadd5eb19 -> a68d1cf9c70b1eb7af91f8532ed35f7f
  custom:scripting/monoscript/fileName/MetaGameUIHiddenEvent.cs: 342ed956eb53710532411f8c2784417a -> 463482aa840de7082f4a278ef86a7e1d
  custom:scripting/monoscript/fileName/LevelClearedEvent.cs: bbac8ca3904db25721b8cf3b0fab6582 -> 663b31180f17f64cf76455cfee4638c9
  custom:scripting/monoscript/fileName/GameScreenPrefab.cs: ad79cba3a80ff268ab301d438f50d7a3 -> b778ed7a73a66bec617f434ba9deff77
  custom:video-decoder-ogg-theora: a1e56fd34408186e4bbccfd4996cb3dc -> 
  custom:scripting/monoscript/fileName/CalculateCellScaleYSystem.cs: 939787dca0b233005791ec684dff156a -> 24348a5eb2340227fde21c4e16f198a5
  custom:scripting/monoscript/fileName/AnimalPositionedEvent.cs: 8e15db485d40ca13ea5402666ad1b4b3 -> 1bc3206bed9925993456a53b954cd396
  custom:scripting/monoscript/fileName/ScrollSnapEffect.cs: b6c51e4f0f8afbbfdca8ecd17bfb0fb9 -> 91d29477668f48905bbbd4cb6247533d
  custom:scripting/monoscript/fileName/LevelLifeTimeMarker.cs: bfaf24a17910b0a8ddcc0f9024db8056 -> d0a88ae6d48c761dad292d2aec410cb0
  custom:scripting/monoscript/fileName/GameFieldPlaneAlgorithmTag.cs: 21e5015ce1d5b093ab9d6011592292bd -> 7cf8c3e3aade2f1d2e7a2f82f1c5463e
  custom:framework-win-MediaFoundation: 216162199b28c13a410421893ffa2e32 -> 
  custom:scripting/monoscript/fileName/LevelLostEvent.cs: afc9b242eba24b2b4392b9bea1cad284 -> d1c8f0634443fb2b56e42e7c40935303
  custom:scripting/monoscript/fileName/GameField.cs: 27b6b3d034a0ef2e26f2934f1319d99d -> bf9a4c69a023939dbb88e3f1703ca432
  custom:scripting/monoscript/fileName/ScrollSnap.cs: 5dd984369f102ebda4e54789a0ea104e -> 74fe1fbb0f6bef271000d67e7c21bd45
  custom:scripting/monoscript/fileName/HideMetaGameUIRequest.cs: c6d8ffd38038f5edb986b7d2b1660fc7 -> 023f27171a187f71ff8a4853369f6cb5
  custom:scripting/monoscript/fileName/ReferenceCodeGen.cs: 1847e30272d75555141d3031c134c733 -> 
  custom:scripting/monoscript/fileName/GameCreatedEvent.cs: 25808abd6af439ae2d396c16c3d9e8f2 -> 13c2ac463741ba32d214c8bfa0606347
  custom:scripting/monoscript/fileName/TileGeneratedEvent.cs: 1b597c0aa79fd56f2f4088925f13cbef -> dba7452f6d7179c1abc1b361aa9403a8
  custom:scripting/monoscript/fileName/ScrollSnapSystem.cs: 51807458632b0abe0dcd77862975ce47 -> 49fa898761310374e9100843919f1617
  custom:scripting/monoscript/fileName/ChainDestructionRequestSystem.cs: e36a5ffa427d50aa181531f55986ccd8 -> 
  custom:scripting/monoscript/fileName/GameFlowSystem.cs: cf1e5382541a33c73a981035dae85045 -> b60539680bd07758445284af098b515c
  custom:scripting/monoscript/fileName/LevelLostCheckSystem.cs: 255183d3cc1fbb2d10c8abfa77b7b9e2 -> 1205ba5e4744c00285ba2c45a53da364
  custom:scripting/monoscript/fileName/CatchGameFieldEventsSystem.cs: 69b1fa6bdab0b0e6ef5f59e5ba1798e4 -> d8fdc78bead3537fb228755ca2d434dd
  custom:scripting/monoscript/fileName/FitObjectToCamera.cs: 942221b48ed202602e9ac643e54d7650 -> aaedefa2aeb7069389a90129af0ec391
  custom:scripting/monoscript/fileName/DestructionAnimalStrategyCfg.cs: b5449fe14a7d9ce6de2ff0202c280054 -> dcccc812fc5e86758b5038f4fc7d9a74
  custom:scripting/monoscript/fileName/CameraScaler.cs: 150bf424de40cfdb27d6bfc1fd0a2d72 -> 3cbb08bff7a396f130a0443ef1ccb748
  custom:scripting/monoscript/fileName/ScoreUIConnect.cs: c27938a2bdddd88ab951e7adbbd35794 -> ac7c32a805063f081f2fababb8d4d898
  custom:CustomObjectIndexerAttribute: 9a22284fe3817be447336de3de66b15e -> 
  custom:scripting/monoscript/fileName/ChainDestructionSystem.cs: 1804387f55e34d8c464a091638dbfb17 -> 
  custom:scripting/monoscript/fileName/GameFieldDestructRequest.cs: 10e88c15a7ec0cf5e99dbb40e0a3edf8 -> 39e29c44e39353c5f5e46e4fd35fb435
  custom:scripting/monoscript/fileName/GameLossTimerConnect.cs: f0cf7139ab50e9b8389bcd82a4789c30 -> 21c0067c523cc022f4caa4d8eef3c889
  custom:scripting/monoscript/fileName/GameFieldAlgorithmCfg.cs: 2a67613a1067bee0772c4bce0a006e8e -> c18842b2d8e9d19897c42dc941ae1a61
  custom:scripting/monoscript/fileName/DestructionChainTag.cs: d52207bbfd049f584009aa3d50645080 -> 
  custom:scripting/monoscript/fileName/AnimalCreationChainStrategySystem.cs: cfd77a10d3edff40c8fa516ba194c3f6 -> 6245b6c4937dad6bd6bfbe1a5bb91d82
  custom:scripting/monoscript/fileName/MetaGameUISystem.cs: 93f0bb4ace47f6ac6817404d82ccb661 -> 34bedb813123b4b9a91614edd15a8069
  custom:scripting/monoscript/fileName/ScrollSetupRequest.cs: a402aba2680e5863d1008ad06428d65a -> e1c69e68812599757df2aff91a4e9cf2
  custom:container-demuxer-webm: 4f35f7cbe854078d1ac9338744f61a02 -> 
  custom:scripting/monoscript/fileName/FadeEffect.cs: 4615b2acb46a691c33b29aab26f2062a -> 
  custom:scripting/monoscript/fileName/MetaGameUIHiddenMarker.cs: a71b94db2ed8f97f815cc84fb87d48eb -> dddb2beaf43a7ef60953e2f9eacf78f8
  custom:scripting/monoscript/fileName/SourceCodeModifier.cs: 3ffa94fedf57701a474133f623b99b6a -> 5c7f9a2114ee5b14002453c253315bd0
  custom:scripting/monoscript/fileName/GameFieldAlgorithmTag.cs: 5b91fd95ca72cd7048aa9f46e543e265 -> da7c22434643605d19edac79c0d3b3c7
  custom:scripting/monoscript/fileName/GameFieldGrowthWaveAlgorithmSystem.cs: c43067b71ef74cae0090827f88cfe4b8 -> 00c4aec9ff9f1e3764b69170240089db
  custom:scripting/monoscript/fileName/LevelLossSystem.cs: 89eef653e3f28787ebae3df17b9a17fa -> 1a50b41fb86c42146dd1e7eca3f63c3b
  custom:scripting/monoscript/fileName/GameFieldGenerateRequest.cs: b3f004fb89f931ad5595eca9c3e3ea7d -> fc85f9d1ad1c72513abf13f206f13826
  custom:container-muxer-webm: aa71ff27fc2769a1b78a27578f13a17b -> 
  custom:scripting/monoscript/fileName/AnimalDestructedEvent.cs: de6741ad9146f65b9ee26b392c6f63b7 -> e882e3b205fcfc8f4d8ec1b06235b0f7
  custom:scripting/monoscript/fileName/DeleteEntityCommand.cs: bcabe5bfe518320718d48d41a3a0e90a -> 
  custom:video-decoder-webm-vp8: 9c59270c3fd7afecdb556c50c9e8de78 -> 
  custom:scripting/monoscript/fileName/DestroyViewRequest.cs: 1a0b5b4a36b5820faa4b3894f8324e00 -> 0ebb0c5641d0ac20e497e246c3eff337
  custom:scripting/monoscript/fileName/ApplyDestructionStrategyRequest.cs: 032a28d88c65010193deb5a4b99f58dd -> 213312285ccaacd75ce574cb89bf2411
  custom:scripting/monoscript/fileName/TileGenerator.cs: 042c900c13328f8a0055f0bccddada85 -> a538991689346061c6a9a2a96b02d37e
  custom:scripting/monoscript/fileName/ScaleEffect.cs: bf12e834d532f4f806bebaac99f812c1 -> 
  custom:SearchIndexIgnoredProperties: e643bd26f0fe6173181afceb89e7c659 -> 
  custom:scripting/monoscript/fileName/ScrollSnappedMarker.cs: 066cb0420eaae820b69ffbae9344f0b4 -> 1cd14000dfdbca98f6dda0685bba7fce
  custom:scripting/monoscript/fileName/DestroyViewSystem.cs: e1c1ea54b0c9f7465aac7332f0e6d6a8 -> 59b102bdf1755f7c7d016788c0259b93
  custom:scripting/monoscript/fileName/CleanupLevelRequest.cs: a4116677aeb8d793871c137a2a44b119 -> c4dd04e39c7a6664b68dab929adf2e81
  custom:AudioImporter_EditorPlatform: d09bf68614088b80899f8185d706f6e7 -> 
  custom:scripting/monoscript/fileName/ChainMovementMarker.cs: feac63d7e5aa51292f19abaa1d9db08c -> 
  custom:scripting/monoscript/fileName/ScrollPosition.cs: 225c0c33ea226da69f3473693dfb3c05 -> 9f9e723ba8833b9541ecfca3c6d6f8bc
  custom:scripting/monoscript/fileName/GameFieldWaveAlgorithmSystem.cs: fc14103f781a8cbb106ceeeb57eaeaab -> 607884f57fd7ce8ffeb8d2a7c96f93a3
  custom:scripting/monoscript/fileName/PlayerCfgRef.cs: 6d19f04523dbbba4fc64c8057f04e02a -> 198dbad4b6bbc11b3942c96af8dde650
  custom:scripting/monoscript/fileName/DestructionChainStrategySystem.cs: 783bb7763cba92611d8e9cf6674063b1 -> ddd821ede2656248bf0e9ddf669d5a28
  custom:scripting/monoscript/fileName/CreationChainTag.cs: 2998fd809902939f0ee04f473eeca00e -> 
  custom:scripting/monoscript/fileName/DestructionFeature.cs: b9b7cdbe8848a566388411c97a5fbd67 -> adcfef4ac4e45d2e562dcdc6fa49e429
  custom:scripting/monoscript/fileName/GameFieldAlgorithmIndex.cs: 9457d7f2147049910ea06f2159c61fc6 -> 7a58e7c6b5adebdaec058182398a5707
  custom:scripting/monoscript/fileName/GameLossTimerSystem.cs: de0b464553cb6b861179a91f75237edf -> 071940ff3f3e183b1d11d15239224386
  custom:scripting/monoscript/fileName/GameFieldPlaneAlgorithmSystem.cs: 526228704b2d4ed12e4753080710ec45 -> fec5555e40052f9e75dc859f5d201f4d
  custom:scripting/monoscript/fileName/ScrollSnappedEvent.cs: 85353374ba80b5fbd36ff4e2e7944412 -> 8bf4efe021842362c4e7d55e6a37d79a
  custom:scripting/monoscript/fileName/ShowMetaGameUIRequest.cs: 5564592071856871b46e981baa2e91f8 -> a88d7f1c319941ffae2f3a8957251596
  custom:scripting/monoscript/fileName/TileGenerator6.cs: 0a225711dfb489626c74dc5ff5d78f40 -> 83a93281253429d4bd51d4bfaf52f3ed
  custom:scripting/monoscript/fileName/GameFieldDestructedRequest.cs: c04d6601b9dc935cfc91348b0b9cc810 -> 47034b076d3abdec8c90304ac1fc38f1
  custom:scripting/monoscript/fileName/MetaGameUI.cs: b1f4a332b284a38895d9534e62ff0baf -> 67622f9ccfe38dacd5af3f2ae37c3026
  custom:scripting/monoscript/fileName/GameFieldClickSystem.cs: 9e6e496c03415de771bf8909db35f03b -> 3b1ea4c67b8ab5832ff3a23919e79f06
  custom:scripting/monoscript/fileName/BaseScrollSnapEffect.cs: d407bd1fc108496d969888a00479cce0 -> 
  custom:scripting/monoscript/fileName/CreateHUDSystem.cs: f8cd7ef545fa25f934c486aaa420eedd -> 43c05b406d9086180812a87a0e010e47
  custom:scripting/monoscript/fileName/Levels.cs: f22977143cde483af3e13597acee3c02 -> 37490b0d126f14e1e1d31453e3e94ae4
  custom:video-encoder-webm-vp8: eb34c28f22e8b96e1ab97ce403110664 -> 
  custom:scripting/monoscript/fileName/AnimalDestructionChainStrategySystem.cs: 23f4cc2de4c34d4d82415b095d5404aa -> 2d33061d60136630278a03c1042b54b3
  custom:scripting/monoscript/fileName/AnimalSpawnedEvent.cs: 18a67763bcf9b1b1ac26ffbfcbeed587 -> 7ad467d334ed6914a6a27adce1847b10
  custom:scripting/monoscript/fileName/RewardConnect.cs: de79e19f525e7b5954dbb77b1f453e4e -> 6751c3bbc08d4697c3b42878cd3daebd
  custom:audio-decoder-ogg-vorbis: bf7c407c2cedff20999df2af8eb42d56 -> 
  custom:scripting/monoscript/fileName/CleanupLevelSystem.cs: 72214ed46a73a03fca528428e05bd1c5 -> 8a5bce7edb21df4c4707d0529e30155e
  custom:scripting/monoscript/fileName/GameTag.cs: 2f67c69f27e85f806b88deb8c87b88d2 -> f5290ba12be2c3f124e97ffb76e9ea9f
  custom:scripting/monoscript/fileName/ScrollSnapTag.cs: 893d8b8aa473763f6ed0fb5321bbad28 -> c53bb14ce7c537cec4ba51b6c7bc6939
  custom:scripting/monoscript/fileName/GameFieldFeature.cs: 1f8b976c740b234c284fddfd95c568fd -> 9a83e32ad7b7857e12d74cf105f5a137
  custom:scripting/monoscript/fileName/GameScreen.cs: deb4cff0d85b325b8a61d3844cabec07 -> 84ec6758a1e33abe8d42365166b67ebd
  custom:scripting/monoscript/fileName/DestructionStrategyTag.cs: 950962d7baf41bc8fed98ea522a40170 -> 
  custom:scripting/monoscript/fileName/ScrollDraggedEvent.cs: d4b82f514f08a6e7eb8d3acbba3af876 -> 76bd8895c3b43170415bf40518460c7d
  custom:scripting/monoscript/fileName/CreateHUDRequest.cs: 61b5f154a3d1ac03d04c59d29d1c4e05 -> 11938a6be2a737aa70fadc220742dab2
  custom:scripting/monoscript/fileName/TileGenerator4.cs: 1ec433f057ddbb323aab6300cdd41968 -> 9b8c2608bd1d4162243c126a2c3ab74b
  custom:scripting/monoscript/fileName/GrowthWave.cs: 7c48243a6dd50c54e09b35b8a70e858a -> ab7a6a6e85687b04c58c7a681131bfdc
  custom:scripting/monoscript/fileName/AssemblyAnalyzer.cs: 5883fa404100530f6821c51e0df4a2b6 -> 
  custom:scripting/monoscript/fileName/CreateCoinRequest.cs: b6ee2396be79577ff18a940acb85bfe6 -> 8bf745611aed40a8441b8db392ff0316
  custom:scripting/monoscript/fileName/CreateGameLossTimerRequest.cs: 286f3e38529572dc1661f3473c808992 -> ef901bf1b06c7938a6030a67dd4d6d21
  custom:scripting/monoscript/fileName/DeathEvent.cs: ae7a15dcf33e2eb04a19bf37c49c469a -> 7ba4c6fe9f322f00d774d318ef8ef3b2
  custom:scripting/monoscript/fileName/GameFieldDestructedEvent.cs: 565697dff0d07f15eb4da25529efeaf3 -> 249503e823ee8a2543fdc65535f78404
  custom:scripting/monoscript/fileName/Wave.cs: e8061bad203a1f6efd397e8313ec6d83 -> ed89714bef4a8fe64f993c8bbc6df15f
  custom:scripting/monoscript/fileName/GameFieldDestructedMarker.cs: ab2e5320e3676ca16774eba7277d5b9e -> 6af6280f9d165b3fa0cbeef98677737a
  custom:scripting/monoscript/fileName/CoinUIConnect.cs: 8505822111497da435ec6d27192811c8 -> 9bed0bffdd7b151bbdc04ee5da58d9a4
  custom:scripting/monoscript/fileName/CreateGameSystem.cs: c40209e5646f830645bfdfa6dda44b96 -> acdc7e582431689501a3c2e4d1b573d0
  custom:audio-encoder-webm-vorbis: bf7c407c2cedff20999df2af8eb42d56 -> 
  custom:scripting/monoscript/fileName/ApplyStrategyRequest.cs: 04790d20b7aab51157b87a2b7ea70902 -> 
  custom:scripting/monoscript/fileName/ScrollSystem.cs: 80ef92943d864cb0b392598d6fcd75b9 -> 
  custom:scripting/monoscript/fileName/CreationChainStrategyTag.cs: 4fd921b87fca9ba0c731b954efca90f5 -> 7572d150aeb0955f670c8845e4df7c53
  custom:scripting/monoscript/fileName/ScrollDraggedMarker.cs: f40ec288e4d6330335dd03fa8726c839 -> 74ece2a65d27c55d64e7936bb538e5a8
  custom:scripting/monoscript/fileName/CreateAnimalsRequest.cs: a7ebd1a26b1e6c2c8f783f7506341452 -> 45001033be0d024e3f69c19d212eca00
  custom:scripting/monoscript/fileName/GameFieldGeneratedMarker.cs: 3343d51a95b5393b866292f7dd40076e -> 8ec9e96219719154c6ef937af1a570ab
  custom:scripting/monoscript/fileName/TileGenerator7.cs: d48bfbfd829455d8678bccfbd4ddf1db -> d7e74d9e48390acec81fb7d05eab04b6
  custom:scripting/monoscript/fileName/ClickSideMarker.cs: c1aa69917ccbb0e088243ec1d2c1ed5f -> 0c097904c16edc5a7ac1137f05d8d51c
  custom:scripting/monoscript/fileName/DestinationCellSystem.cs: 963aa1626fcb23e854feae01796a104e -> 840793441983a12313c0195510dbf2c3
  custom:scripting/precompiled-assembly-types:Assembly-CSharp: 3f6d2a9c8c4815a74f82179cf903b4ff -> a8a0291e33e77c495a3eaeddbf28c6f7
  custom:scripting/monoscript/fileName/LevelLostMarker.cs: 93ebe850d5850b9eb8bc2c04e2ffed33 -> 3e55ffaf6b929b3b51e014250d9920ac
  custom:scripting/monoscript/fileName/GameTitleConnect.cs: 5c14e36aa95fc82c33183a9dfce72cd2 -> 41a65dfb2d31309386b013674fae2e80
  custom:scripting/monoscript/fileName/CreateGameScreenRequest.cs: a885ba890460f60ddcd2c66df732e91f -> 066c58def3458c57fd1f40d51ed860c1
  custom:scripting/monoscript/fileName/ScrollToTargetMarker.cs: 7c2577f2a0b3fb585d934a4d0b35b7ec -> 01286f347cbc8bec863dbe15212d04dd
  custom:scripting/monoscript/fileName/GameFieldGeneratedByAlgorithm.cs: 642fd6d4f4e02c35c870cd61f2ca081f -> 074895d821d9efb916232844efdac6c8
  custom:scripting/monoscript/fileName/TileGenerator5.cs: 0eaf6fadc56123ad87a1d593fa635ede -> ee69db292b395fb7006478b7279c5ca6
  custom:scripting/monoscript/fileName/GameScreenSystem.cs: a0b364fc1bcdda23e4dd359a2204c08d -> 402c5e1323b5b0152bd1eea24fa29d07
  custom:scripting/monoscript/fileName/DestructionChainStrategyTag.cs: b0d607db3ab31634dee73b569e199000 -> 0c62c6ddeecb954158e34eafdd3e629f
========================================================================
Received Import Request.
  Time since last request: 8942.205804 seconds.
  path: Assets/Resources/DestructionAnimalStrategyCfg.asset
  artifactKey: Guid(4f8fd26f9934ef849be79007e676bf1a) Importer(815301076,1909f56bfc062723c751e8b465ee728b)
Start importing Assets/Resources/DestructionAnimalStrategyCfg.asset using Guid(4f8fd26f9934ef849be79007e676bf1a) Importer(815301076,1909f56bfc062723c751e8b465ee728b) [PhysX] Initialized MultithreadedTaskDispatcher with 12 workers.
Fixing reference to the runtime script in scene file!
NullReferenceException: Object reference not set to an instance of an object
  at DCFApixels.DragonECS.ScriptableEntityTemplate.OnValidate () [0x00017] in .\Library\PackageCache\com.dcfa_pixels.dragonecs-unity@4930c3d165\src\EntityTemplate\Templates\ScriptableEntityTemplate.cs:55 

(Filename: ./Library/PackageCache/com.dcfa_pixels.dragonecs-unity@4930c3d165/src/EntityTemplate/Templates/ScriptableEntityTemplate.cs Line: 55)

 -> (artifact id: 'adf2500e57e2f042585b7393d8c8d04c') in 0.052386 seconds
Number of updated asset objects reloaded before import = 0
Number of asset objects unloaded after import = 2
========================================================================
Received Prepare
Caller must complete domain reload
Begin MonoManager ReloadAssembly
- Loaded All Assemblies, in  2.406 seconds
Native extension for WindowsStandalone target not found
Native extension for Android target not found
Native extension for WebGL target not found
[Package Manager] Server::EnsureServerProcessIsRunning -- launch failed, reason: Unity was launched with the -noUpm command-line argument
[Package Manager] UpmClient::Send -- Unable to send message (not connected to UPM process).
[Package Manager] Cannot connect to Unity Package Manager local server
Mono: successfully reloaded assembly
[Package Manager] Server::EnsureServerProcessIsRunning -- launch failed, reason: Unity was launched with the -noUpm command-line argument
[Package Manager] UpmClient::Send -- Unable to send message (not connected to UPM process).
[Package Manager] Cannot connect to Unity Package Manager local server
- Finished resetting the current domain, in  2.736 seconds
Domain Reload Profiling: 5148ms
	BeginReloadAssembly (785ms)
		ExecutionOrderSort (0ms)
		DisableScriptedObjects (76ms)
		BackupInstance (0ms)
		ReleaseScriptingObjects (1ms)
		CreateAndSetChildDomain (345ms)
	RebuildCommonClasses (53ms)
	RebuildNativeTypeToScriptingClass (13ms)
	initialDomainReloadingComplete (71ms)
	LoadAllAssembliesAndSetupDomain (1487ms)
		LoadAssemblies (1571ms)
		RebuildTransferFunctionScriptingTraits (0ms)
		AnalyzeDomain (122ms)
			TypeCache.Refresh (70ms)
				TypeCache.ScanAssembly (18ms)
			ScanForSourceGeneratedMonoScriptInfo (32ms)
			ResolveRequiredComponents (18ms)
	FinalizeReload (2738ms)
		ReleaseScriptCaches (0ms)
		RebuildScriptCaches (0ms)
		SetupLoadedEditorAssemblies (1575ms)
			LogAssemblyErrors (0ms)
			InitializePlatformSupportModulesInManaged (64ms)
			SetLoadedEditorAssemblies (5ms)
			RefreshPlugins (0ms)
			BeforeProcessingInitializeOnLoad (113ms)
			ProcessInitializeOnLoadAttributes (740ms)
			ProcessInitializeOnLoadMethodAttributes (651ms)
			AfterProcessingInitializeOnLoad (3ms)
			EditorAssembliesLoaded (0ms)
		ExecutionOrderSort2 (0ms)
		AwakeInstancesAfterBackupRestoration (10ms)
Refreshing native plugins compatible for Editor in 9.19 ms, found 3 plugins.
Preloading 0 native plugins for Editor in 0.00 ms.
Unloading 4483 Unused Serialized files (Serialized files now loaded: 0)
Unloading 31 unused Assets / (67.7 KB). Loaded Objects now: 5123.
Memory consumption went from 185.6 MB to 185.5 MB.
Total: 19.826300 ms (FindLiveObjects: 1.066000 ms CreateObjectMapping: 0.112200 ms MarkObjects: 18.387900 ms  DeleteObjects: 0.258800 ms)

Prepare: number of updated asset objects reloaded= 0
AssetImportParameters requested are different than current active one (requested -> active):
  custom:scripting/monoscript/fileName/CatchGameFieldGeneratedRequest.cs: a67d51feea369e3830f924d9b8e9bd99 -> 17b67da9d0f3c4e2f8690dc96459b2b2
  custom:scripting/monoscript/fileName/TileGenerator3.cs: d30fb83fc6ac7475a319a83728c9ad41 -> 9b48fa675f0bce54dde0ed40b926842e
  custom:scripting/monoscript/fileName/GameFieldGrowthWaveAlgorithmTag.cs: 0ef400f135d729b9ef5ef61213bf46ca -> 992c54089fb6287a3abd63c766c90ae4
  custom:scripting/monoscript/fileName/CreateControlsRequest.cs: b6b52fa38bc5533b3ae550ee8b4085d9 -> 16e50cc2756add101f300d8e44319dd4
  custom:scripting/monoscript/fileName/HUDPrefab.cs: 30eaa62651e9c88e43fcb0d04e30077a -> 114724dd8b86c8d5655c0a4636c8f807
  custom:container-demuxer-ogg: 62fdf1f143b41e24485cea50d1cbac27 -> 
  custom:scripting/monoscript/fileName/TileGenerator2.cs: 09c5b2f1e3412cb486138eafe6da2ee9 -> d25441398affce60b9e3b08d18b5fa1c
  custom:scripting/monoscript/fileName/GameFlowFeature.cs: e6718831d198d39704b255f20f16f8d0 -> df0113f54b1bbce00d62c010ef3fe8b4
  custom:scripting/monoscript/fileName/CreationAnimalStrategyCfg.cs: fb433a13c1a2eff2a6d277801dbab975 -> 4fd36c8314e91d36d51becb0cdc6faeb
  custom:scripting/monoscript/fileName/CreateAnimalsSystem.cs: 8cef56369804335c0ac2e97203aee8a9 -> bee4bc1341c43b6aa3c88b1b3d4e3e18
  custom:scripting/monoscript/fileName/ScrollToTargetEvent.cs: 267de8c3fdba9d89cbf5a80a977d1db1 -> 1606e13368f10abd95859ea46f664d86
  custom:scripting/monoscript/fileName/GameFieldGeneratedEvent.cs: f908cee032e843be5ba60b9a2c441882 -> a6030e6b0b808118faf8aa49ffee5b94
  custom:scripting/monoscript/fileName/RandomGameFieldAlgorithmSystem.cs: 22b92a32636676be944ecefe67707cbf -> c5085b777b6be8657ea1f9bd1eb1f0e6
  custom:scripting/monoscript/fileName/GameFieldWaveAlgorithmTag.cs: 5be4d41974793f3169ea3a8184ff61d2 -> a3fe88f8e3ec0ea7cb6587b6cb569630
  custom:scripting/monoscript/fileName/GameFieldAlgorithms.cs: 9210f2e649de58f37f078a6eadd5eb19 -> a68d1cf9c70b1eb7af91f8532ed35f7f
  custom:scripting/monoscript/fileName/MetaGameUIHiddenEvent.cs: 342ed956eb53710532411f8c2784417a -> 463482aa840de7082f4a278ef86a7e1d
  custom:scripting/monoscript/fileName/LevelClearedEvent.cs: bbac8ca3904db25721b8cf3b0fab6582 -> 663b31180f17f64cf76455cfee4638c9
  custom:scripting/monoscript/fileName/GameScreenPrefab.cs: ad79cba3a80ff268ab301d438f50d7a3 -> b778ed7a73a66bec617f434ba9deff77
  custom:video-decoder-ogg-theora: a1e56fd34408186e4bbccfd4996cb3dc -> 
  custom:scripting/monoscript/fileName/CalculateCellScaleYSystem.cs: 939787dca0b233005791ec684dff156a -> 24348a5eb2340227fde21c4e16f198a5
  custom:scripting/monoscript/fileName/AnimalPositionedEvent.cs: 8e15db485d40ca13ea5402666ad1b4b3 -> 1bc3206bed9925993456a53b954cd396
  custom:scripting/monoscript/fileName/ScrollSnapEffect.cs: b6c51e4f0f8afbbfdca8ecd17bfb0fb9 -> 91d29477668f48905bbbd4cb6247533d
  custom:scripting/monoscript/fileName/LevelLifeTimeMarker.cs: bfaf24a17910b0a8ddcc0f9024db8056 -> d0a88ae6d48c761dad292d2aec410cb0
  custom:scripting/monoscript/fileName/GameFieldPlaneAlgorithmTag.cs: 21e5015ce1d5b093ab9d6011592292bd -> 7cf8c3e3aade2f1d2e7a2f82f1c5463e
  custom:framework-win-MediaFoundation: 216162199b28c13a410421893ffa2e32 -> 
  custom:scripting/monoscript/fileName/LevelLostEvent.cs: afc9b242eba24b2b4392b9bea1cad284 -> d1c8f0634443fb2b56e42e7c40935303
  custom:scripting/monoscript/fileName/GameField.cs: 27b6b3d034a0ef2e26f2934f1319d99d -> bf9a4c69a023939dbb88e3f1703ca432
  custom:scripting/monoscript/fileName/ScrollSnap.cs: 5dd984369f102ebda4e54789a0ea104e -> 74fe1fbb0f6bef271000d67e7c21bd45
  custom:scripting/monoscript/fileName/HideMetaGameUIRequest.cs: c6d8ffd38038f5edb986b7d2b1660fc7 -> 023f27171a187f71ff8a4853369f6cb5
  custom:scripting/monoscript/fileName/ReferenceCodeGen.cs: 1847e30272d75555141d3031c134c733 -> 
  custom:scripting/monoscript/fileName/GameCreatedEvent.cs: 25808abd6af439ae2d396c16c3d9e8f2 -> 13c2ac463741ba32d214c8bfa0606347
  custom:scripting/monoscript/fileName/TileGeneratedEvent.cs: 1b597c0aa79fd56f2f4088925f13cbef -> dba7452f6d7179c1abc1b361aa9403a8
  custom:scripting/monoscript/fileName/ScrollSnapSystem.cs: 51807458632b0abe0dcd77862975ce47 -> 49fa898761310374e9100843919f1617
  custom:scripting/monoscript/fileName/ChainDestructionRequestSystem.cs: e36a5ffa427d50aa181531f55986ccd8 -> 
  custom:scripting/monoscript/fileName/GameFlowSystem.cs: cf1e5382541a33c73a981035dae85045 -> b60539680bd07758445284af098b515c
  custom:scripting/monoscript/fileName/LevelLostCheckSystem.cs: 255183d3cc1fbb2d10c8abfa77b7b9e2 -> 1205ba5e4744c00285ba2c45a53da364
  custom:scripting/monoscript/fileName/CatchGameFieldEventsSystem.cs: 69b1fa6bdab0b0e6ef5f59e5ba1798e4 -> d8fdc78bead3537fb228755ca2d434dd
  custom:scripting/monoscript/fileName/FitObjectToCamera.cs: 942221b48ed202602e9ac643e54d7650 -> aaedefa2aeb7069389a90129af0ec391
  custom:scripting/monoscript/fileName/DestructionAnimalStrategyCfg.cs: b5449fe14a7d9ce6de2ff0202c280054 -> dcccc812fc5e86758b5038f4fc7d9a74
  custom:scripting/monoscript/fileName/CameraScaler.cs: 150bf424de40cfdb27d6bfc1fd0a2d72 -> 3cbb08bff7a396f130a0443ef1ccb748
  custom:scripting/monoscript/fileName/ScoreUIConnect.cs: c27938a2bdddd88ab951e7adbbd35794 -> ac7c32a805063f081f2fababb8d4d898
  custom:CustomObjectIndexerAttribute: 9a22284fe3817be447336de3de66b15e -> 
  custom:scripting/monoscript/fileName/ChainDestructionSystem.cs: 1804387f55e34d8c464a091638dbfb17 -> 
  custom:scripting/monoscript/fileName/GameFieldDestructRequest.cs: 10e88c15a7ec0cf5e99dbb40e0a3edf8 -> 39e29c44e39353c5f5e46e4fd35fb435
  custom:scripting/monoscript/fileName/GameLossTimerConnect.cs: f0cf7139ab50e9b8389bcd82a4789c30 -> 21c0067c523cc022f4caa4d8eef3c889
  custom:scripting/monoscript/fileName/GameFieldAlgorithmCfg.cs: 2a67613a1067bee0772c4bce0a006e8e -> c18842b2d8e9d19897c42dc941ae1a61
  custom:scripting/monoscript/fileName/DestructionChainTag.cs: d52207bbfd049f584009aa3d50645080 -> 
  custom:scripting/monoscript/fileName/AnimalCreationChainStrategySystem.cs: cfd77a10d3edff40c8fa516ba194c3f6 -> 6245b6c4937dad6bd6bfbe1a5bb91d82
  custom:scripting/monoscript/fileName/MetaGameUISystem.cs: 93f0bb4ace47f6ac6817404d82ccb661 -> 34bedb813123b4b9a91614edd15a8069
  custom:scripting/monoscript/fileName/ScrollSetupRequest.cs: a402aba2680e5863d1008ad06428d65a -> e1c69e68812599757df2aff91a4e9cf2
  custom:container-demuxer-webm: 4f35f7cbe854078d1ac9338744f61a02 -> 
  custom:scripting/monoscript/fileName/FadeEffect.cs: 4615b2acb46a691c33b29aab26f2062a -> 
  custom:scripting/monoscript/fileName/MetaGameUIHiddenMarker.cs: a71b94db2ed8f97f815cc84fb87d48eb -> dddb2beaf43a7ef60953e2f9eacf78f8
  custom:scripting/monoscript/fileName/SourceCodeModifier.cs: 3ffa94fedf57701a474133f623b99b6a -> 5c7f9a2114ee5b14002453c253315bd0
  custom:scripting/monoscript/fileName/GameFieldAlgorithmTag.cs: 5b91fd95ca72cd7048aa9f46e543e265 -> da7c22434643605d19edac79c0d3b3c7
  custom:scripting/monoscript/fileName/GameFieldGrowthWaveAlgorithmSystem.cs: c43067b71ef74cae0090827f88cfe4b8 -> 00c4aec9ff9f1e3764b69170240089db
  custom:scripting/monoscript/fileName/LevelLossSystem.cs: 89eef653e3f28787ebae3df17b9a17fa -> 1a50b41fb86c42146dd1e7eca3f63c3b
  custom:scripting/monoscript/fileName/GameFieldGenerateRequest.cs: b3f004fb89f931ad5595eca9c3e3ea7d -> fc85f9d1ad1c72513abf13f206f13826
  custom:container-muxer-webm: aa71ff27fc2769a1b78a27578f13a17b -> 
  custom:scripting/monoscript/fileName/AnimalDestructedEvent.cs: de6741ad9146f65b9ee26b392c6f63b7 -> e882e3b205fcfc8f4d8ec1b06235b0f7
  custom:scripting/monoscript/fileName/DeleteEntityCommand.cs: bcabe5bfe518320718d48d41a3a0e90a -> 
  custom:video-decoder-webm-vp8: 9c59270c3fd7afecdb556c50c9e8de78 -> 
  custom:scripting/monoscript/fileName/DestroyViewRequest.cs: 1a0b5b4a36b5820faa4b3894f8324e00 -> 0ebb0c5641d0ac20e497e246c3eff337
  custom:scripting/monoscript/fileName/ApplyDestructionStrategyRequest.cs: 032a28d88c65010193deb5a4b99f58dd -> 213312285ccaacd75ce574cb89bf2411
  custom:scripting/monoscript/fileName/TileGenerator.cs: 042c900c13328f8a0055f0bccddada85 -> a538991689346061c6a9a2a96b02d37e
  custom:scripting/monoscript/fileName/ScaleEffect.cs: bf12e834d532f4f806bebaac99f812c1 -> 
  custom:SearchIndexIgnoredProperties: e643bd26f0fe6173181afceb89e7c659 -> 
  custom:scripting/monoscript/fileName/ScrollSnappedMarker.cs: 066cb0420eaae820b69ffbae9344f0b4 -> 1cd14000dfdbca98f6dda0685bba7fce
  custom:scripting/monoscript/fileName/DestroyViewSystem.cs: e1c1ea54b0c9f7465aac7332f0e6d6a8 -> 59b102bdf1755f7c7d016788c0259b93
  custom:scripting/monoscript/fileName/CleanupLevelRequest.cs: a4116677aeb8d793871c137a2a44b119 -> c4dd04e39c7a6664b68dab929adf2e81
  custom:AudioImporter_EditorPlatform: d09bf68614088b80899f8185d706f6e7 -> 
  custom:scripting/monoscript/fileName/ChainMovementMarker.cs: feac63d7e5aa51292f19abaa1d9db08c -> 
  custom:scripting/monoscript/fileName/ScrollPosition.cs: 225c0c33ea226da69f3473693dfb3c05 -> 9f9e723ba8833b9541ecfca3c6d6f8bc
  custom:scripting/monoscript/fileName/GameFieldWaveAlgorithmSystem.cs: fc14103f781a8cbb106ceeeb57eaeaab -> 607884f57fd7ce8ffeb8d2a7c96f93a3
  custom:scripting/monoscript/fileName/PlayerCfgRef.cs: 6d19f04523dbbba4fc64c8057f04e02a -> 198dbad4b6bbc11b3942c96af8dde650
  custom:scripting/monoscript/fileName/DestructionChainStrategySystem.cs: 783bb7763cba92611d8e9cf6674063b1 -> ddd821ede2656248bf0e9ddf669d5a28
  custom:scripting/monoscript/fileName/CreationChainTag.cs: 2998fd809902939f0ee04f473eeca00e -> 
  custom:scripting/monoscript/fileName/DestructionFeature.cs: b9b7cdbe8848a566388411c97a5fbd67 -> adcfef4ac4e45d2e562dcdc6fa49e429
  custom:scripting/monoscript/fileName/GameFieldAlgorithmIndex.cs: 9457d7f2147049910ea06f2159c61fc6 -> 7a58e7c6b5adebdaec058182398a5707
  custom:scripting/monoscript/fileName/GameLossTimerSystem.cs: de0b464553cb6b861179a91f75237edf -> 071940ff3f3e183b1d11d15239224386
  custom:scripting/monoscript/fileName/GameFieldPlaneAlgorithmSystem.cs: 526228704b2d4ed12e4753080710ec45 -> fec5555e40052f9e75dc859f5d201f4d
  custom:scripting/monoscript/fileName/ScrollSnappedEvent.cs: 85353374ba80b5fbd36ff4e2e7944412 -> 8bf4efe021842362c4e7d55e6a37d79a
  custom:scripting/monoscript/fileName/TargetEntities.cs: 677c58dfdc846d5246d0be31c31711ff -> 
  custom:scripting/monoscript/fileName/ShowMetaGameUIRequest.cs: 5564592071856871b46e981baa2e91f8 -> a88d7f1c319941ffae2f3a8957251596
  custom:scripting/monoscript/fileName/TileGenerator6.cs: 0a225711dfb489626c74dc5ff5d78f40 -> 83a93281253429d4bd51d4bfaf52f3ed
  custom:scripting/monoscript/fileName/GameFieldDestructedRequest.cs: c04d6601b9dc935cfc91348b0b9cc810 -> 47034b076d3abdec8c90304ac1fc38f1
  custom:scripting/monoscript/fileName/MetaGameUI.cs: b1f4a332b284a38895d9534e62ff0baf -> 67622f9ccfe38dacd5af3f2ae37c3026
  custom:scripting/monoscript/fileName/GameFieldClickSystem.cs: 9e6e496c03415de771bf8909db35f03b -> 3b1ea4c67b8ab5832ff3a23919e79f06
  custom:scripting/monoscript/fileName/BaseScrollSnapEffect.cs: d407bd1fc108496d969888a00479cce0 -> 
  custom:scripting/monoscript/fileName/CreateHUDSystem.cs: f8cd7ef545fa25f934c486aaa420eedd -> 43c05b406d9086180812a87a0e010e47
  custom:scripting/monoscript/fileName/Levels.cs: f22977143cde483af3e13597acee3c02 -> 37490b0d126f14e1e1d31453e3e94ae4
  custom:video-encoder-webm-vp8: eb34c28f22e8b96e1ab97ce403110664 -> 
  custom:scripting/monoscript/fileName/AnimalDestructionChainStrategySystem.cs: 23f4cc2de4c34d4d82415b095d5404aa -> 2d33061d60136630278a03c1042b54b3
  custom:scripting/monoscript/fileName/AnimalSpawnedEvent.cs: 18a67763bcf9b1b1ac26ffbfcbeed587 -> 7ad467d334ed6914a6a27adce1847b10
  custom:scripting/monoscript/fileName/RewardConnect.cs: de79e19f525e7b5954dbb77b1f453e4e -> 6751c3bbc08d4697c3b42878cd3daebd
  custom:audio-decoder-ogg-vorbis: bf7c407c2cedff20999df2af8eb42d56 -> 
  custom:scripting/monoscript/fileName/CleanupLevelSystem.cs: 72214ed46a73a03fca528428e05bd1c5 -> 8a5bce7edb21df4c4707d0529e30155e
  custom:scripting/monoscript/fileName/GameTag.cs: 2f67c69f27e85f806b88deb8c87b88d2 -> f5290ba12be2c3f124e97ffb76e9ea9f
  custom:scripting/monoscript/fileName/ScrollSnapTag.cs: 893d8b8aa473763f6ed0fb5321bbad28 -> c53bb14ce7c537cec4ba51b6c7bc6939
  custom:scripting/monoscript/fileName/GameFieldFeature.cs: 1f8b976c740b234c284fddfd95c568fd -> 9a83e32ad7b7857e12d74cf105f5a137
  custom:scripting/monoscript/fileName/GameScreen.cs: deb4cff0d85b325b8a61d3844cabec07 -> 84ec6758a1e33abe8d42365166b67ebd
  custom:scripting/monoscript/fileName/DestructionStrategyTag.cs: 950962d7baf41bc8fed98ea522a40170 -> 
  custom:scripting/monoscript/fileName/ScrollDraggedEvent.cs: d4b82f514f08a6e7eb8d3acbba3af876 -> 76bd8895c3b43170415bf40518460c7d
  custom:scripting/monoscript/fileName/CreateHUDRequest.cs: 61b5f154a3d1ac03d04c59d29d1c4e05 -> 11938a6be2a737aa70fadc220742dab2
  custom:scripting/monoscript/fileName/TileGenerator4.cs: 1ec433f057ddbb323aab6300cdd41968 -> 9b8c2608bd1d4162243c126a2c3ab74b
  custom:scripting/monoscript/fileName/GrowthWave.cs: 7c48243a6dd50c54e09b35b8a70e858a -> ab7a6a6e85687b04c58c7a681131bfdc
  custom:scripting/monoscript/fileName/AssemblyAnalyzer.cs: 5883fa404100530f6821c51e0df4a2b6 -> 
  custom:scripting/monoscript/fileName/CreateCoinRequest.cs: b6ee2396be79577ff18a940acb85bfe6 -> 8bf745611aed40a8441b8db392ff0316
  custom:scripting/monoscript/fileName/CreateGameLossTimerRequest.cs: 286f3e38529572dc1661f3473c808992 -> ef901bf1b06c7938a6030a67dd4d6d21
  custom:scripting/monoscript/fileName/DeathEvent.cs: ae7a15dcf33e2eb04a19bf37c49c469a -> 7ba4c6fe9f322f00d774d318ef8ef3b2
  custom:scripting/monoscript/fileName/GameFieldDestructedEvent.cs: 565697dff0d07f15eb4da25529efeaf3 -> 249503e823ee8a2543fdc65535f78404
  custom:scripting/monoscript/fileName/Wave.cs: e8061bad203a1f6efd397e8313ec6d83 -> ed89714bef4a8fe64f993c8bbc6df15f
  custom:scripting/monoscript/fileName/GameFieldDestructedMarker.cs: ab2e5320e3676ca16774eba7277d5b9e -> 6af6280f9d165b3fa0cbeef98677737a
  custom:scripting/monoscript/fileName/CoinUIConnect.cs: 8505822111497da435ec6d27192811c8 -> 9bed0bffdd7b151bbdc04ee5da58d9a4
  custom:scripting/monoscript/fileName/CreateGameSystem.cs: c40209e5646f830645bfdfa6dda44b96 -> acdc7e582431689501a3c2e4d1b573d0
  custom:audio-encoder-webm-vorbis: bf7c407c2cedff20999df2af8eb42d56 -> 
  custom:scripting/monoscript/fileName/ApplyStrategyRequest.cs: 04790d20b7aab51157b87a2b7ea70902 -> 
  custom:scripting/monoscript/fileName/ScrollSystem.cs: 80ef92943d864cb0b392598d6fcd75b9 -> 
  custom:scripting/monoscript/fileName/CreationChainStrategyTag.cs: 4fd921b87fca9ba0c731b954efca90f5 -> 7572d150aeb0955f670c8845e4df7c53
  custom:scripting/monoscript/fileName/ScrollDraggedMarker.cs: f40ec288e4d6330335dd03fa8726c839 -> 74ece2a65d27c55d64e7936bb538e5a8
  custom:scripting/monoscript/fileName/CreateAnimalsRequest.cs: a7ebd1a26b1e6c2c8f783f7506341452 -> 45001033be0d024e3f69c19d212eca00
  custom:scripting/monoscript/fileName/GameFieldGeneratedMarker.cs: 3343d51a95b5393b866292f7dd40076e -> 8ec9e96219719154c6ef937af1a570ab
  custom:scripting/monoscript/fileName/TileGenerator7.cs: d48bfbfd829455d8678bccfbd4ddf1db -> d7e74d9e48390acec81fb7d05eab04b6
  custom:scripting/monoscript/fileName/ClickSideMarker.cs: c1aa69917ccbb0e088243ec1d2c1ed5f -> 0c097904c16edc5a7ac1137f05d8d51c
  custom:scripting/monoscript/fileName/DestinationCellSystem.cs: 963aa1626fcb23e854feae01796a104e -> 840793441983a12313c0195510dbf2c3
  custom:scripting/precompiled-assembly-types:Assembly-CSharp: 93f29488050ed27a97eb0d3f324be3a0 -> a8a0291e33e77c495a3eaeddbf28c6f7
  custom:scripting/monoscript/fileName/LevelLostMarker.cs: 93ebe850d5850b9eb8bc2c04e2ffed33 -> 3e55ffaf6b929b3b51e014250d9920ac
  custom:scripting/monoscript/fileName/GameTitleConnect.cs: 5c14e36aa95fc82c33183a9dfce72cd2 -> 41a65dfb2d31309386b013674fae2e80
  custom:scripting/monoscript/fileName/CreateGameScreenRequest.cs: a885ba890460f60ddcd2c66df732e91f -> 066c58def3458c57fd1f40d51ed860c1
  custom:scripting/monoscript/fileName/ScrollToTargetMarker.cs: 7c2577f2a0b3fb585d934a4d0b35b7ec -> 01286f347cbc8bec863dbe15212d04dd
  custom:scripting/monoscript/fileName/GameFieldGeneratedByAlgorithm.cs: 642fd6d4f4e02c35c870cd61f2ca081f -> 074895d821d9efb916232844efdac6c8
  custom:scripting/monoscript/fileName/TileGenerator5.cs: 0eaf6fadc56123ad87a1d593fa635ede -> ee69db292b395fb7006478b7279c5ca6
  custom:scripting/monoscript/fileName/GameScreenSystem.cs: a0b364fc1bcdda23e4dd359a2204c08d -> 402c5e1323b5b0152bd1eea24fa29d07
  custom:scripting/monoscript/fileName/DestructionChainStrategyTag.cs: b0d607db3ab31634dee73b569e199000 -> 0c62c6ddeecb954158e34eafdd3e629f
========================================================================
Received Prepare
Caller must complete domain reload
Begin MonoManager ReloadAssembly
- Loaded All Assemblies, in  1.905 seconds
Native extension for WindowsStandalone target not found
Native extension for Android target not found
Native extension for WebGL target not found
[Package Manager] Server::EnsureServerProcessIsRunning -- launch failed, reason: Unity was launched with the -noUpm command-line argument
[Package Manager] UpmClient::Send -- Unable to send message (not connected to UPM process).
[Package Manager] Cannot connect to Unity Package Manager local server
Mono: successfully reloaded assembly
[Package Manager] Server::EnsureServerProcessIsRunning -- launch failed, reason: Unity was launched with the -noUpm command-line argument
[Package Manager] UpmClient::Send -- Unable to send message (not connected to UPM process).
[Package Manager] Cannot connect to Unity Package Manager local server
- Finished resetting the current domain, in  1.975 seconds
Domain Reload Profiling: 3883ms
	BeginReloadAssembly (664ms)
		ExecutionOrderSort (0ms)
		DisableScriptedObjects (24ms)
		BackupInstance (0ms)
		ReleaseScriptingObjects (0ms)
		CreateAndSetChildDomain (289ms)
	RebuildCommonClasses (31ms)
	RebuildNativeTypeToScriptingClass (10ms)
	initialDomainReloadingComplete (37ms)
	LoadAllAssembliesAndSetupDomain (1163ms)
		LoadAssemblies (1353ms)
		RebuildTransferFunctionScriptingTraits (0ms)
		AnalyzeDomain (69ms)
			TypeCache.Refresh (35ms)
				TypeCache.ScanAssembly (9ms)
			ScanForSourceGeneratedMonoScriptInfo (18ms)
			ResolveRequiredComponents (15ms)
	FinalizeReload (1977ms)
		ReleaseScriptCaches (0ms)
		RebuildScriptCaches (0ms)
		SetupLoadedEditorAssemblies (924ms)
			LogAssemblyErrors (0ms)
			InitializePlatformSupportModulesInManaged (32ms)
			SetLoadedEditorAssemblies (4ms)
			RefreshPlugins (0ms)
			BeforeProcessingInitializeOnLoad (78ms)
			ProcessInitializeOnLoadAttributes (401ms)
			ProcessInitializeOnLoadMethodAttributes (404ms)
			AfterProcessingInitializeOnLoad (5ms)
			EditorAssembliesLoaded (1ms)
		ExecutionOrderSort2 (0ms)
		AwakeInstancesAfterBackupRestoration (8ms)
Refreshing native plugins compatible for Editor in 10.87 ms, found 3 plugins.
Preloading 0 native plugins for Editor in 0.00 ms.
Unloading 4484 Unused Serialized files (Serialized files now loaded: 0)
Unloading 31 unused Assets / (66.7 KB). Loaded Objects now: 5126.
Memory consumption went from 185.8 MB to 185.8 MB.
Total: 54.731900 ms (FindLiveObjects: 1.713300 ms CreateObjectMapping: 0.354600 ms MarkObjects: 52.258800 ms  DeleteObjects: 0.401800 ms)

Prepare: number of updated asset objects reloaded= 0
AssetImportParameters requested are different than current active one (requested -> active):
  custom:scripting/monoscript/fileName/CatchGameFieldGeneratedRequest.cs: a67d51feea369e3830f924d9b8e9bd99 -> 17b67da9d0f3c4e2f8690dc96459b2b2
  custom:scripting/monoscript/fileName/TileGenerator3.cs: d30fb83fc6ac7475a319a83728c9ad41 -> 9b48fa675f0bce54dde0ed40b926842e
  custom:scripting/monoscript/fileName/GameFieldGrowthWaveAlgorithmTag.cs: 0ef400f135d729b9ef5ef61213bf46ca -> 992c54089fb6287a3abd63c766c90ae4
  custom:scripting/monoscript/fileName/CreateControlsRequest.cs: b6b52fa38bc5533b3ae550ee8b4085d9 -> 16e50cc2756add101f300d8e44319dd4
  custom:scripting/monoscript/fileName/HUDPrefab.cs: 30eaa62651e9c88e43fcb0d04e30077a -> 114724dd8b86c8d5655c0a4636c8f807
  custom:container-demuxer-ogg: 62fdf1f143b41e24485cea50d1cbac27 -> 
  custom:scripting/monoscript/fileName/TileGenerator2.cs: 09c5b2f1e3412cb486138eafe6da2ee9 -> d25441398affce60b9e3b08d18b5fa1c
  custom:scripting/monoscript/fileName/GameFlowFeature.cs: e6718831d198d39704b255f20f16f8d0 -> df0113f54b1bbce00d62c010ef3fe8b4
  custom:scripting/monoscript/fileName/CreationAnimalStrategyCfg.cs: fb433a13c1a2eff2a6d277801dbab975 -> 4fd36c8314e91d36d51becb0cdc6faeb
  custom:scripting/monoscript/fileName/CreateAnimalsSystem.cs: 8cef56369804335c0ac2e97203aee8a9 -> bee4bc1341c43b6aa3c88b1b3d4e3e18
  custom:scripting/monoscript/fileName/ScrollToTargetEvent.cs: 267de8c3fdba9d89cbf5a80a977d1db1 -> 1606e13368f10abd95859ea46f664d86
  custom:scripting/monoscript/fileName/GameFieldGeneratedEvent.cs: f908cee032e843be5ba60b9a2c441882 -> a6030e6b0b808118faf8aa49ffee5b94
  custom:scripting/monoscript/fileName/RandomGameFieldAlgorithmSystem.cs: 22b92a32636676be944ecefe67707cbf -> c5085b777b6be8657ea1f9bd1eb1f0e6
  custom:scripting/monoscript/fileName/GameFieldWaveAlgorithmTag.cs: 5be4d41974793f3169ea3a8184ff61d2 -> a3fe88f8e3ec0ea7cb6587b6cb569630
  custom:scripting/monoscript/fileName/GameFieldAlgorithms.cs: 9210f2e649de58f37f078a6eadd5eb19 -> a68d1cf9c70b1eb7af91f8532ed35f7f
  custom:scripting/monoscript/fileName/MetaGameUIHiddenEvent.cs: 342ed956eb53710532411f8c2784417a -> 463482aa840de7082f4a278ef86a7e1d
  custom:scripting/monoscript/fileName/LevelClearedEvent.cs: bbac8ca3904db25721b8cf3b0fab6582 -> 663b31180f17f64cf76455cfee4638c9
  custom:scripting/monoscript/fileName/GameScreenPrefab.cs: ad79cba3a80ff268ab301d438f50d7a3 -> b778ed7a73a66bec617f434ba9deff77
  custom:video-decoder-ogg-theora: a1e56fd34408186e4bbccfd4996cb3dc -> 
  custom:scripting/monoscript/fileName/CalculateCellScaleYSystem.cs: 939787dca0b233005791ec684dff156a -> 24348a5eb2340227fde21c4e16f198a5
  custom:scripting/monoscript/fileName/AnimalPositionedEvent.cs: 8e15db485d40ca13ea5402666ad1b4b3 -> 1bc3206bed9925993456a53b954cd396
  custom:scripting/monoscript/fileName/ScrollSnapEffect.cs: b6c51e4f0f8afbbfdca8ecd17bfb0fb9 -> 91d29477668f48905bbbd4cb6247533d
  custom:scripting/monoscript/fileName/LevelLifeTimeMarker.cs: bfaf24a17910b0a8ddcc0f9024db8056 -> d0a88ae6d48c761dad292d2aec410cb0
  custom:scripting/monoscript/fileName/GameFieldPlaneAlgorithmTag.cs: 21e5015ce1d5b093ab9d6011592292bd -> 7cf8c3e3aade2f1d2e7a2f82f1c5463e
  custom:framework-win-MediaFoundation: 216162199b28c13a410421893ffa2e32 -> 
  custom:scripting/monoscript/fileName/LevelLostEvent.cs: afc9b242eba24b2b4392b9bea1cad284 -> d1c8f0634443fb2b56e42e7c40935303
  custom:scripting/monoscript/fileName/GameField.cs: 27b6b3d034a0ef2e26f2934f1319d99d -> bf9a4c69a023939dbb88e3f1703ca432
  custom:scripting/monoscript/fileName/ScrollSnap.cs: 5dd984369f102ebda4e54789a0ea104e -> 74fe1fbb0f6bef271000d67e7c21bd45
  custom:scripting/monoscript/fileName/HideMetaGameUIRequest.cs: c6d8ffd38038f5edb986b7d2b1660fc7 -> 023f27171a187f71ff8a4853369f6cb5
  custom:scripting/monoscript/fileName/ReferenceCodeGen.cs: 1847e30272d75555141d3031c134c733 -> 
  custom:scripting/monoscript/fileName/GameCreatedEvent.cs: 25808abd6af439ae2d396c16c3d9e8f2 -> 13c2ac463741ba32d214c8bfa0606347
  custom:scripting/monoscript/fileName/TileGeneratedEvent.cs: 1b597c0aa79fd56f2f4088925f13cbef -> dba7452f6d7179c1abc1b361aa9403a8
  custom:scripting/monoscript/fileName/ScrollSnapSystem.cs: 51807458632b0abe0dcd77862975ce47 -> 49fa898761310374e9100843919f1617
  custom:scripting/monoscript/fileName/ChainDestructionRequestSystem.cs: e36a5ffa427d50aa181531f55986ccd8 -> 
  custom:scripting/monoscript/fileName/GameFlowSystem.cs: cf1e5382541a33c73a981035dae85045 -> b60539680bd07758445284af098b515c
  custom:scripting/monoscript/fileName/LevelLostCheckSystem.cs: 255183d3cc1fbb2d10c8abfa77b7b9e2 -> 1205ba5e4744c00285ba2c45a53da364
  custom:scripting/monoscript/fileName/CatchGameFieldEventsSystem.cs: 69b1fa6bdab0b0e6ef5f59e5ba1798e4 -> d8fdc78bead3537fb228755ca2d434dd
  custom:scripting/monoscript/fileName/FitObjectToCamera.cs: 942221b48ed202602e9ac643e54d7650 -> aaedefa2aeb7069389a90129af0ec391
  custom:scripting/monoscript/fileName/DestructionAnimalStrategyCfg.cs: b5449fe14a7d9ce6de2ff0202c280054 -> dcccc812fc5e86758b5038f4fc7d9a74
  custom:scripting/monoscript/fileName/CameraScaler.cs: 150bf424de40cfdb27d6bfc1fd0a2d72 -> 3cbb08bff7a396f130a0443ef1ccb748
  custom:scripting/monoscript/fileName/ScoreUIConnect.cs: c27938a2bdddd88ab951e7adbbd35794 -> ac7c32a805063f081f2fababb8d4d898
  custom:CustomObjectIndexerAttribute: 9a22284fe3817be447336de3de66b15e -> 
  custom:scripting/monoscript/fileName/ChainDestructionSystem.cs: 1804387f55e34d8c464a091638dbfb17 -> 
  custom:scripting/monoscript/fileName/GameFieldDestructRequest.cs: 10e88c15a7ec0cf5e99dbb40e0a3edf8 -> 39e29c44e39353c5f5e46e4fd35fb435
  custom:scripting/monoscript/fileName/GameLossTimerConnect.cs: f0cf7139ab50e9b8389bcd82a4789c30 -> 21c0067c523cc022f4caa4d8eef3c889
  custom:scripting/monoscript/fileName/GameFieldAlgorithmCfg.cs: 2a67613a1067bee0772c4bce0a006e8e -> c18842b2d8e9d19897c42dc941ae1a61
  custom:scripting/monoscript/fileName/DestructionChainTag.cs: d52207bbfd049f584009aa3d50645080 -> 
  custom:scripting/monoscript/fileName/AnimalCreationChainStrategySystem.cs: cfd77a10d3edff40c8fa516ba194c3f6 -> 6245b6c4937dad6bd6bfbe1a5bb91d82
  custom:scripting/monoscript/fileName/MetaGameUISystem.cs: 93f0bb4ace47f6ac6817404d82ccb661 -> 34bedb813123b4b9a91614edd15a8069
  custom:scripting/monoscript/fileName/ScrollSetupRequest.cs: a402aba2680e5863d1008ad06428d65a -> e1c69e68812599757df2aff91a4e9cf2
  custom:container-demuxer-webm: 4f35f7cbe854078d1ac9338744f61a02 -> 
  custom:scripting/monoscript/fileName/MovementAnimalsChainStrategySystem.cs: ddf53f03458710b79557a522f031acc1 -> 8570fef42c44af06a6c6a23f3d1aecaa
  custom:scripting/monoscript/fileName/FadeEffect.cs: 4615b2acb46a691c33b29aab26f2062a -> 
  custom:scripting/monoscript/fileName/MetaGameUIHiddenMarker.cs: a71b94db2ed8f97f815cc84fb87d48eb -> dddb2beaf43a7ef60953e2f9eacf78f8
  custom:scripting/monoscript/fileName/SourceCodeModifier.cs: 3ffa94fedf57701a474133f623b99b6a -> 5c7f9a2114ee5b14002453c253315bd0
  custom:scripting/monoscript/fileName/GameFieldAlgorithmTag.cs: 5b91fd95ca72cd7048aa9f46e543e265 -> da7c22434643605d19edac79c0d3b3c7
  custom:scripting/monoscript/fileName/GameFieldGrowthWaveAlgorithmSystem.cs: c43067b71ef74cae0090827f88cfe4b8 -> 00c4aec9ff9f1e3764b69170240089db
  custom:scripting/monoscript/fileName/LevelLossSystem.cs: 89eef653e3f28787ebae3df17b9a17fa -> 1a50b41fb86c42146dd1e7eca3f63c3b
  custom:scripting/monoscript/fileName/GameFieldGenerateRequest.cs: b3f004fb89f931ad5595eca9c3e3ea7d -> fc85f9d1ad1c72513abf13f206f13826
  custom:container-muxer-webm: aa71ff27fc2769a1b78a27578f13a17b -> 
  custom:scripting/monoscript/fileName/AnimalDestructedEvent.cs: de6741ad9146f65b9ee26b392c6f63b7 -> e882e3b205fcfc8f4d8ec1b06235b0f7
  custom:scripting/monoscript/fileName/DeleteEntityCommand.cs: bcabe5bfe518320718d48d41a3a0e90a -> 
  custom:video-decoder-webm-vp8: 9c59270c3fd7afecdb556c50c9e8de78 -> 
  custom:scripting/monoscript/fileName/DestroyViewRequest.cs: 1a0b5b4a36b5820faa4b3894f8324e00 -> 0ebb0c5641d0ac20e497e246c3eff337
  custom:scripting/monoscript/fileName/ApplyDestructionStrategyRequest.cs: 032a28d88c65010193deb5a4b99f58dd -> 213312285ccaacd75ce574cb89bf2411
  custom:scripting/monoscript/fileName/TileGenerator.cs: 042c900c13328f8a0055f0bccddada85 -> a538991689346061c6a9a2a96b02d37e
  custom:scripting/monoscript/fileName/ScaleEffect.cs: bf12e834d532f4f806bebaac99f812c1 -> 
  custom:SearchIndexIgnoredProperties: e643bd26f0fe6173181afceb89e7c659 -> 
  custom:scripting/monoscript/fileName/ScrollSnappedMarker.cs: 066cb0420eaae820b69ffbae9344f0b4 -> 1cd14000dfdbca98f6dda0685bba7fce
  custom:scripting/monoscript/fileName/DestroyViewSystem.cs: e1c1ea54b0c9f7465aac7332f0e6d6a8 -> 59b102bdf1755f7c7d016788c0259b93
  custom:scripting/monoscript/fileName/CleanupLevelRequest.cs: a4116677aeb8d793871c137a2a44b119 -> c4dd04e39c7a6664b68dab929adf2e81
  custom:AudioImporter_EditorPlatform: d09bf68614088b80899f8185d706f6e7 -> 
  custom:scripting/monoscript/fileName/ChainMovementMarker.cs: feac63d7e5aa51292f19abaa1d9db08c -> 
  custom:scripting/monoscript/fileName/ScrollPosition.cs: 225c0c33ea226da69f3473693dfb3c05 -> 9f9e723ba8833b9541ecfca3c6d6f8bc
  custom:scripting/monoscript/fileName/GameFieldWaveAlgorithmSystem.cs: fc14103f781a8cbb106ceeeb57eaeaab -> 607884f57fd7ce8ffeb8d2a7c96f93a3
  custom:scripting/monoscript/fileName/PlayerCfgRef.cs: 6d19f04523dbbba4fc64c8057f04e02a -> 198dbad4b6bbc11b3942c96af8dde650
  custom:scripting/monoscript/fileName/DestructionChainStrategySystem.cs: 783bb7763cba92611d8e9cf6674063b1 -> ddd821ede2656248bf0e9ddf669d5a28
  custom:scripting/monoscript/fileName/CreationChainTag.cs: 2998fd809902939f0ee04f473eeca00e -> 
  custom:scripting/monoscript/fileName/DestructionFeature.cs: b9b7cdbe8848a566388411c97a5fbd67 -> adcfef4ac4e45d2e562dcdc6fa49e429
  custom:scripting/monoscript/fileName/GameFieldAlgorithmIndex.cs: 9457d7f2147049910ea06f2159c61fc6 -> 7a58e7c6b5adebdaec058182398a5707
  custom:scripting/monoscript/fileName/GameLossTimerSystem.cs: de0b464553cb6b861179a91f75237edf -> 071940ff3f3e183b1d11d15239224386
  custom:scripting/monoscript/fileName/GameFieldPlaneAlgorithmSystem.cs: 526228704b2d4ed12e4753080710ec45 -> fec5555e40052f9e75dc859f5d201f4d
  custom:scripting/monoscript/fileName/ScrollSnappedEvent.cs: 85353374ba80b5fbd36ff4e2e7944412 -> 8bf4efe021842362c4e7d55e6a37d79a
  custom:scripting/monoscript/fileName/TargetEntities.cs: 677c58dfdc846d5246d0be31c31711ff -> 
  custom:scripting/monoscript/fileName/ShowMetaGameUIRequest.cs: 5564592071856871b46e981baa2e91f8 -> a88d7f1c319941ffae2f3a8957251596
  custom:scripting/monoscript/fileName/TileGenerator6.cs: 0a225711dfb489626c74dc5ff5d78f40 -> 83a93281253429d4bd51d4bfaf52f3ed
  custom:scripting/monoscript/fileName/GameFieldDestructedRequest.cs: c04d6601b9dc935cfc91348b0b9cc810 -> 47034b076d3abdec8c90304ac1fc38f1
  custom:scripting/monoscript/fileName/MetaGameUI.cs: b1f4a332b284a38895d9534e62ff0baf -> 67622f9ccfe38dacd5af3f2ae37c3026
  custom:scripting/monoscript/fileName/GameFieldClickSystem.cs: 9e6e496c03415de771bf8909db35f03b -> 3b1ea4c67b8ab5832ff3a23919e79f06
  custom:scripting/monoscript/fileName/BaseScrollSnapEffect.cs: d407bd1fc108496d969888a00479cce0 -> 
  custom:scripting/monoscript/fileName/CreateHUDSystem.cs: f8cd7ef545fa25f934c486aaa420eedd -> 43c05b406d9086180812a87a0e010e47
  custom:scripting/monoscript/fileName/Levels.cs: f22977143cde483af3e13597acee3c02 -> 37490b0d126f14e1e1d31453e3e94ae4
  custom:video-encoder-webm-vp8: eb34c28f22e8b96e1ab97ce403110664 -> 
  custom:scripting/monoscript/fileName/AnimalDestructionChainStrategySystem.cs: 23f4cc2de4c34d4d82415b095d5404aa -> 2d33061d60136630278a03c1042b54b3
  custom:scripting/monoscript/fileName/AnimalSpawnedEvent.cs: 18a67763bcf9b1b1ac26ffbfcbeed587 -> 7ad467d334ed6914a6a27adce1847b10
  custom:scripting/monoscript/fileName/RewardConnect.cs: de79e19f525e7b5954dbb77b1f453e4e -> 6751c3bbc08d4697c3b42878cd3daebd
  custom:audio-decoder-ogg-vorbis: bf7c407c2cedff20999df2af8eb42d56 -> 
  custom:scripting/monoscript/fileName/CleanupLevelSystem.cs: 72214ed46a73a03fca528428e05bd1c5 -> 8a5bce7edb21df4c4707d0529e30155e
  custom:scripting/monoscript/fileName/GameTag.cs: 2f67c69f27e85f806b88deb8c87b88d2 -> f5290ba12be2c3f124e97ffb76e9ea9f
  custom:scripting/monoscript/fileName/ScrollSnapTag.cs: 893d8b8aa473763f6ed0fb5321bbad28 -> c53bb14ce7c537cec4ba51b6c7bc6939
  custom:scripting/monoscript/fileName/GameFieldFeature.cs: 1f8b976c740b234c284fddfd95c568fd -> 9a83e32ad7b7857e12d74cf105f5a137
  custom:scripting/monoscript/fileName/GameScreen.cs: deb4cff0d85b325b8a61d3844cabec07 -> 84ec6758a1e33abe8d42365166b67ebd
  custom:scripting/monoscript/fileName/DestructionStrategyTag.cs: 950962d7baf41bc8fed98ea522a40170 -> 
  custom:scripting/monoscript/fileName/ScrollDraggedEvent.cs: d4b82f514f08a6e7eb8d3acbba3af876 -> 76bd8895c3b43170415bf40518460c7d
  custom:scripting/monoscript/fileName/CreateHUDRequest.cs: 61b5f154a3d1ac03d04c59d29d1c4e05 -> 11938a6be2a737aa70fadc220742dab2
  custom:scripting/monoscript/fileName/TileGenerator4.cs: 1ec433f057ddbb323aab6300cdd41968 -> 9b8c2608bd1d4162243c126a2c3ab74b
  custom:scripting/monoscript/fileName/GrowthWave.cs: 7c48243a6dd50c54e09b35b8a70e858a -> ab7a6a6e85687b04c58c7a681131bfdc
  custom:scripting/monoscript/fileName/AssemblyAnalyzer.cs: 5883fa404100530f6821c51e0df4a2b6 -> 
  custom:scripting/monoscript/fileName/CreateCoinRequest.cs: b6ee2396be79577ff18a940acb85bfe6 -> 8bf745611aed40a8441b8db392ff0316
  custom:scripting/monoscript/fileName/CreateGameLossTimerRequest.cs: 286f3e38529572dc1661f3473c808992 -> ef901bf1b06c7938a6030a67dd4d6d21
  custom:scripting/monoscript/fileName/DeathEvent.cs: ae7a15dcf33e2eb04a19bf37c49c469a -> 7ba4c6fe9f322f00d774d318ef8ef3b2
  custom:scripting/monoscript/fileName/GameFieldDestructedEvent.cs: 565697dff0d07f15eb4da25529efeaf3 -> 249503e823ee8a2543fdc65535f78404
  custom:scripting/monoscript/fileName/Wave.cs: e8061bad203a1f6efd397e8313ec6d83 -> ed89714bef4a8fe64f993c8bbc6df15f
  custom:scripting/monoscript/fileName/GameFieldDestructedMarker.cs: ab2e5320e3676ca16774eba7277d5b9e -> 6af6280f9d165b3fa0cbeef98677737a
  custom:scripting/monoscript/fileName/CoinUIConnect.cs: 8505822111497da435ec6d27192811c8 -> 9bed0bffdd7b151bbdc04ee5da58d9a4
  custom:scripting/monoscript/fileName/CreateGameSystem.cs: c40209e5646f830645bfdfa6dda44b96 -> acdc7e582431689501a3c2e4d1b573d0
  custom:audio-encoder-webm-vorbis: bf7c407c2cedff20999df2af8eb42d56 -> 
  custom:scripting/monoscript/fileName/ApplyStrategyRequest.cs: 04790d20b7aab51157b87a2b7ea70902 -> 
  custom:scripting/monoscript/fileName/ScrollSystem.cs: 80ef92943d864cb0b392598d6fcd75b9 -> 
  custom:scripting/monoscript/fileName/CreationChainStrategyTag.cs: 4fd921b87fca9ba0c731b954efca90f5 -> 7572d150aeb0955f670c8845e4df7c53
  custom:scripting/monoscript/fileName/ScrollDraggedMarker.cs: f40ec288e4d6330335dd03fa8726c839 -> 74ece2a65d27c55d64e7936bb538e5a8
  custom:scripting/monoscript/fileName/CreateAnimalsRequest.cs: a7ebd1a26b1e6c2c8f783f7506341452 -> 45001033be0d024e3f69c19d212eca00
  custom:scripting/monoscript/fileName/GameFieldGeneratedMarker.cs: 3343d51a95b5393b866292f7dd40076e -> 8ec9e96219719154c6ef937af1a570ab
  custom:scripting/monoscript/fileName/TileGenerator7.cs: d48bfbfd829455d8678bccfbd4ddf1db -> d7e74d9e48390acec81fb7d05eab04b6
  custom:scripting/monoscript/fileName/ClickSideMarker.cs: c1aa69917ccbb0e088243ec1d2c1ed5f -> 0c097904c16edc5a7ac1137f05d8d51c
  custom:scripting/monoscript/fileName/DestinationCellSystem.cs: 963aa1626fcb23e854feae01796a104e -> 840793441983a12313c0195510dbf2c3
  custom:scripting/precompiled-assembly-types:Assembly-CSharp: 24a37901489b57eb87c783ef84e1baff -> a8a0291e33e77c495a3eaeddbf28c6f7
  custom:scripting/monoscript/fileName/LevelLostMarker.cs: 93ebe850d5850b9eb8bc2c04e2ffed33 -> 3e55ffaf6b929b3b51e014250d9920ac
  custom:scripting/monoscript/fileName/GameTitleConnect.cs: 5c14e36aa95fc82c33183a9dfce72cd2 -> 41a65dfb2d31309386b013674fae2e80
  custom:scripting/monoscript/fileName/CreateGameScreenRequest.cs: a885ba890460f60ddcd2c66df732e91f -> 066c58def3458c57fd1f40d51ed860c1
  custom:scripting/monoscript/fileName/ScrollToTargetMarker.cs: 7c2577f2a0b3fb585d934a4d0b35b7ec -> 01286f347cbc8bec863dbe15212d04dd
  custom:scripting/monoscript/fileName/GameFieldGeneratedByAlgorithm.cs: 642fd6d4f4e02c35c870cd61f2ca081f -> 074895d821d9efb916232844efdac6c8
  custom:scripting/monoscript/fileName/TileGenerator5.cs: 0eaf6fadc56123ad87a1d593fa635ede -> ee69db292b395fb7006478b7279c5ca6
  custom:scripting/monoscript/fileName/GameScreenSystem.cs: a0b364fc1bcdda23e4dd359a2204c08d -> 402c5e1323b5b0152bd1eea24fa29d07
  custom:scripting/monoscript/fileName/DestructionChainStrategyTag.cs: b0d607db3ab31634dee73b569e199000 -> 0c62c6ddeecb954158e34eafdd3e629f
========================================================================
Received Import Request.
  Time since last request: 584.887822 seconds.
  path: Assets/Resources/Levels/2x2/LevelCfg_2.asset
  artifactKey: Guid(54d100c6d53fe9d489a7afdbd73d05fd) Importer(815301076,1909f56bfc062723c751e8b465ee728b)
Start importing Assets/Resources/Levels/2x2/LevelCfg_2.asset using Guid(54d100c6d53fe9d489a7afdbd73d05fd) Importer(815301076,1909f56bfc062723c751e8b465ee728b) [PhysX] Initialized MultithreadedTaskDispatcher with 12 workers.
Fixing reference to the runtime script in scene file!
NullReferenceException: Object reference not set to an instance of an object
  at DCFApixels.DragonECS.ScriptableEntityTemplate.OnValidate () [0x00017] in .\Library\PackageCache\com.dcfa_pixels.dragonecs-unity@4930c3d165\src\EntityTemplate\Templates\ScriptableEntityTemplate.cs:55 

(Filename: ./Library/PackageCache/com.dcfa_pixels.dragonecs-unity@4930c3d165/src/EntityTemplate/Templates/ScriptableEntityTemplate.cs Line: 55)

 -> (artifact id: 'ed133f6e7cd6d3a2d8c899b02ef589c2') in 0.206007 seconds
Number of updated asset objects reloaded before import = 0
Number of asset objects unloaded after import = 18
========================================================================
Received Import Request.
  Time since last request: 17.255660 seconds.
  path: Assets/Resources/CreationAnimalStrategyCfg.asset
  artifactKey: Guid(ae77d2d66bba6934ea24d0fe74b8d979) Importer(815301076,1909f56bfc062723c751e8b465ee728b)
Start importing Assets/Resources/CreationAnimalStrategyCfg.asset using Guid(ae77d2d66bba6934ea24d0fe74b8d979) Importer(815301076,1909f56bfc062723c751e8b465ee728b) [PhysX] Initialized MultithreadedTaskDispatcher with 12 workers.
 -> (artifact id: '97f62f50fb345cb99e3bfbb8f210378e') in 0.002441 seconds
Number of updated asset objects reloaded before import = 0
Number of asset objects unloaded after import = 1
========================================================================
Received Import Request.
  Time since last request: 0.637442 seconds.
  path: Assets/Resources/GameCfg.asset
  artifactKey: Guid(a6c6745e88dd1ee40a1f2088e4454454) Importer(815301076,1909f56bfc062723c751e8b465ee728b)
Start importing Assets/Resources/GameCfg.asset using Guid(a6c6745e88dd1ee40a1f2088e4454454) Importer(815301076,1909f56bfc062723c751e8b465ee728b) [PhysX] Initialized MultithreadedTaskDispatcher with 12 workers.
Missing types referenced from component ScriptableEntityTemplate on game object LevelCfg_4:
	_Project.Scripts.Gameplay.Features.GameWorldCreationFeature.Components.GameField/Template, Assembly-CSharp (1 object)
	_Project.Scripts.Gameplay.Features.GameWorldCreationFeature.Components.GameFieldAlgorithmCfg/Template, Assembly-CSharp (2 objects)
NullReferenceException: Object reference not set to an instance of an object
  at DCFApixels.DragonECS.ScriptableEntityTemplate.OnValidate () [0x00017] in .\Library\PackageCache\com.dcfa_pixels.dragonecs-unity@4930c3d165\src\EntityTemplate\Templates\ScriptableEntityTemplate.cs:55 

(Filename: ./Library/PackageCache/com.dcfa_pixels.dragonecs-unity@4930c3d165/src/EntityTemplate/Templates/ScriptableEntityTemplate.cs Line: 55)

Fixing reference to the runtime script in scene file!
NullReferenceException: Object reference not set to an instance of an object
  at DCFApixels.DragonECS.ScriptableEntityTemplate.OnValidate () [0x00017] in .\Library\PackageCache\com.dcfa_pixels.dragonecs-unity@4930c3d165\src\EntityTemplate\Templates\ScriptableEntityTemplate.cs:55 

(Filename: ./Library/PackageCache/com.dcfa_pixels.dragonecs-unity@4930c3d165/src/EntityTemplate/Templates/ScriptableEntityTemplate.cs Line: 55)

 -> (artifact id: '2f497c0d9faa6633d9e625297d2f665a') in 0.057602 seconds
Number of updated asset objects reloaded before import = 0
Number of asset objects unloaded after import = 23
========================================================================
Received Prepare
Caller must complete domain reload
Begin MonoManager ReloadAssembly
- Loaded All Assemblies, in  3.603 seconds
Native extension for WindowsStandalone target not found
Native extension for Android target not found
Native extension for WebGL target not found
[Package Manager] Server::EnsureServerProcessIsRunning -- launch failed, reason: Unity was launched with the -noUpm command-line argument
[Package Manager] UpmClient::Send -- Unable to send message (not connected to UPM process).
[Package Manager] Cannot connect to Unity Package Manager local server
Mono: successfully reloaded assembly
[Package Manager] Server::EnsureServerProcessIsRunning -- launch failed, reason: Unity was launched with the -noUpm command-line argument
[Package Manager] UpmClient::Send -- Unable to send message (not connected to UPM process).
[Package Manager] Cannot connect to Unity Package Manager local server
- Finished resetting the current domain, in  3.384 seconds
Domain Reload Profiling: 6998ms
	BeginReloadAssembly (1527ms)
		ExecutionOrderSort (0ms)
		DisableScriptedObjects (64ms)
		BackupInstance (0ms)
		ReleaseScriptingObjects (1ms)
		CreateAndSetChildDomain (892ms)
	RebuildCommonClasses (95ms)
	RebuildNativeTypeToScriptingClass (11ms)
	initialDomainReloadingComplete (82ms)
	LoadAllAssembliesAndSetupDomain (1897ms)
		LoadAssemblies (2104ms)
		RebuildTransferFunctionScriptingTraits (0ms)
		AnalyzeDomain (161ms)
			TypeCache.Refresh (81ms)
				TypeCache.ScanAssembly (15ms)
			ScanForSourceGeneratedMonoScriptInfo (50ms)
			ResolveRequiredComponents (27ms)
	FinalizeReload (3386ms)
		ReleaseScriptCaches (0ms)
		RebuildScriptCaches (0ms)
		SetupLoadedEditorAssemblies (1339ms)
			LogAssemblyErrors (0ms)
			InitializePlatformSupportModulesInManaged (82ms)
			SetLoadedEditorAssemblies (8ms)
			RefreshPlugins (0ms)
			BeforeProcessingInitializeOnLoad (133ms)
			ProcessInitializeOnLoadAttributes (623ms)
			ProcessInitializeOnLoadMethodAttributes (489ms)
			AfterProcessingInitializeOnLoad (3ms)
			EditorAssembliesLoaded (1ms)
		ExecutionOrderSort2 (0ms)
		AwakeInstancesAfterBackupRestoration (8ms)
Refreshing native plugins compatible for Editor in 23.88 ms, found 3 plugins.
Preloading 0 native plugins for Editor in 0.00 ms.
Unloading 4483 Unused Serialized files (Serialized files now loaded: 0)
Unloading 31 unused Assets / (66.8 KB). Loaded Objects now: 5129.
Memory consumption went from 185.8 MB to 185.7 MB.
Total: 45.507400 ms (FindLiveObjects: 1.587800 ms CreateObjectMapping: 0.202100 ms MarkObjects: 40.478100 ms  DeleteObjects: 3.237600 ms)

Prepare: number of updated asset objects reloaded= 0
AssetImportParameters requested are different than current active one (requested -> active):
  custom:scripting/monoscript/fileName/CatchGameFieldGeneratedRequest.cs: a67d51feea369e3830f924d9b8e9bd99 -> 17b67da9d0f3c4e2f8690dc96459b2b2
  custom:scripting/monoscript/fileName/TileGenerator3.cs: d30fb83fc6ac7475a319a83728c9ad41 -> 9b48fa675f0bce54dde0ed40b926842e
  custom:scripting/monoscript/fileName/GameFieldGrowthWaveAlgorithmTag.cs: 0ef400f135d729b9ef5ef61213bf46ca -> 992c54089fb6287a3abd63c766c90ae4
  custom:scripting/monoscript/fileName/CreateControlsRequest.cs: b6b52fa38bc5533b3ae550ee8b4085d9 -> 16e50cc2756add101f300d8e44319dd4
  custom:scripting/monoscript/fileName/HUDPrefab.cs: 30eaa62651e9c88e43fcb0d04e30077a -> 114724dd8b86c8d5655c0a4636c8f807
  custom:container-demuxer-ogg: 62fdf1f143b41e24485cea50d1cbac27 -> 
  custom:scripting/monoscript/fileName/TileGenerator2.cs: 09c5b2f1e3412cb486138eafe6da2ee9 -> d25441398affce60b9e3b08d18b5fa1c
  custom:scripting/monoscript/fileName/GameFlowFeature.cs: e6718831d198d39704b255f20f16f8d0 -> df0113f54b1bbce00d62c010ef3fe8b4
  custom:scripting/monoscript/fileName/CreationAnimalStrategyCfg.cs: fb433a13c1a2eff2a6d277801dbab975 -> 4fd36c8314e91d36d51becb0cdc6faeb
  custom:scripting/monoscript/fileName/CreateAnimalsSystem.cs: 8cef56369804335c0ac2e97203aee8a9 -> bee4bc1341c43b6aa3c88b1b3d4e3e18
  custom:scripting/monoscript/fileName/ScrollToTargetEvent.cs: 267de8c3fdba9d89cbf5a80a977d1db1 -> 1606e13368f10abd95859ea46f664d86
  custom:scripting/monoscript/fileName/GameFieldGeneratedEvent.cs: f908cee032e843be5ba60b9a2c441882 -> a6030e6b0b808118faf8aa49ffee5b94
  custom:scripting/monoscript/fileName/RandomGameFieldAlgorithmSystem.cs: 22b92a32636676be944ecefe67707cbf -> c5085b777b6be8657ea1f9bd1eb1f0e6
  custom:scripting/monoscript/fileName/GameFieldWaveAlgorithmTag.cs: 5be4d41974793f3169ea3a8184ff61d2 -> a3fe88f8e3ec0ea7cb6587b6cb569630
  custom:scripting/monoscript/fileName/GameFieldAlgorithms.cs: 9210f2e649de58f37f078a6eadd5eb19 -> a68d1cf9c70b1eb7af91f8532ed35f7f
  custom:scripting/monoscript/fileName/MetaGameUIHiddenEvent.cs: 342ed956eb53710532411f8c2784417a -> 463482aa840de7082f4a278ef86a7e1d
  custom:scripting/monoscript/fileName/LevelClearedEvent.cs: bbac8ca3904db25721b8cf3b0fab6582 -> 663b31180f17f64cf76455cfee4638c9
  custom:scripting/monoscript/fileName/GameScreenPrefab.cs: ad79cba3a80ff268ab301d438f50d7a3 -> b778ed7a73a66bec617f434ba9deff77
  custom:video-decoder-ogg-theora: a1e56fd34408186e4bbccfd4996cb3dc -> 
  custom:scripting/monoscript/fileName/CalculateCellScaleYSystem.cs: 939787dca0b233005791ec684dff156a -> 24348a5eb2340227fde21c4e16f198a5
  custom:scripting/monoscript/fileName/AnimalPositionedEvent.cs: 8e15db485d40ca13ea5402666ad1b4b3 -> 1bc3206bed9925993456a53b954cd396
  custom:scripting/monoscript/fileName/ScrollSnapEffect.cs: b6c51e4f0f8afbbfdca8ecd17bfb0fb9 -> 91d29477668f48905bbbd4cb6247533d
  custom:scripting/monoscript/fileName/LevelLifeTimeMarker.cs: bfaf24a17910b0a8ddcc0f9024db8056 -> d0a88ae6d48c761dad292d2aec410cb0
  custom:scripting/monoscript/fileName/GameFieldPlaneAlgorithmTag.cs: 21e5015ce1d5b093ab9d6011592292bd -> 7cf8c3e3aade2f1d2e7a2f82f1c5463e
  custom:framework-win-MediaFoundation: 216162199b28c13a410421893ffa2e32 -> 
  custom:scripting/monoscript/fileName/LevelLostEvent.cs: afc9b242eba24b2b4392b9bea1cad284 -> d1c8f0634443fb2b56e42e7c40935303
  custom:scripting/monoscript/fileName/GameField.cs: 27b6b3d034a0ef2e26f2934f1319d99d -> bf9a4c69a023939dbb88e3f1703ca432
  custom:scripting/monoscript/fileName/ScrollSnap.cs: 5dd984369f102ebda4e54789a0ea104e -> 74fe1fbb0f6bef271000d67e7c21bd45
  custom:scripting/monoscript/fileName/HideMetaGameUIRequest.cs: c6d8ffd38038f5edb986b7d2b1660fc7 -> 023f27171a187f71ff8a4853369f6cb5
  custom:scripting/monoscript/fileName/ReferenceCodeGen.cs: 1847e30272d75555141d3031c134c733 -> 
  custom:scripting/monoscript/fileName/GameCreatedEvent.cs: 25808abd6af439ae2d396c16c3d9e8f2 -> 13c2ac463741ba32d214c8bfa0606347
  custom:scripting/monoscript/fileName/TileGeneratedEvent.cs: 1b597c0aa79fd56f2f4088925f13cbef -> dba7452f6d7179c1abc1b361aa9403a8
  custom:scripting/monoscript/fileName/ScrollSnapSystem.cs: 51807458632b0abe0dcd77862975ce47 -> 49fa898761310374e9100843919f1617
  custom:scripting/monoscript/fileName/ChainDestructionRequestSystem.cs: e36a5ffa427d50aa181531f55986ccd8 -> 
  custom:scripting/monoscript/fileName/GameFlowSystem.cs: cf1e5382541a33c73a981035dae85045 -> b60539680bd07758445284af098b515c
  custom:scripting/monoscript/fileName/LevelLostCheckSystem.cs: 255183d3cc1fbb2d10c8abfa77b7b9e2 -> 1205ba5e4744c00285ba2c45a53da364
  custom:scripting/monoscript/fileName/CatchGameFieldEventsSystem.cs: 69b1fa6bdab0b0e6ef5f59e5ba1798e4 -> d8fdc78bead3537fb228755ca2d434dd
  custom:scripting/monoscript/fileName/FitObjectToCamera.cs: 942221b48ed202602e9ac643e54d7650 -> aaedefa2aeb7069389a90129af0ec391
  custom:scripting/monoscript/fileName/DestructionAnimalStrategyCfg.cs: b5449fe14a7d9ce6de2ff0202c280054 -> dcccc812fc5e86758b5038f4fc7d9a74
  custom:scripting/monoscript/fileName/CameraScaler.cs: 150bf424de40cfdb27d6bfc1fd0a2d72 -> 3cbb08bff7a396f130a0443ef1ccb748
  custom:scripting/monoscript/fileName/ScoreUIConnect.cs: c27938a2bdddd88ab951e7adbbd35794 -> ac7c32a805063f081f2fababb8d4d898
  custom:CustomObjectIndexerAttribute: 9a22284fe3817be447336de3de66b15e -> 
  custom:scripting/monoscript/fileName/ChainDestructionSystem.cs: 1804387f55e34d8c464a091638dbfb17 -> 
  custom:scripting/monoscript/fileName/GameFieldDestructRequest.cs: 10e88c15a7ec0cf5e99dbb40e0a3edf8 -> 39e29c44e39353c5f5e46e4fd35fb435
  custom:scripting/monoscript/fileName/GameLossTimerConnect.cs: f0cf7139ab50e9b8389bcd82a4789c30 -> 21c0067c523cc022f4caa4d8eef3c889
  custom:scripting/monoscript/fileName/GameFieldAlgorithmCfg.cs: 2a67613a1067bee0772c4bce0a006e8e -> c18842b2d8e9d19897c42dc941ae1a61
  custom:scripting/monoscript/fileName/DestructionChainTag.cs: d52207bbfd049f584009aa3d50645080 -> 
  custom:scripting/monoscript/fileName/AnimalCreationChainStrategySystem.cs: cfd77a10d3edff40c8fa516ba194c3f6 -> 6245b6c4937dad6bd6bfbe1a5bb91d82
  custom:scripting/monoscript/fileName/MetaGameUISystem.cs: 93f0bb4ace47f6ac6817404d82ccb661 -> 34bedb813123b4b9a91614edd15a8069
  custom:scripting/monoscript/fileName/ScrollSetupRequest.cs: a402aba2680e5863d1008ad06428d65a -> e1c69e68812599757df2aff91a4e9cf2
  custom:container-demuxer-webm: 4f35f7cbe854078d1ac9338744f61a02 -> 
  custom:scripting/monoscript/fileName/MovementAnimalsChainStrategySystem.cs: ddf53f03458710b79557a522f031acc1 -> 8570fef42c44af06a6c6a23f3d1aecaa
  custom:scripting/monoscript/fileName/FadeEffect.cs: 4615b2acb46a691c33b29aab26f2062a -> 
  custom:scripting/monoscript/fileName/MetaGameUIHiddenMarker.cs: a71b94db2ed8f97f815cc84fb87d48eb -> dddb2beaf43a7ef60953e2f9eacf78f8
  custom:scripting/monoscript/fileName/SourceCodeModifier.cs: 3ffa94fedf57701a474133f623b99b6a -> 5c7f9a2114ee5b14002453c253315bd0
  custom:scripting/monoscript/fileName/GameFieldAlgorithmTag.cs: 5b91fd95ca72cd7048aa9f46e543e265 -> da7c22434643605d19edac79c0d3b3c7
  custom:scripting/monoscript/fileName/GameFieldGrowthWaveAlgorithmSystem.cs: c43067b71ef74cae0090827f88cfe4b8 -> 00c4aec9ff9f1e3764b69170240089db
  custom:scripting/monoscript/fileName/LevelLossSystem.cs: 89eef653e3f28787ebae3df17b9a17fa -> 1a50b41fb86c42146dd1e7eca3f63c3b
  custom:scripting/monoscript/fileName/GameFieldGenerateRequest.cs: b3f004fb89f931ad5595eca9c3e3ea7d -> fc85f9d1ad1c72513abf13f206f13826
  custom:container-muxer-webm: aa71ff27fc2769a1b78a27578f13a17b -> 
  custom:scripting/monoscript/fileName/AnimalDestructedEvent.cs: de6741ad9146f65b9ee26b392c6f63b7 -> e882e3b205fcfc8f4d8ec1b06235b0f7
  custom:scripting/monoscript/fileName/DeleteEntityCommand.cs: bcabe5bfe518320718d48d41a3a0e90a -> 
  custom:video-decoder-webm-vp8: 9c59270c3fd7afecdb556c50c9e8de78 -> 
  custom:scripting/monoscript/fileName/DestroyViewRequest.cs: 1a0b5b4a36b5820faa4b3894f8324e00 -> 0ebb0c5641d0ac20e497e246c3eff337
  custom:scripting/monoscript/fileName/ApplyDestructionStrategyRequest.cs: 032a28d88c65010193deb5a4b99f58dd -> 213312285ccaacd75ce574cb89bf2411
  custom:scripting/monoscript/fileName/TileGenerator.cs: 042c900c13328f8a0055f0bccddada85 -> a538991689346061c6a9a2a96b02d37e
  custom:scripting/monoscript/fileName/ScaleEffect.cs: bf12e834d532f4f806bebaac99f812c1 -> 
  custom:SearchIndexIgnoredProperties: e643bd26f0fe6173181afceb89e7c659 -> 
  custom:scripting/monoscript/fileName/ScrollSnappedMarker.cs: 066cb0420eaae820b69ffbae9344f0b4 -> 1cd14000dfdbca98f6dda0685bba7fce
  custom:scripting/monoscript/fileName/DestroyViewSystem.cs: e1c1ea54b0c9f7465aac7332f0e6d6a8 -> 59b102bdf1755f7c7d016788c0259b93
  custom:scripting/monoscript/fileName/CleanupLevelRequest.cs: a4116677aeb8d793871c137a2a44b119 -> c4dd04e39c7a6664b68dab929adf2e81
  custom:AudioImporter_EditorPlatform: d09bf68614088b80899f8185d706f6e7 -> 
  custom:scripting/monoscript/fileName/ChainMovementMarker.cs: feac63d7e5aa51292f19abaa1d9db08c -> 
  custom:scripting/monoscript/fileName/ScrollPosition.cs: 225c0c33ea226da69f3473693dfb3c05 -> 9f9e723ba8833b9541ecfca3c6d6f8bc
  custom:scripting/monoscript/fileName/GameFieldWaveAlgorithmSystem.cs: fc14103f781a8cbb106ceeeb57eaeaab -> 607884f57fd7ce8ffeb8d2a7c96f93a3
  custom:scripting/monoscript/fileName/PlayerCfgRef.cs: 6d19f04523dbbba4fc64c8057f04e02a -> 198dbad4b6bbc11b3942c96af8dde650
  custom:scripting/monoscript/fileName/DestructionChainStrategySystem.cs: 783bb7763cba92611d8e9cf6674063b1 -> ddd821ede2656248bf0e9ddf669d5a28
  custom:scripting/monoscript/fileName/CreationChainTag.cs: 2998fd809902939f0ee04f473eeca00e -> 
  custom:scripting/monoscript/fileName/DestructionFeature.cs: b9b7cdbe8848a566388411c97a5fbd67 -> adcfef4ac4e45d2e562dcdc6fa49e429
  custom:scripting/monoscript/fileName/GameFieldAlgorithmIndex.cs: 9457d7f2147049910ea06f2159c61fc6 -> 7a58e7c6b5adebdaec058182398a5707
  custom:scripting/monoscript/fileName/GameLossTimerSystem.cs: de0b464553cb6b861179a91f75237edf -> 071940ff3f3e183b1d11d15239224386
  custom:scripting/monoscript/fileName/GameFieldPlaneAlgorithmSystem.cs: 526228704b2d4ed12e4753080710ec45 -> fec5555e40052f9e75dc859f5d201f4d
  custom:scripting/monoscript/fileName/ScrollSnappedEvent.cs: 85353374ba80b5fbd36ff4e2e7944412 -> 8bf4efe021842362c4e7d55e6a37d79a
  custom:scripting/monoscript/fileName/TargetEntities.cs: 677c58dfdc846d5246d0be31c31711ff -> 
  custom:scripting/monoscript/fileName/ShowMetaGameUIRequest.cs: 5564592071856871b46e981baa2e91f8 -> a88d7f1c319941ffae2f3a8957251596
  custom:scripting/monoscript/fileName/TileGenerator6.cs: 0a225711dfb489626c74dc5ff5d78f40 -> 83a93281253429d4bd51d4bfaf52f3ed
  custom:scripting/monoscript/fileName/GameFieldDestructedRequest.cs: c04d6601b9dc935cfc91348b0b9cc810 -> 47034b076d3abdec8c90304ac1fc38f1
  custom:scripting/monoscript/fileName/MetaGameUI.cs: b1f4a332b284a38895d9534e62ff0baf -> 67622f9ccfe38dacd5af3f2ae37c3026
  custom:scripting/monoscript/fileName/GameFieldClickSystem.cs: 9e6e496c03415de771bf8909db35f03b -> 3b1ea4c67b8ab5832ff3a23919e79f06
  custom:scripting/monoscript/fileName/BaseScrollSnapEffect.cs: d407bd1fc108496d969888a00479cce0 -> 
  custom:scripting/monoscript/fileName/CreateHUDSystem.cs: f8cd7ef545fa25f934c486aaa420eedd -> 43c05b406d9086180812a87a0e010e47
  custom:scripting/monoscript/fileName/Levels.cs: f22977143cde483af3e13597acee3c02 -> 37490b0d126f14e1e1d31453e3e94ae4
  custom:video-encoder-webm-vp8: eb34c28f22e8b96e1ab97ce403110664 -> 
  custom:scripting/monoscript/fileName/AnimalDestructionChainStrategySystem.cs: 23f4cc2de4c34d4d82415b095d5404aa -> 2d33061d60136630278a03c1042b54b3
  custom:scripting/monoscript/fileName/AnimalSpawnedEvent.cs: 18a67763bcf9b1b1ac26ffbfcbeed587 -> 7ad467d334ed6914a6a27adce1847b10
  custom:scripting/monoscript/fileName/RewardConnect.cs: de79e19f525e7b5954dbb77b1f453e4e -> 6751c3bbc08d4697c3b42878cd3daebd
  custom:audio-decoder-ogg-vorbis: bf7c407c2cedff20999df2af8eb42d56 -> 
  custom:scripting/monoscript/fileName/CleanupLevelSystem.cs: 72214ed46a73a03fca528428e05bd1c5 -> 8a5bce7edb21df4c4707d0529e30155e
  custom:scripting/monoscript/fileName/GameTag.cs: 2f67c69f27e85f806b88deb8c87b88d2 -> f5290ba12be2c3f124e97ffb76e9ea9f
  custom:scripting/monoscript/fileName/ScrollSnapTag.cs: 893d8b8aa473763f6ed0fb5321bbad28 -> c53bb14ce7c537cec4ba51b6c7bc6939
  custom:scripting/monoscript/fileName/GameFieldFeature.cs: 1f8b976c740b234c284fddfd95c568fd -> 9a83e32ad7b7857e12d74cf105f5a137
  custom:scripting/monoscript/fileName/GameScreen.cs: deb4cff0d85b325b8a61d3844cabec07 -> 84ec6758a1e33abe8d42365166b67ebd
  custom:scripting/monoscript/fileName/DestructionStrategyTag.cs: 950962d7baf41bc8fed98ea522a40170 -> 
  custom:scripting/monoscript/fileName/ScrollDraggedEvent.cs: d4b82f514f08a6e7eb8d3acbba3af876 -> 76bd8895c3b43170415bf40518460c7d
  custom:scripting/monoscript/fileName/CreateHUDRequest.cs: 61b5f154a3d1ac03d04c59d29d1c4e05 -> 11938a6be2a737aa70fadc220742dab2
  custom:scripting/monoscript/fileName/TileGenerator4.cs: 1ec433f057ddbb323aab6300cdd41968 -> 9b8c2608bd1d4162243c126a2c3ab74b
  custom:scripting/monoscript/fileName/GrowthWave.cs: 7c48243a6dd50c54e09b35b8a70e858a -> ab7a6a6e85687b04c58c7a681131bfdc
  custom:scripting/monoscript/fileName/AssemblyAnalyzer.cs: 5883fa404100530f6821c51e0df4a2b6 -> 
  custom:scripting/monoscript/fileName/CreateCoinRequest.cs: b6ee2396be79577ff18a940acb85bfe6 -> 8bf745611aed40a8441b8db392ff0316
  custom:scripting/monoscript/fileName/CreateGameLossTimerRequest.cs: 286f3e38529572dc1661f3473c808992 -> ef901bf1b06c7938a6030a67dd4d6d21
  custom:scripting/monoscript/fileName/DeathEvent.cs: ae7a15dcf33e2eb04a19bf37c49c469a -> 7ba4c6fe9f322f00d774d318ef8ef3b2
  custom:scripting/monoscript/fileName/GameFieldDestructedEvent.cs: 565697dff0d07f15eb4da25529efeaf3 -> 249503e823ee8a2543fdc65535f78404
  custom:scripting/monoscript/fileName/Wave.cs: e8061bad203a1f6efd397e8313ec6d83 -> ed89714bef4a8fe64f993c8bbc6df15f
  custom:scripting/monoscript/fileName/GameFieldDestructedMarker.cs: ab2e5320e3676ca16774eba7277d5b9e -> 6af6280f9d165b3fa0cbeef98677737a
  custom:scripting/monoscript/fileName/CoinUIConnect.cs: 8505822111497da435ec6d27192811c8 -> 9bed0bffdd7b151bbdc04ee5da58d9a4
  custom:scripting/monoscript/fileName/CreateGameSystem.cs: c40209e5646f830645bfdfa6dda44b96 -> acdc7e582431689501a3c2e4d1b573d0
  custom:audio-encoder-webm-vorbis: bf7c407c2cedff20999df2af8eb42d56 -> 
  custom:scripting/monoscript/fileName/ApplyStrategyRequest.cs: 04790d20b7aab51157b87a2b7ea70902 -> 
  custom:scripting/monoscript/fileName/ScrollSystem.cs: 80ef92943d864cb0b392598d6fcd75b9 -> 
  custom:scripting/monoscript/fileName/CreationChainStrategyTag.cs: 4fd921b87fca9ba0c731b954efca90f5 -> 7572d150aeb0955f670c8845e4df7c53
  custom:scripting/monoscript/fileName/ScrollDraggedMarker.cs: f40ec288e4d6330335dd03fa8726c839 -> 74ece2a65d27c55d64e7936bb538e5a8
  custom:scripting/monoscript/fileName/CreateAnimalsRequest.cs: a7ebd1a26b1e6c2c8f783f7506341452 -> 45001033be0d024e3f69c19d212eca00
  custom:scripting/monoscript/fileName/GameFieldGeneratedMarker.cs: 3343d51a95b5393b866292f7dd40076e -> 8ec9e96219719154c6ef937af1a570ab
  custom:scripting/monoscript/fileName/TileGenerator7.cs: d48bfbfd829455d8678bccfbd4ddf1db -> d7e74d9e48390acec81fb7d05eab04b6
  custom:scripting/monoscript/fileName/ClickSideMarker.cs: c1aa69917ccbb0e088243ec1d2c1ed5f -> 0c097904c16edc5a7ac1137f05d8d51c
  custom:scripting/monoscript/fileName/DestinationCellSystem.cs: 963aa1626fcb23e854feae01796a104e -> 840793441983a12313c0195510dbf2c3
  custom:scripting/precompiled-assembly-types:Assembly-CSharp: 24a37901489b57eb87c783ef84e1baff -> a8a0291e33e77c495a3eaeddbf28c6f7
  custom:scripting/monoscript/fileName/LevelLostMarker.cs: 93ebe850d5850b9eb8bc2c04e2ffed33 -> 3e55ffaf6b929b3b51e014250d9920ac
  custom:scripting/monoscript/fileName/GameTitleConnect.cs: 5c14e36aa95fc82c33183a9dfce72cd2 -> 41a65dfb2d31309386b013674fae2e80
  custom:scripting/monoscript/fileName/CreateGameScreenRequest.cs: a885ba890460f60ddcd2c66df732e91f -> 066c58def3458c57fd1f40d51ed860c1
  custom:scripting/monoscript/fileName/ScrollToTargetMarker.cs: 7c2577f2a0b3fb585d934a4d0b35b7ec -> 01286f347cbc8bec863dbe15212d04dd
  custom:scripting/monoscript/fileName/GameFieldGeneratedByAlgorithm.cs: 642fd6d4f4e02c35c870cd61f2ca081f -> 074895d821d9efb916232844efdac6c8
  custom:scripting/monoscript/fileName/TileGenerator5.cs: 0eaf6fadc56123ad87a1d593fa635ede -> ee69db292b395fb7006478b7279c5ca6
  custom:scripting/monoscript/fileName/GameScreenSystem.cs: a0b364fc1bcdda23e4dd359a2204c08d -> 402c5e1323b5b0152bd1eea24fa29d07
  custom:scripting/monoscript/fileName/DestructionChainStrategyTag.cs: b0d607db3ab31634dee73b569e199000 -> 0c62c6ddeecb954158e34eafdd3e629f
========================================================================
Received Prepare
Caller must complete domain reload
Begin MonoManager ReloadAssembly
- Loaded All Assemblies, in  2.834 seconds
Native extension for WindowsStandalone target not found
Native extension for Android target not found
Native extension for WebGL target not found
[Package Manager] Server::EnsureServerProcessIsRunning -- launch failed, reason: Unity was launched with the -noUpm command-line argument
[Package Manager] UpmClient::Send -- Unable to send message (not connected to UPM process).
[Package Manager] Cannot connect to Unity Package Manager local server
Mono: successfully reloaded assembly
[Package Manager] Server::EnsureServerProcessIsRunning -- launch failed, reason: Unity was launched with the -noUpm command-line argument
[Package Manager] UpmClient::Send -- Unable to send message (not connected to UPM process).
[Package Manager] Cannot connect to Unity Package Manager local server
- Finished resetting the current domain, in  1.795 seconds
Domain Reload Profiling: 4629ms
	BeginReloadAssembly (339ms)
		ExecutionOrderSort (0ms)
		DisableScriptedObjects (13ms)
		BackupInstance (0ms)
		ReleaseScriptingObjects (0ms)
		CreateAndSetChildDomain (139ms)
	RebuildCommonClasses (32ms)
	RebuildNativeTypeToScriptingClass (10ms)
	initialDomainReloadingComplete (39ms)
	LoadAllAssembliesAndSetupDomain (2414ms)
		LoadAssemblies (2475ms)
		RebuildTransferFunctionScriptingTraits (0ms)
		AnalyzeDomain (76ms)
			TypeCache.Refresh (46ms)
				TypeCache.ScanAssembly (8ms)
			ScanForSourceGeneratedMonoScriptInfo (16ms)
			ResolveRequiredComponents (12ms)
	FinalizeReload (1795ms)
		ReleaseScriptCaches (0ms)
		RebuildScriptCaches (0ms)
		SetupLoadedEditorAssemblies (1041ms)
			LogAssemblyErrors (0ms)
			InitializePlatformSupportModulesInManaged (37ms)
			SetLoadedEditorAssemblies (4ms)
			RefreshPlugins (0ms)
			BeforeProcessingInitializeOnLoad (78ms)
			ProcessInitializeOnLoadAttributes (615ms)
			ProcessInitializeOnLoadMethodAttributes (304ms)
			AfterProcessingInitializeOnLoad (2ms)
			EditorAssembliesLoaded (0ms)
		ExecutionOrderSort2 (0ms)
		AwakeInstancesAfterBackupRestoration (5ms)
Refreshing native plugins compatible for Editor in 7.83 ms, found 3 plugins.
Preloading 0 native plugins for Editor in 0.00 ms.
Unloading 4484 Unused Serialized files (Serialized files now loaded: 0)
Unloading 31 unused Assets / (66.7 KB). Loaded Objects now: 5132.
Memory consumption went from 186.0 MB to 186.0 MB.
Total: 41.362000 ms (FindLiveObjects: 0.640100 ms CreateObjectMapping: 0.130300 ms MarkObjects: 39.788600 ms  DeleteObjects: 0.801900 ms)

Prepare: number of updated asset objects reloaded= 0
AssetImportParameters requested are different than current active one (requested -> active):
  custom:scripting/monoscript/fileName/CatchGameFieldGeneratedRequest.cs: a67d51feea369e3830f924d9b8e9bd99 -> 17b67da9d0f3c4e2f8690dc96459b2b2
  custom:scripting/monoscript/fileName/TileGenerator3.cs: d30fb83fc6ac7475a319a83728c9ad41 -> 9b48fa675f0bce54dde0ed40b926842e
  custom:scripting/monoscript/fileName/GameFieldGrowthWaveAlgorithmTag.cs: 0ef400f135d729b9ef5ef61213bf46ca -> 992c54089fb6287a3abd63c766c90ae4
  custom:scripting/monoscript/fileName/CreateControlsRequest.cs: b6b52fa38bc5533b3ae550ee8b4085d9 -> 16e50cc2756add101f300d8e44319dd4
  custom:scripting/monoscript/fileName/HUDPrefab.cs: 30eaa62651e9c88e43fcb0d04e30077a -> 114724dd8b86c8d5655c0a4636c8f807
  custom:container-demuxer-ogg: 62fdf1f143b41e24485cea50d1cbac27 -> 
  custom:scripting/monoscript/fileName/TileGenerator2.cs: 09c5b2f1e3412cb486138eafe6da2ee9 -> d25441398affce60b9e3b08d18b5fa1c
  custom:scripting/monoscript/fileName/GameFlowFeature.cs: e6718831d198d39704b255f20f16f8d0 -> df0113f54b1bbce00d62c010ef3fe8b4
  custom:scripting/monoscript/fileName/CreationAnimalStrategyCfg.cs: fb433a13c1a2eff2a6d277801dbab975 -> 4fd36c8314e91d36d51becb0cdc6faeb
  custom:scripting/monoscript/fileName/CreateAnimalsSystem.cs: 8cef56369804335c0ac2e97203aee8a9 -> bee4bc1341c43b6aa3c88b1b3d4e3e18
  custom:scripting/monoscript/fileName/ScrollToTargetEvent.cs: 267de8c3fdba9d89cbf5a80a977d1db1 -> 1606e13368f10abd95859ea46f664d86
  custom:scripting/monoscript/fileName/GameFieldGeneratedEvent.cs: f908cee032e843be5ba60b9a2c441882 -> a6030e6b0b808118faf8aa49ffee5b94
  custom:scripting/monoscript/fileName/RandomGameFieldAlgorithmSystem.cs: 22b92a32636676be944ecefe67707cbf -> c5085b777b6be8657ea1f9bd1eb1f0e6
  custom:scripting/monoscript/fileName/GameFieldWaveAlgorithmTag.cs: 5be4d41974793f3169ea3a8184ff61d2 -> a3fe88f8e3ec0ea7cb6587b6cb569630
  custom:scripting/monoscript/fileName/GameFieldAlgorithms.cs: 9210f2e649de58f37f078a6eadd5eb19 -> a68d1cf9c70b1eb7af91f8532ed35f7f
  custom:scripting/monoscript/fileName/MetaGameUIHiddenEvent.cs: 342ed956eb53710532411f8c2784417a -> 463482aa840de7082f4a278ef86a7e1d
  custom:scripting/monoscript/fileName/LevelClearedEvent.cs: bbac8ca3904db25721b8cf3b0fab6582 -> 663b31180f17f64cf76455cfee4638c9
  custom:scripting/monoscript/fileName/GameScreenPrefab.cs: ad79cba3a80ff268ab301d438f50d7a3 -> b778ed7a73a66bec617f434ba9deff77
  custom:video-decoder-ogg-theora: a1e56fd34408186e4bbccfd4996cb3dc -> 
  custom:scripting/monoscript/fileName/CalculateCellScaleYSystem.cs: 939787dca0b233005791ec684dff156a -> 24348a5eb2340227fde21c4e16f198a5
  custom:scripting/monoscript/fileName/AnimalPositionedEvent.cs: 8e15db485d40ca13ea5402666ad1b4b3 -> 1bc3206bed9925993456a53b954cd396
  custom:scripting/monoscript/fileName/ScrollSnapEffect.cs: b6c51e4f0f8afbbfdca8ecd17bfb0fb9 -> 91d29477668f48905bbbd4cb6247533d
  custom:scripting/monoscript/fileName/LevelLifeTimeMarker.cs: bfaf24a17910b0a8ddcc0f9024db8056 -> d0a88ae6d48c761dad292d2aec410cb0
  custom:scripting/monoscript/fileName/GameFieldPlaneAlgorithmTag.cs: 21e5015ce1d5b093ab9d6011592292bd -> 7cf8c3e3aade2f1d2e7a2f82f1c5463e
  custom:framework-win-MediaFoundation: 216162199b28c13a410421893ffa2e32 -> 
  custom:scripting/monoscript/fileName/LevelLostEvent.cs: afc9b242eba24b2b4392b9bea1cad284 -> d1c8f0634443fb2b56e42e7c40935303
  custom:scripting/monoscript/fileName/GameField.cs: 27b6b3d034a0ef2e26f2934f1319d99d -> bf9a4c69a023939dbb88e3f1703ca432
  custom:scripting/monoscript/fileName/ScrollSnap.cs: 5dd984369f102ebda4e54789a0ea104e -> 74fe1fbb0f6bef271000d67e7c21bd45
  custom:scripting/monoscript/fileName/HideMetaGameUIRequest.cs: c6d8ffd38038f5edb986b7d2b1660fc7 -> 023f27171a187f71ff8a4853369f6cb5
  custom:scripting/monoscript/fileName/ReferenceCodeGen.cs: 1847e30272d75555141d3031c134c733 -> 
  custom:scripting/monoscript/fileName/GameCreatedEvent.cs: 25808abd6af439ae2d396c16c3d9e8f2 -> 13c2ac463741ba32d214c8bfa0606347
  custom:scripting/monoscript/fileName/TileGeneratedEvent.cs: 1b597c0aa79fd56f2f4088925f13cbef -> dba7452f6d7179c1abc1b361aa9403a8
  custom:scripting/monoscript/fileName/ScrollSnapSystem.cs: 51807458632b0abe0dcd77862975ce47 -> 49fa898761310374e9100843919f1617
  custom:scripting/monoscript/fileName/ChainDestructionRequestSystem.cs: e36a5ffa427d50aa181531f55986ccd8 -> 
  custom:scripting/monoscript/fileName/GameFlowSystem.cs: cf1e5382541a33c73a981035dae85045 -> b60539680bd07758445284af098b515c
  custom:scripting/monoscript/fileName/LevelLostCheckSystem.cs: 255183d3cc1fbb2d10c8abfa77b7b9e2 -> 1205ba5e4744c00285ba2c45a53da364
  custom:scripting/monoscript/fileName/CatchGameFieldEventsSystem.cs: 69b1fa6bdab0b0e6ef5f59e5ba1798e4 -> d8fdc78bead3537fb228755ca2d434dd
  custom:scripting/monoscript/fileName/FitObjectToCamera.cs: 942221b48ed202602e9ac643e54d7650 -> aaedefa2aeb7069389a90129af0ec391
  custom:scripting/monoscript/fileName/DestructionAnimalStrategyCfg.cs: b5449fe14a7d9ce6de2ff0202c280054 -> dcccc812fc5e86758b5038f4fc7d9a74
  custom:scripting/monoscript/fileName/CameraScaler.cs: 150bf424de40cfdb27d6bfc1fd0a2d72 -> 3cbb08bff7a396f130a0443ef1ccb748
  custom:scripting/monoscript/fileName/ScoreUIConnect.cs: c27938a2bdddd88ab951e7adbbd35794 -> ac7c32a805063f081f2fababb8d4d898
  custom:CustomObjectIndexerAttribute: 9a22284fe3817be447336de3de66b15e -> 
  custom:scripting/monoscript/fileName/ChainDestructionSystem.cs: 1804387f55e34d8c464a091638dbfb17 -> 
  custom:scripting/monoscript/fileName/GameFieldDestructRequest.cs: 10e88c15a7ec0cf5e99dbb40e0a3edf8 -> 39e29c44e39353c5f5e46e4fd35fb435
  custom:scripting/monoscript/fileName/GameLossTimerConnect.cs: f0cf7139ab50e9b8389bcd82a4789c30 -> 21c0067c523cc022f4caa4d8eef3c889
  custom:scripting/monoscript/fileName/GameFieldAlgorithmCfg.cs: 2a67613a1067bee0772c4bce0a006e8e -> c18842b2d8e9d19897c42dc941ae1a61
  custom:scripting/monoscript/fileName/DestructionChainTag.cs: d52207bbfd049f584009aa3d50645080 -> 
  custom:scripting/monoscript/fileName/AnimalCreationChainStrategySystem.cs: cfd77a10d3edff40c8fa516ba194c3f6 -> 6245b6c4937dad6bd6bfbe1a5bb91d82
  custom:scripting/monoscript/fileName/MetaGameUISystem.cs: 93f0bb4ace47f6ac6817404d82ccb661 -> 34bedb813123b4b9a91614edd15a8069
  custom:scripting/monoscript/fileName/ScrollSetupRequest.cs: a402aba2680e5863d1008ad06428d65a -> e1c69e68812599757df2aff91a4e9cf2
  custom:container-demuxer-webm: 4f35f7cbe854078d1ac9338744f61a02 -> 
  custom:scripting/monoscript/fileName/MovementAnimalsChainStrategySystem.cs: ddf53f03458710b79557a522f031acc1 -> 8570fef42c44af06a6c6a23f3d1aecaa
  custom:scripting/monoscript/fileName/FadeEffect.cs: 4615b2acb46a691c33b29aab26f2062a -> 
  custom:scripting/monoscript/fileName/MetaGameUIHiddenMarker.cs: a71b94db2ed8f97f815cc84fb87d48eb -> dddb2beaf43a7ef60953e2f9eacf78f8
  custom:scripting/monoscript/fileName/SourceCodeModifier.cs: 3ffa94fedf57701a474133f623b99b6a -> 5c7f9a2114ee5b14002453c253315bd0
  custom:scripting/monoscript/fileName/GameFieldAlgorithmTag.cs: 5b91fd95ca72cd7048aa9f46e543e265 -> da7c22434643605d19edac79c0d3b3c7
  custom:scripting/monoscript/fileName/GameFieldGrowthWaveAlgorithmSystem.cs: c43067b71ef74cae0090827f88cfe4b8 -> 00c4aec9ff9f1e3764b69170240089db
  custom:scripting/monoscript/fileName/LevelLossSystem.cs: 89eef653e3f28787ebae3df17b9a17fa -> 1a50b41fb86c42146dd1e7eca3f63c3b
  custom:scripting/monoscript/fileName/GameFieldGenerateRequest.cs: b3f004fb89f931ad5595eca9c3e3ea7d -> fc85f9d1ad1c72513abf13f206f13826
  custom:container-muxer-webm: aa71ff27fc2769a1b78a27578f13a17b -> 
  custom:scripting/monoscript/fileName/AnimalDestructedEvent.cs: de6741ad9146f65b9ee26b392c6f63b7 -> e882e3b205fcfc8f4d8ec1b06235b0f7
  custom:scripting/monoscript/fileName/DeleteEntityCommand.cs: bcabe5bfe518320718d48d41a3a0e90a -> 
  custom:video-decoder-webm-vp8: 9c59270c3fd7afecdb556c50c9e8de78 -> 
  custom:scripting/monoscript/fileName/DestroyViewRequest.cs: 1a0b5b4a36b5820faa4b3894f8324e00 -> 0ebb0c5641d0ac20e497e246c3eff337
  custom:scripting/monoscript/fileName/ApplyDestructionStrategyRequest.cs: 032a28d88c65010193deb5a4b99f58dd -> 213312285ccaacd75ce574cb89bf2411
  custom:scripting/monoscript/fileName/TileGenerator.cs: 042c900c13328f8a0055f0bccddada85 -> a538991689346061c6a9a2a96b02d37e
  custom:scripting/monoscript/fileName/ScaleEffect.cs: bf12e834d532f4f806bebaac99f812c1 -> 
  custom:SearchIndexIgnoredProperties: e643bd26f0fe6173181afceb89e7c659 -> 
  custom:scripting/monoscript/fileName/ScrollSnappedMarker.cs: 066cb0420eaae820b69ffbae9344f0b4 -> 1cd14000dfdbca98f6dda0685bba7fce
  custom:scripting/monoscript/fileName/DestroyViewSystem.cs: e1c1ea54b0c9f7465aac7332f0e6d6a8 -> 59b102bdf1755f7c7d016788c0259b93
  custom:scripting/monoscript/fileName/CleanupLevelRequest.cs: a4116677aeb8d793871c137a2a44b119 -> c4dd04e39c7a6664b68dab929adf2e81
  custom:AudioImporter_EditorPlatform: d09bf68614088b80899f8185d706f6e7 -> 
  custom:scripting/monoscript/fileName/ChainMovementMarker.cs: feac63d7e5aa51292f19abaa1d9db08c -> 
  custom:scripting/monoscript/fileName/ScrollPosition.cs: 225c0c33ea226da69f3473693dfb3c05 -> 9f9e723ba8833b9541ecfca3c6d6f8bc
  custom:scripting/monoscript/fileName/GameFieldWaveAlgorithmSystem.cs: fc14103f781a8cbb106ceeeb57eaeaab -> 607884f57fd7ce8ffeb8d2a7c96f93a3
  custom:scripting/monoscript/fileName/PlayerCfgRef.cs: 6d19f04523dbbba4fc64c8057f04e02a -> 198dbad4b6bbc11b3942c96af8dde650
  custom:scripting/monoscript/fileName/DestructionChainStrategySystem.cs: 783bb7763cba92611d8e9cf6674063b1 -> ddd821ede2656248bf0e9ddf669d5a28
  custom:scripting/monoscript/fileName/CreationChainTag.cs: 2998fd809902939f0ee04f473eeca00e -> 
  custom:scripting/monoscript/fileName/DestructionFeature.cs: b9b7cdbe8848a566388411c97a5fbd67 -> adcfef4ac4e45d2e562dcdc6fa49e429
  custom:scripting/monoscript/fileName/GameFieldAlgorithmIndex.cs: 9457d7f2147049910ea06f2159c61fc6 -> 7a58e7c6b5adebdaec058182398a5707
  custom:scripting/monoscript/fileName/GameLossTimerSystem.cs: de0b464553cb6b861179a91f75237edf -> 071940ff3f3e183b1d11d15239224386
  custom:scripting/monoscript/fileName/GameFieldPlaneAlgorithmSystem.cs: 526228704b2d4ed12e4753080710ec45 -> fec5555e40052f9e75dc859f5d201f4d
  custom:scripting/monoscript/fileName/ScrollSnappedEvent.cs: 85353374ba80b5fbd36ff4e2e7944412 -> 8bf4efe021842362c4e7d55e6a37d79a
  custom:scripting/monoscript/fileName/TargetEntities.cs: 677c58dfdc846d5246d0be31c31711ff -> 
  custom:scripting/monoscript/fileName/ShowMetaGameUIRequest.cs: 5564592071856871b46e981baa2e91f8 -> a88d7f1c319941ffae2f3a8957251596
  custom:scripting/monoscript/fileName/TileGenerator6.cs: 0a225711dfb489626c74dc5ff5d78f40 -> 83a93281253429d4bd51d4bfaf52f3ed
  custom:scripting/monoscript/fileName/GameFieldDestructedRequest.cs: c04d6601b9dc935cfc91348b0b9cc810 -> 47034b076d3abdec8c90304ac1fc38f1
  custom:scripting/monoscript/fileName/MetaGameUI.cs: b1f4a332b284a38895d9534e62ff0baf -> 67622f9ccfe38dacd5af3f2ae37c3026
  custom:scripting/monoscript/fileName/GameFieldClickSystem.cs: 9e6e496c03415de771bf8909db35f03b -> 3b1ea4c67b8ab5832ff3a23919e79f06
  custom:scripting/monoscript/fileName/BaseScrollSnapEffect.cs: d407bd1fc108496d969888a00479cce0 -> 
  custom:scripting/monoscript/fileName/CreateHUDSystem.cs: f8cd7ef545fa25f934c486aaa420eedd -> 43c05b406d9086180812a87a0e010e47
  custom:scripting/monoscript/fileName/Levels.cs: f22977143cde483af3e13597acee3c02 -> 37490b0d126f14e1e1d31453e3e94ae4
  custom:video-encoder-webm-vp8: eb34c28f22e8b96e1ab97ce403110664 -> 
  custom:scripting/monoscript/fileName/AnimalDestructionChainStrategySystem.cs: 23f4cc2de4c34d4d82415b095d5404aa -> 2d33061d60136630278a03c1042b54b3
  custom:scripting/monoscript/fileName/AnimalSpawnedEvent.cs: 18a67763bcf9b1b1ac26ffbfcbeed587 -> 7ad467d334ed6914a6a27adce1847b10
  custom:scripting/monoscript/fileName/RewardConnect.cs: de79e19f525e7b5954dbb77b1f453e4e -> 6751c3bbc08d4697c3b42878cd3daebd
  custom:audio-decoder-ogg-vorbis: bf7c407c2cedff20999df2af8eb42d56 -> 
  custom:scripting/monoscript/fileName/CleanupLevelSystem.cs: 72214ed46a73a03fca528428e05bd1c5 -> 8a5bce7edb21df4c4707d0529e30155e
  custom:scripting/monoscript/fileName/GameTag.cs: 2f67c69f27e85f806b88deb8c87b88d2 -> f5290ba12be2c3f124e97ffb76e9ea9f
  custom:scripting/monoscript/fileName/ScrollSnapTag.cs: 893d8b8aa473763f6ed0fb5321bbad28 -> c53bb14ce7c537cec4ba51b6c7bc6939
  custom:scripting/monoscript/fileName/GameFieldFeature.cs: 1f8b976c740b234c284fddfd95c568fd -> 9a83e32ad7b7857e12d74cf105f5a137
  custom:scripting/monoscript/fileName/GameScreen.cs: deb4cff0d85b325b8a61d3844cabec07 -> 84ec6758a1e33abe8d42365166b67ebd
  custom:scripting/monoscript/fileName/DestructionStrategyTag.cs: 950962d7baf41bc8fed98ea522a40170 -> 
  custom:scripting/monoscript/fileName/ScrollDraggedEvent.cs: d4b82f514f08a6e7eb8d3acbba3af876 -> 76bd8895c3b43170415bf40518460c7d
  custom:scripting/monoscript/fileName/CreateHUDRequest.cs: 61b5f154a3d1ac03d04c59d29d1c4e05 -> 11938a6be2a737aa70fadc220742dab2
  custom:scripting/monoscript/fileName/TileGenerator4.cs: 1ec433f057ddbb323aab6300cdd41968 -> 9b8c2608bd1d4162243c126a2c3ab74b
  custom:scripting/monoscript/fileName/GrowthWave.cs: 7c48243a6dd50c54e09b35b8a70e858a -> ab7a6a6e85687b04c58c7a681131bfdc
  custom:scripting/monoscript/fileName/AssemblyAnalyzer.cs: 5883fa404100530f6821c51e0df4a2b6 -> 
  custom:scripting/monoscript/fileName/CreateCoinRequest.cs: b6ee2396be79577ff18a940acb85bfe6 -> 8bf745611aed40a8441b8db392ff0316
  custom:scripting/monoscript/fileName/CreateGameLossTimerRequest.cs: 286f3e38529572dc1661f3473c808992 -> ef901bf1b06c7938a6030a67dd4d6d21
  custom:scripting/monoscript/fileName/DeathEvent.cs: ae7a15dcf33e2eb04a19bf37c49c469a -> 7ba4c6fe9f322f00d774d318ef8ef3b2
  custom:scripting/monoscript/fileName/GameFieldDestructedEvent.cs: 565697dff0d07f15eb4da25529efeaf3 -> 249503e823ee8a2543fdc65535f78404
  custom:scripting/monoscript/fileName/Wave.cs: e8061bad203a1f6efd397e8313ec6d83 -> ed89714bef4a8fe64f993c8bbc6df15f
  custom:scripting/monoscript/fileName/GameFieldDestructedMarker.cs: ab2e5320e3676ca16774eba7277d5b9e -> 6af6280f9d165b3fa0cbeef98677737a
  custom:scripting/monoscript/fileName/CoinUIConnect.cs: 8505822111497da435ec6d27192811c8 -> 9bed0bffdd7b151bbdc04ee5da58d9a4
  custom:scripting/monoscript/fileName/CreateGameSystem.cs: c40209e5646f830645bfdfa6dda44b96 -> acdc7e582431689501a3c2e4d1b573d0
  custom:audio-encoder-webm-vorbis: bf7c407c2cedff20999df2af8eb42d56 -> 
  custom:scripting/monoscript/fileName/ApplyStrategyRequest.cs: 04790d20b7aab51157b87a2b7ea70902 -> 
  custom:scripting/monoscript/fileName/ScrollSystem.cs: 80ef92943d864cb0b392598d6fcd75b9 -> 
  custom:scripting/monoscript/fileName/CreationChainStrategyTag.cs: 4fd921b87fca9ba0c731b954efca90f5 -> 7572d150aeb0955f670c8845e4df7c53
  custom:scripting/monoscript/fileName/ScrollDraggedMarker.cs: f40ec288e4d6330335dd03fa8726c839 -> 74ece2a65d27c55d64e7936bb538e5a8
  custom:scripting/monoscript/fileName/CreateAnimalsRequest.cs: a7ebd1a26b1e6c2c8f783f7506341452 -> 45001033be0d024e3f69c19d212eca00
  custom:scripting/monoscript/fileName/GameFieldGeneratedMarker.cs: 3343d51a95b5393b866292f7dd40076e -> 8ec9e96219719154c6ef937af1a570ab
  custom:scripting/monoscript/fileName/TileGenerator7.cs: d48bfbfd829455d8678bccfbd4ddf1db -> d7e74d9e48390acec81fb7d05eab04b6
  custom:scripting/monoscript/fileName/ClickSideMarker.cs: c1aa69917ccbb0e088243ec1d2c1ed5f -> 0c097904c16edc5a7ac1137f05d8d51c
  custom:scripting/monoscript/fileName/DestinationCellSystem.cs: 963aa1626fcb23e854feae01796a104e -> 840793441983a12313c0195510dbf2c3
  custom:scripting/precompiled-assembly-types:Assembly-CSharp: 24a37901489b57eb87c783ef84e1baff -> a8a0291e33e77c495a3eaeddbf28c6f7
  custom:scripting/monoscript/fileName/LevelLostMarker.cs: 93ebe850d5850b9eb8bc2c04e2ffed33 -> 3e55ffaf6b929b3b51e014250d9920ac
  custom:scripting/monoscript/fileName/GameTitleConnect.cs: 5c14e36aa95fc82c33183a9dfce72cd2 -> 41a65dfb2d31309386b013674fae2e80
  custom:scripting/monoscript/fileName/CreateGameScreenRequest.cs: a885ba890460f60ddcd2c66df732e91f -> 066c58def3458c57fd1f40d51ed860c1
  custom:scripting/monoscript/fileName/ScrollToTargetMarker.cs: 7c2577f2a0b3fb585d934a4d0b35b7ec -> 01286f347cbc8bec863dbe15212d04dd
  custom:scripting/monoscript/fileName/GameFieldGeneratedByAlgorithm.cs: 642fd6d4f4e02c35c870cd61f2ca081f -> 074895d821d9efb916232844efdac6c8
  custom:scripting/monoscript/fileName/TileGenerator5.cs: 0eaf6fadc56123ad87a1d593fa635ede -> ee69db292b395fb7006478b7279c5ca6
  custom:scripting/monoscript/fileName/GameScreenSystem.cs: a0b364fc1bcdda23e4dd359a2204c08d -> 402c5e1323b5b0152bd1eea24fa29d07
  custom:scripting/monoscript/fileName/DestructionChainStrategyTag.cs: b0d607db3ab31634dee73b569e199000 -> 0c62c6ddeecb954158e34eafdd3e629f
========================================================================
Received Import Request.
  Time since last request: 498.477730 seconds.
  path: Assets/_Project/Scripts/Gameplay/Features/AnimalFeature/Components/DestructionAnimalStrategyCfg.cs
  artifactKey: Guid(6b6a33c3d5d147069cce9c2418cda02b) Importer(815301076,1909f56bfc062723c751e8b465ee728b)
Start importing Assets/_Project/Scripts/Gameplay/Features/AnimalFeature/Components/DestructionAnimalStrategyCfg.cs using Guid(6b6a33c3d5d147069cce9c2418cda02b) Importer(815301076,1909f56bfc062723c751e8b465ee728b) [PhysX] Initialized MultithreadedTaskDispatcher with 12 workers.
 -> (artifact id: '0f0182385e0449713872c08fac71ac8d') in 0.029490 seconds
Number of updated asset objects reloaded before import = 0
Number of asset objects unloaded after import = 0
========================================================================
Received Import Request.
  Time since last request: 20.829041 seconds.
  path: Assets/Resources/DestructionAnimalStrategyCfg.asset
  artifactKey: Guid(4f8fd26f9934ef849be79007e676bf1a) Importer(815301076,1909f56bfc062723c751e8b465ee728b)
Start importing Assets/Resources/DestructionAnimalStrategyCfg.asset using Guid(4f8fd26f9934ef849be79007e676bf1a) Importer(815301076,1909f56bfc062723c751e8b465ee728b) [PhysX] Initialized MultithreadedTaskDispatcher with 12 workers.
 -> (artifact id: '65e41b85c7acab71e6e796d801761b05') in 0.009493 seconds
Number of updated asset objects reloaded before import = 0
Number of asset objects unloaded after import = 1
========================================================================
Received Import Request.
  Time since last request: 11.612951 seconds.
  path: Assets/Resources/DestructionAnimalStrategyCfg.asset
  artifactKey: Guid(4f8fd26f9934ef849be79007e676bf1a) Importer(815301076,1909f56bfc062723c751e8b465ee728b)
Start importing Assets/Resources/DestructionAnimalStrategyCfg.asset using Guid(4f8fd26f9934ef849be79007e676bf1a) Importer(815301076,1909f56bfc062723c751e8b465ee728b) [PhysX] Initialized MultithreadedTaskDispatcher with 12 workers.
 -> (artifact id: '3d3991f7a974ecc3db52fd64092379f9') in 0.002528 seconds
Number of updated asset objects reloaded before import = 0
Number of asset objects unloaded after import = 1
========================================================================
Received Import Request.
  Time since last request: 1.878411 seconds.
  path: Assets/Resources/DestructionAnimalStrategyCfg.asset
  artifactKey: Guid(4f8fd26f9934ef849be79007e676bf1a) Importer(815301076,1909f56bfc062723c751e8b465ee728b)
Start importing Assets/Resources/DestructionAnimalStrategyCfg.asset using Guid(4f8fd26f9934ef849be79007e676bf1a) Importer(815301076,1909f56bfc062723c751e8b465ee728b) [PhysX] Initialized MultithreadedTaskDispatcher with 12 workers.
 -> (artifact id: '3b206d9e051fb6e6974cdd49bc116b5f') in 0.001275 seconds
Number of updated asset objects reloaded before import = 0
Number of asset objects unloaded after import = 1
========================================================================
Received Import Request.
  Time since last request: 6.469561 seconds.
  path: Assets/Resources/Levels/2x2/LevelCfg_1.asset
  artifactKey: Guid(418599750d9f9df4b8a1a40a2992dd92) Importer(815301076,1909f56bfc062723c751e8b465ee728b)
Start importing Assets/Resources/Levels/2x2/LevelCfg_1.asset using Guid(418599750d9f9df4b8a1a40a2992dd92) Importer(815301076,1909f56bfc062723c751e8b465ee728b) [PhysX] Initialized MultithreadedTaskDispatcher with 12 workers.
 -> (artifact id: '2a234399932080c5214ac4672653c9be') in 0.054375 seconds
Number of updated asset objects reloaded before import = 0
Number of asset objects unloaded after import = 16
========================================================================
Received Prepare
Caller must complete domain reload
Begin MonoManager ReloadAssembly
- Loaded All Assemblies, in  2.039 seconds
Native extension for WindowsStandalone target not found
Native extension for Android target not found
Native extension for WebGL target not found
[Package Manager] Server::EnsureServerProcessIsRunning -- launch failed, reason: Unity was launched with the -noUpm command-line argument
[Package Manager] UpmClient::Send -- Unable to send message (not connected to UPM process).
[Package Manager] Cannot connect to Unity Package Manager local server
Mono: successfully reloaded assembly
[Package Manager] Server::EnsureServerProcessIsRunning -- launch failed, reason: Unity was launched with the -noUpm command-line argument
[Package Manager] UpmClient::Send -- Unable to send message (not connected to UPM process).
[Package Manager] Cannot connect to Unity Package Manager local server
- Finished resetting the current domain, in  2.067 seconds
Domain Reload Profiling: 4111ms
	BeginReloadAssembly (514ms)
		ExecutionOrderSort (0ms)
		DisableScriptedObjects (17ms)
		BackupInstance (0ms)
		ReleaseScriptingObjects (1ms)
		CreateAndSetChildDomain (254ms)
	RebuildCommonClasses (34ms)
	RebuildNativeTypeToScriptingClass (10ms)
	initialDomainReloadingComplete (46ms)
	LoadAllAssembliesAndSetupDomain (1439ms)
		LoadAssemblies (1525ms)
		RebuildTransferFunctionScriptingTraits (0ms)
		AnalyzeDomain (84ms)
			TypeCache.Refresh (50ms)
				TypeCache.ScanAssembly (11ms)
			ScanForSourceGeneratedMonoScriptInfo (16ms)
			ResolveRequiredComponents (16ms)
	FinalizeReload (2068ms)
		ReleaseScriptCaches (0ms)
		RebuildScriptCaches (0ms)
		SetupLoadedEditorAssemblies (1045ms)
			LogAssemblyErrors (0ms)
			InitializePlatformSupportModulesInManaged (44ms)
			SetLoadedEditorAssemblies (4ms)
			RefreshPlugins (0ms)
			BeforeProcessingInitializeOnLoad (93ms)
			ProcessInitializeOnLoadAttributes (550ms)
			ProcessInitializeOnLoadMethodAttributes (351ms)
			AfterProcessingInitializeOnLoad (3ms)
			EditorAssembliesLoaded (1ms)
		ExecutionOrderSort2 (0ms)
		AwakeInstancesAfterBackupRestoration (5ms)
Refreshing native plugins compatible for Editor in 22.24 ms, found 3 plugins.
Preloading 0 native plugins for Editor in 0.00 ms.
Unloading 4483 Unused Serialized files (Serialized files now loaded: 0)
Unloading 31 unused Assets / (66.6 KB). Loaded Objects now: 5135.
Memory consumption went from 185.8 MB to 185.7 MB.
Total: 42.499400 ms (FindLiveObjects: 1.897700 ms CreateObjectMapping: 0.191900 ms MarkObjects: 37.808900 ms  DeleteObjects: 2.597700 ms)

Prepare: number of updated asset objects reloaded= 0
AssetImportParameters requested are different than current active one (requested -> active):
  custom:scripting/monoscript/fileName/CatchGameFieldGeneratedRequest.cs: a67d51feea369e3830f924d9b8e9bd99 -> 17b67da9d0f3c4e2f8690dc96459b2b2
  custom:scripting/monoscript/fileName/TileGenerator3.cs: d30fb83fc6ac7475a319a83728c9ad41 -> 9b48fa675f0bce54dde0ed40b926842e
  custom:scripting/monoscript/fileName/GameFieldGrowthWaveAlgorithmTag.cs: 0ef400f135d729b9ef5ef61213bf46ca -> 992c54089fb6287a3abd63c766c90ae4
  custom:scripting/monoscript/fileName/CreateControlsRequest.cs: b6b52fa38bc5533b3ae550ee8b4085d9 -> 16e50cc2756add101f300d8e44319dd4
  custom:scripting/monoscript/fileName/HUDPrefab.cs: 30eaa62651e9c88e43fcb0d04e30077a -> 114724dd8b86c8d5655c0a4636c8f807
  custom:container-demuxer-ogg: 62fdf1f143b41e24485cea50d1cbac27 -> 
  custom:scripting/monoscript/fileName/TileGenerator2.cs: 09c5b2f1e3412cb486138eafe6da2ee9 -> d25441398affce60b9e3b08d18b5fa1c
  custom:scripting/monoscript/fileName/GameFlowFeature.cs: e6718831d198d39704b255f20f16f8d0 -> df0113f54b1bbce00d62c010ef3fe8b4
  custom:scripting/monoscript/fileName/CreationAnimalStrategyCfg.cs: fb433a13c1a2eff2a6d277801dbab975 -> 4fd36c8314e91d36d51becb0cdc6faeb
  custom:scripting/monoscript/fileName/CreateAnimalsSystem.cs: 8cef56369804335c0ac2e97203aee8a9 -> bee4bc1341c43b6aa3c88b1b3d4e3e18
  custom:scripting/monoscript/fileName/ScrollToTargetEvent.cs: 267de8c3fdba9d89cbf5a80a977d1db1 -> 1606e13368f10abd95859ea46f664d86
  custom:scripting/monoscript/fileName/GameFieldGeneratedEvent.cs: f908cee032e843be5ba60b9a2c441882 -> a6030e6b0b808118faf8aa49ffee5b94
  custom:scripting/monoscript/fileName/RandomGameFieldAlgorithmSystem.cs: 22b92a32636676be944ecefe67707cbf -> c5085b777b6be8657ea1f9bd1eb1f0e6
  custom:scripting/monoscript/fileName/GameFieldWaveAlgorithmTag.cs: 5be4d41974793f3169ea3a8184ff61d2 -> a3fe88f8e3ec0ea7cb6587b6cb569630
  custom:scripting/monoscript/fileName/GameFieldAlgorithms.cs: 9210f2e649de58f37f078a6eadd5eb19 -> a68d1cf9c70b1eb7af91f8532ed35f7f
  custom:scripting/monoscript/fileName/MetaGameUIHiddenEvent.cs: 342ed956eb53710532411f8c2784417a -> 463482aa840de7082f4a278ef86a7e1d
  custom:scripting/monoscript/fileName/LevelClearedEvent.cs: bbac8ca3904db25721b8cf3b0fab6582 -> 663b31180f17f64cf76455cfee4638c9
  custom:scripting/monoscript/fileName/GameScreenPrefab.cs: ad79cba3a80ff268ab301d438f50d7a3 -> b778ed7a73a66bec617f434ba9deff77
  custom:video-decoder-ogg-theora: a1e56fd34408186e4bbccfd4996cb3dc -> 
  custom:scripting/monoscript/fileName/CalculateCellScaleYSystem.cs: 939787dca0b233005791ec684dff156a -> 24348a5eb2340227fde21c4e16f198a5
  custom:scripting/monoscript/fileName/AnimalPositionedEvent.cs: 8e15db485d40ca13ea5402666ad1b4b3 -> 1bc3206bed9925993456a53b954cd396
  custom:scripting/monoscript/fileName/ScrollSnapEffect.cs: b6c51e4f0f8afbbfdca8ecd17bfb0fb9 -> 91d29477668f48905bbbd4cb6247533d
  custom:scripting/monoscript/fileName/LevelLifeTimeMarker.cs: bfaf24a17910b0a8ddcc0f9024db8056 -> d0a88ae6d48c761dad292d2aec410cb0
  custom:scripting/monoscript/fileName/GameFieldPlaneAlgorithmTag.cs: 21e5015ce1d5b093ab9d6011592292bd -> 7cf8c3e3aade2f1d2e7a2f82f1c5463e
  custom:framework-win-MediaFoundation: 216162199b28c13a410421893ffa2e32 -> 
  custom:scripting/monoscript/fileName/LevelLostEvent.cs: afc9b242eba24b2b4392b9bea1cad284 -> d1c8f0634443fb2b56e42e7c40935303
  custom:scripting/monoscript/fileName/GameField.cs: 27b6b3d034a0ef2e26f2934f1319d99d -> bf9a4c69a023939dbb88e3f1703ca432
  custom:scripting/monoscript/fileName/ScrollSnap.cs: 5dd984369f102ebda4e54789a0ea104e -> 74fe1fbb0f6bef271000d67e7c21bd45
  custom:scripting/monoscript/fileName/HideMetaGameUIRequest.cs: c6d8ffd38038f5edb986b7d2b1660fc7 -> 023f27171a187f71ff8a4853369f6cb5
  custom:scripting/monoscript/fileName/ReferenceCodeGen.cs: 1847e30272d75555141d3031c134c733 -> 
  custom:scripting/monoscript/fileName/GameCreatedEvent.cs: 25808abd6af439ae2d396c16c3d9e8f2 -> 13c2ac463741ba32d214c8bfa0606347
  custom:scripting/monoscript/fileName/TileGeneratedEvent.cs: 1b597c0aa79fd56f2f4088925f13cbef -> dba7452f6d7179c1abc1b361aa9403a8
  custom:scripting/monoscript/fileName/ScrollSnapSystem.cs: 51807458632b0abe0dcd77862975ce47 -> 49fa898761310374e9100843919f1617
  custom:scripting/monoscript/fileName/ChainDestructionRequestSystem.cs: e36a5ffa427d50aa181531f55986ccd8 -> 
  custom:scripting/monoscript/fileName/GameFlowSystem.cs: cf1e5382541a33c73a981035dae85045 -> b60539680bd07758445284af098b515c
  custom:scripting/monoscript/fileName/LevelLostCheckSystem.cs: 255183d3cc1fbb2d10c8abfa77b7b9e2 -> 1205ba5e4744c00285ba2c45a53da364
  custom:scripting/monoscript/fileName/CatchGameFieldEventsSystem.cs: 69b1fa6bdab0b0e6ef5f59e5ba1798e4 -> d8fdc78bead3537fb228755ca2d434dd
  custom:scripting/monoscript/fileName/FitObjectToCamera.cs: 942221b48ed202602e9ac643e54d7650 -> aaedefa2aeb7069389a90129af0ec391
  custom:scripting/monoscript/fileName/DestructionAnimalStrategyCfg.cs: b5449fe14a7d9ce6de2ff0202c280054 -> dcccc812fc5e86758b5038f4fc7d9a74
  custom:scripting/monoscript/fileName/CameraScaler.cs: 150bf424de40cfdb27d6bfc1fd0a2d72 -> 3cbb08bff7a396f130a0443ef1ccb748
  custom:scripting/monoscript/fileName/ScoreUIConnect.cs: c27938a2bdddd88ab951e7adbbd35794 -> ac7c32a805063f081f2fababb8d4d898
  custom:CustomObjectIndexerAttribute: 9a22284fe3817be447336de3de66b15e -> 
  custom:scripting/monoscript/fileName/ChainDestructionSystem.cs: 1804387f55e34d8c464a091638dbfb17 -> 
  custom:scripting/monoscript/fileName/GameFieldDestructRequest.cs: 10e88c15a7ec0cf5e99dbb40e0a3edf8 -> 39e29c44e39353c5f5e46e4fd35fb435
  custom:scripting/monoscript/fileName/GameLossTimerConnect.cs: f0cf7139ab50e9b8389bcd82a4789c30 -> 21c0067c523cc022f4caa4d8eef3c889
  custom:scripting/monoscript/fileName/GameFieldAlgorithmCfg.cs: 2a67613a1067bee0772c4bce0a006e8e -> c18842b2d8e9d19897c42dc941ae1a61
  custom:scripting/monoscript/fileName/DestructionChainTag.cs: d52207bbfd049f584009aa3d50645080 -> 
  custom:scripting/monoscript/fileName/AnimalCreationChainStrategySystem.cs: cfd77a10d3edff40c8fa516ba194c3f6 -> 6245b6c4937dad6bd6bfbe1a5bb91d82
  custom:scripting/monoscript/fileName/MetaGameUISystem.cs: 93f0bb4ace47f6ac6817404d82ccb661 -> 34bedb813123b4b9a91614edd15a8069
  custom:scripting/monoscript/fileName/ScrollSetupRequest.cs: a402aba2680e5863d1008ad06428d65a -> e1c69e68812599757df2aff91a4e9cf2
  custom:container-demuxer-webm: 4f35f7cbe854078d1ac9338744f61a02 -> 
  custom:scripting/monoscript/fileName/MovementAnimalsChainStrategySystem.cs: ddf53f03458710b79557a522f031acc1 -> 8570fef42c44af06a6c6a23f3d1aecaa
  custom:scripting/monoscript/fileName/FadeEffect.cs: 4615b2acb46a691c33b29aab26f2062a -> 
  custom:scripting/monoscript/fileName/MetaGameUIHiddenMarker.cs: a71b94db2ed8f97f815cc84fb87d48eb -> dddb2beaf43a7ef60953e2f9eacf78f8
  custom:scripting/monoscript/fileName/SourceCodeModifier.cs: 3ffa94fedf57701a474133f623b99b6a -> 5c7f9a2114ee5b14002453c253315bd0
  custom:scripting/monoscript/fileName/GameFieldAlgorithmTag.cs: 5b91fd95ca72cd7048aa9f46e543e265 -> da7c22434643605d19edac79c0d3b3c7
  custom:scripting/monoscript/fileName/GameFieldGrowthWaveAlgorithmSystem.cs: c43067b71ef74cae0090827f88cfe4b8 -> 00c4aec9ff9f1e3764b69170240089db
  custom:scripting/monoscript/fileName/LevelLossSystem.cs: 89eef653e3f28787ebae3df17b9a17fa -> 1a50b41fb86c42146dd1e7eca3f63c3b
  custom:scripting/monoscript/fileName/GameFieldGenerateRequest.cs: b3f004fb89f931ad5595eca9c3e3ea7d -> fc85f9d1ad1c72513abf13f206f13826
  custom:container-muxer-webm: aa71ff27fc2769a1b78a27578f13a17b -> 
  custom:scripting/monoscript/fileName/AnimalDestructedEvent.cs: de6741ad9146f65b9ee26b392c6f63b7 -> e882e3b205fcfc8f4d8ec1b06235b0f7
  custom:scripting/monoscript/fileName/DeleteEntityCommand.cs: bcabe5bfe518320718d48d41a3a0e90a -> 
  custom:video-decoder-webm-vp8: 9c59270c3fd7afecdb556c50c9e8de78 -> 
  custom:scripting/monoscript/fileName/DestroyViewRequest.cs: 1a0b5b4a36b5820faa4b3894f8324e00 -> 0ebb0c5641d0ac20e497e246c3eff337
  custom:scripting/monoscript/fileName/ApplyDestructionStrategyRequest.cs: 032a28d88c65010193deb5a4b99f58dd -> 213312285ccaacd75ce574cb89bf2411
  custom:scripting/monoscript/fileName/TileGenerator.cs: 042c900c13328f8a0055f0bccddada85 -> a538991689346061c6a9a2a96b02d37e
  custom:scripting/monoscript/fileName/ScaleEffect.cs: bf12e834d532f4f806bebaac99f812c1 -> 
  custom:SearchIndexIgnoredProperties: e643bd26f0fe6173181afceb89e7c659 -> 
  custom:scripting/monoscript/fileName/ScrollSnappedMarker.cs: 066cb0420eaae820b69ffbae9344f0b4 -> 1cd14000dfdbca98f6dda0685bba7fce
  custom:scripting/monoscript/fileName/DestroyViewSystem.cs: e1c1ea54b0c9f7465aac7332f0e6d6a8 -> 59b102bdf1755f7c7d016788c0259b93
  custom:scripting/monoscript/fileName/CleanupLevelRequest.cs: a4116677aeb8d793871c137a2a44b119 -> c4dd04e39c7a6664b68dab929adf2e81
  custom:AudioImporter_EditorPlatform: d09bf68614088b80899f8185d706f6e7 -> 
  custom:scripting/monoscript/fileName/ChainMovementMarker.cs: feac63d7e5aa51292f19abaa1d9db08c -> 
  custom:scripting/monoscript/fileName/ScrollPosition.cs: 225c0c33ea226da69f3473693dfb3c05 -> 9f9e723ba8833b9541ecfca3c6d6f8bc
  custom:scripting/monoscript/fileName/GameFieldWaveAlgorithmSystem.cs: fc14103f781a8cbb106ceeeb57eaeaab -> 607884f57fd7ce8ffeb8d2a7c96f93a3
  custom:scripting/monoscript/fileName/PlayerCfgRef.cs: 6d19f04523dbbba4fc64c8057f04e02a -> 198dbad4b6bbc11b3942c96af8dde650
  custom:scripting/monoscript/fileName/DestructionChainStrategySystem.cs: 783bb7763cba92611d8e9cf6674063b1 -> ddd821ede2656248bf0e9ddf669d5a28
  custom:scripting/monoscript/fileName/CreationChainTag.cs: 2998fd809902939f0ee04f473eeca00e -> 
  custom:scripting/monoscript/fileName/DestructionFeature.cs: b9b7cdbe8848a566388411c97a5fbd67 -> adcfef4ac4e45d2e562dcdc6fa49e429
  custom:scripting/monoscript/fileName/GameFieldAlgorithmIndex.cs: 9457d7f2147049910ea06f2159c61fc6 -> 7a58e7c6b5adebdaec058182398a5707
  custom:scripting/monoscript/fileName/GameLossTimerSystem.cs: de0b464553cb6b861179a91f75237edf -> 071940ff3f3e183b1d11d15239224386
  custom:scripting/monoscript/fileName/GameFieldPlaneAlgorithmSystem.cs: 526228704b2d4ed12e4753080710ec45 -> fec5555e40052f9e75dc859f5d201f4d
  custom:scripting/monoscript/fileName/ScrollSnappedEvent.cs: 85353374ba80b5fbd36ff4e2e7944412 -> 8bf4efe021842362c4e7d55e6a37d79a
  custom:scripting/monoscript/fileName/TargetEntities.cs: 677c58dfdc846d5246d0be31c31711ff -> 
  custom:scripting/monoscript/fileName/ShowMetaGameUIRequest.cs: 5564592071856871b46e981baa2e91f8 -> a88d7f1c319941ffae2f3a8957251596
  custom:scripting/monoscript/fileName/TileGenerator6.cs: 0a225711dfb489626c74dc5ff5d78f40 -> 83a93281253429d4bd51d4bfaf52f3ed
  custom:scripting/monoscript/fileName/GameFieldDestructedRequest.cs: c04d6601b9dc935cfc91348b0b9cc810 -> 47034b076d3abdec8c90304ac1fc38f1
  custom:scripting/monoscript/fileName/MetaGameUI.cs: b1f4a332b284a38895d9534e62ff0baf -> 67622f9ccfe38dacd5af3f2ae37c3026
  custom:scripting/monoscript/fileName/GameFieldClickSystem.cs: 9e6e496c03415de771bf8909db35f03b -> 3b1ea4c67b8ab5832ff3a23919e79f06
  custom:scripting/monoscript/fileName/BaseScrollSnapEffect.cs: d407bd1fc108496d969888a00479cce0 -> 
  custom:scripting/monoscript/fileName/CreateHUDSystem.cs: f8cd7ef545fa25f934c486aaa420eedd -> 43c05b406d9086180812a87a0e010e47
  custom:scripting/monoscript/fileName/Levels.cs: f22977143cde483af3e13597acee3c02 -> 37490b0d126f14e1e1d31453e3e94ae4
  custom:video-encoder-webm-vp8: eb34c28f22e8b96e1ab97ce403110664 -> 
  custom:scripting/monoscript/fileName/AnimalDestructionChainStrategySystem.cs: 23f4cc2de4c34d4d82415b095d5404aa -> 2d33061d60136630278a03c1042b54b3
  custom:scripting/monoscript/fileName/AnimalSpawnedEvent.cs: 18a67763bcf9b1b1ac26ffbfcbeed587 -> 7ad467d334ed6914a6a27adce1847b10
  custom:scripting/monoscript/fileName/RewardConnect.cs: de79e19f525e7b5954dbb77b1f453e4e -> 6751c3bbc08d4697c3b42878cd3daebd
  custom:audio-decoder-ogg-vorbis: bf7c407c2cedff20999df2af8eb42d56 -> 
  custom:scripting/monoscript/fileName/CleanupLevelSystem.cs: 72214ed46a73a03fca528428e05bd1c5 -> 8a5bce7edb21df4c4707d0529e30155e
  custom:scripting/monoscript/fileName/GameTag.cs: 2f67c69f27e85f806b88deb8c87b88d2 -> f5290ba12be2c3f124e97ffb76e9ea9f
  custom:scripting/monoscript/fileName/ScrollSnapTag.cs: 893d8b8aa473763f6ed0fb5321bbad28 -> c53bb14ce7c537cec4ba51b6c7bc6939
  custom:scripting/monoscript/fileName/GameFieldFeature.cs: 1f8b976c740b234c284fddfd95c568fd -> 9a83e32ad7b7857e12d74cf105f5a137
  custom:scripting/monoscript/fileName/GameScreen.cs: deb4cff0d85b325b8a61d3844cabec07 -> 84ec6758a1e33abe8d42365166b67ebd
  custom:scripting/monoscript/fileName/DestructionStrategyTag.cs: 950962d7baf41bc8fed98ea522a40170 -> 
  custom:scripting/monoscript/fileName/ScrollDraggedEvent.cs: d4b82f514f08a6e7eb8d3acbba3af876 -> 76bd8895c3b43170415bf40518460c7d
  custom:scripting/monoscript/fileName/CreateHUDRequest.cs: 61b5f154a3d1ac03d04c59d29d1c4e05 -> 11938a6be2a737aa70fadc220742dab2
  custom:scripting/monoscript/fileName/TileGenerator4.cs: 1ec433f057ddbb323aab6300cdd41968 -> 9b8c2608bd1d4162243c126a2c3ab74b
  custom:scripting/monoscript/fileName/GrowthWave.cs: 7c48243a6dd50c54e09b35b8a70e858a -> ab7a6a6e85687b04c58c7a681131bfdc
  custom:scripting/monoscript/fileName/AssemblyAnalyzer.cs: 5883fa404100530f6821c51e0df4a2b6 -> 
  custom:scripting/monoscript/fileName/CreateCoinRequest.cs: b6ee2396be79577ff18a940acb85bfe6 -> 8bf745611aed40a8441b8db392ff0316
  custom:scripting/monoscript/fileName/CreateGameLossTimerRequest.cs: 286f3e38529572dc1661f3473c808992 -> ef901bf1b06c7938a6030a67dd4d6d21
  custom:scripting/monoscript/fileName/DeathEvent.cs: ae7a15dcf33e2eb04a19bf37c49c469a -> 7ba4c6fe9f322f00d774d318ef8ef3b2
  custom:scripting/monoscript/fileName/GameFieldDestructedEvent.cs: 565697dff0d07f15eb4da25529efeaf3 -> 249503e823ee8a2543fdc65535f78404
  custom:scripting/monoscript/fileName/Wave.cs: e8061bad203a1f6efd397e8313ec6d83 -> ed89714bef4a8fe64f993c8bbc6df15f
  custom:scripting/monoscript/fileName/GameFieldDestructedMarker.cs: ab2e5320e3676ca16774eba7277d5b9e -> 6af6280f9d165b3fa0cbeef98677737a
  custom:scripting/monoscript/fileName/CoinUIConnect.cs: 8505822111497da435ec6d27192811c8 -> 9bed0bffdd7b151bbdc04ee5da58d9a4
  custom:scripting/monoscript/fileName/CreateGameSystem.cs: c40209e5646f830645bfdfa6dda44b96 -> acdc7e582431689501a3c2e4d1b573d0
  custom:audio-encoder-webm-vorbis: bf7c407c2cedff20999df2af8eb42d56 -> 
  custom:scripting/monoscript/fileName/ApplyStrategyRequest.cs: 04790d20b7aab51157b87a2b7ea70902 -> 
  custom:scripting/monoscript/fileName/ScrollSystem.cs: 80ef92943d864cb0b392598d6fcd75b9 -> 
  custom:scripting/monoscript/fileName/CreationChainStrategyTag.cs: 4fd921b87fca9ba0c731b954efca90f5 -> 7572d150aeb0955f670c8845e4df7c53
  custom:scripting/monoscript/fileName/ScrollDraggedMarker.cs: f40ec288e4d6330335dd03fa8726c839 -> 74ece2a65d27c55d64e7936bb538e5a8
  custom:scripting/monoscript/fileName/CreateAnimalsRequest.cs: a7ebd1a26b1e6c2c8f783f7506341452 -> 45001033be0d024e3f69c19d212eca00
  custom:scripting/monoscript/fileName/GameFieldGeneratedMarker.cs: 3343d51a95b5393b866292f7dd40076e -> 8ec9e96219719154c6ef937af1a570ab
  custom:scripting/monoscript/fileName/TileGenerator7.cs: d48bfbfd829455d8678bccfbd4ddf1db -> d7e74d9e48390acec81fb7d05eab04b6
  custom:scripting/monoscript/fileName/ClickSideMarker.cs: c1aa69917ccbb0e088243ec1d2c1ed5f -> 0c097904c16edc5a7ac1137f05d8d51c
  custom:scripting/monoscript/fileName/DestinationCellSystem.cs: 963aa1626fcb23e854feae01796a104e -> 840793441983a12313c0195510dbf2c3
  custom:scripting/precompiled-assembly-types:Assembly-CSharp: 24a37901489b57eb87c783ef84e1baff -> a8a0291e33e77c495a3eaeddbf28c6f7
  custom:scripting/monoscript/fileName/LevelLostMarker.cs: 93ebe850d5850b9eb8bc2c04e2ffed33 -> 3e55ffaf6b929b3b51e014250d9920ac
  custom:scripting/monoscript/fileName/GameTitleConnect.cs: 5c14e36aa95fc82c33183a9dfce72cd2 -> 41a65dfb2d31309386b013674fae2e80
  custom:scripting/monoscript/fileName/CreateGameScreenRequest.cs: a885ba890460f60ddcd2c66df732e91f -> 066c58def3458c57fd1f40d51ed860c1
  custom:scripting/monoscript/fileName/ScrollToTargetMarker.cs: 7c2577f2a0b3fb585d934a4d0b35b7ec -> 01286f347cbc8bec863dbe15212d04dd
  custom:scripting/monoscript/fileName/GameFieldGeneratedByAlgorithm.cs: 642fd6d4f4e02c35c870cd61f2ca081f -> 074895d821d9efb916232844efdac6c8
  custom:scripting/monoscript/fileName/TileGenerator5.cs: 0eaf6fadc56123ad87a1d593fa635ede -> ee69db292b395fb7006478b7279c5ca6
  custom:scripting/monoscript/fileName/GameScreenSystem.cs: a0b364fc1bcdda23e4dd359a2204c08d -> 402c5e1323b5b0152bd1eea24fa29d07
  custom:scripting/monoscript/fileName/DestructionChainStrategyTag.cs: b0d607db3ab31634dee73b569e199000 -> 0c62c6ddeecb954158e34eafdd3e629f
========================================================================
Received Prepare
Caller must complete domain reload
Begin MonoManager ReloadAssembly
- Loaded All Assemblies, in  2.304 seconds
Native extension for WindowsStandalone target not found
Native extension for Android target not found
Native extension for WebGL target not found
[Package Manager] Server::EnsureServerProcessIsRunning -- launch failed, reason: Unity was launched with the -noUpm command-line argument
[Package Manager] UpmClient::Send -- Unable to send message (not connected to UPM process).
[Package Manager] Cannot connect to Unity Package Manager local server
Mono: successfully reloaded assembly
[Package Manager] Server::EnsureServerProcessIsRunning -- launch failed, reason: Unity was launched with the -noUpm command-line argument
[Package Manager] UpmClient::Send -- Unable to send message (not connected to UPM process).
[Package Manager] Cannot connect to Unity Package Manager local server
- Finished resetting the current domain, in  2.196 seconds
Domain Reload Profiling: 4503ms
	BeginReloadAssembly (856ms)
		ExecutionOrderSort (0ms)
		DisableScriptedObjects (29ms)
		BackupInstance (0ms)
		ReleaseScriptingObjects (1ms)
		CreateAndSetChildDomain (435ms)
	RebuildCommonClasses (35ms)
	RebuildNativeTypeToScriptingClass (10ms)
	initialDomainReloadingComplete (54ms)
	LoadAllAssembliesAndSetupDomain (1349ms)
		LoadAssemblies (1518ms)
		RebuildTransferFunctionScriptingTraits (0ms)
		AnalyzeDomain (122ms)
			TypeCache.Refresh (69ms)
				TypeCache.ScanAssembly (11ms)
			ScanForSourceGeneratedMonoScriptInfo (26ms)
			ResolveRequiredComponents (25ms)
	FinalizeReload (2198ms)
		ReleaseScriptCaches (0ms)
		RebuildScriptCaches (0ms)
		SetupLoadedEditorAssemblies (1007ms)
			LogAssemblyErrors (0ms)
			InitializePlatformSupportModulesInManaged (49ms)
			SetLoadedEditorAssemblies (6ms)
			RefreshPlugins (0ms)
			BeforeProcessingInitializeOnLoad (88ms)
			ProcessInitializeOnLoadAttributes (463ms)
			ProcessInitializeOnLoadMethodAttributes (398ms)
			AfterProcessingInitializeOnLoad (2ms)
			EditorAssembliesLoaded (1ms)
		ExecutionOrderSort2 (0ms)
		AwakeInstancesAfterBackupRestoration (7ms)
Refreshing native plugins compatible for Editor in 17.67 ms, found 3 plugins.
Preloading 0 native plugins for Editor in 0.00 ms.
Unloading 4484 Unused Serialized files (Serialized files now loaded: 0)
Unloading 31 unused Assets / (67.8 KB). Loaded Objects now: 5138.
Memory consumption went from 186.1 MB to 186.0 MB.
Total: 22.446000 ms (FindLiveObjects: 1.886800 ms CreateObjectMapping: 0.140000 ms MarkObjects: 20.111800 ms  DeleteObjects: 0.306200 ms)

Prepare: number of updated asset objects reloaded= 0
AssetImportParameters requested are different than current active one (requested -> active):
  custom:scripting/monoscript/fileName/CatchGameFieldGeneratedRequest.cs: a67d51feea369e3830f924d9b8e9bd99 -> 17b67da9d0f3c4e2f8690dc96459b2b2
  custom:scripting/monoscript/fileName/TileGenerator3.cs: d30fb83fc6ac7475a319a83728c9ad41 -> 9b48fa675f0bce54dde0ed40b926842e
  custom:scripting/monoscript/fileName/GameFieldGrowthWaveAlgorithmTag.cs: 0ef400f135d729b9ef5ef61213bf46ca -> 992c54089fb6287a3abd63c766c90ae4
  custom:scripting/monoscript/fileName/CreateControlsRequest.cs: b6b52fa38bc5533b3ae550ee8b4085d9 -> 16e50cc2756add101f300d8e44319dd4
  custom:scripting/monoscript/fileName/HUDPrefab.cs: 30eaa62651e9c88e43fcb0d04e30077a -> 114724dd8b86c8d5655c0a4636c8f807
  custom:container-demuxer-ogg: 62fdf1f143b41e24485cea50d1cbac27 -> 
  custom:scripting/monoscript/fileName/TileGenerator2.cs: 09c5b2f1e3412cb486138eafe6da2ee9 -> d25441398affce60b9e3b08d18b5fa1c
  custom:scripting/monoscript/fileName/GameFlowFeature.cs: e6718831d198d39704b255f20f16f8d0 -> df0113f54b1bbce00d62c010ef3fe8b4
  custom:scripting/monoscript/fileName/CreationAnimalStrategyCfg.cs: fb433a13c1a2eff2a6d277801dbab975 -> 4fd36c8314e91d36d51becb0cdc6faeb
  custom:scripting/monoscript/fileName/CreateAnimalsSystem.cs: 8cef56369804335c0ac2e97203aee8a9 -> bee4bc1341c43b6aa3c88b1b3d4e3e18
  custom:scripting/monoscript/fileName/ScrollToTargetEvent.cs: 267de8c3fdba9d89cbf5a80a977d1db1 -> 1606e13368f10abd95859ea46f664d86
  custom:scripting/monoscript/fileName/GameFieldGeneratedEvent.cs: f908cee032e843be5ba60b9a2c441882 -> a6030e6b0b808118faf8aa49ffee5b94
  custom:scripting/monoscript/fileName/RandomGameFieldAlgorithmSystem.cs: 22b92a32636676be944ecefe67707cbf -> c5085b777b6be8657ea1f9bd1eb1f0e6
  custom:scripting/monoscript/fileName/GameFieldWaveAlgorithmTag.cs: 5be4d41974793f3169ea3a8184ff61d2 -> a3fe88f8e3ec0ea7cb6587b6cb569630
  custom:scripting/monoscript/fileName/GameFieldAlgorithms.cs: 9210f2e649de58f37f078a6eadd5eb19 -> a68d1cf9c70b1eb7af91f8532ed35f7f
  custom:scripting/monoscript/fileName/MetaGameUIHiddenEvent.cs: 342ed956eb53710532411f8c2784417a -> 463482aa840de7082f4a278ef86a7e1d
  custom:scripting/monoscript/fileName/LevelClearedEvent.cs: bbac8ca3904db25721b8cf3b0fab6582 -> 663b31180f17f64cf76455cfee4638c9
  custom:scripting/monoscript/fileName/GameScreenPrefab.cs: ad79cba3a80ff268ab301d438f50d7a3 -> b778ed7a73a66bec617f434ba9deff77
  custom:video-decoder-ogg-theora: a1e56fd34408186e4bbccfd4996cb3dc -> 
  custom:scripting/monoscript/fileName/CalculateCellScaleYSystem.cs: 939787dca0b233005791ec684dff156a -> 24348a5eb2340227fde21c4e16f198a5
  custom:scripting/monoscript/fileName/AnimalPositionedEvent.cs: 8e15db485d40ca13ea5402666ad1b4b3 -> 1bc3206bed9925993456a53b954cd396
  custom:scripting/monoscript/fileName/ScrollSnapEffect.cs: b6c51e4f0f8afbbfdca8ecd17bfb0fb9 -> 91d29477668f48905bbbd4cb6247533d
  custom:scripting/monoscript/fileName/LevelLifeTimeMarker.cs: bfaf24a17910b0a8ddcc0f9024db8056 -> d0a88ae6d48c761dad292d2aec410cb0
  custom:scripting/monoscript/fileName/GameFieldPlaneAlgorithmTag.cs: 21e5015ce1d5b093ab9d6011592292bd -> 7cf8c3e3aade2f1d2e7a2f82f1c5463e
  custom:framework-win-MediaFoundation: 216162199b28c13a410421893ffa2e32 -> 
  custom:scripting/monoscript/fileName/LevelLostEvent.cs: afc9b242eba24b2b4392b9bea1cad284 -> d1c8f0634443fb2b56e42e7c40935303
  custom:scripting/monoscript/fileName/GameField.cs: 27b6b3d034a0ef2e26f2934f1319d99d -> bf9a4c69a023939dbb88e3f1703ca432
  custom:scripting/monoscript/fileName/ScrollSnap.cs: 5dd984369f102ebda4e54789a0ea104e -> 74fe1fbb0f6bef271000d67e7c21bd45
  custom:scripting/monoscript/fileName/HideMetaGameUIRequest.cs: c6d8ffd38038f5edb986b7d2b1660fc7 -> 023f27171a187f71ff8a4853369f6cb5
  custom:scripting/monoscript/fileName/ReferenceCodeGen.cs: 1847e30272d75555141d3031c134c733 -> 
  custom:scripting/monoscript/fileName/GameCreatedEvent.cs: 25808abd6af439ae2d396c16c3d9e8f2 -> 13c2ac463741ba32d214c8bfa0606347
  custom:scripting/monoscript/fileName/TileGeneratedEvent.cs: 1b597c0aa79fd56f2f4088925f13cbef -> dba7452f6d7179c1abc1b361aa9403a8
  custom:scripting/monoscript/fileName/ScrollSnapSystem.cs: 51807458632b0abe0dcd77862975ce47 -> 49fa898761310374e9100843919f1617
  custom:scripting/monoscript/fileName/ChainDestructionRequestSystem.cs: e36a5ffa427d50aa181531f55986ccd8 -> 
  custom:scripting/monoscript/fileName/GameFlowSystem.cs: cf1e5382541a33c73a981035dae85045 -> b60539680bd07758445284af098b515c
  custom:scripting/monoscript/fileName/LevelLostCheckSystem.cs: 255183d3cc1fbb2d10c8abfa77b7b9e2 -> 1205ba5e4744c00285ba2c45a53da364
  custom:scripting/monoscript/fileName/CatchGameFieldEventsSystem.cs: 69b1fa6bdab0b0e6ef5f59e5ba1798e4 -> d8fdc78bead3537fb228755ca2d434dd
  custom:scripting/monoscript/fileName/FitObjectToCamera.cs: 942221b48ed202602e9ac643e54d7650 -> aaedefa2aeb7069389a90129af0ec391
  custom:scripting/monoscript/fileName/DestructionAnimalStrategyCfg.cs: b5449fe14a7d9ce6de2ff0202c280054 -> dcccc812fc5e86758b5038f4fc7d9a74
  custom:scripting/monoscript/fileName/CameraScaler.cs: 150bf424de40cfdb27d6bfc1fd0a2d72 -> 3cbb08bff7a396f130a0443ef1ccb748
  custom:scripting/monoscript/fileName/ScoreUIConnect.cs: c27938a2bdddd88ab951e7adbbd35794 -> ac7c32a805063f081f2fababb8d4d898
  custom:CustomObjectIndexerAttribute: 9a22284fe3817be447336de3de66b15e -> 
  custom:scripting/monoscript/fileName/ChainDestructionSystem.cs: 1804387f55e34d8c464a091638dbfb17 -> 
  custom:scripting/monoscript/fileName/GameFieldDestructRequest.cs: 10e88c15a7ec0cf5e99dbb40e0a3edf8 -> 39e29c44e39353c5f5e46e4fd35fb435
  custom:scripting/monoscript/fileName/GameLossTimerConnect.cs: f0cf7139ab50e9b8389bcd82a4789c30 -> 21c0067c523cc022f4caa4d8eef3c889
  custom:scripting/monoscript/fileName/GameFieldAlgorithmCfg.cs: 2a67613a1067bee0772c4bce0a006e8e -> c18842b2d8e9d19897c42dc941ae1a61
  custom:scripting/monoscript/fileName/DestructionChainTag.cs: d52207bbfd049f584009aa3d50645080 -> 
  custom:scripting/monoscript/fileName/AnimalCreationChainStrategySystem.cs: cfd77a10d3edff40c8fa516ba194c3f6 -> 6245b6c4937dad6bd6bfbe1a5bb91d82
  custom:scripting/monoscript/fileName/MetaGameUISystem.cs: 93f0bb4ace47f6ac6817404d82ccb661 -> 34bedb813123b4b9a91614edd15a8069
  custom:scripting/monoscript/fileName/ScrollSetupRequest.cs: a402aba2680e5863d1008ad06428d65a -> e1c69e68812599757df2aff91a4e9cf2
  custom:container-demuxer-webm: 4f35f7cbe854078d1ac9338744f61a02 -> 
  custom:scripting/monoscript/fileName/MovementAnimalsChainStrategySystem.cs: ddf53f03458710b79557a522f031acc1 -> 8570fef42c44af06a6c6a23f3d1aecaa
  custom:scripting/monoscript/fileName/FadeEffect.cs: 4615b2acb46a691c33b29aab26f2062a -> 
  custom:scripting/monoscript/fileName/MetaGameUIHiddenMarker.cs: a71b94db2ed8f97f815cc84fb87d48eb -> dddb2beaf43a7ef60953e2f9eacf78f8
  custom:scripting/monoscript/fileName/SourceCodeModifier.cs: 3ffa94fedf57701a474133f623b99b6a -> 5c7f9a2114ee5b14002453c253315bd0
  custom:scripting/monoscript/fileName/GameFieldAlgorithmTag.cs: 5b91fd95ca72cd7048aa9f46e543e265 -> da7c22434643605d19edac79c0d3b3c7
  custom:scripting/monoscript/fileName/GameFieldGrowthWaveAlgorithmSystem.cs: c43067b71ef74cae0090827f88cfe4b8 -> 00c4aec9ff9f1e3764b69170240089db
  custom:scripting/monoscript/fileName/LevelLossSystem.cs: 89eef653e3f28787ebae3df17b9a17fa -> 1a50b41fb86c42146dd1e7eca3f63c3b
  custom:scripting/monoscript/fileName/GameFieldGenerateRequest.cs: b3f004fb89f931ad5595eca9c3e3ea7d -> fc85f9d1ad1c72513abf13f206f13826
  custom:container-muxer-webm: aa71ff27fc2769a1b78a27578f13a17b -> 
  custom:scripting/monoscript/fileName/AnimalDestructedEvent.cs: de6741ad9146f65b9ee26b392c6f63b7 -> e882e3b205fcfc8f4d8ec1b06235b0f7
  custom:scripting/monoscript/fileName/DeleteEntityCommand.cs: bcabe5bfe518320718d48d41a3a0e90a -> 
  custom:video-decoder-webm-vp8: 9c59270c3fd7afecdb556c50c9e8de78 -> 
  custom:scripting/monoscript/fileName/DestroyViewRequest.cs: 1a0b5b4a36b5820faa4b3894f8324e00 -> 0ebb0c5641d0ac20e497e246c3eff337
  custom:scripting/monoscript/fileName/ApplyDestructionStrategyRequest.cs: 032a28d88c65010193deb5a4b99f58dd -> 213312285ccaacd75ce574cb89bf2411
  custom:scripting/monoscript/fileName/TileGenerator.cs: 042c900c13328f8a0055f0bccddada85 -> a538991689346061c6a9a2a96b02d37e
  custom:scripting/monoscript/fileName/ScaleEffect.cs: bf12e834d532f4f806bebaac99f812c1 -> 
  custom:SearchIndexIgnoredProperties: e643bd26f0fe6173181afceb89e7c659 -> 
  custom:scripting/monoscript/fileName/ScrollSnappedMarker.cs: 066cb0420eaae820b69ffbae9344f0b4 -> 1cd14000dfdbca98f6dda0685bba7fce
  custom:scripting/monoscript/fileName/DestroyViewSystem.cs: e1c1ea54b0c9f7465aac7332f0e6d6a8 -> 59b102bdf1755f7c7d016788c0259b93
  custom:scripting/monoscript/fileName/CleanupLevelRequest.cs: a4116677aeb8d793871c137a2a44b119 -> c4dd04e39c7a6664b68dab929adf2e81
  custom:AudioImporter_EditorPlatform: d09bf68614088b80899f8185d706f6e7 -> 
  custom:scripting/monoscript/fileName/ChainMovementMarker.cs: feac63d7e5aa51292f19abaa1d9db08c -> 
  custom:scripting/monoscript/fileName/ScrollPosition.cs: 225c0c33ea226da69f3473693dfb3c05 -> 9f9e723ba8833b9541ecfca3c6d6f8bc
  custom:scripting/monoscript/fileName/GameFieldWaveAlgorithmSystem.cs: fc14103f781a8cbb106ceeeb57eaeaab -> 607884f57fd7ce8ffeb8d2a7c96f93a3
  custom:scripting/monoscript/fileName/PlayerCfgRef.cs: 6d19f04523dbbba4fc64c8057f04e02a -> 198dbad4b6bbc11b3942c96af8dde650
  custom:scripting/monoscript/fileName/DestructionChainStrategySystem.cs: 783bb7763cba92611d8e9cf6674063b1 -> ddd821ede2656248bf0e9ddf669d5a28
  custom:scripting/monoscript/fileName/CreationChainTag.cs: 2998fd809902939f0ee04f473eeca00e -> 
  custom:scripting/monoscript/fileName/DestructionFeature.cs: b9b7cdbe8848a566388411c97a5fbd67 -> adcfef4ac4e45d2e562dcdc6fa49e429
  custom:scripting/monoscript/fileName/GameFieldAlgorithmIndex.cs: 9457d7f2147049910ea06f2159c61fc6 -> 7a58e7c6b5adebdaec058182398a5707
  custom:scripting/monoscript/fileName/GameLossTimerSystem.cs: de0b464553cb6b861179a91f75237edf -> 071940ff3f3e183b1d11d15239224386
  custom:scripting/monoscript/fileName/GameFieldPlaneAlgorithmSystem.cs: 526228704b2d4ed12e4753080710ec45 -> fec5555e40052f9e75dc859f5d201f4d
  custom:scripting/monoscript/fileName/ScrollSnappedEvent.cs: 85353374ba80b5fbd36ff4e2e7944412 -> 8bf4efe021842362c4e7d55e6a37d79a
  custom:scripting/monoscript/fileName/TargetEntities.cs: 677c58dfdc846d5246d0be31c31711ff -> 
  custom:scripting/monoscript/fileName/ShowMetaGameUIRequest.cs: 5564592071856871b46e981baa2e91f8 -> a88d7f1c319941ffae2f3a8957251596
  custom:scripting/monoscript/fileName/TileGenerator6.cs: 0a225711dfb489626c74dc5ff5d78f40 -> 83a93281253429d4bd51d4bfaf52f3ed
  custom:scripting/monoscript/fileName/GameFieldDestructedRequest.cs: c04d6601b9dc935cfc91348b0b9cc810 -> 47034b076d3abdec8c90304ac1fc38f1
  custom:scripting/monoscript/fileName/MetaGameUI.cs: b1f4a332b284a38895d9534e62ff0baf -> 67622f9ccfe38dacd5af3f2ae37c3026
  custom:scripting/monoscript/fileName/GameFieldClickSystem.cs: 9e6e496c03415de771bf8909db35f03b -> 3b1ea4c67b8ab5832ff3a23919e79f06
  custom:scripting/monoscript/fileName/BaseScrollSnapEffect.cs: d407bd1fc108496d969888a00479cce0 -> 
  custom:scripting/monoscript/fileName/CreateHUDSystem.cs: f8cd7ef545fa25f934c486aaa420eedd -> 43c05b406d9086180812a87a0e010e47
  custom:scripting/monoscript/fileName/Levels.cs: f22977143cde483af3e13597acee3c02 -> 37490b0d126f14e1e1d31453e3e94ae4
  custom:video-encoder-webm-vp8: eb34c28f22e8b96e1ab97ce403110664 -> 
  custom:scripting/monoscript/fileName/AnimalDestructionChainStrategySystem.cs: 23f4cc2de4c34d4d82415b095d5404aa -> 2d33061d60136630278a03c1042b54b3
  custom:scripting/monoscript/fileName/AnimalSpawnedEvent.cs: 18a67763bcf9b1b1ac26ffbfcbeed587 -> 7ad467d334ed6914a6a27adce1847b10
  custom:scripting/monoscript/fileName/RewardConnect.cs: de79e19f525e7b5954dbb77b1f453e4e -> 6751c3bbc08d4697c3b42878cd3daebd
  custom:audio-decoder-ogg-vorbis: bf7c407c2cedff20999df2af8eb42d56 -> 
  custom:scripting/monoscript/fileName/CleanupLevelSystem.cs: 72214ed46a73a03fca528428e05bd1c5 -> 8a5bce7edb21df4c4707d0529e30155e
  custom:scripting/monoscript/fileName/GameTag.cs: 2f67c69f27e85f806b88deb8c87b88d2 -> f5290ba12be2c3f124e97ffb76e9ea9f
  custom:scripting/monoscript/fileName/ScrollSnapTag.cs: 893d8b8aa473763f6ed0fb5321bbad28 -> c53bb14ce7c537cec4ba51b6c7bc6939
  custom:scripting/monoscript/fileName/GameFieldFeature.cs: 1f8b976c740b234c284fddfd95c568fd -> 9a83e32ad7b7857e12d74cf105f5a137
  custom:scripting/monoscript/fileName/GameScreen.cs: deb4cff0d85b325b8a61d3844cabec07 -> 84ec6758a1e33abe8d42365166b67ebd
  custom:scripting/monoscript/fileName/DestructionStrategyTag.cs: 950962d7baf41bc8fed98ea522a40170 -> 
  custom:scripting/monoscript/fileName/ScrollDraggedEvent.cs: d4b82f514f08a6e7eb8d3acbba3af876 -> 76bd8895c3b43170415bf40518460c7d
  custom:scripting/monoscript/fileName/CreateHUDRequest.cs: 61b5f154a3d1ac03d04c59d29d1c4e05 -> 11938a6be2a737aa70fadc220742dab2
  custom:scripting/monoscript/fileName/TileGenerator4.cs: 1ec433f057ddbb323aab6300cdd41968 -> 9b8c2608bd1d4162243c126a2c3ab74b
  custom:scripting/monoscript/fileName/GrowthWave.cs: 7c48243a6dd50c54e09b35b8a70e858a -> ab7a6a6e85687b04c58c7a681131bfdc
  custom:scripting/monoscript/fileName/AssemblyAnalyzer.cs: 5883fa404100530f6821c51e0df4a2b6 -> 
  custom:scripting/monoscript/fileName/CreateCoinRequest.cs: b6ee2396be79577ff18a940acb85bfe6 -> 8bf745611aed40a8441b8db392ff0316
  custom:scripting/monoscript/fileName/CreateGameLossTimerRequest.cs: 286f3e38529572dc1661f3473c808992 -> ef901bf1b06c7938a6030a67dd4d6d21
  custom:scripting/monoscript/fileName/DeathEvent.cs: ae7a15dcf33e2eb04a19bf37c49c469a -> 7ba4c6fe9f322f00d774d318ef8ef3b2
  custom:scripting/monoscript/fileName/GameFieldDestructedEvent.cs: 565697dff0d07f15eb4da25529efeaf3 -> 249503e823ee8a2543fdc65535f78404
  custom:scripting/monoscript/fileName/Wave.cs: e8061bad203a1f6efd397e8313ec6d83 -> ed89714bef4a8fe64f993c8bbc6df15f
  custom:scripting/monoscript/fileName/GameFieldDestructedMarker.cs: ab2e5320e3676ca16774eba7277d5b9e -> 6af6280f9d165b3fa0cbeef98677737a
  custom:scripting/monoscript/fileName/CoinUIConnect.cs: 8505822111497da435ec6d27192811c8 -> 9bed0bffdd7b151bbdc04ee5da58d9a4
  custom:scripting/monoscript/fileName/CreateGameSystem.cs: c40209e5646f830645bfdfa6dda44b96 -> acdc7e582431689501a3c2e4d1b573d0
  custom:audio-encoder-webm-vorbis: bf7c407c2cedff20999df2af8eb42d56 -> 
  custom:scripting/monoscript/fileName/ApplyStrategyRequest.cs: 04790d20b7aab51157b87a2b7ea70902 -> 
  custom:scripting/monoscript/fileName/ScrollSystem.cs: 80ef92943d864cb0b392598d6fcd75b9 -> 
  custom:scripting/monoscript/fileName/CreationChainStrategyTag.cs: 4fd921b87fca9ba0c731b954efca90f5 -> 7572d150aeb0955f670c8845e4df7c53
  custom:scripting/monoscript/fileName/ScrollDraggedMarker.cs: f40ec288e4d6330335dd03fa8726c839 -> 74ece2a65d27c55d64e7936bb538e5a8
  custom:scripting/monoscript/fileName/CreateAnimalsRequest.cs: a7ebd1a26b1e6c2c8f783f7506341452 -> 45001033be0d024e3f69c19d212eca00
  custom:scripting/monoscript/fileName/GameFieldGeneratedMarker.cs: 3343d51a95b5393b866292f7dd40076e -> 8ec9e96219719154c6ef937af1a570ab
  custom:scripting/monoscript/fileName/TileGenerator7.cs: d48bfbfd829455d8678bccfbd4ddf1db -> d7e74d9e48390acec81fb7d05eab04b6
  custom:scripting/monoscript/fileName/ClickSideMarker.cs: c1aa69917ccbb0e088243ec1d2c1ed5f -> 0c097904c16edc5a7ac1137f05d8d51c
  custom:scripting/monoscript/fileName/DestinationCellSystem.cs: 963aa1626fcb23e854feae01796a104e -> 840793441983a12313c0195510dbf2c3
  custom:scripting/precompiled-assembly-types:Assembly-CSharp: 24a37901489b57eb87c783ef84e1baff -> a8a0291e33e77c495a3eaeddbf28c6f7
  custom:scripting/monoscript/fileName/LevelLostMarker.cs: 93ebe850d5850b9eb8bc2c04e2ffed33 -> 3e55ffaf6b929b3b51e014250d9920ac
  custom:scripting/monoscript/fileName/GameTitleConnect.cs: 5c14e36aa95fc82c33183a9dfce72cd2 -> 41a65dfb2d31309386b013674fae2e80
  custom:scripting/monoscript/fileName/CreateGameScreenRequest.cs: a885ba890460f60ddcd2c66df732e91f -> 066c58def3458c57fd1f40d51ed860c1
  custom:scripting/monoscript/fileName/ScrollToTargetMarker.cs: 7c2577f2a0b3fb585d934a4d0b35b7ec -> 01286f347cbc8bec863dbe15212d04dd
  custom:scripting/monoscript/fileName/GameFieldGeneratedByAlgorithm.cs: 642fd6d4f4e02c35c870cd61f2ca081f -> 074895d821d9efb916232844efdac6c8
  custom:scripting/monoscript/fileName/TileGenerator5.cs: 0eaf6fadc56123ad87a1d593fa635ede -> ee69db292b395fb7006478b7279c5ca6
  custom:scripting/monoscript/fileName/GameScreenSystem.cs: a0b364fc1bcdda23e4dd359a2204c08d -> 402c5e1323b5b0152bd1eea24fa29d07
  custom:scripting/monoscript/fileName/DestructionChainStrategyTag.cs: b0d607db3ab31634dee73b569e199000 -> 0c62c6ddeecb954158e34eafdd3e629f
========================================================================
Received Import Request.
  Time since last request: 221.072466 seconds.
  path: Assets/_Project/Scripts/Gameplay/Features/AnimalFeature/Systems
  artifactKey: Guid(bc8f85780f5b4e2da0cfd7bab64dc531) Importer(815301076,1909f56bfc062723c751e8b465ee728b)
Start importing Assets/_Project/Scripts/Gameplay/Features/AnimalFeature/Systems using Guid(bc8f85780f5b4e2da0cfd7bab64dc531) Importer(815301076,1909f56bfc062723c751e8b465ee728b) [PhysX] Initialized MultithreadedTaskDispatcher with 12 workers.
 -> (artifact id: '83432a783d0f87dc00efeeaf7bcd5776') in 0.008714 seconds
Number of updated asset objects reloaded before import = 0
Number of asset objects unloaded after import = 0
========================================================================
Received Import Request.
  Time since last request: 4.478655 seconds.
  path: Assets/_Project/Scripts/Gameplay/Features/DestructionFeature
  artifactKey: Guid(d9caff63fb724054adcdf7d750423897) Importer(815301076,1909f56bfc062723c751e8b465ee728b)
Start importing Assets/_Project/Scripts/Gameplay/Features/DestructionFeature using Guid(d9caff63fb724054adcdf7d750423897) Importer(815301076,1909f56bfc062723c751e8b465ee728b) [PhysX] Initialized MultithreadedTaskDispatcher with 12 workers.
 -> (artifact id: '9e3bc6c8e699f354b7af561c77b8d115') in 0.000682 seconds
Number of updated asset objects reloaded before import = 0
Number of asset objects unloaded after import = 0
========================================================================
Received Import Request.
  Time since last request: 0.553511 seconds.
  path: Assets/_Project/Scripts/Gameplay/Features/AnimalFeature/Components/AnimalDestructedEvent.cs
  artifactKey: Guid(94b5ded6708d4d309c9eb3758f8f8f02) Importer(815301076,1909f56bfc062723c751e8b465ee728b)
Start importing Assets/_Project/Scripts/Gameplay/Features/AnimalFeature/Components/AnimalDestructedEvent.cs using Guid(94b5ded6708d4d309c9eb3758f8f8f02) Importer(815301076,1909f56bfc062723c751e8b465ee728b) [PhysX] Initialized MultithreadedTaskDispatcher with 12 workers.
 -> (artifact id: 'adccd278785e12af402c21b54764c555') in 0.000910 seconds
Number of updated asset objects reloaded before import = 0
Number of asset objects unloaded after import = 0
========================================================================
Received Import Request.
  Time since last request: 0.025778 seconds.
  path: Assets/_Project/Scripts/Gameplay/Features/AnimalFeature/Systems/AnimalDestructionChainStrategySystem.cs
  artifactKey: Guid(644eb56954bc484293aa8f927f8b4568) Importer(815301076,1909f56bfc062723c751e8b465ee728b)
Start importing Assets/_Project/Scripts/Gameplay/Features/AnimalFeature/Systems/AnimalDestructionChainStrategySystem.cs using Guid(644eb56954bc484293aa8f927f8b4568) Importer(815301076,1909f56bfc062723c751e8b465ee728b) [PhysX] Initialized MultithreadedTaskDispatcher with 12 workers.
 -> (artifact id: '1c3f8248e7a84371fe9750e52b7aa157') in 0.000556 seconds
Number of updated asset objects reloaded before import = 0
Number of asset objects unloaded after import = 0
========================================================================
Received Import Request.
  Time since last request: 0.025604 seconds.
  path: Assets/_Project/Scripts/Gameplay/Features/DestructionFeature/Components/ApplyDestructionStrategyRequest.cs
  artifactKey: Guid(338e08b20446460d973827d1fa3e21f3) Importer(815301076,1909f56bfc062723c751e8b465ee728b)
Start importing Assets/_Project/Scripts/Gameplay/Features/DestructionFeature/Components/ApplyDestructionStrategyRequest.cs using Guid(338e08b20446460d973827d1fa3e21f3) Importer(815301076,1909f56bfc062723c751e8b465ee728b) [PhysX] Initialized MultithreadedTaskDispatcher with 12 workers.
 -> (artifact id: '95f60be21de4fa2b761a6693d10cc714') in 0.000644 seconds
Number of updated asset objects reloaded before import = 0
Number of asset objects unloaded after import = 0
========================================================================
Received Import Request.
  Time since last request: 0.026368 seconds.
  path: Assets/_Project/Scripts/Gameplay/Features/CommonFeature/Components/CellDestination.cs
  artifactKey: Guid(982e457f11f64d9681a3e204e2e358fc) Importer(815301076,1909f56bfc062723c751e8b465ee728b)
Start importing Assets/_Project/Scripts/Gameplay/Features/CommonFeature/Components/CellDestination.cs using Guid(982e457f11f64d9681a3e204e2e358fc) Importer(815301076,1909f56bfc062723c751e8b465ee728b) [PhysX] Initialized MultithreadedTaskDispatcher with 12 workers.
 -> (artifact id: 'e1167855f4ba5a4ba5706e676431cbe1') in 0.000543 seconds
Number of updated asset objects reloaded before import = 0
Number of asset objects unloaded after import = 0
========================================================================
Received Import Request.
  Time since last request: 0.026656 seconds.
  path: Assets/_Project/Scripts/Gameplay/Features/CommonFeature/Components/CoinDestroyedMarker.cs
  artifactKey: Guid(40c734498d22474ba7e65813742da668) Importer(815301076,1909f56bfc062723c751e8b465ee728b)
Start importing Assets/_Project/Scripts/Gameplay/Features/CommonFeature/Components/CoinDestroyedMarker.cs using Guid(40c734498d22474ba7e65813742da668) Importer(815301076,1909f56bfc062723c751e8b465ee728b) [PhysX] Initialized MultithreadedTaskDispatcher with 12 workers.
 -> (artifact id: '73ebd34c0e42a9aeb621af226caead61') in 0.000713 seconds
Number of updated asset objects reloaded before import = 0
Number of asset objects unloaded after import = 0
========================================================================
Received Import Request.
  Time since last request: 0.034493 seconds.
  path: Assets/_Project/Scripts/Gameplay/Features/MovementFeature/Systems/DestinationCellSystem.cs
  artifactKey: Guid(d88eef75f2a3496fa7ab9efe641429ad) Importer(815301076,1909f56bfc062723c751e8b465ee728b)
Start importing Assets/_Project/Scripts/Gameplay/Features/MovementFeature/Systems/DestinationCellSystem.cs using Guid(d88eef75f2a3496fa7ab9efe641429ad) Importer(815301076,1909f56bfc062723c751e8b465ee728b) [PhysX] Initialized MultithreadedTaskDispatcher with 12 workers.
 -> (artifact id: 'fd7af75bebb2de68eacc68ecd131e3f3') in 0.000530 seconds
Number of updated asset objects reloaded before import = 0
Number of asset objects unloaded after import = 0
========================================================================
Received Import Request.
  Time since last request: 0.033141 seconds.
  path: Assets/_Project/Scripts/Gameplay/Features/VisualFeature/Components/DestroyAfterPlaybackMarker.cs
  artifactKey: Guid(87fedf5e297a42f7ab91f6498cc2ac51) Importer(815301076,1909f56bfc062723c751e8b465ee728b)
Start importing Assets/_Project/Scripts/Gameplay/Features/VisualFeature/Components/DestroyAfterPlaybackMarker.cs using Guid(87fedf5e297a42f7ab91f6498cc2ac51) Importer(815301076,1909f56bfc062723c751e8b465ee728b) [PhysX] Initialized MultithreadedTaskDispatcher with 12 workers.
 -> (artifact id: '3181eca7aead1350856654bbc392fc2a') in 0.000940 seconds
Number of updated asset objects reloaded before import = 0
Number of asset objects unloaded after import = 0
========================================================================
Received Import Request.
  Time since last request: 0.026343 seconds.
  path: Assets/_Project/Scripts/Gameplay/Features/VisualFeature/Systems/DestroyFxRequestSystem.cs
  artifactKey: Guid(31eeb2d29f224213a7a79424d3f09b0f) Importer(815301076,1909f56bfc062723c751e8b465ee728b)
Start importing Assets/_Project/Scripts/Gameplay/Features/VisualFeature/Systems/DestroyFxRequestSystem.cs using Guid(31eeb2d29f224213a7a79424d3f09b0f) Importer(815301076,1909f56bfc062723c751e8b465ee728b) [PhysX] Initialized MultithreadedTaskDispatcher with 12 workers.
 -> (artifact id: '2c625de4a972e1bfddc751c0ad64285d') in 0.000606 seconds
Number of updated asset objects reloaded before import = 0
Number of asset objects unloaded after import = 0
========================================================================
Received Import Request.
  Time since last request: 0.030844 seconds.
  path: Assets/_Project/Scripts/Gameplay/Features/DestructionFeature/Components/DestroyViewRequest.cs
  artifactKey: Guid(f960578fe2204e00b9ce7fb1d62e47dc) Importer(815301076,1909f56bfc062723c751e8b465ee728b)
Start importing Assets/_Project/Scripts/Gameplay/Features/DestructionFeature/Components/DestroyViewRequest.cs using Guid(f960578fe2204e00b9ce7fb1d62e47dc) Importer(815301076,1909f56bfc062723c751e8b465ee728b) [PhysX] Initialized MultithreadedTaskDispatcher with 12 workers.
 -> (artifact id: '3bb460914be214bf34e25356625c3dcb') in 0.000578 seconds
Number of updated asset objects reloaded before import = 0
Number of asset objects unloaded after import = 0
========================================================================
Received Import Request.
  Time since last request: 0.030717 seconds.
  path: Assets/_Project/Scripts/Gameplay/Features/DestructionFeature/Systems/DestroyViewSystem.cs
  artifactKey: Guid(1e4d750d950542c0a1d92d3d3bb985b2) Importer(815301076,1909f56bfc062723c751e8b465ee728b)
Start importing Assets/_Project/Scripts/Gameplay/Features/DestructionFeature/Systems/DestroyViewSystem.cs using Guid(1e4d750d950542c0a1d92d3d3bb985b2) Importer(815301076,1909f56bfc062723c751e8b465ee728b) [PhysX] Initialized MultithreadedTaskDispatcher with 12 workers.
 -> (artifact id: 'de38648c8dbb3533fffbb9ebcd75d222') in 0.000451 seconds
Number of updated asset objects reloaded before import = 0
Number of asset objects unloaded after import = 0
========================================================================
Received Prepare
Caller must complete domain reload
Begin MonoManager ReloadAssembly
- Loaded All Assemblies, in  2.098 seconds
Native extension for WindowsStandalone target not found
Native extension for Android target not found
Native extension for WebGL target not found
[Package Manager] Server::EnsureServerProcessIsRunning -- launch failed, reason: Unity was launched with the -noUpm command-line argument
[Package Manager] UpmClient::Send -- Unable to send message (not connected to UPM process).
[Package Manager] Cannot connect to Unity Package Manager local server
Mono: successfully reloaded assembly
[Package Manager] Server::EnsureServerProcessIsRunning -- launch failed, reason: Unity was launched with the -noUpm command-line argument
[Package Manager] UpmClient::Send -- Unable to send message (not connected to UPM process).
[Package Manager] Cannot connect to Unity Package Manager local server
- Finished resetting the current domain, in  2.924 seconds
Domain Reload Profiling: 5031ms
	BeginReloadAssembly (667ms)
		ExecutionOrderSort (0ms)
		DisableScriptedObjects (23ms)
		BackupInstance (0ms)
		ReleaseScriptingObjects (0ms)
		CreateAndSetChildDomain (217ms)
	RebuildCommonClasses (121ms)
	RebuildNativeTypeToScriptingClass (15ms)
	initialDomainReloadingComplete (89ms)
	LoadAllAssembliesAndSetupDomain (1213ms)
		LoadAssemblies (1439ms)
		RebuildTransferFunctionScriptingTraits (0ms)
		AnalyzeDomain (115ms)
			TypeCache.Refresh (54ms)
				TypeCache.ScanAssembly (13ms)
			ScanForSourceGeneratedMonoScriptInfo (34ms)
			ResolveRequiredComponents (26ms)
	FinalizeReload (2928ms)
		ReleaseScriptCaches (0ms)
		RebuildScriptCaches (0ms)
		SetupLoadedEditorAssemblies (1229ms)
			LogAssemblyErrors (0ms)
			InitializePlatformSupportModulesInManaged (60ms)
			SetLoadedEditorAssemblies (5ms)
			RefreshPlugins (0ms)
			BeforeProcessingInitializeOnLoad (119ms)
			ProcessInitializeOnLoadAttributes (627ms)
			ProcessInitializeOnLoadMethodAttributes (407ms)
			AfterProcessingInitializeOnLoad (6ms)
			EditorAssembliesLoaded (3ms)
		ExecutionOrderSort2 (1ms)
		AwakeInstancesAfterBackupRestoration (11ms)
Script is not up to date after domain reload: guid(644eb56954bc484293aa8f927f8b4568) path("Assets/_Project/Scripts/Gameplay/Features/AnimalFeature/Systems/AnimalDestructionChainStrategySystem.cs") state(2)
Script is not up to date after domain reload: guid(75deeaeea1b940d599056ba372db2554) path("Assets/_Project/Scripts/Gameplay/Features/GameFlowFeature/Systems/AnimalCreationChainStrategySystem.cs") state(2)
Refreshing native plugins compatible for Editor in 11.97 ms, found 3 plugins.
Preloading 0 native plugins for Editor in 0.00 ms.
Unloading 4481 Unused Serialized files (Serialized files now loaded: 0)
Unloading 31 unused Assets / (66.7 KB). Loaded Objects now: 5139.
Memory consumption went from 193.4 MB to 193.4 MB.
Total: 19.549000 ms (FindLiveObjects: 2.300700 ms CreateObjectMapping: 0.129700 ms MarkObjects: 16.918300 ms  DeleteObjects: 0.199100 ms)

Prepare: number of updated asset objects reloaded= 0
AssetImportParameters requested are different than current active one (requested -> active):
  custom:scripting/monoscript/fileName/CatchGameFieldGeneratedRequest.cs: a67d51feea369e3830f924d9b8e9bd99 -> 17b67da9d0f3c4e2f8690dc96459b2b2
  custom:scripting/monoscript/fileName/TileGenerator3.cs: d30fb83fc6ac7475a319a83728c9ad41 -> 9b48fa675f0bce54dde0ed40b926842e
  custom:scripting/monoscript/fileName/GameFieldGrowthWaveAlgorithmTag.cs: 0ef400f135d729b9ef5ef61213bf46ca -> 992c54089fb6287a3abd63c766c90ae4
  custom:scripting/monoscript/fileName/CreateControlsRequest.cs: b6b52fa38bc5533b3ae550ee8b4085d9 -> 16e50cc2756add101f300d8e44319dd4
  custom:scripting/monoscript/fileName/HUDPrefab.cs: 30eaa62651e9c88e43fcb0d04e30077a -> 114724dd8b86c8d5655c0a4636c8f807
  custom:container-demuxer-ogg: 62fdf1f143b41e24485cea50d1cbac27 -> 
  custom:scripting/monoscript/fileName/TileGenerator2.cs: 09c5b2f1e3412cb486138eafe6da2ee9 -> d25441398affce60b9e3b08d18b5fa1c
  custom:scripting/monoscript/fileName/GameFlowFeature.cs: e6718831d198d39704b255f20f16f8d0 -> df0113f54b1bbce00d62c010ef3fe8b4
  custom:scripting/monoscript/fileName/CreationAnimalStrategyCfg.cs: fb433a13c1a2eff2a6d277801dbab975 -> 4fd36c8314e91d36d51becb0cdc6faeb
  custom:scripting/monoscript/fileName/CreateAnimalsSystem.cs: 8cef56369804335c0ac2e97203aee8a9 -> bee4bc1341c43b6aa3c88b1b3d4e3e18
  custom:scripting/monoscript/fileName/ScrollToTargetEvent.cs: 267de8c3fdba9d89cbf5a80a977d1db1 -> 1606e13368f10abd95859ea46f664d86
  custom:scripting/monoscript/fileName/GameFieldGeneratedEvent.cs: f908cee032e843be5ba60b9a2c441882 -> a6030e6b0b808118faf8aa49ffee5b94
  custom:scripting/monoscript/fileName/RandomGameFieldAlgorithmSystem.cs: 22b92a32636676be944ecefe67707cbf -> c5085b777b6be8657ea1f9bd1eb1f0e6
  custom:scripting/monoscript/fileName/GameFieldWaveAlgorithmTag.cs: 5be4d41974793f3169ea3a8184ff61d2 -> a3fe88f8e3ec0ea7cb6587b6cb569630
  custom:scripting/monoscript/fileName/GameFieldAlgorithms.cs: 9210f2e649de58f37f078a6eadd5eb19 -> a68d1cf9c70b1eb7af91f8532ed35f7f
  custom:scripting/monoscript/fileName/MetaGameUIHiddenEvent.cs: 342ed956eb53710532411f8c2784417a -> 463482aa840de7082f4a278ef86a7e1d
  custom:scripting/monoscript/fileName/LevelClearedEvent.cs: bbac8ca3904db25721b8cf3b0fab6582 -> 663b31180f17f64cf76455cfee4638c9
  custom:scripting/monoscript/fileName/GameScreenPrefab.cs: ad79cba3a80ff268ab301d438f50d7a3 -> b778ed7a73a66bec617f434ba9deff77
  custom:video-decoder-ogg-theora: a1e56fd34408186e4bbccfd4996cb3dc -> 
  custom:scripting/monoscript/fileName/CalculateCellScaleYSystem.cs: 939787dca0b233005791ec684dff156a -> 24348a5eb2340227fde21c4e16f198a5
  custom:scripting/monoscript/fileName/AnimalPositionedEvent.cs: 8e15db485d40ca13ea5402666ad1b4b3 -> 1bc3206bed9925993456a53b954cd396
  custom:scripting/monoscript/fileName/ScrollSnapEffect.cs: b6c51e4f0f8afbbfdca8ecd17bfb0fb9 -> 91d29477668f48905bbbd4cb6247533d
  custom:scripting/monoscript/fileName/LevelLifeTimeMarker.cs: bfaf24a17910b0a8ddcc0f9024db8056 -> d0a88ae6d48c761dad292d2aec410cb0
  custom:scripting/monoscript/fileName/GameFieldPlaneAlgorithmTag.cs: 21e5015ce1d5b093ab9d6011592292bd -> 7cf8c3e3aade2f1d2e7a2f82f1c5463e
  custom:framework-win-MediaFoundation: 216162199b28c13a410421893ffa2e32 -> 
  custom:scripting/monoscript/fileName/LevelLostEvent.cs: afc9b242eba24b2b4392b9bea1cad284 -> d1c8f0634443fb2b56e42e7c40935303
  custom:scripting/monoscript/fileName/GameField.cs: 27b6b3d034a0ef2e26f2934f1319d99d -> bf9a4c69a023939dbb88e3f1703ca432
  custom:scripting/monoscript/fileName/ScrollSnap.cs: 5dd984369f102ebda4e54789a0ea104e -> 74fe1fbb0f6bef271000d67e7c21bd45
  custom:scripting/monoscript/fileName/HideMetaGameUIRequest.cs: c6d8ffd38038f5edb986b7d2b1660fc7 -> 023f27171a187f71ff8a4853369f6cb5
  custom:scripting/monoscript/fileName/ReferenceCodeGen.cs: 1847e30272d75555141d3031c134c733 -> 
  custom:scripting/monoscript/fileName/GameCreatedEvent.cs: 25808abd6af439ae2d396c16c3d9e8f2 -> 13c2ac463741ba32d214c8bfa0606347
  custom:scripting/monoscript/fileName/TileGeneratedEvent.cs: 1b597c0aa79fd56f2f4088925f13cbef -> dba7452f6d7179c1abc1b361aa9403a8
  custom:scripting/monoscript/fileName/ScrollSnapSystem.cs: 51807458632b0abe0dcd77862975ce47 -> 49fa898761310374e9100843919f1617
  custom:scripting/monoscript/fileName/ChainDestructionRequestSystem.cs: e36a5ffa427d50aa181531f55986ccd8 -> 
  custom:scripting/monoscript/fileName/GameFlowSystem.cs: cf1e5382541a33c73a981035dae85045 -> b60539680bd07758445284af098b515c
  custom:scripting/monoscript/fileName/LevelLostCheckSystem.cs: 255183d3cc1fbb2d10c8abfa77b7b9e2 -> 1205ba5e4744c00285ba2c45a53da364
  custom:scripting/monoscript/fileName/CatchGameFieldEventsSystem.cs: 69b1fa6bdab0b0e6ef5f59e5ba1798e4 -> d8fdc78bead3537fb228755ca2d434dd
  custom:scripting/monoscript/fileName/FitObjectToCamera.cs: 942221b48ed202602e9ac643e54d7650 -> aaedefa2aeb7069389a90129af0ec391
  custom:scripting/monoscript/fileName/DestructionAnimalStrategyCfg.cs: b5449fe14a7d9ce6de2ff0202c280054 -> dcccc812fc5e86758b5038f4fc7d9a74
  custom:scripting/monoscript/fileName/CameraScaler.cs: 150bf424de40cfdb27d6bfc1fd0a2d72 -> 3cbb08bff7a396f130a0443ef1ccb748
  custom:scripting/monoscript/fileName/ScoreUIConnect.cs: c27938a2bdddd88ab951e7adbbd35794 -> ac7c32a805063f081f2fababb8d4d898
  custom:CustomObjectIndexerAttribute: 9a22284fe3817be447336de3de66b15e -> 
  custom:scripting/monoscript/fileName/ChainDestructionSystem.cs: 1804387f55e34d8c464a091638dbfb17 -> 
  custom:scripting/monoscript/fileName/GameFieldDestructRequest.cs: 10e88c15a7ec0cf5e99dbb40e0a3edf8 -> 39e29c44e39353c5f5e46e4fd35fb435
  custom:scripting/monoscript/fileName/GameLossTimerConnect.cs: f0cf7139ab50e9b8389bcd82a4789c30 -> 21c0067c523cc022f4caa4d8eef3c889
  custom:scripting/monoscript/fileName/GameFieldAlgorithmCfg.cs: 2a67613a1067bee0772c4bce0a006e8e -> c18842b2d8e9d19897c42dc941ae1a61
  custom:scripting/monoscript/fileName/DestructionChainTag.cs: d52207bbfd049f584009aa3d50645080 -> 
  custom:scripting/monoscript/fileName/AnimalCreationChainStrategySystem.cs: cfd77a10d3edff40c8fa516ba194c3f6 -> 6245b6c4937dad6bd6bfbe1a5bb91d82
  custom:scripting/monoscript/fileName/MetaGameUISystem.cs: 93f0bb4ace47f6ac6817404d82ccb661 -> 34bedb813123b4b9a91614edd15a8069
  custom:scripting/monoscript/fileName/ScrollSetupRequest.cs: a402aba2680e5863d1008ad06428d65a -> e1c69e68812599757df2aff91a4e9cf2
  custom:container-demuxer-webm: 4f35f7cbe854078d1ac9338744f61a02 -> 
  custom:scripting/monoscript/fileName/MovementAnimalsChainStrategySystem.cs: ddf53f03458710b79557a522f031acc1 -> 8570fef42c44af06a6c6a23f3d1aecaa
  custom:scripting/monoscript/fileName/FadeEffect.cs: 4615b2acb46a691c33b29aab26f2062a -> 
  custom:scripting/monoscript/fileName/MetaGameUIHiddenMarker.cs: a71b94db2ed8f97f815cc84fb87d48eb -> dddb2beaf43a7ef60953e2f9eacf78f8
  custom:scripting/monoscript/fileName/SourceCodeModifier.cs: 3ffa94fedf57701a474133f623b99b6a -> 5c7f9a2114ee5b14002453c253315bd0
  custom:scripting/monoscript/fileName/GameFieldAlgorithmTag.cs: 5b91fd95ca72cd7048aa9f46e543e265 -> da7c22434643605d19edac79c0d3b3c7
  custom:scripting/monoscript/fileName/GameFieldGrowthWaveAlgorithmSystem.cs: c43067b71ef74cae0090827f88cfe4b8 -> 00c4aec9ff9f1e3764b69170240089db
  custom:scripting/monoscript/fileName/LevelLossSystem.cs: 89eef653e3f28787ebae3df17b9a17fa -> 1a50b41fb86c42146dd1e7eca3f63c3b
  custom:scripting/monoscript/fileName/GameFieldGenerateRequest.cs: b3f004fb89f931ad5595eca9c3e3ea7d -> fc85f9d1ad1c72513abf13f206f13826
  custom:container-muxer-webm: aa71ff27fc2769a1b78a27578f13a17b -> 
  custom:scripting/monoscript/fileName/AnimalDestructedEvent.cs: de6741ad9146f65b9ee26b392c6f63b7 -> e882e3b205fcfc8f4d8ec1b06235b0f7
  custom:scripting/monoscript/fileName/DeleteEntityCommand.cs: bcabe5bfe518320718d48d41a3a0e90a -> 
  custom:video-decoder-webm-vp8: 9c59270c3fd7afecdb556c50c9e8de78 -> 
  custom:scripting/monoscript/fileName/DestroyViewRequest.cs: 1a0b5b4a36b5820faa4b3894f8324e00 -> 0ebb0c5641d0ac20e497e246c3eff337
  custom:scripting/monoscript/fileName/ApplyDestructionStrategyRequest.cs: 032a28d88c65010193deb5a4b99f58dd -> 213312285ccaacd75ce574cb89bf2411
  custom:scripting/monoscript/fileName/TileGenerator.cs: 042c900c13328f8a0055f0bccddada85 -> a538991689346061c6a9a2a96b02d37e
  custom:scripting/monoscript/fileName/ScaleEffect.cs: bf12e834d532f4f806bebaac99f812c1 -> 
  custom:SearchIndexIgnoredProperties: e643bd26f0fe6173181afceb89e7c659 -> 
  custom:scripting/monoscript/fileName/ScrollSnappedMarker.cs: 066cb0420eaae820b69ffbae9344f0b4 -> 1cd14000dfdbca98f6dda0685bba7fce
  custom:scripting/monoscript/fileName/DestroyViewSystem.cs: e1c1ea54b0c9f7465aac7332f0e6d6a8 -> 59b102bdf1755f7c7d016788c0259b93
  custom:scripting/monoscript/fileName/CleanupLevelRequest.cs: a4116677aeb8d793871c137a2a44b119 -> c4dd04e39c7a6664b68dab929adf2e81
  custom:AudioImporter_EditorPlatform: d09bf68614088b80899f8185d706f6e7 -> 
  custom:scripting/monoscript/fileName/ChainMovementMarker.cs: feac63d7e5aa51292f19abaa1d9db08c -> 
  custom:scripting/monoscript/fileName/ScrollPosition.cs: 225c0c33ea226da69f3473693dfb3c05 -> 9f9e723ba8833b9541ecfca3c6d6f8bc
  custom:scripting/monoscript/fileName/GameFieldWaveAlgorithmSystem.cs: fc14103f781a8cbb106ceeeb57eaeaab -> 607884f57fd7ce8ffeb8d2a7c96f93a3
  custom:scripting/monoscript/fileName/PlayerCfgRef.cs: 6d19f04523dbbba4fc64c8057f04e02a -> 198dbad4b6bbc11b3942c96af8dde650
  custom:scripting/monoscript/fileName/DestructionChainStrategySystem.cs: 783bb7763cba92611d8e9cf6674063b1 -> ddd821ede2656248bf0e9ddf669d5a28
  custom:scripting/monoscript/fileName/CreationChainTag.cs: 2998fd809902939f0ee04f473eeca00e -> 
  custom:scripting/monoscript/fileName/DestructionFeature.cs: b9b7cdbe8848a566388411c97a5fbd67 -> adcfef4ac4e45d2e562dcdc6fa49e429
  custom:scripting/monoscript/fileName/GameFieldAlgorithmIndex.cs: 9457d7f2147049910ea06f2159c61fc6 -> 7a58e7c6b5adebdaec058182398a5707
  custom:scripting/monoscript/fileName/GameLossTimerSystem.cs: de0b464553cb6b861179a91f75237edf -> 071940ff3f3e183b1d11d15239224386
  custom:scripting/monoscript/fileName/GameFieldPlaneAlgorithmSystem.cs: 526228704b2d4ed12e4753080710ec45 -> fec5555e40052f9e75dc859f5d201f4d
  custom:scripting/monoscript/fileName/ScrollSnappedEvent.cs: 85353374ba80b5fbd36ff4e2e7944412 -> 8bf4efe021842362c4e7d55e6a37d79a
  custom:scripting/monoscript/fileName/TargetEntities.cs: 677c58dfdc846d5246d0be31c31711ff -> 
  custom:scripting/monoscript/fileName/ShowMetaGameUIRequest.cs: 5564592071856871b46e981baa2e91f8 -> a88d7f1c319941ffae2f3a8957251596
  custom:scripting/monoscript/fileName/TileGenerator6.cs: 0a225711dfb489626c74dc5ff5d78f40 -> 83a93281253429d4bd51d4bfaf52f3ed
  custom:scripting/monoscript/fileName/GameFieldDestructedRequest.cs: c04d6601b9dc935cfc91348b0b9cc810 -> 47034b076d3abdec8c90304ac1fc38f1
  custom:scripting/monoscript/fileName/MetaGameUI.cs: b1f4a332b284a38895d9534e62ff0baf -> 67622f9ccfe38dacd5af3f2ae37c3026
  custom:scripting/monoscript/fileName/GameFieldClickSystem.cs: 9e6e496c03415de771bf8909db35f03b -> 3b1ea4c67b8ab5832ff3a23919e79f06
  custom:scripting/monoscript/fileName/BaseScrollSnapEffect.cs: d407bd1fc108496d969888a00479cce0 -> 
  custom:scripting/monoscript/fileName/CreateHUDSystem.cs: f8cd7ef545fa25f934c486aaa420eedd -> 43c05b406d9086180812a87a0e010e47
  custom:scripting/monoscript/fileName/Levels.cs: f22977143cde483af3e13597acee3c02 -> 37490b0d126f14e1e1d31453e3e94ae4
  custom:video-encoder-webm-vp8: eb34c28f22e8b96e1ab97ce403110664 -> 
  custom:scripting/monoscript/fileName/AnimalDestructionChainStrategySystem.cs: 23f4cc2de4c34d4d82415b095d5404aa -> 2d33061d60136630278a03c1042b54b3
  custom:scripting/monoscript/fileName/AnimalSpawnedEvent.cs: 18a67763bcf9b1b1ac26ffbfcbeed587 -> 7ad467d334ed6914a6a27adce1847b10
  custom:scripting/monoscript/fileName/RewardConnect.cs: de79e19f525e7b5954dbb77b1f453e4e -> 6751c3bbc08d4697c3b42878cd3daebd
  custom:audio-decoder-ogg-vorbis: bf7c407c2cedff20999df2af8eb42d56 -> 
  custom:scripting/monoscript/fileName/CleanupLevelSystem.cs: 72214ed46a73a03fca528428e05bd1c5 -> 8a5bce7edb21df4c4707d0529e30155e
  custom:scripting/monoscript/fileName/GameTag.cs: 2f67c69f27e85f806b88deb8c87b88d2 -> f5290ba12be2c3f124e97ffb76e9ea9f
  custom:scripting/monoscript/fileName/ScrollSnapTag.cs: 893d8b8aa473763f6ed0fb5321bbad28 -> c53bb14ce7c537cec4ba51b6c7bc6939
  custom:scripting/monoscript/fileName/GameFieldFeature.cs: 1f8b976c740b234c284fddfd95c568fd -> 9a83e32ad7b7857e12d74cf105f5a137
  custom:scripting/monoscript/fileName/GameScreen.cs: deb4cff0d85b325b8a61d3844cabec07 -> 84ec6758a1e33abe8d42365166b67ebd
  custom:scripting/monoscript/fileName/DestructionStrategyTag.cs: 950962d7baf41bc8fed98ea522a40170 -> 
  custom:scripting/monoscript/fileName/ScrollDraggedEvent.cs: d4b82f514f08a6e7eb8d3acbba3af876 -> 76bd8895c3b43170415bf40518460c7d
  custom:scripting/monoscript/fileName/CreateHUDRequest.cs: 61b5f154a3d1ac03d04c59d29d1c4e05 -> 11938a6be2a737aa70fadc220742dab2
  custom:scripting/monoscript/fileName/TileGenerator4.cs: 1ec433f057ddbb323aab6300cdd41968 -> 9b8c2608bd1d4162243c126a2c3ab74b
  custom:scripting/monoscript/fileName/GrowthWave.cs: 7c48243a6dd50c54e09b35b8a70e858a -> ab7a6a6e85687b04c58c7a681131bfdc
  custom:scripting/monoscript/fileName/AssemblyAnalyzer.cs: 5883fa404100530f6821c51e0df4a2b6 -> 
  custom:scripting/monoscript/fileName/CreateCoinRequest.cs: b6ee2396be79577ff18a940acb85bfe6 -> 8bf745611aed40a8441b8db392ff0316
  custom:scripting/monoscript/fileName/CreateGameLossTimerRequest.cs: 286f3e38529572dc1661f3473c808992 -> ef901bf1b06c7938a6030a67dd4d6d21
  custom:scripting/monoscript/fileName/DeathEvent.cs: ae7a15dcf33e2eb04a19bf37c49c469a -> 7ba4c6fe9f322f00d774d318ef8ef3b2
  custom:scripting/monoscript/fileName/GameFieldDestructedEvent.cs: 565697dff0d07f15eb4da25529efeaf3 -> 249503e823ee8a2543fdc65535f78404
  custom:scripting/monoscript/fileName/Wave.cs: e8061bad203a1f6efd397e8313ec6d83 -> ed89714bef4a8fe64f993c8bbc6df15f
  custom:scripting/monoscript/fileName/GameFieldDestructedMarker.cs: ab2e5320e3676ca16774eba7277d5b9e -> 6af6280f9d165b3fa0cbeef98677737a
  custom:scripting/monoscript/fileName/CoinUIConnect.cs: 8505822111497da435ec6d27192811c8 -> 9bed0bffdd7b151bbdc04ee5da58d9a4
  custom:scripting/monoscript/fileName/CreateGameSystem.cs: c40209e5646f830645bfdfa6dda44b96 -> acdc7e582431689501a3c2e4d1b573d0
  custom:audio-encoder-webm-vorbis: bf7c407c2cedff20999df2af8eb42d56 -> 
  custom:scripting/monoscript/fileName/ApplyStrategyRequest.cs: 04790d20b7aab51157b87a2b7ea70902 -> 
  custom:scripting/monoscript/fileName/ScrollSystem.cs: 80ef92943d864cb0b392598d6fcd75b9 -> 
  custom:scripting/monoscript/fileName/CreationChainStrategyTag.cs: 4fd921b87fca9ba0c731b954efca90f5 -> 7572d150aeb0955f670c8845e4df7c53
  custom:scripting/monoscript/fileName/ScrollDraggedMarker.cs: f40ec288e4d6330335dd03fa8726c839 -> 74ece2a65d27c55d64e7936bb538e5a8
  custom:scripting/monoscript/fileName/CreateAnimalsRequest.cs: a7ebd1a26b1e6c2c8f783f7506341452 -> 45001033be0d024e3f69c19d212eca00
  custom:scripting/monoscript/fileName/GameFieldGeneratedMarker.cs: 3343d51a95b5393b866292f7dd40076e -> 8ec9e96219719154c6ef937af1a570ab
  custom:scripting/monoscript/fileName/TileGenerator7.cs: d48bfbfd829455d8678bccfbd4ddf1db -> d7e74d9e48390acec81fb7d05eab04b6
  custom:scripting/monoscript/fileName/ClickSideMarker.cs: c1aa69917ccbb0e088243ec1d2c1ed5f -> 0c097904c16edc5a7ac1137f05d8d51c
  custom:scripting/monoscript/fileName/DestinationCellSystem.cs: 963aa1626fcb23e854feae01796a104e -> 840793441983a12313c0195510dbf2c3
  custom:scripting/precompiled-assembly-types:Assembly-CSharp: 24a37901489b57eb87c783ef84e1baff -> a8a0291e33e77c495a3eaeddbf28c6f7
  custom:scripting/monoscript/fileName/LevelLostMarker.cs: 93ebe850d5850b9eb8bc2c04e2ffed33 -> 3e55ffaf6b929b3b51e014250d9920ac
  custom:scripting/monoscript/fileName/GameTitleConnect.cs: 5c14e36aa95fc82c33183a9dfce72cd2 -> 41a65dfb2d31309386b013674fae2e80
  custom:scripting/monoscript/fileName/CreateGameScreenRequest.cs: a885ba890460f60ddcd2c66df732e91f -> 066c58def3458c57fd1f40d51ed860c1
  custom:scripting/monoscript/fileName/ScrollToTargetMarker.cs: 7c2577f2a0b3fb585d934a4d0b35b7ec -> 01286f347cbc8bec863dbe15212d04dd
  custom:scripting/monoscript/fileName/GameFieldGeneratedByAlgorithm.cs: 642fd6d4f4e02c35c870cd61f2ca081f -> 074895d821d9efb916232844efdac6c8
  custom:scripting/monoscript/fileName/TileGenerator5.cs: 0eaf6fadc56123ad87a1d593fa635ede -> ee69db292b395fb7006478b7279c5ca6
  custom:scripting/monoscript/fileName/GameScreenSystem.cs: a0b364fc1bcdda23e4dd359a2204c08d -> 402c5e1323b5b0152bd1eea24fa29d07
  custom:scripting/monoscript/fileName/DestructionChainStrategyTag.cs: b0d607db3ab31634dee73b569e199000 -> 0c62c6ddeecb954158e34eafdd3e629f
========================================================================
Received Prepare
Caller must complete domain reload
Begin MonoManager ReloadAssembly
- Loaded All Assemblies, in  1.112 seconds
Native extension for WindowsStandalone target not found
Native extension for Android target not found
Native extension for WebGL target not found
[Package Manager] Server::EnsureServerProcessIsRunning -- launch failed, reason: Unity was launched with the -noUpm command-line argument
[Package Manager] UpmClient::Send -- Unable to send message (not connected to UPM process).
[Package Manager] Cannot connect to Unity Package Manager local server
Mono: successfully reloaded assembly
[Package Manager] Server::EnsureServerProcessIsRunning -- launch failed, reason: Unity was launched with the -noUpm command-line argument
[Package Manager] UpmClient::Send -- Unable to send message (not connected to UPM process).
[Package Manager] Cannot connect to Unity Package Manager local server
- Finished resetting the current domain, in  1.615 seconds
Domain Reload Profiling: 2727ms
	BeginReloadAssembly (195ms)
		ExecutionOrderSort (0ms)
		DisableScriptedObjects (6ms)
		BackupInstance (0ms)
		ReleaseScriptingObjects (0ms)
		CreateAndSetChildDomain (59ms)
	RebuildCommonClasses (37ms)
	RebuildNativeTypeToScriptingClass (10ms)
	initialDomainReloadingComplete (37ms)
	LoadAllAssembliesAndSetupDomain (833ms)
		LoadAssemblies (827ms)
		RebuildTransferFunctionScriptingTraits (0ms)
		AnalyzeDomain (103ms)
			TypeCache.Refresh (61ms)
				TypeCache.ScanAssembly (15ms)
			ScanForSourceGeneratedMonoScriptInfo (22ms)
			ResolveRequiredComponents (18ms)
	FinalizeReload (1616ms)
		ReleaseScriptCaches (0ms)
		RebuildScriptCaches (0ms)
		SetupLoadedEditorAssemblies (784ms)
			LogAssemblyErrors (0ms)
			InitializePlatformSupportModulesInManaged (39ms)
			SetLoadedEditorAssemblies (4ms)
			RefreshPlugins (0ms)
			BeforeProcessingInitializeOnLoad (79ms)
			ProcessInitializeOnLoadAttributes (384ms)
			ProcessInitializeOnLoadMethodAttributes (275ms)
			AfterProcessingInitializeOnLoad (3ms)
			EditorAssembliesLoaded (1ms)
		ExecutionOrderSort2 (0ms)
		AwakeInstancesAfterBackupRestoration (5ms)
Refreshing native plugins compatible for Editor in 16.67 ms, found 3 plugins.
Preloading 0 native plugins for Editor in 0.00 ms.
Unloading 4484 Unused Serialized files (Serialized files now loaded: 0)
Unloading 31 unused Assets / (66.8 KB). Loaded Objects now: 5144.
Memory consumption went from 193.7 MB to 193.7 MB.
Total: 25.660600 ms (FindLiveObjects: 1.252200 ms CreateObjectMapping: 0.145100 ms MarkObjects: 23.858100 ms  DeleteObjects: 0.402100 ms)

Prepare: number of updated asset objects reloaded= 0
AssetImportParameters requested are different than current active one (requested -> active):
  custom:scripting/monoscript/fileName/CatchGameFieldGeneratedRequest.cs: a67d51feea369e3830f924d9b8e9bd99 -> 17b67da9d0f3c4e2f8690dc96459b2b2
  custom:scripting/monoscript/fileName/TileGenerator3.cs: d30fb83fc6ac7475a319a83728c9ad41 -> 9b48fa675f0bce54dde0ed40b926842e
  custom:scripting/monoscript/fileName/GameFieldGrowthWaveAlgorithmTag.cs: 0ef400f135d729b9ef5ef61213bf46ca -> 992c54089fb6287a3abd63c766c90ae4
  custom:scripting/monoscript/fileName/CreateControlsRequest.cs: b6b52fa38bc5533b3ae550ee8b4085d9 -> 16e50cc2756add101f300d8e44319dd4
  custom:scripting/monoscript/fileName/HUDPrefab.cs: 30eaa62651e9c88e43fcb0d04e30077a -> 114724dd8b86c8d5655c0a4636c8f807
  custom:container-demuxer-ogg: 62fdf1f143b41e24485cea50d1cbac27 -> 
  custom:scripting/monoscript/fileName/TileGenerator2.cs: 09c5b2f1e3412cb486138eafe6da2ee9 -> d25441398affce60b9e3b08d18b5fa1c
  custom:scripting/monoscript/fileName/GameFlowFeature.cs: e6718831d198d39704b255f20f16f8d0 -> df0113f54b1bbce00d62c010ef3fe8b4
  custom:scripting/monoscript/fileName/CreationAnimalStrategyCfg.cs: fb433a13c1a2eff2a6d277801dbab975 -> 4fd36c8314e91d36d51becb0cdc6faeb
  custom:scripting/monoscript/fileName/CreateAnimalsSystem.cs: 8cef56369804335c0ac2e97203aee8a9 -> bee4bc1341c43b6aa3c88b1b3d4e3e18
  custom:scripting/monoscript/fileName/ScrollToTargetEvent.cs: 267de8c3fdba9d89cbf5a80a977d1db1 -> 1606e13368f10abd95859ea46f664d86
  custom:scripting/monoscript/fileName/GameFieldGeneratedEvent.cs: f908cee032e843be5ba60b9a2c441882 -> a6030e6b0b808118faf8aa49ffee5b94
  custom:scripting/monoscript/fileName/RandomGameFieldAlgorithmSystem.cs: 22b92a32636676be944ecefe67707cbf -> c5085b777b6be8657ea1f9bd1eb1f0e6
  custom:scripting/monoscript/fileName/GameFieldWaveAlgorithmTag.cs: 5be4d41974793f3169ea3a8184ff61d2 -> a3fe88f8e3ec0ea7cb6587b6cb569630
  custom:scripting/monoscript/fileName/GameFieldAlgorithms.cs: 9210f2e649de58f37f078a6eadd5eb19 -> a68d1cf9c70b1eb7af91f8532ed35f7f
  custom:scripting/monoscript/fileName/MetaGameUIHiddenEvent.cs: 342ed956eb53710532411f8c2784417a -> 463482aa840de7082f4a278ef86a7e1d
  custom:scripting/monoscript/fileName/LevelClearedEvent.cs: bbac8ca3904db25721b8cf3b0fab6582 -> 663b31180f17f64cf76455cfee4638c9
  custom:scripting/monoscript/fileName/GameScreenPrefab.cs: ad79cba3a80ff268ab301d438f50d7a3 -> b778ed7a73a66bec617f434ba9deff77
  custom:video-decoder-ogg-theora: a1e56fd34408186e4bbccfd4996cb3dc -> 
  custom:scripting/monoscript/fileName/CalculateCellScaleYSystem.cs: 939787dca0b233005791ec684dff156a -> 24348a5eb2340227fde21c4e16f198a5
  custom:scripting/monoscript/fileName/AnimalPositionedEvent.cs: 8e15db485d40ca13ea5402666ad1b4b3 -> 1bc3206bed9925993456a53b954cd396
  custom:scripting/monoscript/fileName/ScrollSnapEffect.cs: b6c51e4f0f8afbbfdca8ecd17bfb0fb9 -> 91d29477668f48905bbbd4cb6247533d
  custom:scripting/monoscript/fileName/LevelLifeTimeMarker.cs: bfaf24a17910b0a8ddcc0f9024db8056 -> d0a88ae6d48c761dad292d2aec410cb0
  custom:scripting/monoscript/fileName/GameFieldPlaneAlgorithmTag.cs: 21e5015ce1d5b093ab9d6011592292bd -> 7cf8c3e3aade2f1d2e7a2f82f1c5463e
  custom:framework-win-MediaFoundation: 216162199b28c13a410421893ffa2e32 -> 
  custom:scripting/monoscript/fileName/LevelLostEvent.cs: afc9b242eba24b2b4392b9bea1cad284 -> d1c8f0634443fb2b56e42e7c40935303
  custom:scripting/monoscript/fileName/GameField.cs: 27b6b3d034a0ef2e26f2934f1319d99d -> bf9a4c69a023939dbb88e3f1703ca432
  custom:scripting/monoscript/fileName/ScrollSnap.cs: 5dd984369f102ebda4e54789a0ea104e -> 74fe1fbb0f6bef271000d67e7c21bd45
  custom:scripting/monoscript/fileName/HideMetaGameUIRequest.cs: c6d8ffd38038f5edb986b7d2b1660fc7 -> 023f27171a187f71ff8a4853369f6cb5
  custom:scripting/monoscript/fileName/ReferenceCodeGen.cs: 1847e30272d75555141d3031c134c733 -> 
  custom:scripting/monoscript/fileName/GameCreatedEvent.cs: 25808abd6af439ae2d396c16c3d9e8f2 -> 13c2ac463741ba32d214c8bfa0606347
  custom:scripting/monoscript/fileName/TileGeneratedEvent.cs: 1b597c0aa79fd56f2f4088925f13cbef -> dba7452f6d7179c1abc1b361aa9403a8
  custom:scripting/monoscript/fileName/ScrollSnapSystem.cs: 51807458632b0abe0dcd77862975ce47 -> 49fa898761310374e9100843919f1617
  custom:scripting/monoscript/fileName/ChainDestructionRequestSystem.cs: e36a5ffa427d50aa181531f55986ccd8 -> 
  custom:scripting/monoscript/fileName/GameFlowSystem.cs: cf1e5382541a33c73a981035dae85045 -> b60539680bd07758445284af098b515c
  custom:scripting/monoscript/fileName/LevelLostCheckSystem.cs: 255183d3cc1fbb2d10c8abfa77b7b9e2 -> 1205ba5e4744c00285ba2c45a53da364
  custom:scripting/monoscript/fileName/CatchGameFieldEventsSystem.cs: 69b1fa6bdab0b0e6ef5f59e5ba1798e4 -> d8fdc78bead3537fb228755ca2d434dd
  custom:scripting/monoscript/fileName/FitObjectToCamera.cs: 942221b48ed202602e9ac643e54d7650 -> aaedefa2aeb7069389a90129af0ec391
  custom:scripting/monoscript/fileName/DestructionAnimalStrategyCfg.cs: b5449fe14a7d9ce6de2ff0202c280054 -> dcccc812fc5e86758b5038f4fc7d9a74
  custom:scripting/monoscript/fileName/CameraScaler.cs: 150bf424de40cfdb27d6bfc1fd0a2d72 -> 3cbb08bff7a396f130a0443ef1ccb748
  custom:scripting/monoscript/fileName/ScoreUIConnect.cs: c27938a2bdddd88ab951e7adbbd35794 -> ac7c32a805063f081f2fababb8d4d898
  custom:CustomObjectIndexerAttribute: 9a22284fe3817be447336de3de66b15e -> 
  custom:scripting/monoscript/fileName/ChainDestructionSystem.cs: 1804387f55e34d8c464a091638dbfb17 -> 
  custom:scripting/monoscript/fileName/GameFieldDestructRequest.cs: 10e88c15a7ec0cf5e99dbb40e0a3edf8 -> 39e29c44e39353c5f5e46e4fd35fb435
  custom:scripting/monoscript/fileName/GameLossTimerConnect.cs: f0cf7139ab50e9b8389bcd82a4789c30 -> 21c0067c523cc022f4caa4d8eef3c889
  custom:scripting/monoscript/fileName/GameFieldAlgorithmCfg.cs: 2a67613a1067bee0772c4bce0a006e8e -> c18842b2d8e9d19897c42dc941ae1a61
  custom:scripting/monoscript/fileName/DestructionChainTag.cs: d52207bbfd049f584009aa3d50645080 -> 
  custom:scripting/monoscript/fileName/AnimalCreationChainStrategySystem.cs: cfd77a10d3edff40c8fa516ba194c3f6 -> 6245b6c4937dad6bd6bfbe1a5bb91d82
  custom:scripting/monoscript/fileName/MetaGameUISystem.cs: 93f0bb4ace47f6ac6817404d82ccb661 -> 34bedb813123b4b9a91614edd15a8069
  custom:scripting/monoscript/fileName/ScrollSetupRequest.cs: a402aba2680e5863d1008ad06428d65a -> e1c69e68812599757df2aff91a4e9cf2
  custom:container-demuxer-webm: 4f35f7cbe854078d1ac9338744f61a02 -> 
  custom:scripting/monoscript/fileName/MovementAnimalsChainStrategySystem.cs: ddf53f03458710b79557a522f031acc1 -> 8570fef42c44af06a6c6a23f3d1aecaa
  custom:scripting/monoscript/fileName/FadeEffect.cs: 4615b2acb46a691c33b29aab26f2062a -> 
  custom:scripting/monoscript/fileName/MetaGameUIHiddenMarker.cs: a71b94db2ed8f97f815cc84fb87d48eb -> dddb2beaf43a7ef60953e2f9eacf78f8
  custom:scripting/monoscript/fileName/SourceCodeModifier.cs: 3ffa94fedf57701a474133f623b99b6a -> 5c7f9a2114ee5b14002453c253315bd0
  custom:scripting/monoscript/fileName/GameFieldAlgorithmTag.cs: 5b91fd95ca72cd7048aa9f46e543e265 -> da7c22434643605d19edac79c0d3b3c7
  custom:scripting/monoscript/fileName/GameFieldGrowthWaveAlgorithmSystem.cs: c43067b71ef74cae0090827f88cfe4b8 -> 00c4aec9ff9f1e3764b69170240089db
  custom:scripting/monoscript/fileName/LevelLossSystem.cs: 89eef653e3f28787ebae3df17b9a17fa -> 1a50b41fb86c42146dd1e7eca3f63c3b
  custom:scripting/monoscript/fileName/GameFieldGenerateRequest.cs: b3f004fb89f931ad5595eca9c3e3ea7d -> fc85f9d1ad1c72513abf13f206f13826
  custom:container-muxer-webm: aa71ff27fc2769a1b78a27578f13a17b -> 
  custom:scripting/monoscript/fileName/AnimalDestructedEvent.cs: de6741ad9146f65b9ee26b392c6f63b7 -> e882e3b205fcfc8f4d8ec1b06235b0f7
  custom:scripting/monoscript/fileName/DeleteEntityCommand.cs: bcabe5bfe518320718d48d41a3a0e90a -> 
  custom:video-decoder-webm-vp8: 9c59270c3fd7afecdb556c50c9e8de78 -> 
  custom:scripting/monoscript/fileName/DestroyViewRequest.cs: 1a0b5b4a36b5820faa4b3894f8324e00 -> 0ebb0c5641d0ac20e497e246c3eff337
  custom:scripting/monoscript/fileName/ApplyDestructionStrategyRequest.cs: 032a28d88c65010193deb5a4b99f58dd -> 213312285ccaacd75ce574cb89bf2411
  custom:scripting/monoscript/fileName/TileGenerator.cs: 042c900c13328f8a0055f0bccddada85 -> a538991689346061c6a9a2a96b02d37e
  custom:scripting/monoscript/fileName/ScaleEffect.cs: bf12e834d532f4f806bebaac99f812c1 -> 
  custom:SearchIndexIgnoredProperties: e643bd26f0fe6173181afceb89e7c659 -> 
  custom:scripting/monoscript/fileName/ScrollSnappedMarker.cs: 066cb0420eaae820b69ffbae9344f0b4 -> 1cd14000dfdbca98f6dda0685bba7fce
  custom:scripting/monoscript/fileName/DestroyViewSystem.cs: e1c1ea54b0c9f7465aac7332f0e6d6a8 -> 59b102bdf1755f7c7d016788c0259b93
  custom:scripting/monoscript/fileName/CleanupLevelRequest.cs: a4116677aeb8d793871c137a2a44b119 -> c4dd04e39c7a6664b68dab929adf2e81
  custom:AudioImporter_EditorPlatform: d09bf68614088b80899f8185d706f6e7 -> 
  custom:scripting/monoscript/fileName/ChainMovementMarker.cs: feac63d7e5aa51292f19abaa1d9db08c -> 
  custom:scripting/monoscript/fileName/ScrollPosition.cs: 225c0c33ea226da69f3473693dfb3c05 -> 9f9e723ba8833b9541ecfca3c6d6f8bc
  custom:scripting/monoscript/fileName/GameFieldWaveAlgorithmSystem.cs: fc14103f781a8cbb106ceeeb57eaeaab -> 607884f57fd7ce8ffeb8d2a7c96f93a3
  custom:scripting/monoscript/fileName/PlayerCfgRef.cs: 6d19f04523dbbba4fc64c8057f04e02a -> 198dbad4b6bbc11b3942c96af8dde650
  custom:scripting/monoscript/fileName/DestructionChainStrategySystem.cs: 783bb7763cba92611d8e9cf6674063b1 -> ddd821ede2656248bf0e9ddf669d5a28
  custom:scripting/monoscript/fileName/CreationChainTag.cs: 2998fd809902939f0ee04f473eeca00e -> 
  custom:scripting/monoscript/fileName/DestructionFeature.cs: b9b7cdbe8848a566388411c97a5fbd67 -> adcfef4ac4e45d2e562dcdc6fa49e429
  custom:scripting/monoscript/fileName/GameFieldAlgorithmIndex.cs: 9457d7f2147049910ea06f2159c61fc6 -> 7a58e7c6b5adebdaec058182398a5707
  custom:scripting/monoscript/fileName/GameLossTimerSystem.cs: de0b464553cb6b861179a91f75237edf -> 071940ff3f3e183b1d11d15239224386
  custom:scripting/monoscript/fileName/GameFieldPlaneAlgorithmSystem.cs: 526228704b2d4ed12e4753080710ec45 -> fec5555e40052f9e75dc859f5d201f4d
  custom:scripting/monoscript/fileName/ScrollSnappedEvent.cs: 85353374ba80b5fbd36ff4e2e7944412 -> 8bf4efe021842362c4e7d55e6a37d79a
  custom:scripting/monoscript/fileName/TargetEntities.cs: 677c58dfdc846d5246d0be31c31711ff -> 
  custom:scripting/monoscript/fileName/ShowMetaGameUIRequest.cs: 5564592071856871b46e981baa2e91f8 -> a88d7f1c319941ffae2f3a8957251596
  custom:scripting/monoscript/fileName/TileGenerator6.cs: 0a225711dfb489626c74dc5ff5d78f40 -> 83a93281253429d4bd51d4bfaf52f3ed
  custom:scripting/monoscript/fileName/GameFieldDestructedRequest.cs: c04d6601b9dc935cfc91348b0b9cc810 -> 47034b076d3abdec8c90304ac1fc38f1
  custom:scripting/monoscript/fileName/MetaGameUI.cs: b1f4a332b284a38895d9534e62ff0baf -> 67622f9ccfe38dacd5af3f2ae37c3026
  custom:scripting/monoscript/fileName/GameFieldClickSystem.cs: 9e6e496c03415de771bf8909db35f03b -> 3b1ea4c67b8ab5832ff3a23919e79f06
  custom:scripting/monoscript/fileName/BaseScrollSnapEffect.cs: d407bd1fc108496d969888a00479cce0 -> 
  custom:scripting/monoscript/fileName/CreateHUDSystem.cs: f8cd7ef545fa25f934c486aaa420eedd -> 43c05b406d9086180812a87a0e010e47
  custom:scripting/monoscript/fileName/Levels.cs: f22977143cde483af3e13597acee3c02 -> 37490b0d126f14e1e1d31453e3e94ae4
  custom:video-encoder-webm-vp8: eb34c28f22e8b96e1ab97ce403110664 -> 
  custom:scripting/monoscript/fileName/AnimalDestructionChainStrategySystem.cs: 23f4cc2de4c34d4d82415b095d5404aa -> 2d33061d60136630278a03c1042b54b3
  custom:scripting/monoscript/fileName/AnimalSpawnedEvent.cs: 18a67763bcf9b1b1ac26ffbfcbeed587 -> 7ad467d334ed6914a6a27adce1847b10
  custom:scripting/monoscript/fileName/RewardConnect.cs: de79e19f525e7b5954dbb77b1f453e4e -> 6751c3bbc08d4697c3b42878cd3daebd
  custom:audio-decoder-ogg-vorbis: bf7c407c2cedff20999df2af8eb42d56 -> 
  custom:scripting/monoscript/fileName/CleanupLevelSystem.cs: 72214ed46a73a03fca528428e05bd1c5 -> 8a5bce7edb21df4c4707d0529e30155e
  custom:scripting/monoscript/fileName/GameTag.cs: 2f67c69f27e85f806b88deb8c87b88d2 -> f5290ba12be2c3f124e97ffb76e9ea9f
  custom:scripting/monoscript/fileName/ScrollSnapTag.cs: 893d8b8aa473763f6ed0fb5321bbad28 -> c53bb14ce7c537cec4ba51b6c7bc6939
  custom:scripting/monoscript/fileName/GameFieldFeature.cs: 1f8b976c740b234c284fddfd95c568fd -> 9a83e32ad7b7857e12d74cf105f5a137
  custom:scripting/monoscript/fileName/GameScreen.cs: deb4cff0d85b325b8a61d3844cabec07 -> 84ec6758a1e33abe8d42365166b67ebd
  custom:scripting/monoscript/fileName/DestructionStrategyTag.cs: 950962d7baf41bc8fed98ea522a40170 -> 
  custom:scripting/monoscript/fileName/ScrollDraggedEvent.cs: d4b82f514f08a6e7eb8d3acbba3af876 -> 76bd8895c3b43170415bf40518460c7d
  custom:scripting/monoscript/fileName/CreateHUDRequest.cs: 61b5f154a3d1ac03d04c59d29d1c4e05 -> 11938a6be2a737aa70fadc220742dab2
  custom:scripting/monoscript/fileName/TileGenerator4.cs: 1ec433f057ddbb323aab6300cdd41968 -> 9b8c2608bd1d4162243c126a2c3ab74b
  custom:scripting/monoscript/fileName/GrowthWave.cs: 7c48243a6dd50c54e09b35b8a70e858a -> ab7a6a6e85687b04c58c7a681131bfdc
  custom:scripting/monoscript/fileName/AssemblyAnalyzer.cs: 5883fa404100530f6821c51e0df4a2b6 -> 
  custom:scripting/monoscript/fileName/CreateCoinRequest.cs: b6ee2396be79577ff18a940acb85bfe6 -> 8bf745611aed40a8441b8db392ff0316
  custom:scripting/monoscript/fileName/CreateGameLossTimerRequest.cs: 286f3e38529572dc1661f3473c808992 -> ef901bf1b06c7938a6030a67dd4d6d21
  custom:scripting/monoscript/fileName/DeathEvent.cs: ae7a15dcf33e2eb04a19bf37c49c469a -> 7ba4c6fe9f322f00d774d318ef8ef3b2
  custom:scripting/monoscript/fileName/GameFieldDestructedEvent.cs: 565697dff0d07f15eb4da25529efeaf3 -> 249503e823ee8a2543fdc65535f78404
  custom:scripting/monoscript/fileName/Wave.cs: e8061bad203a1f6efd397e8313ec6d83 -> ed89714bef4a8fe64f993c8bbc6df15f
  custom:scripting/monoscript/fileName/GameFieldDestructedMarker.cs: ab2e5320e3676ca16774eba7277d5b9e -> 6af6280f9d165b3fa0cbeef98677737a
  custom:scripting/monoscript/fileName/CoinUIConnect.cs: 8505822111497da435ec6d27192811c8 -> 9bed0bffdd7b151bbdc04ee5da58d9a4
  custom:scripting/monoscript/fileName/CreateGameSystem.cs: c40209e5646f830645bfdfa6dda44b96 -> acdc7e582431689501a3c2e4d1b573d0
  custom:audio-encoder-webm-vorbis: bf7c407c2cedff20999df2af8eb42d56 -> 
  custom:scripting/monoscript/fileName/ApplyStrategyRequest.cs: 04790d20b7aab51157b87a2b7ea70902 -> 
  custom:scripting/monoscript/fileName/ScrollSystem.cs: 80ef92943d864cb0b392598d6fcd75b9 -> 
  custom:scripting/monoscript/fileName/CreationChainStrategyTag.cs: 4fd921b87fca9ba0c731b954efca90f5 -> 7572d150aeb0955f670c8845e4df7c53
  custom:scripting/monoscript/fileName/ScrollDraggedMarker.cs: f40ec288e4d6330335dd03fa8726c839 -> 74ece2a65d27c55d64e7936bb538e5a8
  custom:scripting/monoscript/fileName/CreateAnimalsRequest.cs: a7ebd1a26b1e6c2c8f783f7506341452 -> 45001033be0d024e3f69c19d212eca00
  custom:scripting/monoscript/fileName/GameFieldGeneratedMarker.cs: 3343d51a95b5393b866292f7dd40076e -> 8ec9e96219719154c6ef937af1a570ab
  custom:scripting/monoscript/fileName/TileGenerator7.cs: d48bfbfd829455d8678bccfbd4ddf1db -> d7e74d9e48390acec81fb7d05eab04b6
  custom:scripting/monoscript/fileName/ClickSideMarker.cs: c1aa69917ccbb0e088243ec1d2c1ed5f -> 0c097904c16edc5a7ac1137f05d8d51c
  custom:scripting/monoscript/fileName/DestinationCellSystem.cs: 963aa1626fcb23e854feae01796a104e -> 840793441983a12313c0195510dbf2c3
  custom:scripting/precompiled-assembly-types:Assembly-CSharp: 24a37901489b57eb87c783ef84e1baff -> a8a0291e33e77c495a3eaeddbf28c6f7
  custom:scripting/monoscript/fileName/LevelLostMarker.cs: 93ebe850d5850b9eb8bc2c04e2ffed33 -> 3e55ffaf6b929b3b51e014250d9920ac
  custom:scripting/monoscript/fileName/GameTitleConnect.cs: 5c14e36aa95fc82c33183a9dfce72cd2 -> 41a65dfb2d31309386b013674fae2e80
  custom:scripting/monoscript/fileName/CreateGameScreenRequest.cs: a885ba890460f60ddcd2c66df732e91f -> 066c58def3458c57fd1f40d51ed860c1
  custom:scripting/monoscript/fileName/ScrollToTargetMarker.cs: 7c2577f2a0b3fb585d934a4d0b35b7ec -> 01286f347cbc8bec863dbe15212d04dd
  custom:scripting/monoscript/fileName/GameFieldGeneratedByAlgorithm.cs: 642fd6d4f4e02c35c870cd61f2ca081f -> 074895d821d9efb916232844efdac6c8
  custom:scripting/monoscript/fileName/TileGenerator5.cs: 0eaf6fadc56123ad87a1d593fa635ede -> ee69db292b395fb7006478b7279c5ca6
  custom:scripting/monoscript/fileName/GameScreenSystem.cs: a0b364fc1bcdda23e4dd359a2204c08d -> 402c5e1323b5b0152bd1eea24fa29d07
  custom:scripting/monoscript/fileName/DestructionChainStrategyTag.cs: b0d607db3ab31634dee73b569e199000 -> 0c62c6ddeecb954158e34eafdd3e629f
========================================================================
Received Prepare
Caller must complete domain reload
Begin MonoManager ReloadAssembly
- Loaded All Assemblies, in  1.579 seconds
Native extension for WindowsStandalone target not found
Native extension for Android target not found
Native extension for WebGL target not found
[Package Manager] Server::EnsureServerProcessIsRunning -- launch failed, reason: Unity was launched with the -noUpm command-line argument
[Package Manager] UpmClient::Send -- Unable to send message (not connected to UPM process).
[Package Manager] Cannot connect to Unity Package Manager local server
Mono: successfully reloaded assembly
[Package Manager] Server::EnsureServerProcessIsRunning -- launch failed, reason: Unity was launched with the -noUpm command-line argument
[Package Manager] UpmClient::Send -- Unable to send message (not connected to UPM process).
[Package Manager] Cannot connect to Unity Package Manager local server
- Finished resetting the current domain, in  1.964 seconds
Domain Reload Profiling: 3545ms
	BeginReloadAssembly (583ms)
		ExecutionOrderSort (0ms)
		DisableScriptedObjects (10ms)
		BackupInstance (0ms)
		ReleaseScriptingObjects (1ms)
		CreateAndSetChildDomain (181ms)
	RebuildCommonClasses (41ms)
	RebuildNativeTypeToScriptingClass (12ms)
	initialDomainReloadingComplete (51ms)
	LoadAllAssembliesAndSetupDomain (893ms)
		LoadAssemblies (1110ms)
		RebuildTransferFunctionScriptingTraits (0ms)
		AnalyzeDomain (80ms)
			TypeCache.Refresh (43ms)
				TypeCache.ScanAssembly (10ms)
			ScanForSourceGeneratedMonoScriptInfo (21ms)
			ResolveRequiredComponents (14ms)
	FinalizeReload (1965ms)
		ReleaseScriptCaches (0ms)
		RebuildScriptCaches (0ms)
		SetupLoadedEditorAssemblies (731ms)
			LogAssemblyErrors (0ms)
			InitializePlatformSupportModulesInManaged (39ms)
			SetLoadedEditorAssemblies (5ms)
			RefreshPlugins (0ms)
			BeforeProcessingInitializeOnLoad (76ms)
			ProcessInitializeOnLoadAttributes (355ms)
			ProcessInitializeOnLoadMethodAttributes (253ms)
			AfterProcessingInitializeOnLoad (3ms)
			EditorAssembliesLoaded (2ms)
		ExecutionOrderSort2 (0ms)
		AwakeInstancesAfterBackupRestoration (6ms)
Refreshing native plugins compatible for Editor in 12.86 ms, found 3 plugins.
Preloading 0 native plugins for Editor in 0.00 ms.
Unloading 4484 Unused Serialized files (Serialized files now loaded: 0)
Unloading 31 unused Assets / (66.7 KB). Loaded Objects now: 5147.
Memory consumption went from 193.7 MB to 193.7 MB.
Total: 25.301700 ms (FindLiveObjects: 1.256800 ms CreateObjectMapping: 0.169100 ms MarkObjects: 23.323700 ms  DeleteObjects: 0.550100 ms)

Prepare: number of updated asset objects reloaded= 0
AssetImportParameters requested are different than current active one (requested -> active):
  custom:scripting/monoscript/fileName/CatchGameFieldGeneratedRequest.cs: a67d51feea369e3830f924d9b8e9bd99 -> 17b67da9d0f3c4e2f8690dc96459b2b2
  custom:scripting/monoscript/fileName/TileGenerator3.cs: d30fb83fc6ac7475a319a83728c9ad41 -> 9b48fa675f0bce54dde0ed40b926842e
  custom:scripting/monoscript/fileName/GameFieldGrowthWaveAlgorithmTag.cs: 0ef400f135d729b9ef5ef61213bf46ca -> 992c54089fb6287a3abd63c766c90ae4
  custom:scripting/monoscript/fileName/CreateControlsRequest.cs: b6b52fa38bc5533b3ae550ee8b4085d9 -> 16e50cc2756add101f300d8e44319dd4
  custom:scripting/monoscript/fileName/HUDPrefab.cs: 30eaa62651e9c88e43fcb0d04e30077a -> 114724dd8b86c8d5655c0a4636c8f807
  custom:container-demuxer-ogg: 62fdf1f143b41e24485cea50d1cbac27 -> 
  custom:scripting/monoscript/fileName/TileGenerator2.cs: 09c5b2f1e3412cb486138eafe6da2ee9 -> d25441398affce60b9e3b08d18b5fa1c
  custom:scripting/monoscript/fileName/GameFlowFeature.cs: e6718831d198d39704b255f20f16f8d0 -> df0113f54b1bbce00d62c010ef3fe8b4
  custom:scripting/monoscript/fileName/CreationAnimalStrategyCfg.cs: fb433a13c1a2eff2a6d277801dbab975 -> 4fd36c8314e91d36d51becb0cdc6faeb
  custom:scripting/monoscript/fileName/CreateAnimalsSystem.cs: 8cef56369804335c0ac2e97203aee8a9 -> bee4bc1341c43b6aa3c88b1b3d4e3e18
  custom:scripting/monoscript/fileName/ScrollToTargetEvent.cs: 267de8c3fdba9d89cbf5a80a977d1db1 -> 1606e13368f10abd95859ea46f664d86
  custom:scripting/monoscript/fileName/GameFieldGeneratedEvent.cs: f908cee032e843be5ba60b9a2c441882 -> a6030e6b0b808118faf8aa49ffee5b94
  custom:scripting/monoscript/fileName/RandomGameFieldAlgorithmSystem.cs: 22b92a32636676be944ecefe67707cbf -> c5085b777b6be8657ea1f9bd1eb1f0e6
  custom:scripting/monoscript/fileName/GameFieldWaveAlgorithmTag.cs: 5be4d41974793f3169ea3a8184ff61d2 -> a3fe88f8e3ec0ea7cb6587b6cb569630
  custom:scripting/monoscript/fileName/GameFieldAlgorithms.cs: 9210f2e649de58f37f078a6eadd5eb19 -> a68d1cf9c70b1eb7af91f8532ed35f7f
  custom:scripting/monoscript/fileName/MetaGameUIHiddenEvent.cs: 342ed956eb53710532411f8c2784417a -> 463482aa840de7082f4a278ef86a7e1d
  custom:scripting/monoscript/fileName/LevelClearedEvent.cs: bbac8ca3904db25721b8cf3b0fab6582 -> 663b31180f17f64cf76455cfee4638c9
  custom:scripting/monoscript/fileName/GameScreenPrefab.cs: ad79cba3a80ff268ab301d438f50d7a3 -> b778ed7a73a66bec617f434ba9deff77
  custom:video-decoder-ogg-theora: a1e56fd34408186e4bbccfd4996cb3dc -> 
  custom:scripting/monoscript/fileName/CalculateCellScaleYSystem.cs: 939787dca0b233005791ec684dff156a -> 24348a5eb2340227fde21c4e16f198a5
  custom:scripting/monoscript/fileName/AnimalPositionedEvent.cs: 8e15db485d40ca13ea5402666ad1b4b3 -> 1bc3206bed9925993456a53b954cd396
  custom:scripting/monoscript/fileName/ScrollSnapEffect.cs: b6c51e4f0f8afbbfdca8ecd17bfb0fb9 -> 91d29477668f48905bbbd4cb6247533d
  custom:scripting/monoscript/fileName/LevelLifeTimeMarker.cs: bfaf24a17910b0a8ddcc0f9024db8056 -> d0a88ae6d48c761dad292d2aec410cb0
  custom:scripting/monoscript/fileName/GameFieldPlaneAlgorithmTag.cs: 21e5015ce1d5b093ab9d6011592292bd -> 7cf8c3e3aade2f1d2e7a2f82f1c5463e
  custom:framework-win-MediaFoundation: 216162199b28c13a410421893ffa2e32 -> 
  custom:scripting/monoscript/fileName/LevelLostEvent.cs: afc9b242eba24b2b4392b9bea1cad284 -> d1c8f0634443fb2b56e42e7c40935303
  custom:scripting/monoscript/fileName/GameField.cs: 27b6b3d034a0ef2e26f2934f1319d99d -> bf9a4c69a023939dbb88e3f1703ca432
  custom:scripting/monoscript/fileName/ScrollSnap.cs: 5dd984369f102ebda4e54789a0ea104e -> 74fe1fbb0f6bef271000d67e7c21bd45
  custom:scripting/monoscript/fileName/HideMetaGameUIRequest.cs: c6d8ffd38038f5edb986b7d2b1660fc7 -> 023f27171a187f71ff8a4853369f6cb5
  custom:scripting/monoscript/fileName/ReferenceCodeGen.cs: 1847e30272d75555141d3031c134c733 -> 
  custom:scripting/monoscript/fileName/GameCreatedEvent.cs: 25808abd6af439ae2d396c16c3d9e8f2 -> 13c2ac463741ba32d214c8bfa0606347
  custom:scripting/monoscript/fileName/TileGeneratedEvent.cs: 1b597c0aa79fd56f2f4088925f13cbef -> dba7452f6d7179c1abc1b361aa9403a8
  custom:scripting/monoscript/fileName/ScrollSnapSystem.cs: 51807458632b0abe0dcd77862975ce47 -> 49fa898761310374e9100843919f1617
  custom:scripting/monoscript/fileName/ChainDestructionRequestSystem.cs: e36a5ffa427d50aa181531f55986ccd8 -> 
  custom:scripting/monoscript/fileName/GameFlowSystem.cs: cf1e5382541a33c73a981035dae85045 -> b60539680bd07758445284af098b515c
  custom:scripting/monoscript/fileName/LevelLostCheckSystem.cs: 255183d3cc1fbb2d10c8abfa77b7b9e2 -> 1205ba5e4744c00285ba2c45a53da364
  custom:scripting/monoscript/fileName/CatchGameFieldEventsSystem.cs: 69b1fa6bdab0b0e6ef5f59e5ba1798e4 -> d8fdc78bead3537fb228755ca2d434dd
  custom:scripting/monoscript/fileName/FitObjectToCamera.cs: 942221b48ed202602e9ac643e54d7650 -> aaedefa2aeb7069389a90129af0ec391
  custom:scripting/monoscript/fileName/DestructionAnimalStrategyCfg.cs: b5449fe14a7d9ce6de2ff0202c280054 -> dcccc812fc5e86758b5038f4fc7d9a74
  custom:scripting/monoscript/fileName/CameraScaler.cs: 150bf424de40cfdb27d6bfc1fd0a2d72 -> 3cbb08bff7a396f130a0443ef1ccb748
  custom:scripting/monoscript/fileName/ScoreUIConnect.cs: c27938a2bdddd88ab951e7adbbd35794 -> ac7c32a805063f081f2fababb8d4d898
  custom:CustomObjectIndexerAttribute: 9a22284fe3817be447336de3de66b15e -> 
  custom:scripting/monoscript/fileName/ChainDestructionSystem.cs: 1804387f55e34d8c464a091638dbfb17 -> 
  custom:scripting/monoscript/fileName/GameFieldDestructRequest.cs: 10e88c15a7ec0cf5e99dbb40e0a3edf8 -> 39e29c44e39353c5f5e46e4fd35fb435
  custom:scripting/monoscript/fileName/GameLossTimerConnect.cs: f0cf7139ab50e9b8389bcd82a4789c30 -> 21c0067c523cc022f4caa4d8eef3c889
  custom:scripting/monoscript/fileName/GameFieldAlgorithmCfg.cs: 2a67613a1067bee0772c4bce0a006e8e -> c18842b2d8e9d19897c42dc941ae1a61
  custom:scripting/monoscript/fileName/DestructionChainTag.cs: d52207bbfd049f584009aa3d50645080 -> 
  custom:scripting/monoscript/fileName/AnimalCreationChainStrategySystem.cs: cfd77a10d3edff40c8fa516ba194c3f6 -> 6245b6c4937dad6bd6bfbe1a5bb91d82
  custom:scripting/monoscript/fileName/MetaGameUISystem.cs: 93f0bb4ace47f6ac6817404d82ccb661 -> 34bedb813123b4b9a91614edd15a8069
  custom:scripting/monoscript/fileName/ScrollSetupRequest.cs: a402aba2680e5863d1008ad06428d65a -> e1c69e68812599757df2aff91a4e9cf2
  custom:container-demuxer-webm: 4f35f7cbe854078d1ac9338744f61a02 -> 
  custom:scripting/monoscript/fileName/MovementAnimalsChainStrategySystem.cs: ddf53f03458710b79557a522f031acc1 -> 8570fef42c44af06a6c6a23f3d1aecaa
  custom:scripting/monoscript/fileName/FadeEffect.cs: 4615b2acb46a691c33b29aab26f2062a -> 
  custom:scripting/monoscript/fileName/MetaGameUIHiddenMarker.cs: a71b94db2ed8f97f815cc84fb87d48eb -> dddb2beaf43a7ef60953e2f9eacf78f8
  custom:scripting/monoscript/fileName/SourceCodeModifier.cs: 3ffa94fedf57701a474133f623b99b6a -> 5c7f9a2114ee5b14002453c253315bd0
  custom:scripting/monoscript/fileName/GameFieldAlgorithmTag.cs: 5b91fd95ca72cd7048aa9f46e543e265 -> da7c22434643605d19edac79c0d3b3c7
  custom:scripting/monoscript/fileName/GameFieldGrowthWaveAlgorithmSystem.cs: c43067b71ef74cae0090827f88cfe4b8 -> 00c4aec9ff9f1e3764b69170240089db
  custom:scripting/monoscript/fileName/LevelLossSystem.cs: 89eef653e3f28787ebae3df17b9a17fa -> 1a50b41fb86c42146dd1e7eca3f63c3b
  custom:scripting/monoscript/fileName/GameFieldGenerateRequest.cs: b3f004fb89f931ad5595eca9c3e3ea7d -> fc85f9d1ad1c72513abf13f206f13826
  custom:container-muxer-webm: aa71ff27fc2769a1b78a27578f13a17b -> 
  custom:scripting/monoscript/fileName/AnimalDestructedEvent.cs: de6741ad9146f65b9ee26b392c6f63b7 -> e882e3b205fcfc8f4d8ec1b06235b0f7
  custom:scripting/monoscript/fileName/DeleteEntityCommand.cs: bcabe5bfe518320718d48d41a3a0e90a -> 
  custom:video-decoder-webm-vp8: 9c59270c3fd7afecdb556c50c9e8de78 -> 
  custom:scripting/monoscript/fileName/DestroyViewRequest.cs: 1a0b5b4a36b5820faa4b3894f8324e00 -> 0ebb0c5641d0ac20e497e246c3eff337
  custom:scripting/monoscript/fileName/ApplyDestructionStrategyRequest.cs: 032a28d88c65010193deb5a4b99f58dd -> 213312285ccaacd75ce574cb89bf2411
  custom:scripting/monoscript/fileName/TileGenerator.cs: 042c900c13328f8a0055f0bccddada85 -> a538991689346061c6a9a2a96b02d37e
  custom:scripting/monoscript/fileName/ScaleEffect.cs: bf12e834d532f4f806bebaac99f812c1 -> 
  custom:SearchIndexIgnoredProperties: e643bd26f0fe6173181afceb89e7c659 -> 
  custom:scripting/monoscript/fileName/ScrollSnappedMarker.cs: 066cb0420eaae820b69ffbae9344f0b4 -> 1cd14000dfdbca98f6dda0685bba7fce
  custom:scripting/monoscript/fileName/DestroyViewSystem.cs: e1c1ea54b0c9f7465aac7332f0e6d6a8 -> 59b102bdf1755f7c7d016788c0259b93
  custom:scripting/monoscript/fileName/CleanupLevelRequest.cs: a4116677aeb8d793871c137a2a44b119 -> c4dd04e39c7a6664b68dab929adf2e81
  custom:AudioImporter_EditorPlatform: d09bf68614088b80899f8185d706f6e7 -> 
  custom:scripting/monoscript/fileName/ChainMovementMarker.cs: feac63d7e5aa51292f19abaa1d9db08c -> 
  custom:scripting/monoscript/fileName/ScrollPosition.cs: 225c0c33ea226da69f3473693dfb3c05 -> 9f9e723ba8833b9541ecfca3c6d6f8bc
  custom:scripting/monoscript/fileName/GameFieldWaveAlgorithmSystem.cs: fc14103f781a8cbb106ceeeb57eaeaab -> 607884f57fd7ce8ffeb8d2a7c96f93a3
  custom:scripting/monoscript/fileName/PlayerCfgRef.cs: 6d19f04523dbbba4fc64c8057f04e02a -> 198dbad4b6bbc11b3942c96af8dde650
  custom:scripting/monoscript/fileName/DestructionChainStrategySystem.cs: 783bb7763cba92611d8e9cf6674063b1 -> ddd821ede2656248bf0e9ddf669d5a28
  custom:scripting/monoscript/fileName/CreationChainTag.cs: 2998fd809902939f0ee04f473eeca00e -> 
  custom:scripting/monoscript/fileName/DestructionFeature.cs: b9b7cdbe8848a566388411c97a5fbd67 -> adcfef4ac4e45d2e562dcdc6fa49e429
  custom:scripting/monoscript/fileName/GameFieldAlgorithmIndex.cs: 9457d7f2147049910ea06f2159c61fc6 -> 7a58e7c6b5adebdaec058182398a5707
  custom:scripting/monoscript/fileName/GameLossTimerSystem.cs: de0b464553cb6b861179a91f75237edf -> 071940ff3f3e183b1d11d15239224386
  custom:scripting/monoscript/fileName/GameFieldPlaneAlgorithmSystem.cs: 526228704b2d4ed12e4753080710ec45 -> fec5555e40052f9e75dc859f5d201f4d
  custom:scripting/monoscript/fileName/ScrollSnappedEvent.cs: 85353374ba80b5fbd36ff4e2e7944412 -> 8bf4efe021842362c4e7d55e6a37d79a
  custom:scripting/monoscript/fileName/TargetEntities.cs: 677c58dfdc846d5246d0be31c31711ff -> 
  custom:scripting/monoscript/fileName/ShowMetaGameUIRequest.cs: 5564592071856871b46e981baa2e91f8 -> a88d7f1c319941ffae2f3a8957251596
  custom:scripting/monoscript/fileName/TileGenerator6.cs: 0a225711dfb489626c74dc5ff5d78f40 -> 83a93281253429d4bd51d4bfaf52f3ed
  custom:scripting/monoscript/fileName/GameFieldDestructedRequest.cs: c04d6601b9dc935cfc91348b0b9cc810 -> 47034b076d3abdec8c90304ac1fc38f1
  custom:scripting/monoscript/fileName/MetaGameUI.cs: b1f4a332b284a38895d9534e62ff0baf -> 67622f9ccfe38dacd5af3f2ae37c3026
  custom:scripting/monoscript/fileName/GameFieldClickSystem.cs: 9e6e496c03415de771bf8909db35f03b -> 3b1ea4c67b8ab5832ff3a23919e79f06
  custom:scripting/monoscript/fileName/BaseScrollSnapEffect.cs: d407bd1fc108496d969888a00479cce0 -> 
  custom:scripting/monoscript/fileName/CreateHUDSystem.cs: f8cd7ef545fa25f934c486aaa420eedd -> 43c05b406d9086180812a87a0e010e47
  custom:scripting/monoscript/fileName/Levels.cs: f22977143cde483af3e13597acee3c02 -> 37490b0d126f14e1e1d31453e3e94ae4
  custom:video-encoder-webm-vp8: eb34c28f22e8b96e1ab97ce403110664 -> 
  custom:scripting/monoscript/fileName/AnimalDestructionChainStrategySystem.cs: 23f4cc2de4c34d4d82415b095d5404aa -> 2d33061d60136630278a03c1042b54b3
  custom:scripting/monoscript/fileName/AnimalSpawnedEvent.cs: 18a67763bcf9b1b1ac26ffbfcbeed587 -> 7ad467d334ed6914a6a27adce1847b10
  custom:scripting/monoscript/fileName/RewardConnect.cs: de79e19f525e7b5954dbb77b1f453e4e -> 6751c3bbc08d4697c3b42878cd3daebd
  custom:audio-decoder-ogg-vorbis: bf7c407c2cedff20999df2af8eb42d56 -> 
  custom:scripting/monoscript/fileName/CleanupLevelSystem.cs: 72214ed46a73a03fca528428e05bd1c5 -> 8a5bce7edb21df4c4707d0529e30155e
  custom:scripting/monoscript/fileName/GameTag.cs: 2f67c69f27e85f806b88deb8c87b88d2 -> f5290ba12be2c3f124e97ffb76e9ea9f
  custom:scripting/monoscript/fileName/ScrollSnapTag.cs: 893d8b8aa473763f6ed0fb5321bbad28 -> c53bb14ce7c537cec4ba51b6c7bc6939
  custom:scripting/monoscript/fileName/GameFieldFeature.cs: 1f8b976c740b234c284fddfd95c568fd -> 9a83e32ad7b7857e12d74cf105f5a137
  custom:scripting/monoscript/fileName/GameScreen.cs: deb4cff0d85b325b8a61d3844cabec07 -> 84ec6758a1e33abe8d42365166b67ebd
  custom:scripting/monoscript/fileName/DestructionStrategyTag.cs: 950962d7baf41bc8fed98ea522a40170 -> 
  custom:scripting/monoscript/fileName/ScrollDraggedEvent.cs: d4b82f514f08a6e7eb8d3acbba3af876 -> 76bd8895c3b43170415bf40518460c7d
  custom:scripting/monoscript/fileName/CreateHUDRequest.cs: 61b5f154a3d1ac03d04c59d29d1c4e05 -> 11938a6be2a737aa70fadc220742dab2
  custom:scripting/monoscript/fileName/TileGenerator4.cs: 1ec433f057ddbb323aab6300cdd41968 -> 9b8c2608bd1d4162243c126a2c3ab74b
  custom:scripting/monoscript/fileName/GrowthWave.cs: 7c48243a6dd50c54e09b35b8a70e858a -> ab7a6a6e85687b04c58c7a681131bfdc
  custom:scripting/monoscript/fileName/AssemblyAnalyzer.cs: 5883fa404100530f6821c51e0df4a2b6 -> 
  custom:scripting/monoscript/fileName/CreateCoinRequest.cs: b6ee2396be79577ff18a940acb85bfe6 -> 8bf745611aed40a8441b8db392ff0316
  custom:scripting/monoscript/fileName/CreateGameLossTimerRequest.cs: 286f3e38529572dc1661f3473c808992 -> ef901bf1b06c7938a6030a67dd4d6d21
  custom:scripting/monoscript/fileName/DeathEvent.cs: ae7a15dcf33e2eb04a19bf37c49c469a -> 7ba4c6fe9f322f00d774d318ef8ef3b2
  custom:scripting/monoscript/fileName/GameFieldDestructedEvent.cs: 565697dff0d07f15eb4da25529efeaf3 -> 249503e823ee8a2543fdc65535f78404
  custom:scripting/monoscript/fileName/Wave.cs: e8061bad203a1f6efd397e8313ec6d83 -> ed89714bef4a8fe64f993c8bbc6df15f
  custom:scripting/monoscript/fileName/GameFieldDestructedMarker.cs: ab2e5320e3676ca16774eba7277d5b9e -> 6af6280f9d165b3fa0cbeef98677737a
  custom:scripting/monoscript/fileName/CoinUIConnect.cs: 8505822111497da435ec6d27192811c8 -> 9bed0bffdd7b151bbdc04ee5da58d9a4
  custom:scripting/monoscript/fileName/CreateGameSystem.cs: c40209e5646f830645bfdfa6dda44b96 -> acdc7e582431689501a3c2e4d1b573d0
  custom:audio-encoder-webm-vorbis: bf7c407c2cedff20999df2af8eb42d56 -> 
  custom:scripting/monoscript/fileName/ApplyStrategyRequest.cs: 04790d20b7aab51157b87a2b7ea70902 -> 
  custom:scripting/monoscript/fileName/ScrollSystem.cs: 80ef92943d864cb0b392598d6fcd75b9 -> 
  custom:scripting/monoscript/fileName/CreationChainStrategyTag.cs: 4fd921b87fca9ba0c731b954efca90f5 -> 7572d150aeb0955f670c8845e4df7c53
  custom:scripting/monoscript/fileName/ScrollDraggedMarker.cs: f40ec288e4d6330335dd03fa8726c839 -> 74ece2a65d27c55d64e7936bb538e5a8
  custom:scripting/monoscript/fileName/CreateAnimalsRequest.cs: a7ebd1a26b1e6c2c8f783f7506341452 -> 45001033be0d024e3f69c19d212eca00
  custom:scripting/monoscript/fileName/GameFieldGeneratedMarker.cs: 3343d51a95b5393b866292f7dd40076e -> 8ec9e96219719154c6ef937af1a570ab
  custom:scripting/monoscript/fileName/TileGenerator7.cs: d48bfbfd829455d8678bccfbd4ddf1db -> d7e74d9e48390acec81fb7d05eab04b6
  custom:scripting/monoscript/fileName/ClickSideMarker.cs: c1aa69917ccbb0e088243ec1d2c1ed5f -> 0c097904c16edc5a7ac1137f05d8d51c
  custom:scripting/monoscript/fileName/DestinationCellSystem.cs: 963aa1626fcb23e854feae01796a104e -> 840793441983a12313c0195510dbf2c3
  custom:scripting/precompiled-assembly-types:Assembly-CSharp: 24a37901489b57eb87c783ef84e1baff -> a8a0291e33e77c495a3eaeddbf28c6f7
  custom:scripting/monoscript/fileName/LevelLostMarker.cs: 93ebe850d5850b9eb8bc2c04e2ffed33 -> 3e55ffaf6b929b3b51e014250d9920ac
  custom:scripting/monoscript/fileName/GameTitleConnect.cs: 5c14e36aa95fc82c33183a9dfce72cd2 -> 41a65dfb2d31309386b013674fae2e80
  custom:scripting/monoscript/fileName/CreateGameScreenRequest.cs: a885ba890460f60ddcd2c66df732e91f -> 066c58def3458c57fd1f40d51ed860c1
  custom:scripting/monoscript/fileName/ScrollToTargetMarker.cs: 7c2577f2a0b3fb585d934a4d0b35b7ec -> 01286f347cbc8bec863dbe15212d04dd
  custom:scripting/monoscript/fileName/GameFieldGeneratedByAlgorithm.cs: 642fd6d4f4e02c35c870cd61f2ca081f -> 074895d821d9efb916232844efdac6c8
  custom:scripting/monoscript/fileName/TileGenerator5.cs: 0eaf6fadc56123ad87a1d593fa635ede -> ee69db292b395fb7006478b7279c5ca6
  custom:scripting/monoscript/fileName/GameScreenSystem.cs: a0b364fc1bcdda23e4dd359a2204c08d -> 402c5e1323b5b0152bd1eea24fa29d07
  custom:scripting/monoscript/fileName/DestructionChainStrategyTag.cs: b0d607db3ab31634dee73b569e199000 -> 0c62c6ddeecb954158e34eafdd3e629f
