Using pre-set license
Built from 'trunk' branch; Version is '6000.0.11f1 (fa01dd6b76d5) revision 16384477'; Using compiler version '193933523'; Build Type 'Release'
OS: 'Windows 10  (10.0.19044) 64bit Professional' Language: 'ru' Physical Memory: 7561 MB
BatchMode: 1, IsHumanControllingUs: 0, StartBugReporterOnCrash: 0, Is64bit: 1, IsPro: 1

COMMAND LINE ARGUMENTS:
D:\games\Unity\Unity Files (Dont Touch)\2021.3.9f1\6000.0.11f1\Editor\Unity.exe
-adb2
-batchMode
-noUpm
-name
AssetImportWorker4
-projectPath
D:/games/SlidingCubesGame/SlidingBlocksGame
-logFile
Logs/AssetImportWorker4.log
-srvPort
51922
-job-worker-count
5
-background-job-worker-count
8
-asset-garbage-collectors
1
Successfully changed project path to: D:/games/SlidingCubesGame/SlidingBlocksGame
D:/games/SlidingCubesGame/SlidingBlocksGame
[UnityMemory] Configuration Parameters - Can be set up in boot.config
    "memorysetup-bucket-allocator-granularity=16"
    "memorysetup-bucket-allocator-bucket-count=8"
    "memorysetup-bucket-allocator-block-size=33554432"
    "memorysetup-bucket-allocator-block-count=8"
    "memorysetup-main-allocator-block-size=16777216"
    "memorysetup-thread-allocator-block-size=16777216"
    "memorysetup-gfx-main-allocator-block-size=16777216"
    "memorysetup-gfx-thread-allocator-block-size=16777216"
    "memorysetup-cache-allocator-block-size=4194304"
    "memorysetup-typetree-allocator-block-size=2097152"
    "memorysetup-profiler-bucket-allocator-granularity=16"
    "memorysetup-profiler-bucket-allocator-bucket-count=8"
    "memorysetup-profiler-bucket-allocator-block-size=33554432"
    "memorysetup-profiler-bucket-allocator-block-count=8"
    "memorysetup-profiler-allocator-block-size=16777216"
    "memorysetup-profiler-editor-allocator-block-size=1048576"
    "memorysetup-temp-allocator-size-main=16777216"
    "memorysetup-job-temp-allocator-block-size=2097152"
    "memorysetup-job-temp-allocator-block-size-background=1048576"
    "memorysetup-job-temp-allocator-reduction-small-platforms=262144"
    "memorysetup-allocator-temp-initial-block-size-main=262144"
    "memorysetup-allocator-temp-initial-block-size-worker=262144"
    "memorysetup-temp-allocator-size-background-worker=32768"
    "memorysetup-temp-allocator-size-job-worker=262144"
    "memorysetup-temp-allocator-size-preload-manager=33554432"
    "memorysetup-temp-allocator-size-nav-mesh-worker=65536"
    "memorysetup-temp-allocator-size-audio-worker=65536"
    "memorysetup-temp-allocator-size-cloud-worker=32768"
    "memorysetup-temp-allocator-size-gi-baking-worker=262144"
    "memorysetup-temp-allocator-size-gi-baking-worker=262144"
    "memorysetup-temp-allocator-size-gi-baking-worker=262144"
    "memorysetup-temp-allocator-size-gi-baking-worker=262144"
    "memorysetup-temp-allocator-size-gi-baking-worker=262144"
    "memorysetup-temp-allocator-size-gfx=262144"
Player connection [3944]  Target information:

Player connection [3944]  * "[IP] 192.168.43.161 [Port] 0 [Flags] 2 [Guid] 3466019540 [EditorId] 3466019540 [Version] 1048832 [Id] WindowsEditor(7,DESKTOP-J7U7MAN) [Debug] 1 [PackageName] WindowsEditor [ProjectName] Editor" 

Player connection [3944] Host joined multi-casting on [225.0.0.222:54997]...
Player connection [3944] Host joined alternative multi-casting on [225.0.0.222:34997]...
JobSystem: Creating JobQueue using job-worker-count value 5
Library Redirect Path: Library/
[PhysX] Initialized MultithreadedTaskDispatcher with 6 workers.
Refreshing native plugins compatible for Editor in 2.26 ms, found 3 plugins.
Preloading 0 native plugins for Editor in 0.00 ms.
Initialize engine version: 6000.0.11f1 (fa01dd6b76d5)
[Subsystems] Discovering subsystems at path D:/games/Unity/Unity Files (Dont Touch)/2021.3.9f1/6000.0.11f1/Editor/Data/Resources/UnitySubsystems
[Subsystems] Discovering subsystems at path D:/games/SlidingCubesGame/SlidingBlocksGame/Assets
GfxDevice: creating device client; kGfxThreadingModeNonThreaded
Direct3D:
    Version:  Direct3D 11.0 [level 11.1]
    Renderer: AMD Radeon (TM) Graphics (ID=0x15e7)
    Vendor:   ATI
    VRAM:     3780 MB
    Driver:   31.0.12018.5
Initialize mono
Mono path[0] = 'D:/games/Unity/Unity Files (Dont Touch)/2021.3.9f1/6000.0.11f1/Editor/Data/Managed'
Mono path[1] = 'D:/games/Unity/Unity Files (Dont Touch)/2021.3.9f1/6000.0.11f1/Editor/Data/MonoBleedingEdge/lib/mono/unityjit-win32'
Mono config path = 'D:/games/Unity/Unity Files (Dont Touch)/2021.3.9f1/6000.0.11f1/Editor/Data/MonoBleedingEdge/etc'
Using monoOptions --debugger-agent=transport=dt_socket,embedding=1,server=y,suspend=n,address=127.0.0.1:56508
Begin MonoManager ReloadAssembly
Registering precompiled unity dll's ...
Register platform support module: D:/games/Unity/Unity Files (Dont Touch)/2021.3.9f1/6000.0.11f1/Editor/Data/PlaybackEngines/WindowsStandaloneSupport/UnityEditor.WindowsStandalone.Extensions.dll
Register platform support module: D:/games/Unity/Unity Files (Dont Touch)/2021.3.9f1/6000.0.11f1/Editor/Data/PlaybackEngines/AndroidPlayer/UnityEditor.Android.Extensions.dll
Registered in 0.008685 seconds.
- Loaded All Assemblies, in  0.620 seconds
Native extension for Android target not found
Android Extension - Scanning For ADB Devices 360 ms
Native extension for WindowsStandalone target not found
Mono: successfully reloaded assembly
- Finished resetting the current domain, in  0.919 seconds
Domain Reload Profiling: 1539ms
	BeginReloadAssembly (246ms)
		ExecutionOrderSort (0ms)
		DisableScriptedObjects (0ms)
		BackupInstance (0ms)
		ReleaseScriptingObjects (0ms)
		CreateAndSetChildDomain (1ms)
	RebuildCommonClasses (60ms)
	RebuildNativeTypeToScriptingClass (14ms)
	initialDomainReloadingComplete (72ms)
	LoadAllAssembliesAndSetupDomain (228ms)
		LoadAssemblies (245ms)
		RebuildTransferFunctionScriptingTraits (0ms)
		AnalyzeDomain (223ms)
			TypeCache.Refresh (220ms)
				TypeCache.ScanAssembly (200ms)
			BuildScriptInfoCaches (0ms)
			ResolveRequiredComponents (1ms)
	FinalizeReload (920ms)
		ReleaseScriptCaches (0ms)
		RebuildScriptCaches (0ms)
		SetupLoadedEditorAssemblies (867ms)
			LogAssemblyErrors (0ms)
			InitializePlatformSupportModulesInManaged (512ms)
			SetLoadedEditorAssemblies (4ms)
			BeforeProcessingInitializeOnLoad (8ms)
			ProcessInitializeOnLoadAttributes (160ms)
			ProcessInitializeOnLoadMethodAttributes (183ms)
			AfterProcessingInitializeOnLoad (0ms)
			EditorAssembliesLoaded (0ms)
		ExecutionOrderSort2 (0ms)
		AwakeInstancesAfterBackupRestoration (0ms)
========================================================================
Worker process is ready to serve import requests
Import Worker Mode flag is 0x00
Begin MonoManager ReloadAssembly
- Loaded All Assemblies, in  1.443 seconds
'Packages/com.dcfa_pixels.dragonecs-unity/src/Connectors/EcsWorldProvider.cs' contains partial class of Unity.Object, exactly 1 of the partial classes needs to be in a file with the same filename. This is to know the one that can be referenced from ie. GameObjects
'Packages/com.dcfa_pixels.dragonecs-unity/src/Buildin/EcsWorldProvider.cs' contains partial class of Unity.Object, exactly 1 of the partial classes needs to be in a file with the same filename. This is to know the one that can be referenced from ie. GameObjects
Refreshing native plugins compatible for Editor in 3.89 ms, found 3 plugins.
Native extension for Android target not found
Native extension for WindowsStandalone target not found
Launched and connected shader compiler UnityShaderCompiler.exe after 0.03 seconds
Mono: successfully reloaded assembly
Package Manager log level set to [2]
[Package Manager] Failed to launch server process. Reason: Unity was launched with the -noUpm command-line argument
[Package Manager] Unable to send message (not connected to server process).
[Package Manager] Cannot connect to Unity Package Manager local server
[Package Manager] Failed to launch server process. Reason: Unity was launched with the -noUpm command-line argument
[Package Manager] Unable to send message (not connected to server process).
[Package Manager] Cannot connect to Unity Package Manager local server
- Finished resetting the current domain, in  1.383 seconds
Domain Reload Profiling: 2834ms
	BeginReloadAssembly (635ms)
		ExecutionOrderSort (0ms)
		DisableScriptedObjects (7ms)
		BackupInstance (0ms)
		ReleaseScriptingObjects (0ms)
		CreateAndSetChildDomain (41ms)
	RebuildCommonClasses (44ms)
	RebuildNativeTypeToScriptingClass (15ms)
	initialDomainReloadingComplete (38ms)
	LoadAllAssembliesAndSetupDomain (707ms)
		LoadAssemblies (513ms)
		RebuildTransferFunctionScriptingTraits (0ms)
		AnalyzeDomain (299ms)
			TypeCache.Refresh (220ms)
				TypeCache.ScanAssembly (194ms)
			BuildScriptInfoCaches (67ms)
			ResolveRequiredComponents (7ms)
	FinalizeReload (1396ms)
		ReleaseScriptCaches (0ms)
		RebuildScriptCaches (0ms)
		SetupLoadedEditorAssemblies (1126ms)
			LogAssemblyErrors (0ms)
			InitializePlatformSupportModulesInManaged (21ms)
			SetLoadedEditorAssemblies (5ms)
			BeforeProcessingInitializeOnLoad (53ms)
			ProcessInitializeOnLoadAttributes (624ms)
			ProcessInitializeOnLoadMethodAttributes (419ms)
			AfterProcessingInitializeOnLoad (3ms)
			EditorAssembliesLoaded (1ms)
		ExecutionOrderSort2 (0ms)
		AwakeInstancesAfterBackupRestoration (8ms)
Refreshing native plugins compatible for Editor in 1.49 ms, found 3 plugins.
Preloading 0 native plugins for Editor in 0.00 ms.
Unloading 24 Unused Serialized files (Serialized files now loaded: 0)
Unloading 3762 unused Assets / (1.5 MB). Loaded Objects now: 4427.
Memory consumption went from 129.3 MB to 127.8 MB.
Total: 22.693200 ms (FindLiveObjects: 0.449300 ms CreateObjectMapping: 0.213500 ms MarkObjects: 20.450100 ms  DeleteObjects: 1.578100 ms)

========================================================================
Received Import Request.
  Time since last request: 11766.379521 seconds.
  path: Assets/_Project/LowpollyGameAssets/Sprites/Pictoicon_Gear.Png
  artifactKey: Guid(b1f94fe0adf414443a3eb5c0dda665d8) Importer(2089858483,0ecaa5967403d082aa24f35e1b516d23)
Start importing Assets/_Project/LowpollyGameAssets/Sprites/Pictoicon_Gear.Png using Guid(b1f94fe0adf414443a3eb5c0dda665d8) Importer(2089858483,0ecaa5967403d082aa24f35e1b516d23) (ScriptedImporter)[PhysX] Initialized MultithreadedTaskDispatcher with 6 workers.
 -> (artifact id: 'aacd97e630e4223652e69e1399befa0a') in 0.1973455 seconds
Number of updated asset objects reloaded before import = 0Number of asset objects unloaded after import = 3

========================================================================
Received Import Request.
  Time since last request: 543.520246 seconds.
  path: Assets/_Project/LowpollyGameAssets/Fonts/TMP_LINESeedSans.asset
  artifactKey: Guid(80c19bd5a61a74838817798a99a42ac9) Importer(2089858483,0ecaa5967403d082aa24f35e1b516d23)
Start importing Assets/_Project/LowpollyGameAssets/Fonts/TMP_LINESeedSans.asset using Guid(80c19bd5a61a74838817798a99a42ac9) Importer(2089858483,0ecaa5967403d082aa24f35e1b516d23) (ScriptedImporter)[PhysX] Initialized MultithreadedTaskDispatcher with 6 workers.
 -> (artifact id: 'c9aa58dc29d3df4917ee599a85ba33f6') in 0.5478364 seconds
Number of updated asset objects reloaded before import = 0Number of asset objects unloaded after import = 5

========================================================================
Received Import Request.
  Time since last request: 10.726242 seconds.
  path: Assets/_Project/MainScreen.prefab
  artifactKey: Guid(414af5587425f08428ab122766844dad) Importer(2089858483,0ecaa5967403d082aa24f35e1b516d23)
Start importing Assets/_Project/MainScreen.prefab using Guid(414af5587425f08428ab122766844dad) Importer(2089858483,0ecaa5967403d082aa24f35e1b516d23) (ScriptedImporter)[PhysX] Initialized MultithreadedTaskDispatcher with 6 workers.
 -> (artifact id: '0a37609c98fce756ac9c709859bf4b9a') in 0.1121179 seconds
Number of updated asset objects reloaded before import = 0Number of asset objects unloaded after import = 111

========================================================================
Received Import Request.
  Time since last request: 2.306010 seconds.
  path: Assets/UIScene.unity
  artifactKey: Guid(3453330b6fdb6f649add0380f8929e63) Importer(2089858483,0ecaa5967403d082aa24f35e1b516d23)
Start importing Assets/UIScene.unity using Guid(3453330b6fdb6f649add0380f8929e63) Importer(2089858483,0ecaa5967403d082aa24f35e1b516d23) (ScriptedImporter)[PhysX] Initialized MultithreadedTaskDispatcher with 6 workers.
 -> (artifact id: '6461d0e1b1716cd1b189e80640d94627') in 0.003942 seconds
Number of updated asset objects reloaded before import = 0Number of asset objects unloaded after import = 1

========================================================================
Received Import Request.
  Time since last request: 109.143934 seconds.
  path: Assets/GUI PRO Kit - Casual Game/ResourcesData/Sprite/Component/Icon_PictoIcons(x2)/256/Pictoicon_Arrow_Bottom.Png
  artifactKey: Guid(f8f7db47cc4b846a1b43373359541d9e) Importer(815301076,1909f56bfc062723c751e8b465ee728b)
Start importing Assets/GUI PRO Kit - Casual Game/ResourcesData/Sprite/Component/Icon_PictoIcons(x2)/256/Pictoicon_Arrow_Bottom.Png using Guid(f8f7db47cc4b846a1b43373359541d9e) Importer(815301076,1909f56bfc062723c751e8b465ee728b) (PreviewImporter)[PhysX] Initialized MultithreadedTaskDispatcher with 6 workers.
[PhysX] Initialized MultithreadedTaskDispatcher with 6 workers.
 -> (artifact id: '98c6c1ed8aeac473b7f187637f2800a8') in 0.3457709 seconds
Number of updated asset objects reloaded before import = 0Number of asset objects unloaded after import = 3

========================================================================
Received Import Request.
  Time since last request: 0.011928 seconds.
  path: Assets/GUI PRO Kit - Casual Game/ResourcesData/Sprite/Component/Icon_PictoIcons(x2)/256/Pictoicon_Arrow_Fw.Png
  artifactKey: Guid(9ade466bf6b844708885e60ae21c97cf) Importer(815301076,1909f56bfc062723c751e8b465ee728b)
Start importing Assets/GUI PRO Kit - Casual Game/ResourcesData/Sprite/Component/Icon_PictoIcons(x2)/256/Pictoicon_Arrow_Fw.Png using Guid(9ade466bf6b844708885e60ae21c97cf) Importer(815301076,1909f56bfc062723c751e8b465ee728b) (PreviewImporter)[PhysX] Initialized MultithreadedTaskDispatcher with 6 workers.
[PhysX] Initialized MultithreadedTaskDispatcher with 6 workers.
 -> (artifact id: '4f70ae895c931f5fbd185b23f26f5c54') in 0.0161655 seconds
Number of updated asset objects reloaded before import = 0Number of asset objects unloaded after import = 3

========================================================================
Received Import Request.
  Time since last request: 1.351771 seconds.
  path: Assets/GUI PRO Kit - Casual Game/ResourcesData/Sprite/Component/Icon_PictoIcons(x2)/256/Pictoicon_Battery_0.Png
  artifactKey: Guid(272e275ae52624ac097117e0fcd7657c) Importer(815301076,1909f56bfc062723c751e8b465ee728b)
Start importing Assets/GUI PRO Kit - Casual Game/ResourcesData/Sprite/Component/Icon_PictoIcons(x2)/256/Pictoicon_Battery_0.Png using Guid(272e275ae52624ac097117e0fcd7657c) Importer(815301076,1909f56bfc062723c751e8b465ee728b) (PreviewImporter)[PhysX] Initialized MultithreadedTaskDispatcher with 6 workers.
[PhysX] Initialized MultithreadedTaskDispatcher with 6 workers.
 -> (artifact id: 'c6252ff5fc890650cbc8ca65f4499702') in 0.0094759 seconds
Number of updated asset objects reloaded before import = 0Number of asset objects unloaded after import = 3

========================================================================
Received Import Request.
  Time since last request: 0.372190 seconds.
  path: Assets/GUI PRO Kit - Casual Game/ResourcesData/Sprite/Component/Icon_PictoIcons(x2)/256/Pictoicon_Battery_1.Png
  artifactKey: Guid(1928ad603bf0547f586122e94dd9d914) Importer(815301076,1909f56bfc062723c751e8b465ee728b)
Start importing Assets/GUI PRO Kit - Casual Game/ResourcesData/Sprite/Component/Icon_PictoIcons(x2)/256/Pictoicon_Battery_1.Png using Guid(1928ad603bf0547f586122e94dd9d914) Importer(815301076,1909f56bfc062723c751e8b465ee728b) (PreviewImporter)[PhysX] Initialized MultithreadedTaskDispatcher with 6 workers.
[PhysX] Initialized MultithreadedTaskDispatcher with 6 workers.
 -> (artifact id: '9643542a463519062552dfb4d9937ebe') in 0.0143548 seconds
Number of updated asset objects reloaded before import = 0Number of asset objects unloaded after import = 3

========================================================================
Received Import Request.
  Time since last request: 1.528053 seconds.
  path: Assets/GUI PRO Kit - Casual Game/ResourcesData/Sprite/Component/Icon_PictoIcons(x2)/256/Pictoicon_Bone.Png
  artifactKey: Guid(9a774464cf33e466c911c8e2d894e3ce) Importer(815301076,1909f56bfc062723c751e8b465ee728b)
Start importing Assets/GUI PRO Kit - Casual Game/ResourcesData/Sprite/Component/Icon_PictoIcons(x2)/256/Pictoicon_Bone.Png using Guid(9a774464cf33e466c911c8e2d894e3ce) Importer(815301076,1909f56bfc062723c751e8b465ee728b) (PreviewImporter)[PhysX] Initialized MultithreadedTaskDispatcher with 6 workers.
[PhysX] Initialized MultithreadedTaskDispatcher with 6 workers.
 -> (artifact id: '63751bafa4ba6c963e414f21a0ce5efa') in 0.0136158 seconds
Number of updated asset objects reloaded before import = 0Number of asset objects unloaded after import = 3

========================================================================
Received Import Request.
  Time since last request: 17.577388 seconds.
  path: Assets/UIScene.unity
  artifactKey: Guid(3453330b6fdb6f649add0380f8929e63) Importer(815301076,1909f56bfc062723c751e8b465ee728b)
Start importing Assets/UIScene.unity using Guid(3453330b6fdb6f649add0380f8929e63) Importer(815301076,1909f56bfc062723c751e8b465ee728b) (PreviewImporter)[PhysX] Initialized MultithreadedTaskDispatcher with 6 workers.
 -> (artifact id: 'c2ee5d448c6827b9517091b6131f18cf') in 0.0006892 seconds
Number of updated asset objects reloaded before import = 0Number of asset objects unloaded after import = 0

========================================================================
Received Import Request.
  Time since last request: 8.504778 seconds.
  path: Assets/_Project/Scenes/SampleScene.unity
  artifactKey: Guid(c850ee8c3b14cc8459e7e186857cf567) Importer(815301076,1909f56bfc062723c751e8b465ee728b)
Start importing Assets/_Project/Scenes/SampleScene.unity using Guid(c850ee8c3b14cc8459e7e186857cf567) Importer(815301076,1909f56bfc062723c751e8b465ee728b) (PreviewImporter)[PhysX] Initialized MultithreadedTaskDispatcher with 6 workers.
 -> (artifact id: '6047c34070c947e826c876826aa4b5d0') in 0.0011535 seconds
Number of updated asset objects reloaded before import = 0Number of asset objects unloaded after import = 0

========================================================================
Received Import Request.
  Time since last request: 400.509618 seconds.
  path: Assets/_Project/MainScreen.prefab
  artifactKey: Guid(414af5587425f08428ab122766844dad) Importer(2089858483,0ecaa5967403d082aa24f35e1b516d23)
Start importing Assets/_Project/MainScreen.prefab using Guid(414af5587425f08428ab122766844dad) Importer(2089858483,0ecaa5967403d082aa24f35e1b516d23) (ScriptedImporter)[PhysX] Initialized MultithreadedTaskDispatcher with 6 workers.
 -> (artifact id: 'b9c2da2e2f24e309ec71001d9f4126d9') in 0.0389385 seconds
Number of updated asset objects reloaded before import = 0Number of asset objects unloaded after import = 111

========================================================================
Received Prepare
'Packages/com.dcfa_pixels.dragonecs-unity/src/Connectors/EcsWorldProvider.cs' contains partial class of Unity.Object, exactly 1 of the partial classes needs to be in a file with the same filename. This is to know the one that can be referenced from ie. GameObjects
'Packages/com.dcfa_pixels.dragonecs-unity/src/Buildin/EcsWorldProvider.cs' contains partial class of Unity.Object, exactly 1 of the partial classes needs to be in a file with the same filename. This is to know the one that can be referenced from ie. GameObjects
Refreshing native plugins compatible for Editor in 3.12 ms, found 3 plugins.
Preloading 0 native plugins for Editor in 0.00 ms.
Unloading 0 Unused Serialized files (Serialized files now loaded: 0)
Unloading 3744 unused Assets / (0.9 MB). Loaded Objects now: 4435.
Memory consumption went from 122.3 MB to 121.4 MB.
Total: 851.058900 ms (FindLiveObjects: 4.357700 ms CreateObjectMapping: 0.318300 ms MarkObjects: 842.675300 ms  DeleteObjects: 3.705400 ms)

Prepare: number of updated asset objects reloaded= 0
========================================================================
Received Import Request.
  Time since last request: 3797.364710 seconds.
  path: Assets/_Project/Scripts/Gameplay/Features/GameWorldCreationFeature/Components/GameScreenCfg.cs
  artifactKey: Guid(0376dac6581243df965273d194edc421) Importer(2089858483,0ecaa5967403d082aa24f35e1b516d23)
Start importing Assets/_Project/Scripts/Gameplay/Features/GameWorldCreationFeature/Components/GameScreenCfg.cs using Guid(0376dac6581243df965273d194edc421) Importer(2089858483,0ecaa5967403d082aa24f35e1b516d23) (ScriptedImporter)[PhysX] Initialized MultithreadedTaskDispatcher with 6 workers.
 -> (artifact id: 'c531ba85eb9219040a9981266e5bb9c3') in 0.0728839 seconds
Number of updated asset objects reloaded before import = 0Number of asset objects unloaded after import = 0

========================================================================
Received Prepare
Begin MonoManager ReloadAssembly
- Loaded All Assemblies, in  4.336 seconds
'Packages/com.dcfa_pixels.dragonecs-unity/src/Connectors/EcsWorldProvider.cs' contains partial class of Unity.Object, exactly 1 of the partial classes needs to be in a file with the same filename. This is to know the one that can be referenced from ie. GameObjects
'Packages/com.dcfa_pixels.dragonecs-unity/src/Buildin/EcsWorldProvider.cs' contains partial class of Unity.Object, exactly 1 of the partial classes needs to be in a file with the same filename. This is to know the one that can be referenced from ie. GameObjects
Refreshing native plugins compatible for Editor in 3.39 ms, found 3 plugins.
Native extension for Android target not found
Native extension for WindowsStandalone target not found
Mono: successfully reloaded assembly
[Package Manager] Failed to launch server process. Reason: Unity was launched with the -noUpm command-line argument
[Package Manager] Unable to send message (not connected to server process).
[Package Manager] Cannot connect to Unity Package Manager local server
- Finished resetting the current domain, in  1.116 seconds
Domain Reload Profiling: 5461ms
	BeginReloadAssembly (2645ms)
		ExecutionOrderSort (2ms)
		DisableScriptedObjects (241ms)
		BackupInstance (0ms)
		ReleaseScriptingObjects (10ms)
		CreateAndSetChildDomain (1274ms)
	RebuildCommonClasses (38ms)
	RebuildNativeTypeToScriptingClass (12ms)
	initialDomainReloadingComplete (74ms)
	LoadAllAssembliesAndSetupDomain (1574ms)
		LoadAssemblies (1581ms)
		RebuildTransferFunctionScriptingTraits (0ms)
		AnalyzeDomain (308ms)
			TypeCache.Refresh (57ms)
				TypeCache.ScanAssembly (8ms)
			BuildScriptInfoCaches (225ms)
			ResolveRequiredComponents (7ms)
	FinalizeReload (1117ms)
		ReleaseScriptCaches (0ms)
		RebuildScriptCaches (0ms)
		SetupLoadedEditorAssemblies (875ms)
			LogAssemblyErrors (0ms)
			InitializePlatformSupportModulesInManaged (24ms)
			SetLoadedEditorAssemblies (4ms)
			BeforeProcessingInitializeOnLoad (39ms)
			ProcessInitializeOnLoadAttributes (485ms)
			ProcessInitializeOnLoadMethodAttributes (318ms)
			AfterProcessingInitializeOnLoad (5ms)
			EditorAssembliesLoaded (1ms)
		ExecutionOrderSort2 (0ms)
		AwakeInstancesAfterBackupRestoration (6ms)
Refreshing native plugins compatible for Editor in 1.95 ms, found 3 plugins.
Preloading 0 native plugins for Editor in 0.00 ms.
Unloading 0 Unused Serialized files (Serialized files now loaded: 0)
Unloading 3762 unused Assets / (1.2 MB). Loaded Objects now: 4436.
Memory consumption went from 123.2 MB to 122.0 MB.
Total: 24.890100 ms (FindLiveObjects: 0.491100 ms CreateObjectMapping: 0.952100 ms MarkObjects: 21.934100 ms  DeleteObjects: 1.504300 ms)

Prepare: number of updated asset objects reloaded= 0
========================================================================
Received Import Request.
  Time since last request: 604.426097 seconds.
  path: Assets
  artifactKey: Guid(00000000000000001000000000000000) Importer(815301076,1909f56bfc062723c751e8b465ee728b)
Start importing Assets using Guid(00000000000000001000000000000000) Importer(815301076,1909f56bfc062723c751e8b465ee728b) (PreviewImporter)[PhysX] Initialized MultithreadedTaskDispatcher with 6 workers.
 -> (artifact id: 'c391582d739b6e62a5220f35cbb167ac') in 0.009135 seconds
Number of updated asset objects reloaded before import = 0Number of asset objects unloaded after import = 0

========================================================================
Received Prepare
'Packages/com.dcfa_pixels.dragonecs-unity/src/Connectors/EcsWorldProvider.cs' contains partial class of Unity.Object, exactly 1 of the partial classes needs to be in a file with the same filename. This is to know the one that can be referenced from ie. GameObjects
'Packages/com.dcfa_pixels.dragonecs-unity/src/Buildin/EcsWorldProvider.cs' contains partial class of Unity.Object, exactly 1 of the partial classes needs to be in a file with the same filename. This is to know the one that can be referenced from ie. GameObjects
Refreshing native plugins compatible for Editor in 2.27 ms, found 3 plugins.
Preloading 0 native plugins for Editor in 0.00 ms.
Unloading 0 Unused Serialized files (Serialized files now loaded: 0)
Unloading 3745 unused Assets / (1.1 MB). Loaded Objects now: 4436.
Memory consumption went from 123.3 MB to 122.2 MB.
Total: 30.242600 ms (FindLiveObjects: 0.778300 ms CreateObjectMapping: 0.331100 ms MarkObjects: 27.361700 ms  DeleteObjects: 1.770000 ms)

Prepare: number of updated asset objects reloaded= 0
========================================================================
Received Prepare
'Packages/com.dcfa_pixels.dragonecs-unity/src/Connectors/EcsWorldProvider.cs' contains partial class of Unity.Object, exactly 1 of the partial classes needs to be in a file with the same filename. This is to know the one that can be referenced from ie. GameObjects
'Packages/com.dcfa_pixels.dragonecs-unity/src/Buildin/EcsWorldProvider.cs' contains partial class of Unity.Object, exactly 1 of the partial classes needs to be in a file with the same filename. This is to know the one that can be referenced from ie. GameObjects
Refreshing native plugins compatible for Editor in 1.66 ms, found 3 plugins.
Preloading 0 native plugins for Editor in 0.00 ms.
Unloading 0 Unused Serialized files (Serialized files now loaded: 0)
Unloading 3745 unused Assets / (1.1 MB). Loaded Objects now: 4436.
Memory consumption went from 123.3 MB to 122.2 MB.
Total: 24.805400 ms (FindLiveObjects: 0.646100 ms CreateObjectMapping: 0.233300 ms MarkObjects: 21.883600 ms  DeleteObjects: 2.040700 ms)

Prepare: number of updated asset objects reloaded= 0
========================================================================
Received Prepare
'Packages/com.dcfa_pixels.dragonecs-unity/src/Connectors/EcsWorldProvider.cs' contains partial class of Unity.Object, exactly 1 of the partial classes needs to be in a file with the same filename. This is to know the one that can be referenced from ie. GameObjects
'Packages/com.dcfa_pixels.dragonecs-unity/src/Buildin/EcsWorldProvider.cs' contains partial class of Unity.Object, exactly 1 of the partial classes needs to be in a file with the same filename. This is to know the one that can be referenced from ie. GameObjects
Refreshing native plugins compatible for Editor in 1.50 ms, found 3 plugins.
Preloading 0 native plugins for Editor in 0.00 ms.
Unloading 0 Unused Serialized files (Serialized files now loaded: 0)
Unloading 3745 unused Assets / (0.8 MB). Loaded Objects now: 4436.
Memory consumption went from 123.3 MB to 122.5 MB.
Total: 20.370500 ms (FindLiveObjects: 0.454800 ms CreateObjectMapping: 0.212300 ms MarkObjects: 18.358200 ms  DeleteObjects: 1.343800 ms)

Prepare: number of updated asset objects reloaded= 0
========================================================================
Received Prepare
'Packages/com.dcfa_pixels.dragonecs-unity/src/Connectors/EcsWorldProvider.cs' contains partial class of Unity.Object, exactly 1 of the partial classes needs to be in a file with the same filename. This is to know the one that can be referenced from ie. GameObjects
'Packages/com.dcfa_pixels.dragonecs-unity/src/Buildin/EcsWorldProvider.cs' contains partial class of Unity.Object, exactly 1 of the partial classes needs to be in a file with the same filename. This is to know the one that can be referenced from ie. GameObjects
Refreshing native plugins compatible for Editor in 1.27 ms, found 3 plugins.
Preloading 0 native plugins for Editor in 0.00 ms.
Unloading 0 Unused Serialized files (Serialized files now loaded: 0)
Unloading 3745 unused Assets / (0.8 MB). Loaded Objects now: 4436.
Memory consumption went from 123.3 MB to 122.5 MB.
Total: 19.127900 ms (FindLiveObjects: 0.399700 ms CreateObjectMapping: 0.177200 ms MarkObjects: 17.631600 ms  DeleteObjects: 0.918400 ms)

Prepare: number of updated asset objects reloaded= 0
========================================================================
Received Prepare
'Packages/com.dcfa_pixels.dragonecs-unity/src/Connectors/EcsWorldProvider.cs' contains partial class of Unity.Object, exactly 1 of the partial classes needs to be in a file with the same filename. This is to know the one that can be referenced from ie. GameObjects
'Packages/com.dcfa_pixels.dragonecs-unity/src/Buildin/EcsWorldProvider.cs' contains partial class of Unity.Object, exactly 1 of the partial classes needs to be in a file with the same filename. This is to know the one that can be referenced from ie. GameObjects
Refreshing native plugins compatible for Editor in 1.48 ms, found 3 plugins.
Preloading 0 native plugins for Editor in 0.00 ms.
Unloading 0 Unused Serialized files (Serialized files now loaded: 0)
Unloading 3745 unused Assets / (0.9 MB). Loaded Objects now: 4436.
Memory consumption went from 123.3 MB to 122.3 MB.
Total: 25.279900 ms (FindLiveObjects: 0.611400 ms CreateObjectMapping: 0.237900 ms MarkObjects: 23.138600 ms  DeleteObjects: 1.290000 ms)

Prepare: number of updated asset objects reloaded= 0
========================================================================
Received Prepare
'Packages/com.dcfa_pixels.dragonecs-unity/src/Connectors/EcsWorldProvider.cs' contains partial class of Unity.Object, exactly 1 of the partial classes needs to be in a file with the same filename. This is to know the one that can be referenced from ie. GameObjects
'Packages/com.dcfa_pixels.dragonecs-unity/src/Buildin/EcsWorldProvider.cs' contains partial class of Unity.Object, exactly 1 of the partial classes needs to be in a file with the same filename. This is to know the one that can be referenced from ie. GameObjects
Refreshing native plugins compatible for Editor in 1.67 ms, found 3 plugins.
Preloading 0 native plugins for Editor in 0.00 ms.
Unloading 0 Unused Serialized files (Serialized files now loaded: 0)
Unloading 3746 unused Assets / (0.9 MB). Loaded Objects now: 4437.
Memory consumption went from 123.3 MB to 122.4 MB.
Total: 29.007400 ms (FindLiveObjects: 0.450900 ms CreateObjectMapping: 0.231000 ms MarkObjects: 26.769700 ms  DeleteObjects: 1.553400 ms)

Prepare: number of updated asset objects reloaded= 0
========================================================================
Received Prepare
'Packages/com.dcfa_pixels.dragonecs-unity/src/Connectors/EcsWorldProvider.cs' contains partial class of Unity.Object, exactly 1 of the partial classes needs to be in a file with the same filename. This is to know the one that can be referenced from ie. GameObjects
'Packages/com.dcfa_pixels.dragonecs-unity/src/Buildin/EcsWorldProvider.cs' contains partial class of Unity.Object, exactly 1 of the partial classes needs to be in a file with the same filename. This is to know the one that can be referenced from ie. GameObjects
Refreshing native plugins compatible for Editor in 1.73 ms, found 3 plugins.
Preloading 0 native plugins for Editor in 0.00 ms.
Unloading 0 Unused Serialized files (Serialized files now loaded: 0)
Unloading 3748 unused Assets / (0.9 MB). Loaded Objects now: 4439.
Memory consumption went from 123.3 MB to 122.4 MB.
Total: 25.706500 ms (FindLiveObjects: 0.414600 ms CreateObjectMapping: 0.200200 ms MarkObjects: 23.469600 ms  DeleteObjects: 1.619900 ms)

Prepare: number of updated asset objects reloaded= 0
========================================================================
Received Prepare
'Packages/com.dcfa_pixels.dragonecs-unity/src/Connectors/EcsWorldProvider.cs' contains partial class of Unity.Object, exactly 1 of the partial classes needs to be in a file with the same filename. This is to know the one that can be referenced from ie. GameObjects
'Packages/com.dcfa_pixels.dragonecs-unity/src/Buildin/EcsWorldProvider.cs' contains partial class of Unity.Object, exactly 1 of the partial classes needs to be in a file with the same filename. This is to know the one that can be referenced from ie. GameObjects
Refreshing native plugins compatible for Editor in 1.45 ms, found 3 plugins.
Preloading 0 native plugins for Editor in 0.00 ms.
Unloading 0 Unused Serialized files (Serialized files now loaded: 0)
Unloading 3748 unused Assets / (1.4 MB). Loaded Objects now: 4439.
Memory consumption went from 123.3 MB to 121.9 MB.
Total: 22.883500 ms (FindLiveObjects: 0.769100 ms CreateObjectMapping: 0.290200 ms MarkObjects: 20.106600 ms  DeleteObjects: 1.715400 ms)

Prepare: number of updated asset objects reloaded= 0
========================================================================
Received Prepare
Begin MonoManager ReloadAssembly
- Loaded All Assemblies, in  2.623 seconds
'Packages/com.dcfa_pixels.dragonecs-unity/src/Connectors/EcsWorldProvider.cs' contains partial class of Unity.Object, exactly 1 of the partial classes needs to be in a file with the same filename. This is to know the one that can be referenced from ie. GameObjects
'Packages/com.dcfa_pixels.dragonecs-unity/src/Buildin/EcsWorldProvider.cs' contains partial class of Unity.Object, exactly 1 of the partial classes needs to be in a file with the same filename. This is to know the one that can be referenced from ie. GameObjects
Refreshing native plugins compatible for Editor in 3.93 ms, found 3 plugins.
Assertion failed on expression: 'pred(*previous, *i)'
Assertion failed on expression: 'pred(*previous, *i)'
Assertion failed on expression: 'pred(*previous, *i)'
Native extension for Android target not found
Native extension for WindowsStandalone target not found
Mono: successfully reloaded assembly
[Package Manager] Failed to launch server process. Reason: Unity was launched with the -noUpm command-line argument
[Package Manager] Unable to send message (not connected to server process).
[Package Manager] Cannot connect to Unity Package Manager local server
- Finished resetting the current domain, in  1.069 seconds
Domain Reload Profiling: 3695ms
	BeginReloadAssembly (1410ms)
		ExecutionOrderSort (0ms)
		DisableScriptedObjects (159ms)
		BackupInstance (0ms)
		ReleaseScriptingObjects (3ms)
		CreateAndSetChildDomain (558ms)
	RebuildCommonClasses (42ms)
	RebuildNativeTypeToScriptingClass (12ms)
	initialDomainReloadingComplete (38ms)
	LoadAllAssembliesAndSetupDomain (1121ms)
		LoadAssemblies (1223ms)
		RebuildTransferFunctionScriptingTraits (0ms)
		AnalyzeDomain (198ms)
			TypeCache.Refresh (33ms)
				TypeCache.ScanAssembly (5ms)
			BuildScriptInfoCaches (150ms)
			ResolveRequiredComponents (7ms)
	FinalizeReload (1070ms)
		ReleaseScriptCaches (0ms)
		RebuildScriptCaches (0ms)
		SetupLoadedEditorAssemblies (819ms)
			LogAssemblyErrors (0ms)
			InitializePlatformSupportModulesInManaged (25ms)
			SetLoadedEditorAssemblies (5ms)
			BeforeProcessingInitializeOnLoad (44ms)
			ProcessInitializeOnLoadAttributes (483ms)
			ProcessInitializeOnLoadMethodAttributes (260ms)
			AfterProcessingInitializeOnLoad (3ms)
			EditorAssembliesLoaded (0ms)
		ExecutionOrderSort2 (0ms)
		AwakeInstancesAfterBackupRestoration (7ms)
Refreshing native plugins compatible for Editor in 1.92 ms, found 3 plugins.
Preloading 0 native plugins for Editor in 0.00 ms.
Unloading 0 Unused Serialized files (Serialized files now loaded: 0)
Unloading 3765 unused Assets / (0.6 MB). Loaded Objects now: 4439.
Memory consumption went from 123.2 MB to 122.6 MB.
Total: 32.104200 ms (FindLiveObjects: 0.554000 ms CreateObjectMapping: 1.154900 ms MarkObjects: 28.457700 ms  DeleteObjects: 1.933700 ms)

Prepare: number of updated asset objects reloaded= 0
========================================================================
Received Import Request.
  Time since last request: 613.404263 seconds.
  path: Assets/Resources/GameScreenCfg.asset
  artifactKey: Guid(56e1f0a71bf6fa9439581ababd1d1894) Importer(815301076,1909f56bfc062723c751e8b465ee728b)
Start importing Assets/Resources/GameScreenCfg.asset using Guid(56e1f0a71bf6fa9439581ababd1d1894) Importer(815301076,1909f56bfc062723c751e8b465ee728b) (PreviewImporter)[PhysX] Initialized MultithreadedTaskDispatcher with 6 workers.
 -> (artifact id: 'c7249c041ae9c233ef3a0e1281bc085d') in 0.1067312 seconds
Number of updated asset objects reloaded before import = 0Number of asset objects unloaded after import = 111

========================================================================
Received Import Request.
  Time since last request: 5.080652 seconds.
  path: Assets/_Project/MainScreen.prefab
  artifactKey: Guid(414af5587425f08428ab122766844dad) Importer(815301076,1909f56bfc062723c751e8b465ee728b)
Start importing Assets/_Project/MainScreen.prefab using Guid(414af5587425f08428ab122766844dad) Importer(815301076,1909f56bfc062723c751e8b465ee728b) (PreviewImporter)[PhysX] Initialized MultithreadedTaskDispatcher with 6 workers.
 -> (artifact id: '7bba4f469badb2c71d9999c4d9b073c3') in 0.0405336 seconds
Number of updated asset objects reloaded before import = 0Number of asset objects unloaded after import = 112

========================================================================
Received Import Request.
  Time since last request: 5.340206 seconds.
  path: Assets/_Project/GameScreen.prefab
  artifactKey: Guid(414af5587425f08428ab122766844dad) Importer(815301076,1909f56bfc062723c751e8b465ee728b)
Start importing Assets/_Project/GameScreen.prefab using Guid(414af5587425f08428ab122766844dad) Importer(815301076,1909f56bfc062723c751e8b465ee728b) (PreviewImporter)[PhysX] Initialized MultithreadedTaskDispatcher with 6 workers.
 -> (artifact id: '0bfee31d4d0c6263556254ac8fed1d61') in 0.0218616 seconds
Number of updated asset objects reloaded before import = 0Number of asset objects unloaded after import = 112

========================================================================
Received Prepare
Begin MonoManager ReloadAssembly
- Loaded All Assemblies, in  0.821 seconds
'Packages/com.dcfa_pixels.dragonecs-unity/src/Connectors/EcsWorldProvider.cs' contains partial class of Unity.Object, exactly 1 of the partial classes needs to be in a file with the same filename. This is to know the one that can be referenced from ie. GameObjects
'Packages/com.dcfa_pixels.dragonecs-unity/src/Buildin/EcsWorldProvider.cs' contains partial class of Unity.Object, exactly 1 of the partial classes needs to be in a file with the same filename. This is to know the one that can be referenced from ie. GameObjects
Refreshing native plugins compatible for Editor in 1.31 ms, found 3 plugins.
Assertion failed on expression: 'pred(*previous, *i)'
Assertion failed on expression: 'pred(*previous, *i)'
Assertion failed on expression: 'pred(*previous, *i)'
Native extension for Android target not found
Native extension for WindowsStandalone target not found
Mono: successfully reloaded assembly
[Package Manager] Failed to launch server process. Reason: Unity was launched with the -noUpm command-line argument
[Package Manager] Unable to send message (not connected to server process).
[Package Manager] Cannot connect to Unity Package Manager local server
- Finished resetting the current domain, in  0.997 seconds
Domain Reload Profiling: 1818ms
	BeginReloadAssembly (240ms)
		ExecutionOrderSort (0ms)
		DisableScriptedObjects (7ms)
		BackupInstance (0ms)
		ReleaseScriptingObjects (21ms)
		CreateAndSetChildDomain (73ms)
	RebuildCommonClasses (36ms)
	RebuildNativeTypeToScriptingClass (13ms)
	initialDomainReloadingComplete (28ms)
	LoadAllAssembliesAndSetupDomain (504ms)
		LoadAssemblies (421ms)
		RebuildTransferFunctionScriptingTraits (0ms)
		AnalyzeDomain (184ms)
			TypeCache.Refresh (20ms)
				TypeCache.ScanAssembly (7ms)
			BuildScriptInfoCaches (154ms)
			ResolveRequiredComponents (6ms)
	FinalizeReload (998ms)
		ReleaseScriptCaches (0ms)
		RebuildScriptCaches (0ms)
		SetupLoadedEditorAssemblies (790ms)
			LogAssemblyErrors (0ms)
			InitializePlatformSupportModulesInManaged (21ms)
			SetLoadedEditorAssemblies (4ms)
			BeforeProcessingInitializeOnLoad (49ms)
			ProcessInitializeOnLoadAttributes (447ms)
			ProcessInitializeOnLoadMethodAttributes (268ms)
			AfterProcessingInitializeOnLoad (2ms)
			EditorAssembliesLoaded (0ms)
		ExecutionOrderSort2 (0ms)
		AwakeInstancesAfterBackupRestoration (4ms)
Refreshing native plugins compatible for Editor in 1.42 ms, found 3 plugins.
Preloading 0 native plugins for Editor in 0.00 ms.
Unloading 0 Unused Serialized files (Serialized files now loaded: 0)
Unloading 3766 unused Assets / (1.0 MB). Loaded Objects now: 4439.
Memory consumption went from 123.2 MB to 122.2 MB.
Total: 18.211900 ms (FindLiveObjects: 0.520100 ms CreateObjectMapping: 0.222600 ms MarkObjects: 16.192400 ms  DeleteObjects: 1.275100 ms)

Prepare: number of updated asset objects reloaded= 0
========================================================================
Received Import Request.
  Time since last request: 169.272924 seconds.
  path: Assets/Resources/Levels/LevelCfg.asset
  artifactKey: Guid(418599750d9f9df4b8a1a40a2992dd92) Importer(815301076,1909f56bfc062723c751e8b465ee728b)
Start importing Assets/Resources/Levels/LevelCfg.asset using Guid(418599750d9f9df4b8a1a40a2992dd92) Importer(815301076,1909f56bfc062723c751e8b465ee728b) (PreviewImporter)[PhysX] Initialized MultithreadedTaskDispatcher with 6 workers.
Missing types referenced from component ScriptableEntityTemplate on game object LevelCfg:
	_Project.Scripts.Gameplay.Features.GameWorldCreationFeature.Components.HUDCfg/Template, Assembly-CSharp (1 object)
NullReferenceException: Object reference not set to an instance of an object
  at DCFApixels.DragonECS.ScriptableEntityTemplate.OnValidate () [0x00017] in .\Library\PackageCache\com.dcfa_pixels.dragonecs-unity\src\EntityTemplate\Templates\ScriptableEntityTemplate.cs:55 

(Filename: ./Library/PackageCache/com.dcfa_pixels.dragonecs-unity/src/EntityTemplate/Templates/ScriptableEntityTemplate.cs Line: 55)

 -> (artifact id: '36222faeb6ab248cb6670cae749ebf1c') in 0.1433775 seconds
Number of updated asset objects reloaded before import = 0Number of asset objects unloaded after import = 86

========================================================================
Received Prepare
'Packages/com.dcfa_pixels.dragonecs-unity/src/Connectors/EcsWorldProvider.cs' contains partial class of Unity.Object, exactly 1 of the partial classes needs to be in a file with the same filename. This is to know the one that can be referenced from ie. GameObjects
'Packages/com.dcfa_pixels.dragonecs-unity/src/Buildin/EcsWorldProvider.cs' contains partial class of Unity.Object, exactly 1 of the partial classes needs to be in a file with the same filename. This is to know the one that can be referenced from ie. GameObjects
Refreshing native plugins compatible for Editor in 1.52 ms, found 3 plugins.
Preloading 0 native plugins for Editor in 0.00 ms.
Unloading 0 Unused Serialized files (Serialized files now loaded: 0)
Unloading 3748 unused Assets / (0.7 MB). Loaded Objects now: 4439.
Memory consumption went from 123.8 MB to 123.1 MB.
Total: 91.794200 ms (FindLiveObjects: 1.056800 ms CreateObjectMapping: 0.218200 ms MarkObjects: 88.532500 ms  DeleteObjects: 1.983900 ms)

Prepare: number of updated asset objects reloaded= 0
========================================================================
Received Prepare
Begin MonoManager ReloadAssembly
- Loaded All Assemblies, in  2.476 seconds
'Packages/com.dcfa_pixels.dragonecs-unity/src/Connectors/EcsWorldProvider.cs' contains partial class of Unity.Object, exactly 1 of the partial classes needs to be in a file with the same filename. This is to know the one that can be referenced from ie. GameObjects
'Packages/com.dcfa_pixels.dragonecs-unity/src/Buildin/EcsWorldProvider.cs' contains partial class of Unity.Object, exactly 1 of the partial classes needs to be in a file with the same filename. This is to know the one that can be referenced from ie. GameObjects
Refreshing native plugins compatible for Editor in 1.50 ms, found 3 plugins.
Assertion failed on expression: 'pred(*previous, *i)'
Assertion failed on expression: 'pred(*previous, *i)'
Assertion failed on expression: 'pred(*previous, *i)'
Native extension for Android target not found
Native extension for WindowsStandalone target not found
Mono: successfully reloaded assembly
[Package Manager] Failed to launch server process. Reason: Unity was launched with the -noUpm command-line argument
[Package Manager] Unable to send message (not connected to server process).
[Package Manager] Cannot connect to Unity Package Manager local server
- Finished resetting the current domain, in  1.233 seconds
Domain Reload Profiling: 3711ms
	BeginReloadAssembly (672ms)
		ExecutionOrderSort (0ms)
		DisableScriptedObjects (42ms)
		BackupInstance (0ms)
		ReleaseScriptingObjects (2ms)
		CreateAndSetChildDomain (176ms)
	RebuildCommonClasses (61ms)
	RebuildNativeTypeToScriptingClass (17ms)
	initialDomainReloadingComplete (53ms)
	LoadAllAssembliesAndSetupDomain (1674ms)
		LoadAssemblies (1607ms)
		RebuildTransferFunctionScriptingTraits (0ms)
		AnalyzeDomain (363ms)
			TypeCache.Refresh (60ms)
				TypeCache.ScanAssembly (5ms)
			BuildScriptInfoCaches (280ms)
			ResolveRequiredComponents (10ms)
	FinalizeReload (1233ms)
		ReleaseScriptCaches (0ms)
		RebuildScriptCaches (0ms)
		SetupLoadedEditorAssemblies (974ms)
			LogAssemblyErrors (0ms)
			InitializePlatformSupportModulesInManaged (21ms)
			SetLoadedEditorAssemblies (4ms)
			BeforeProcessingInitializeOnLoad (45ms)
			ProcessInitializeOnLoadAttributes (553ms)
			ProcessInitializeOnLoadMethodAttributes (348ms)
			AfterProcessingInitializeOnLoad (2ms)
			EditorAssembliesLoaded (0ms)
		ExecutionOrderSort2 (0ms)
		AwakeInstancesAfterBackupRestoration (7ms)
Refreshing native plugins compatible for Editor in 1.28 ms, found 3 plugins.
Preloading 0 native plugins for Editor in 0.00 ms.
Unloading 0 Unused Serialized files (Serialized files now loaded: 0)
Unloading 3765 unused Assets / (0.6 MB). Loaded Objects now: 4439.
Memory consumption went from 123.2 MB to 122.6 MB.
Total: 17.898500 ms (FindLiveObjects: 0.398700 ms CreateObjectMapping: 0.185000 ms MarkObjects: 16.389400 ms  DeleteObjects: 0.922600 ms)

Prepare: number of updated asset objects reloaded= 0
========================================================================
Received Prepare
Begin MonoManager ReloadAssembly
- Loaded All Assemblies, in  0.724 seconds
'Packages/com.dcfa_pixels.dragonecs-unity/src/Connectors/EcsWorldProvider.cs' contains partial class of Unity.Object, exactly 1 of the partial classes needs to be in a file with the same filename. This is to know the one that can be referenced from ie. GameObjects
'Packages/com.dcfa_pixels.dragonecs-unity/src/Buildin/EcsWorldProvider.cs' contains partial class of Unity.Object, exactly 1 of the partial classes needs to be in a file with the same filename. This is to know the one that can be referenced from ie. GameObjects
Refreshing native plugins compatible for Editor in 1.27 ms, found 3 plugins.
Assertion failed on expression: 'pred(*previous, *i)'
Assertion failed on expression: 'pred(*previous, *i)'
Assertion failed on expression: 'pred(*previous, *i)'
Native extension for Android target not found
Native extension for WindowsStandalone target not found
Mono: successfully reloaded assembly
[Package Manager] Failed to launch server process. Reason: Unity was launched with the -noUpm command-line argument
[Package Manager] Unable to send message (not connected to server process).
[Package Manager] Cannot connect to Unity Package Manager local server
- Finished resetting the current domain, in  1.109 seconds
Domain Reload Profiling: 1835ms
	BeginReloadAssembly (216ms)
		ExecutionOrderSort (0ms)
		DisableScriptedObjects (8ms)
		BackupInstance (0ms)
		ReleaseScriptingObjects (0ms)
		CreateAndSetChildDomain (66ms)
	RebuildCommonClasses (38ms)
	RebuildNativeTypeToScriptingClass (13ms)
	initialDomainReloadingComplete (25ms)
	LoadAllAssembliesAndSetupDomain (434ms)
		LoadAssemblies (358ms)
		RebuildTransferFunctionScriptingTraits (0ms)
		AnalyzeDomain (179ms)
			TypeCache.Refresh (15ms)
				TypeCache.ScanAssembly (3ms)
			BuildScriptInfoCaches (152ms)
			ResolveRequiredComponents (8ms)
	FinalizeReload (1110ms)
		ReleaseScriptCaches (0ms)
		RebuildScriptCaches (0ms)
		SetupLoadedEditorAssemblies (866ms)
			LogAssemblyErrors (0ms)
			InitializePlatformSupportModulesInManaged (20ms)
			SetLoadedEditorAssemblies (5ms)
			BeforeProcessingInitializeOnLoad (44ms)
			ProcessInitializeOnLoadAttributes (470ms)
			ProcessInitializeOnLoadMethodAttributes (322ms)
			AfterProcessingInitializeOnLoad (4ms)
			EditorAssembliesLoaded (0ms)
		ExecutionOrderSort2 (0ms)
		AwakeInstancesAfterBackupRestoration (5ms)
Refreshing native plugins compatible for Editor in 1.51 ms, found 3 plugins.
Preloading 0 native plugins for Editor in 0.00 ms.
Unloading 0 Unused Serialized files (Serialized files now loaded: 0)
Unloading 3765 unused Assets / (1.0 MB). Loaded Objects now: 4439.
Memory consumption went from 123.2 MB to 122.2 MB.
Total: 23.977000 ms (FindLiveObjects: 0.772400 ms CreateObjectMapping: 0.740300 ms MarkObjects: 20.889300 ms  DeleteObjects: 1.573000 ms)

Prepare: number of updated asset objects reloaded= 0
========================================================================
Received Prepare
'Packages/com.dcfa_pixels.dragonecs-unity/src/Connectors/EcsWorldProvider.cs' contains partial class of Unity.Object, exactly 1 of the partial classes needs to be in a file with the same filename. This is to know the one that can be referenced from ie. GameObjects
'Packages/com.dcfa_pixels.dragonecs-unity/src/Buildin/EcsWorldProvider.cs' contains partial class of Unity.Object, exactly 1 of the partial classes needs to be in a file with the same filename. This is to know the one that can be referenced from ie. GameObjects
Refreshing native plugins compatible for Editor in 1.63 ms, found 3 plugins.
Preloading 0 native plugins for Editor in 0.00 ms.
Unloading 0 Unused Serialized files (Serialized files now loaded: 0)
Unloading 3748 unused Assets / (0.9 MB). Loaded Objects now: 4439.
Memory consumption went from 123.3 MB to 122.5 MB.
Total: 28.150100 ms (FindLiveObjects: 0.544800 ms CreateObjectMapping: 0.236000 ms MarkObjects: 26.142700 ms  DeleteObjects: 1.225000 ms)

Prepare: number of updated asset objects reloaded= 0
========================================================================
Received Prepare
Begin MonoManager ReloadAssembly
- Loaded All Assemblies, in  1.938 seconds
'Packages/com.dcfa_pixels.dragonecs-unity/src/Connectors/EcsWorldProvider.cs' contains partial class of Unity.Object, exactly 1 of the partial classes needs to be in a file with the same filename. This is to know the one that can be referenced from ie. GameObjects
'Packages/com.dcfa_pixels.dragonecs-unity/src/Buildin/EcsWorldProvider.cs' contains partial class of Unity.Object, exactly 1 of the partial classes needs to be in a file with the same filename. This is to know the one that can be referenced from ie. GameObjects
Refreshing native plugins compatible for Editor in 3.28 ms, found 3 plugins.
Assertion failed on expression: 'pred(*previous, *i)'
Assertion failed on expression: 'pred(*previous, *i)'
Assertion failed on expression: 'pred(*previous, *i)'
Native extension for Android target not found
Native extension for WindowsStandalone target not found
Mono: successfully reloaded assembly
[Package Manager] Failed to launch server process. Reason: Unity was launched with the -noUpm command-line argument
[Package Manager] Unable to send message (not connected to server process).
[Package Manager] Cannot connect to Unity Package Manager local server
- Finished resetting the current domain, in  1.110 seconds
Domain Reload Profiling: 3050ms
	BeginReloadAssembly (458ms)
		ExecutionOrderSort (0ms)
		DisableScriptedObjects (18ms)
		BackupInstance (0ms)
		ReleaseScriptingObjects (1ms)
		CreateAndSetChildDomain (141ms)
	RebuildCommonClasses (58ms)
	RebuildNativeTypeToScriptingClass (14ms)
	initialDomainReloadingComplete (35ms)
	LoadAllAssembliesAndSetupDomain (1374ms)
		LoadAssemblies (1433ms)
		RebuildTransferFunctionScriptingTraits (0ms)
		AnalyzeDomain (156ms)
			TypeCache.Refresh (16ms)
				TypeCache.ScanAssembly (4ms)
			BuildScriptInfoCaches (130ms)
			ResolveRequiredComponents (5ms)
	FinalizeReload (1111ms)
		ReleaseScriptCaches (0ms)
		RebuildScriptCaches (0ms)
		SetupLoadedEditorAssemblies (882ms)
			LogAssemblyErrors (0ms)
			InitializePlatformSupportModulesInManaged (22ms)
			SetLoadedEditorAssemblies (4ms)
			BeforeProcessingInitializeOnLoad (44ms)
			ProcessInitializeOnLoadAttributes (520ms)
			ProcessInitializeOnLoadMethodAttributes (290ms)
			AfterProcessingInitializeOnLoad (2ms)
			EditorAssembliesLoaded (0ms)
		ExecutionOrderSort2 (0ms)
		AwakeInstancesAfterBackupRestoration (5ms)
Refreshing native plugins compatible for Editor in 1.41 ms, found 3 plugins.
Preloading 0 native plugins for Editor in 0.00 ms.
Unloading 0 Unused Serialized files (Serialized files now loaded: 0)
Unloading 3765 unused Assets / (0.8 MB). Loaded Objects now: 4439.
Memory consumption went from 123.2 MB to 122.4 MB.
Total: 20.699700 ms (FindLiveObjects: 0.470300 ms CreateObjectMapping: 0.287200 ms MarkObjects: 18.780900 ms  DeleteObjects: 1.160300 ms)

Prepare: number of updated asset objects reloaded= 0
========================================================================
Received Prepare
'Packages/com.dcfa_pixels.dragonecs-unity/src/Connectors/EcsWorldProvider.cs' contains partial class of Unity.Object, exactly 1 of the partial classes needs to be in a file with the same filename. This is to know the one that can be referenced from ie. GameObjects
'Packages/com.dcfa_pixels.dragonecs-unity/src/Buildin/EcsWorldProvider.cs' contains partial class of Unity.Object, exactly 1 of the partial classes needs to be in a file with the same filename. This is to know the one that can be referenced from ie. GameObjects
Refreshing native plugins compatible for Editor in 1.55 ms, found 3 plugins.
Preloading 0 native plugins for Editor in 0.00 ms.
Unloading 0 Unused Serialized files (Serialized files now loaded: 0)
Unloading 3748 unused Assets / (1.0 MB). Loaded Objects now: 4439.
Memory consumption went from 123.3 MB to 122.3 MB.
Total: 23.961100 ms (FindLiveObjects: 0.504900 ms CreateObjectMapping: 0.566000 ms MarkObjects: 21.380200 ms  DeleteObjects: 1.508700 ms)

Prepare: number of updated asset objects reloaded= 0
========================================================================
Received Prepare
Begin MonoManager ReloadAssembly
- Loaded All Assemblies, in  0.787 seconds
'Packages/com.dcfa_pixels.dragonecs-unity/src/Connectors/EcsWorldProvider.cs' contains partial class of Unity.Object, exactly 1 of the partial classes needs to be in a file with the same filename. This is to know the one that can be referenced from ie. GameObjects
'Packages/com.dcfa_pixels.dragonecs-unity/src/Buildin/EcsWorldProvider.cs' contains partial class of Unity.Object, exactly 1 of the partial classes needs to be in a file with the same filename. This is to know the one that can be referenced from ie. GameObjects
Refreshing native plugins compatible for Editor in 1.61 ms, found 3 plugins.
Assertion failed on expression: 'pred(*previous, *i)'
Assertion failed on expression: 'pred(*previous, *i)'
Assertion failed on expression: 'pred(*previous, *i)'
Native extension for Android target not found
Native extension for WindowsStandalone target not found
Mono: successfully reloaded assembly
[Package Manager] Failed to launch server process. Reason: Unity was launched with the -noUpm command-line argument
[Package Manager] Unable to send message (not connected to server process).
[Package Manager] Cannot connect to Unity Package Manager local server
- Finished resetting the current domain, in  1.163 seconds
Domain Reload Profiling: 1951ms
	BeginReloadAssembly (222ms)
		ExecutionOrderSort (0ms)
		DisableScriptedObjects (8ms)
		BackupInstance (0ms)
		ReleaseScriptingObjects (0ms)
		CreateAndSetChildDomain (75ms)
	RebuildCommonClasses (35ms)
	RebuildNativeTypeToScriptingClass (16ms)
	initialDomainReloadingComplete (28ms)
	LoadAllAssembliesAndSetupDomain (487ms)
		LoadAssemblies (370ms)
		RebuildTransferFunctionScriptingTraits (0ms)
		AnalyzeDomain (215ms)
			TypeCache.Refresh (13ms)
				TypeCache.ScanAssembly (3ms)
			BuildScriptInfoCaches (193ms)
			ResolveRequiredComponents (6ms)
	FinalizeReload (1163ms)
		ReleaseScriptCaches (0ms)
		RebuildScriptCaches (0ms)
		SetupLoadedEditorAssemblies (915ms)
			LogAssemblyErrors (0ms)
			InitializePlatformSupportModulesInManaged (22ms)
			SetLoadedEditorAssemblies (6ms)
			BeforeProcessingInitializeOnLoad (53ms)
			ProcessInitializeOnLoadAttributes (536ms)
			ProcessInitializeOnLoadMethodAttributes (296ms)
			AfterProcessingInitializeOnLoad (2ms)
			EditorAssembliesLoaded (0ms)
		ExecutionOrderSort2 (0ms)
		AwakeInstancesAfterBackupRestoration (5ms)
Refreshing native plugins compatible for Editor in 1.41 ms, found 3 plugins.
Preloading 0 native plugins for Editor in 0.00 ms.
Unloading 0 Unused Serialized files (Serialized files now loaded: 0)
Unloading 3765 unused Assets / (1.0 MB). Loaded Objects now: 4439.
Memory consumption went from 123.2 MB to 122.2 MB.
Total: 25.818300 ms (FindLiveObjects: 0.437300 ms CreateObjectMapping: 0.203200 ms MarkObjects: 23.375400 ms  DeleteObjects: 1.801000 ms)

Prepare: number of updated asset objects reloaded= 0
========================================================================
Received Prepare
'Packages/com.dcfa_pixels.dragonecs-unity/src/Connectors/EcsWorldProvider.cs' contains partial class of Unity.Object, exactly 1 of the partial classes needs to be in a file with the same filename. This is to know the one that can be referenced from ie. GameObjects
'Packages/com.dcfa_pixels.dragonecs-unity/src/Buildin/EcsWorldProvider.cs' contains partial class of Unity.Object, exactly 1 of the partial classes needs to be in a file with the same filename. This is to know the one that can be referenced from ie. GameObjects
Refreshing native plugins compatible for Editor in 4.85 ms, found 3 plugins.
Preloading 0 native plugins for Editor in 0.00 ms.
Unloading 0 Unused Serialized files (Serialized files now loaded: 0)
Unloading 3749 unused Assets / (0.5 MB). Loaded Objects now: 4440.
Memory consumption went from 123.4 MB to 122.8 MB.
Total: 271.456300 ms (FindLiveObjects: 1.049000 ms CreateObjectMapping: 0.318300 ms MarkObjects: 268.717300 ms  DeleteObjects: 1.368200 ms)

Prepare: number of updated asset objects reloaded= 0
========================================================================
Received Prepare
'Packages/com.dcfa_pixels.dragonecs-unity/src/Connectors/EcsWorldProvider.cs' contains partial class of Unity.Object, exactly 1 of the partial classes needs to be in a file with the same filename. This is to know the one that can be referenced from ie. GameObjects
'Packages/com.dcfa_pixels.dragonecs-unity/src/Buildin/EcsWorldProvider.cs' contains partial class of Unity.Object, exactly 1 of the partial classes needs to be in a file with the same filename. This is to know the one that can be referenced from ie. GameObjects
Refreshing native plugins compatible for Editor in 2.26 ms, found 3 plugins.
Preloading 0 native plugins for Editor in 0.00 ms.
Unloading 0 Unused Serialized files (Serialized files now loaded: 0)
Unloading 3750 unused Assets / (0.9 MB). Loaded Objects now: 4441.
Memory consumption went from 123.4 MB to 122.5 MB.
Total: 32.030500 ms (FindLiveObjects: 0.719600 ms CreateObjectMapping: 0.290700 ms MarkObjects: 29.642900 ms  DeleteObjects: 1.375700 ms)

Prepare: number of updated asset objects reloaded= 0
========================================================================
Received Prepare
'Packages/com.dcfa_pixels.dragonecs-unity/src/Connectors/EcsWorldProvider.cs' contains partial class of Unity.Object, exactly 1 of the partial classes needs to be in a file with the same filename. This is to know the one that can be referenced from ie. GameObjects
'Packages/com.dcfa_pixels.dragonecs-unity/src/Buildin/EcsWorldProvider.cs' contains partial class of Unity.Object, exactly 1 of the partial classes needs to be in a file with the same filename. This is to know the one that can be referenced from ie. GameObjects
Refreshing native plugins compatible for Editor in 1.61 ms, found 3 plugins.
Preloading 0 native plugins for Editor in 0.00 ms.
Unloading 0 Unused Serialized files (Serialized files now loaded: 0)
Unloading 3750 unused Assets / (0.9 MB). Loaded Objects now: 4441.
Memory consumption went from 123.4 MB to 122.5 MB.
Total: 28.906900 ms (FindLiveObjects: 0.906500 ms CreateObjectMapping: 0.343000 ms MarkObjects: 26.075200 ms  DeleteObjects: 1.579700 ms)

Prepare: number of updated asset objects reloaded= 0
========================================================================
Received Prepare
Begin MonoManager ReloadAssembly
- Loaded All Assemblies, in  2.341 seconds
'Packages/com.dcfa_pixels.dragonecs-unity/src/Connectors/EcsWorldProvider.cs' contains partial class of Unity.Object, exactly 1 of the partial classes needs to be in a file with the same filename. This is to know the one that can be referenced from ie. GameObjects
'Packages/com.dcfa_pixels.dragonecs-unity/src/Buildin/EcsWorldProvider.cs' contains partial class of Unity.Object, exactly 1 of the partial classes needs to be in a file with the same filename. This is to know the one that can be referenced from ie. GameObjects
Refreshing native plugins compatible for Editor in 3.77 ms, found 3 plugins.
Assertion failed on expression: 'pred(*previous, *i)'
Assertion failed on expression: 'pred(*previous, *i)'
Assertion failed on expression: 'pred(*previous, *i)'
Native extension for Android target not found
Native extension for WindowsStandalone target not found
Mono: successfully reloaded assembly
[Package Manager] Failed to launch server process. Reason: Unity was launched with the -noUpm command-line argument
[Package Manager] Unable to send message (not connected to server process).
[Package Manager] Cannot connect to Unity Package Manager local server
- Finished resetting the current domain, in  1.199 seconds
Domain Reload Profiling: 3543ms
	BeginReloadAssembly (1137ms)
		ExecutionOrderSort (0ms)
		DisableScriptedObjects (75ms)
		BackupInstance (0ms)
		ReleaseScriptingObjects (1ms)
		CreateAndSetChildDomain (522ms)
	RebuildCommonClasses (49ms)
	RebuildNativeTypeToScriptingClass (17ms)
	initialDomainReloadingComplete (41ms)
	LoadAllAssembliesAndSetupDomain (1098ms)
		LoadAssemblies (1191ms)
		RebuildTransferFunctionScriptingTraits (0ms)
		AnalyzeDomain (234ms)
			TypeCache.Refresh (42ms)
				TypeCache.ScanAssembly (5ms)
			BuildScriptInfoCaches (170ms)
			ResolveRequiredComponents (10ms)
	FinalizeReload (1200ms)
		ReleaseScriptCaches (0ms)
		RebuildScriptCaches (0ms)
		SetupLoadedEditorAssemblies (889ms)
			LogAssemblyErrors (0ms)
			InitializePlatformSupportModulesInManaged (23ms)
			SetLoadedEditorAssemblies (5ms)
			BeforeProcessingInitializeOnLoad (43ms)
			ProcessInitializeOnLoadAttributes (501ms)
			ProcessInitializeOnLoadMethodAttributes (315ms)
			AfterProcessingInitializeOnLoad (2ms)
			EditorAssembliesLoaded (0ms)
		ExecutionOrderSort2 (0ms)
		AwakeInstancesAfterBackupRestoration (5ms)
Refreshing native plugins compatible for Editor in 1.54 ms, found 3 plugins.
Preloading 0 native plugins for Editor in 0.00 ms.
Unloading 0 Unused Serialized files (Serialized files now loaded: 0)
Unloading 3767 unused Assets / (250.6 KB). Loaded Objects now: 4441.
Memory consumption went from 123.2 MB to 123.0 MB.
Total: 25.201600 ms (FindLiveObjects: 0.462800 ms CreateObjectMapping: 0.215200 ms MarkObjects: 23.383000 ms  DeleteObjects: 1.138400 ms)

Prepare: number of updated asset objects reloaded= 0
========================================================================
Received Prepare
'Packages/com.dcfa_pixels.dragonecs-unity/src/Connectors/EcsWorldProvider.cs' contains partial class of Unity.Object, exactly 1 of the partial classes needs to be in a file with the same filename. This is to know the one that can be referenced from ie. GameObjects
'Packages/com.dcfa_pixels.dragonecs-unity/src/Buildin/EcsWorldProvider.cs' contains partial class of Unity.Object, exactly 1 of the partial classes needs to be in a file with the same filename. This is to know the one that can be referenced from ie. GameObjects
Refreshing native plugins compatible for Editor in 1.53 ms, found 3 plugins.
Preloading 0 native plugins for Editor in 0.00 ms.
Unloading 0 Unused Serialized files (Serialized files now loaded: 0)
Unloading 3750 unused Assets / (1.1 MB). Loaded Objects now: 4441.
Memory consumption went from 123.4 MB to 122.3 MB.
Total: 60.297600 ms (FindLiveObjects: 0.542700 ms CreateObjectMapping: 0.302800 ms MarkObjects: 57.728400 ms  DeleteObjects: 1.721600 ms)

Prepare: number of updated asset objects reloaded= 0
========================================================================
Received Prepare
Begin MonoManager ReloadAssembly
- Loaded All Assemblies, in  1.385 seconds
'Packages/com.dcfa_pixels.dragonecs-unity/src/Connectors/EcsWorldProvider.cs' contains partial class of Unity.Object, exactly 1 of the partial classes needs to be in a file with the same filename. This is to know the one that can be referenced from ie. GameObjects
'Packages/com.dcfa_pixels.dragonecs-unity/src/Buildin/EcsWorldProvider.cs' contains partial class of Unity.Object, exactly 1 of the partial classes needs to be in a file with the same filename. This is to know the one that can be referenced from ie. GameObjects
Refreshing native plugins compatible for Editor in 1.32 ms, found 3 plugins.
Assertion failed on expression: 'pred(*previous, *i)'
Assertion failed on expression: 'pred(*previous, *i)'
Assertion failed on expression: 'pred(*previous, *i)'
Native extension for Android target not found
Native extension for WindowsStandalone target not found
Mono: successfully reloaded assembly
[Package Manager] Failed to launch server process. Reason: Unity was launched with the -noUpm command-line argument
[Package Manager] Unable to send message (not connected to server process).
[Package Manager] Cannot connect to Unity Package Manager local server
- Finished resetting the current domain, in  1.413 seconds
Domain Reload Profiling: 2799ms
	BeginReloadAssembly (325ms)
		ExecutionOrderSort (0ms)
		DisableScriptedObjects (16ms)
		BackupInstance (0ms)
		ReleaseScriptingObjects (1ms)
		CreateAndSetChildDomain (97ms)
	RebuildCommonClasses (54ms)
	RebuildNativeTypeToScriptingClass (20ms)
	initialDomainReloadingComplete (45ms)
	LoadAllAssembliesAndSetupDomain (941ms)
		LoadAssemblies (849ms)
		RebuildTransferFunctionScriptingTraits (0ms)
		AnalyzeDomain (244ms)
			TypeCache.Refresh (26ms)
				TypeCache.ScanAssembly (5ms)
			BuildScriptInfoCaches (202ms)
			ResolveRequiredComponents (7ms)
	FinalizeReload (1414ms)
		ReleaseScriptCaches (0ms)
		RebuildScriptCaches (0ms)
		SetupLoadedEditorAssemblies (1131ms)
			LogAssemblyErrors (0ms)
			InitializePlatformSupportModulesInManaged (25ms)
			SetLoadedEditorAssemblies (6ms)
			BeforeProcessingInitializeOnLoad (62ms)
			ProcessInitializeOnLoadAttributes (710ms)
			ProcessInitializeOnLoadMethodAttributes (325ms)
			AfterProcessingInitializeOnLoad (2ms)
			EditorAssembliesLoaded (0ms)
		ExecutionOrderSort2 (0ms)
		AwakeInstancesAfterBackupRestoration (5ms)
Refreshing native plugins compatible for Editor in 1.70 ms, found 3 plugins.
Preloading 0 native plugins for Editor in 0.00 ms.
Unloading 0 Unused Serialized files (Serialized files now loaded: 0)
Unloading 3767 unused Assets / (403.3 KB). Loaded Objects now: 4441.
Memory consumption went from 123.2 MB to 122.9 MB.
Total: 24.452700 ms (FindLiveObjects: 0.550600 ms CreateObjectMapping: 0.252500 ms MarkObjects: 22.506600 ms  DeleteObjects: 1.139900 ms)

Prepare: number of updated asset objects reloaded= 0
========================================================================
Received Prepare
Begin MonoManager ReloadAssembly
- Loaded All Assemblies, in  0.873 seconds
'Packages/com.dcfa_pixels.dragonecs-unity/src/Connectors/EcsWorldProvider.cs' contains partial class of Unity.Object, exactly 1 of the partial classes needs to be in a file with the same filename. This is to know the one that can be referenced from ie. GameObjects
'Packages/com.dcfa_pixels.dragonecs-unity/src/Buildin/EcsWorldProvider.cs' contains partial class of Unity.Object, exactly 1 of the partial classes needs to be in a file with the same filename. This is to know the one that can be referenced from ie. GameObjects
Refreshing native plugins compatible for Editor in 1.86 ms, found 3 plugins.
Assertion failed on expression: 'pred(*previous, *i)'
Assertion failed on expression: 'pred(*previous, *i)'
Assertion failed on expression: 'pred(*previous, *i)'
Native extension for Android target not found
Native extension for WindowsStandalone target not found
Mono: successfully reloaded assembly
[Package Manager] Failed to launch server process. Reason: Unity was launched with the -noUpm command-line argument
[Package Manager] Unable to send message (not connected to server process).
[Package Manager] Cannot connect to Unity Package Manager local server
- Finished resetting the current domain, in  1.159 seconds
Domain Reload Profiling: 2033ms
	BeginReloadAssembly (272ms)
		ExecutionOrderSort (0ms)
		DisableScriptedObjects (7ms)
		BackupInstance (0ms)
		ReleaseScriptingObjects (1ms)
		CreateAndSetChildDomain (77ms)
	RebuildCommonClasses (49ms)
	RebuildNativeTypeToScriptingClass (14ms)
	initialDomainReloadingComplete (29ms)
	LoadAllAssembliesAndSetupDomain (510ms)
		LoadAssemblies (443ms)
		RebuildTransferFunctionScriptingTraits (0ms)
		AnalyzeDomain (209ms)
			TypeCache.Refresh (18ms)
				TypeCache.ScanAssembly (5ms)
			BuildScriptInfoCaches (181ms)
			ResolveRequiredComponents (6ms)
	FinalizeReload (1159ms)
		ReleaseScriptCaches (0ms)
		RebuildScriptCaches (0ms)
		SetupLoadedEditorAssemblies (898ms)
			LogAssemblyErrors (0ms)
			InitializePlatformSupportModulesInManaged (24ms)
			SetLoadedEditorAssemblies (5ms)
			BeforeProcessingInitializeOnLoad (49ms)
			ProcessInitializeOnLoadAttributes (521ms)
			ProcessInitializeOnLoadMethodAttributes (297ms)
			AfterProcessingInitializeOnLoad (2ms)
			EditorAssembliesLoaded (0ms)
		ExecutionOrderSort2 (0ms)
		AwakeInstancesAfterBackupRestoration (5ms)
Refreshing native plugins compatible for Editor in 1.48 ms, found 3 plugins.
Preloading 0 native plugins for Editor in 0.00 ms.
Unloading 0 Unused Serialized files (Serialized files now loaded: 0)
Unloading 3767 unused Assets / (1.1 MB). Loaded Objects now: 4441.
Memory consumption went from 123.2 MB to 122.2 MB.
Total: 20.612800 ms (FindLiveObjects: 0.454000 ms CreateObjectMapping: 0.217600 ms MarkObjects: 18.543400 ms  DeleteObjects: 1.396500 ms)

Prepare: number of updated asset objects reloaded= 0
========================================================================
Received Import Request.
  Time since last request: 1494.896535 seconds.
  path: Assets/_Project/GameScreen.prefab
  artifactKey: Guid(414af5587425f08428ab122766844dad) Importer(815301076,1909f56bfc062723c751e8b465ee728b)
Start importing Assets/_Project/GameScreen.prefab using Guid(414af5587425f08428ab122766844dad) Importer(815301076,1909f56bfc062723c751e8b465ee728b) (PreviewImporter)[PhysX] Initialized MultithreadedTaskDispatcher with 6 workers.
 -> (artifact id: '39fe0667b86edb57ccb0793ae5c88191') in 0.1496388 seconds
Number of updated asset objects reloaded before import = 0Number of asset objects unloaded after import = 113

========================================================================
Received Prepare
'Packages/com.dcfa_pixels.dragonecs-unity/src/Connectors/EcsWorldProvider.cs' contains partial class of Unity.Object, exactly 1 of the partial classes needs to be in a file with the same filename. This is to know the one that can be referenced from ie. GameObjects
'Packages/com.dcfa_pixels.dragonecs-unity/src/Buildin/EcsWorldProvider.cs' contains partial class of Unity.Object, exactly 1 of the partial classes needs to be in a file with the same filename. This is to know the one that can be referenced from ie. GameObjects
Refreshing native plugins compatible for Editor in 1.88 ms, found 3 plugins.
Preloading 0 native plugins for Editor in 0.00 ms.
Unloading 0 Unused Serialized files (Serialized files now loaded: 0)
Unloading 3751 unused Assets / (0.7 MB). Loaded Objects now: 4441.
Memory consumption went from 123.7 MB to 122.9 MB.
Total: 27.922700 ms (FindLiveObjects: 0.526700 ms CreateObjectMapping: 0.305800 ms MarkObjects: 25.474700 ms  DeleteObjects: 1.614500 ms)

Prepare: number of updated asset objects reloaded= 0
========================================================================
Received Prepare
Begin MonoManager ReloadAssembly
- Loaded All Assemblies, in  1.442 seconds
'Packages/com.dcfa_pixels.dragonecs-unity/src/Connectors/EcsWorldProvider.cs' contains partial class of Unity.Object, exactly 1 of the partial classes needs to be in a file with the same filename. This is to know the one that can be referenced from ie. GameObjects
'Packages/com.dcfa_pixels.dragonecs-unity/src/Buildin/EcsWorldProvider.cs' contains partial class of Unity.Object, exactly 1 of the partial classes needs to be in a file with the same filename. This is to know the one that can be referenced from ie. GameObjects
Refreshing native plugins compatible for Editor in 2.20 ms, found 3 plugins.
Assertion failed on expression: 'pred(*previous, *i)'
Assertion failed on expression: 'pred(*previous, *i)'
Assertion failed on expression: 'pred(*previous, *i)'
Native extension for Android target not found
Native extension for WindowsStandalone target not found
Mono: successfully reloaded assembly
[Package Manager] Failed to launch server process. Reason: Unity was launched with the -noUpm command-line argument
[Package Manager] Unable to send message (not connected to server process).
[Package Manager] Cannot connect to Unity Package Manager local server
- Finished resetting the current domain, in  1.680 seconds
Domain Reload Profiling: 3127ms
	BeginReloadAssembly (238ms)
		ExecutionOrderSort (0ms)
		DisableScriptedObjects (8ms)
		BackupInstance (0ms)
		ReleaseScriptingObjects (0ms)
		CreateAndSetChildDomain (69ms)
	RebuildCommonClasses (70ms)
	RebuildNativeTypeToScriptingClass (20ms)
	initialDomainReloadingComplete (36ms)
	LoadAllAssembliesAndSetupDomain (1081ms)
		LoadAssemblies (844ms)
		RebuildTransferFunctionScriptingTraits (0ms)
		AnalyzeDomain (356ms)
			TypeCache.Refresh (64ms)
				TypeCache.ScanAssembly (3ms)
			BuildScriptInfoCaches (279ms)
			ResolveRequiredComponents (5ms)
	FinalizeReload (1683ms)
		ReleaseScriptCaches (0ms)
		RebuildScriptCaches (0ms)
		SetupLoadedEditorAssemblies (1253ms)
			LogAssemblyErrors (0ms)
			InitializePlatformSupportModulesInManaged (32ms)
			SetLoadedEditorAssemblies (7ms)
			BeforeProcessingInitializeOnLoad (64ms)
			ProcessInitializeOnLoadAttributes (605ms)
			ProcessInitializeOnLoadMethodAttributes (540ms)
			AfterProcessingInitializeOnLoad (4ms)
			EditorAssembliesLoaded (0ms)
		ExecutionOrderSort2 (0ms)
		AwakeInstancesAfterBackupRestoration (10ms)
Refreshing native plugins compatible for Editor in 2.12 ms, found 3 plugins.
Preloading 0 native plugins for Editor in 0.00 ms.
Unloading 0 Unused Serialized files (Serialized files now loaded: 0)
Unloading 3767 unused Assets / (1.1 MB). Loaded Objects now: 4441.
Memory consumption went from 123.2 MB to 122.2 MB.
Total: 40.681300 ms (FindLiveObjects: 0.969500 ms CreateObjectMapping: 1.279600 ms MarkObjects: 36.046900 ms  DeleteObjects: 2.382600 ms)

Prepare: number of updated asset objects reloaded= 0
========================================================================
Received Import Request.
  Time since last request: 259.621061 seconds.
  path: Assets/_Project/GameScreen.prefab
  artifactKey: Guid(414af5587425f08428ab122766844dad) Importer(815301076,1909f56bfc062723c751e8b465ee728b)
Start importing Assets/_Project/GameScreen.prefab using Guid(414af5587425f08428ab122766844dad) Importer(815301076,1909f56bfc062723c751e8b465ee728b) (PreviewImporter)[PhysX] Initialized MultithreadedTaskDispatcher with 6 workers.
 -> (artifact id: '8402ecb785cb68830ad0655f3d2894e0') in 0.1585836 seconds
Number of updated asset objects reloaded before import = 0Number of asset objects unloaded after import = 113

========================================================================
Received Prepare
Begin MonoManager ReloadAssembly
- Loaded All Assemblies, in  4.323 seconds
'Packages/com.dcfa_pixels.dragonecs-unity/src/Connectors/EcsWorldProvider.cs' contains partial class of Unity.Object, exactly 1 of the partial classes needs to be in a file with the same filename. This is to know the one that can be referenced from ie. GameObjects
'Packages/com.dcfa_pixels.dragonecs-unity/src/Buildin/EcsWorldProvider.cs' contains partial class of Unity.Object, exactly 1 of the partial classes needs to be in a file with the same filename. This is to know the one that can be referenced from ie. GameObjects
Refreshing native plugins compatible for Editor in 1.51 ms, found 3 plugins.
Assertion failed on expression: 'pred(*previous, *i)'
Assertion failed on expression: 'pred(*previous, *i)'
Assertion failed on expression: 'pred(*previous, *i)'
Native extension for Android target not found
Native extension for WindowsStandalone target not found
Mono: successfully reloaded assembly
[Package Manager] Failed to launch server process. Reason: Unity was launched with the -noUpm command-line argument
[Package Manager] Unable to send message (not connected to server process).
[Package Manager] Cannot connect to Unity Package Manager local server
- Finished resetting the current domain, in  1.477 seconds
Domain Reload Profiling: 5811ms
	BeginReloadAssembly (2632ms)
		ExecutionOrderSort (1ms)
		DisableScriptedObjects (280ms)
		BackupInstance (0ms)
		ReleaseScriptingObjects (4ms)
		CreateAndSetChildDomain (1246ms)
	RebuildCommonClasses (45ms)
	RebuildNativeTypeToScriptingClass (15ms)
	initialDomainReloadingComplete (64ms)
	LoadAllAssembliesAndSetupDomain (1578ms)
		LoadAssemblies (1413ms)
		RebuildTransferFunctionScriptingTraits (0ms)
		AnalyzeDomain (494ms)
			TypeCache.Refresh (82ms)
				TypeCache.ScanAssembly (14ms)
			BuildScriptInfoCaches (352ms)
			ResolveRequiredComponents (11ms)
	FinalizeReload (1479ms)
		ReleaseScriptCaches (0ms)
		RebuildScriptCaches (0ms)
		SetupLoadedEditorAssemblies (1230ms)
			LogAssemblyErrors (0ms)
			InitializePlatformSupportModulesInManaged (34ms)
			SetLoadedEditorAssemblies (6ms)
			BeforeProcessingInitializeOnLoad (46ms)
			ProcessInitializeOnLoadAttributes (590ms)
			ProcessInitializeOnLoadMethodAttributes (550ms)
			AfterProcessingInitializeOnLoad (3ms)
			EditorAssembliesLoaded (1ms)
		ExecutionOrderSort2 (0ms)
		AwakeInstancesAfterBackupRestoration (7ms)
Refreshing native plugins compatible for Editor in 2.37 ms, found 3 plugins.
Preloading 0 native plugins for Editor in 0.00 ms.
Unloading 0 Unused Serialized files (Serialized files now loaded: 0)
Unloading 3768 unused Assets / (1.8 MB). Loaded Objects now: 4441.
Memory consumption went from 123.2 MB to 121.4 MB.
Total: 47.957800 ms (FindLiveObjects: 0.468300 ms CreateObjectMapping: 1.117300 ms MarkObjects: 42.525800 ms  DeleteObjects: 3.832800 ms)

Prepare: number of updated asset objects reloaded= 0
========================================================================
Received Prepare
'Packages/com.dcfa_pixels.dragonecs-unity/src/Connectors/EcsWorldProvider.cs' contains partial class of Unity.Object, exactly 1 of the partial classes needs to be in a file with the same filename. This is to know the one that can be referenced from ie. GameObjects
'Packages/com.dcfa_pixels.dragonecs-unity/src/Buildin/EcsWorldProvider.cs' contains partial class of Unity.Object, exactly 1 of the partial classes needs to be in a file with the same filename. This is to know the one that can be referenced from ie. GameObjects
Refreshing native plugins compatible for Editor in 2.11 ms, found 3 plugins.
Preloading 0 native plugins for Editor in 0.00 ms.
Unloading 0 Unused Serialized files (Serialized files now loaded: 0)
Unloading 3750 unused Assets / (0.8 MB). Loaded Objects now: 4441.
Memory consumption went from 123.4 MB to 122.6 MB.
Total: 353.552300 ms (FindLiveObjects: 3.515300 ms CreateObjectMapping: 0.660500 ms MarkObjects: 347.055400 ms  DeleteObjects: 2.315800 ms)

Prepare: number of updated asset objects reloaded= 0
========================================================================
Received Prepare
Begin MonoManager ReloadAssembly
- Loaded All Assemblies, in  3.182 seconds
'Packages/com.dcfa_pixels.dragonecs-unity/src/Connectors/EcsWorldProvider.cs' contains partial class of Unity.Object, exactly 1 of the partial classes needs to be in a file with the same filename. This is to know the one that can be referenced from ie. GameObjects
'Packages/com.dcfa_pixels.dragonecs-unity/src/Buildin/EcsWorldProvider.cs' contains partial class of Unity.Object, exactly 1 of the partial classes needs to be in a file with the same filename. This is to know the one that can be referenced from ie. GameObjects
Refreshing native plugins compatible for Editor in 4.31 ms, found 3 plugins.
Assertion failed on expression: 'pred(*previous, *i)'
Assertion failed on expression: 'pred(*previous, *i)'
Assertion failed on expression: 'pred(*previous, *i)'
Native extension for Android target not found
Native extension for WindowsStandalone target not found
Mono: successfully reloaded assembly
[Package Manager] Failed to launch server process. Reason: Unity was launched with the -noUpm command-line argument
[Package Manager] Unable to send message (not connected to server process).
[Package Manager] Cannot connect to Unity Package Manager local server
- Finished resetting the current domain, in  1.790 seconds
Domain Reload Profiling: 4976ms
	BeginReloadAssembly (1364ms)
		ExecutionOrderSort (0ms)
		DisableScriptedObjects (197ms)
		BackupInstance (0ms)
		ReleaseScriptingObjects (3ms)
		CreateAndSetChildDomain (482ms)
	RebuildCommonClasses (55ms)
	RebuildNativeTypeToScriptingClass (15ms)
	initialDomainReloadingComplete (54ms)
	LoadAllAssembliesAndSetupDomain (1694ms)
		LoadAssemblies (1734ms)
		RebuildTransferFunctionScriptingTraits (0ms)
		AnalyzeDomain (278ms)
			TypeCache.Refresh (40ms)
				TypeCache.ScanAssembly (6ms)
			BuildScriptInfoCaches (209ms)
			ResolveRequiredComponents (7ms)
	FinalizeReload (1794ms)
		ReleaseScriptCaches (0ms)
		RebuildScriptCaches (0ms)
		SetupLoadedEditorAssemblies (1343ms)
			LogAssemblyErrors (0ms)
			InitializePlatformSupportModulesInManaged (38ms)
			SetLoadedEditorAssemblies (6ms)
			BeforeProcessingInitializeOnLoad (48ms)
			ProcessInitializeOnLoadAttributes (679ms)
			ProcessInitializeOnLoadMethodAttributes (569ms)
			AfterProcessingInitializeOnLoad (3ms)
			EditorAssembliesLoaded (1ms)
		ExecutionOrderSort2 (0ms)
		AwakeInstancesAfterBackupRestoration (8ms)
Refreshing native plugins compatible for Editor in 1.82 ms, found 3 plugins.
Preloading 0 native plugins for Editor in 0.00 ms.
Unloading 0 Unused Serialized files (Serialized files now loaded: 0)
Unloading 3767 unused Assets / (0.8 MB). Loaded Objects now: 4441.
Memory consumption went from 123.3 MB to 122.4 MB.
Total: 29.761400 ms (FindLiveObjects: 0.707000 ms CreateObjectMapping: 0.544400 ms MarkObjects: 26.131800 ms  DeleteObjects: 2.373800 ms)

Prepare: number of updated asset objects reloaded= 0
========================================================================
Received Prepare
Begin MonoManager ReloadAssembly
- Loaded All Assemblies, in  3.826 seconds
'Packages/com.dcfa_pixels.dragonecs-unity/src/Connectors/EcsWorldProvider.cs' contains partial class of Unity.Object, exactly 1 of the partial classes needs to be in a file with the same filename. This is to know the one that can be referenced from ie. GameObjects
'Packages/com.dcfa_pixels.dragonecs-unity/src/Buildin/EcsWorldProvider.cs' contains partial class of Unity.Object, exactly 1 of the partial classes needs to be in a file with the same filename. This is to know the one that can be referenced from ie. GameObjects
Refreshing native plugins compatible for Editor in 3.60 ms, found 3 plugins.
Assertion failed on expression: 'pred(*previous, *i)'
Assertion failed on expression: 'pred(*previous, *i)'
Assertion failed on expression: 'pred(*previous, *i)'
Native extension for Android target not found
Native extension for WindowsStandalone target not found
Mono: successfully reloaded assembly
[Package Manager] Failed to launch server process. Reason: Unity was launched with the -noUpm command-line argument
[Package Manager] Unable to send message (not connected to server process).
[Package Manager] Cannot connect to Unity Package Manager local server
- Finished resetting the current domain, in  1.366 seconds
Domain Reload Profiling: 5200ms
	BeginReloadAssembly (2211ms)
		ExecutionOrderSort (0ms)
		DisableScriptedObjects (223ms)
		BackupInstance (0ms)
		ReleaseScriptingObjects (3ms)
		CreateAndSetChildDomain (946ms)
	RebuildCommonClasses (47ms)
	RebuildNativeTypeToScriptingClass (13ms)
	initialDomainReloadingComplete (50ms)
	LoadAllAssembliesAndSetupDomain (1510ms)
		LoadAssemblies (1614ms)
		RebuildTransferFunctionScriptingTraits (0ms)
		AnalyzeDomain (264ms)
			TypeCache.Refresh (42ms)
				TypeCache.ScanAssembly (4ms)
			BuildScriptInfoCaches (201ms)
			ResolveRequiredComponents (7ms)
	FinalizeReload (1369ms)
		ReleaseScriptCaches (0ms)
		RebuildScriptCaches (0ms)
		SetupLoadedEditorAssemblies (1102ms)
			LogAssemblyErrors (0ms)
			InitializePlatformSupportModulesInManaged (38ms)
			SetLoadedEditorAssemblies (6ms)
			BeforeProcessingInitializeOnLoad (57ms)
			ProcessInitializeOnLoadAttributes (651ms)
			ProcessInitializeOnLoadMethodAttributes (347ms)
			AfterProcessingInitializeOnLoad (2ms)
			EditorAssembliesLoaded (0ms)
		ExecutionOrderSort2 (0ms)
		AwakeInstancesAfterBackupRestoration (5ms)
Refreshing native plugins compatible for Editor in 2.00 ms, found 3 plugins.
Preloading 0 native plugins for Editor in 0.00 ms.
Unloading 0 Unused Serialized files (Serialized files now loaded: 0)
Unloading 3767 unused Assets / (476.0 KB). Loaded Objects now: 4441.
Memory consumption went from 123.3 MB to 122.8 MB.
Total: 53.652800 ms (FindLiveObjects: 0.636500 ms CreateObjectMapping: 0.260900 ms MarkObjects: 50.946800 ms  DeleteObjects: 1.805100 ms)

Prepare: number of updated asset objects reloaded= 0
========================================================================
Received Prepare
'Packages/com.dcfa_pixels.dragonecs-unity/src/Connectors/EcsWorldProvider.cs' contains partial class of Unity.Object, exactly 1 of the partial classes needs to be in a file with the same filename. This is to know the one that can be referenced from ie. GameObjects
'Packages/com.dcfa_pixels.dragonecs-unity/src/Buildin/EcsWorldProvider.cs' contains partial class of Unity.Object, exactly 1 of the partial classes needs to be in a file with the same filename. This is to know the one that can be referenced from ie. GameObjects
Refreshing native plugins compatible for Editor in 1.47 ms, found 3 plugins.
Preloading 0 native plugins for Editor in 0.00 ms.
Unloading 0 Unused Serialized files (Serialized files now loaded: 0)
Unloading 3750 unused Assets / (0.9 MB). Loaded Objects now: 4441.
Memory consumption went from 123.4 MB to 122.5 MB.
Total: 23.750300 ms (FindLiveObjects: 0.482900 ms CreateObjectMapping: 0.268300 ms MarkObjects: 21.606400 ms  DeleteObjects: 1.391400 ms)

Prepare: number of updated asset objects reloaded= 0
========================================================================
Received Prepare
'Packages/com.dcfa_pixels.dragonecs-unity/src/Connectors/EcsWorldProvider.cs' contains partial class of Unity.Object, exactly 1 of the partial classes needs to be in a file with the same filename. This is to know the one that can be referenced from ie. GameObjects
'Packages/com.dcfa_pixels.dragonecs-unity/src/Buildin/EcsWorldProvider.cs' contains partial class of Unity.Object, exactly 1 of the partial classes needs to be in a file with the same filename. This is to know the one that can be referenced from ie. GameObjects
Refreshing native plugins compatible for Editor in 2.58 ms, found 3 plugins.
Preloading 0 native plugins for Editor in 0.00 ms.
Unloading 0 Unused Serialized files (Serialized files now loaded: 0)
Unloading 3750 unused Assets / (1.8 MB). Loaded Objects now: 4441.
Memory consumption went from 123.4 MB to 121.6 MB.
Total: 187.543800 ms (FindLiveObjects: 1.711700 ms CreateObjectMapping: 0.397100 ms MarkObjects: 182.244500 ms  DeleteObjects: 3.171500 ms)

Prepare: number of updated asset objects reloaded= 0
========================================================================
Received Prepare
Begin MonoManager ReloadAssembly
- Loaded All Assemblies, in  2.756 seconds
'Packages/com.dcfa_pixels.dragonecs-unity/src/Connectors/EcsWorldProvider.cs' contains partial class of Unity.Object, exactly 1 of the partial classes needs to be in a file with the same filename. This is to know the one that can be referenced from ie. GameObjects
'Packages/com.dcfa_pixels.dragonecs-unity/src/Buildin/EcsWorldProvider.cs' contains partial class of Unity.Object, exactly 1 of the partial classes needs to be in a file with the same filename. This is to know the one that can be referenced from ie. GameObjects
Refreshing native plugins compatible for Editor in 3.63 ms, found 3 plugins.
Assertion failed on expression: 'pred(*previous, *i)'
Assertion failed on expression: 'pred(*previous, *i)'
Assertion failed on expression: 'pred(*previous, *i)'
Native extension for Android target not found
Native extension for WindowsStandalone target not found
Mono: successfully reloaded assembly
[Package Manager] Failed to launch server process. Reason: Unity was launched with the -noUpm command-line argument
[Package Manager] Unable to send message (not connected to server process).
[Package Manager] Cannot connect to Unity Package Manager local server
- Finished resetting the current domain, in  1.220 seconds
Domain Reload Profiling: 3977ms
	BeginReloadAssembly (735ms)
		ExecutionOrderSort (0ms)
		DisableScriptedObjects (73ms)
		BackupInstance (0ms)
		ReleaseScriptingObjects (2ms)
		CreateAndSetChildDomain (191ms)
	RebuildCommonClasses (72ms)
	RebuildNativeTypeToScriptingClass (23ms)
	initialDomainReloadingComplete (53ms)
	LoadAllAssembliesAndSetupDomain (1873ms)
		LoadAssemblies (1851ms)
		RebuildTransferFunctionScriptingTraits (0ms)
		AnalyzeDomain (342ms)
			TypeCache.Refresh (33ms)
				TypeCache.ScanAssembly (5ms)
			BuildScriptInfoCaches (267ms)
			ResolveRequiredComponents (6ms)
	FinalizeReload (1221ms)
		ReleaseScriptCaches (0ms)
		RebuildScriptCaches (0ms)
		SetupLoadedEditorAssemblies (974ms)
			LogAssemblyErrors (0ms)
			InitializePlatformSupportModulesInManaged (33ms)
			SetLoadedEditorAssemblies (6ms)
			BeforeProcessingInitializeOnLoad (45ms)
			ProcessInitializeOnLoadAttributes (562ms)
			ProcessInitializeOnLoadMethodAttributes (326ms)
			AfterProcessingInitializeOnLoad (2ms)
			EditorAssembliesLoaded (0ms)
		ExecutionOrderSort2 (0ms)
		AwakeInstancesAfterBackupRestoration (5ms)
Refreshing native plugins compatible for Editor in 1.74 ms, found 3 plugins.
Preloading 0 native plugins for Editor in 0.00 ms.
Unloading 0 Unused Serialized files (Serialized files now loaded: 0)
Unloading 3767 unused Assets / (2.6 MB). Loaded Objects now: 4441.
Memory consumption went from 123.3 MB to 120.7 MB.
Total: 22.546600 ms (FindLiveObjects: 0.522000 ms CreateObjectMapping: 0.272600 ms MarkObjects: 18.742200 ms  DeleteObjects: 3.008300 ms)

Prepare: number of updated asset objects reloaded= 0
========================================================================
Received Prepare
'Packages/com.dcfa_pixels.dragonecs-unity/src/Connectors/EcsWorldProvider.cs' contains partial class of Unity.Object, exactly 1 of the partial classes needs to be in a file with the same filename. This is to know the one that can be referenced from ie. GameObjects
'Packages/com.dcfa_pixels.dragonecs-unity/src/Buildin/EcsWorldProvider.cs' contains partial class of Unity.Object, exactly 1 of the partial classes needs to be in a file with the same filename. This is to know the one that can be referenced from ie. GameObjects
Refreshing native plugins compatible for Editor in 3.52 ms, found 3 plugins.
Preloading 0 native plugins for Editor in 0.00 ms.
Unloading 0 Unused Serialized files (Serialized files now loaded: 0)
Unloading 3751 unused Assets / (2.9 MB). Loaded Objects now: 4442.
Memory consumption went from 123.4 MB to 120.5 MB.
Total: 23.827700 ms (FindLiveObjects: 0.431700 ms CreateObjectMapping: 0.209400 ms MarkObjects: 19.923200 ms  DeleteObjects: 3.262100 ms)

Prepare: number of updated asset objects reloaded= 0
========================================================================
Received Prepare
Begin MonoManager ReloadAssembly
- Loaded All Assemblies, in  2.237 seconds
'Packages/com.dcfa_pixels.dragonecs-unity/src/Connectors/EcsWorldProvider.cs' contains partial class of Unity.Object, exactly 1 of the partial classes needs to be in a file with the same filename. This is to know the one that can be referenced from ie. GameObjects
'Packages/com.dcfa_pixels.dragonecs-unity/src/Buildin/EcsWorldProvider.cs' contains partial class of Unity.Object, exactly 1 of the partial classes needs to be in a file with the same filename. This is to know the one that can be referenced from ie. GameObjects
Refreshing native plugins compatible for Editor in 1.39 ms, found 3 plugins.
Assertion failed on expression: 'pred(*previous, *i)'
Assertion failed on expression: 'pred(*previous, *i)'
Assertion failed on expression: 'pred(*previous, *i)'
Native extension for Android target not found
Native extension for WindowsStandalone target not found
Mono: successfully reloaded assembly
[Package Manager] Failed to launch server process. Reason: Unity was launched with the -noUpm command-line argument
[Package Manager] Unable to send message (not connected to server process).
[Package Manager] Cannot connect to Unity Package Manager local server
- Finished resetting the current domain, in  1.477 seconds
Domain Reload Profiling: 3718ms
	BeginReloadAssembly (846ms)
		ExecutionOrderSort (0ms)
		DisableScriptedObjects (89ms)
		BackupInstance (0ms)
		ReleaseScriptingObjects (3ms)
		CreateAndSetChildDomain (307ms)
	RebuildCommonClasses (68ms)
	RebuildNativeTypeToScriptingClass (19ms)
	initialDomainReloadingComplete (58ms)
	LoadAllAssembliesAndSetupDomain (1248ms)
		LoadAssemblies (1230ms)
		RebuildTransferFunctionScriptingTraits (0ms)
		AnalyzeDomain (254ms)
			TypeCache.Refresh (22ms)
				TypeCache.ScanAssembly (3ms)
			BuildScriptInfoCaches (212ms)
			ResolveRequiredComponents (7ms)
	FinalizeReload (1479ms)
		ReleaseScriptCaches (0ms)
		RebuildScriptCaches (0ms)
		SetupLoadedEditorAssemblies (1136ms)
			LogAssemblyErrors (0ms)
			InitializePlatformSupportModulesInManaged (29ms)
			SetLoadedEditorAssemblies (6ms)
			BeforeProcessingInitializeOnLoad (63ms)
			ProcessInitializeOnLoadAttributes (642ms)
			ProcessInitializeOnLoadMethodAttributes (393ms)
			AfterProcessingInitializeOnLoad (3ms)
			EditorAssembliesLoaded (1ms)
		ExecutionOrderSort2 (0ms)
		AwakeInstancesAfterBackupRestoration (7ms)
Refreshing native plugins compatible for Editor in 1.79 ms, found 3 plugins.
Preloading 0 native plugins for Editor in 0.00 ms.
Unloading 0 Unused Serialized files (Serialized files now loaded: 0)
Unloading 3768 unused Assets / (2.8 MB). Loaded Objects now: 4442.
Memory consumption went from 123.3 MB to 120.5 MB.
Total: 31.824800 ms (FindLiveObjects: 0.852600 ms CreateObjectMapping: 0.599700 ms MarkObjects: 26.457900 ms  DeleteObjects: 3.911100 ms)

Prepare: number of updated asset objects reloaded= 0
========================================================================
Received Prepare
'Packages/com.dcfa_pixels.dragonecs-unity/src/Connectors/EcsWorldProvider.cs' contains partial class of Unity.Object, exactly 1 of the partial classes needs to be in a file with the same filename. This is to know the one that can be referenced from ie. GameObjects
'Packages/com.dcfa_pixels.dragonecs-unity/src/Buildin/EcsWorldProvider.cs' contains partial class of Unity.Object, exactly 1 of the partial classes needs to be in a file with the same filename. This is to know the one that can be referenced from ie. GameObjects
Refreshing native plugins compatible for Editor in 1.42 ms, found 3 plugins.
Preloading 0 native plugins for Editor in 0.00 ms.
Unloading 0 Unused Serialized files (Serialized files now loaded: 0)
Unloading 3751 unused Assets / (1.6 MB). Loaded Objects now: 4442.
Memory consumption went from 123.4 MB to 121.8 MB.
Total: 24.457300 ms (FindLiveObjects: 0.680500 ms CreateObjectMapping: 0.357600 ms MarkObjects: 21.131000 ms  DeleteObjects: 2.286500 ms)

Prepare: number of updated asset objects reloaded= 0
========================================================================
Received Prepare
'Packages/com.dcfa_pixels.dragonecs-unity/src/Connectors/EcsWorldProvider.cs' contains partial class of Unity.Object, exactly 1 of the partial classes needs to be in a file with the same filename. This is to know the one that can be referenced from ie. GameObjects
'Packages/com.dcfa_pixels.dragonecs-unity/src/Buildin/EcsWorldProvider.cs' contains partial class of Unity.Object, exactly 1 of the partial classes needs to be in a file with the same filename. This is to know the one that can be referenced from ie. GameObjects
Refreshing native plugins compatible for Editor in 1.33 ms, found 3 plugins.
Preloading 0 native plugins for Editor in 0.00 ms.
Unloading 0 Unused Serialized files (Serialized files now loaded: 0)
Unloading 3751 unused Assets / (0.9 MB). Loaded Objects now: 4442.
Memory consumption went from 123.4 MB to 122.5 MB.
Total: 20.609900 ms (FindLiveObjects: 0.656300 ms CreateObjectMapping: 0.315500 ms MarkObjects: 18.656700 ms  DeleteObjects: 0.979300 ms)

Prepare: number of updated asset objects reloaded= 0
========================================================================
Received Prepare
'Packages/com.dcfa_pixels.dragonecs-unity/src/Connectors/EcsWorldProvider.cs' contains partial class of Unity.Object, exactly 1 of the partial classes needs to be in a file with the same filename. This is to know the one that can be referenced from ie. GameObjects
'Packages/com.dcfa_pixels.dragonecs-unity/src/Buildin/EcsWorldProvider.cs' contains partial class of Unity.Object, exactly 1 of the partial classes needs to be in a file with the same filename. This is to know the one that can be referenced from ie. GameObjects
Refreshing native plugins compatible for Editor in 2.09 ms, found 3 plugins.
Preloading 0 native plugins for Editor in 0.00 ms.
Unloading 0 Unused Serialized files (Serialized files now loaded: 0)
Unloading 3751 unused Assets / (1.3 MB). Loaded Objects now: 4442.
Memory consumption went from 123.4 MB to 122.1 MB.
Total: 22.853100 ms (FindLiveObjects: 0.515500 ms CreateObjectMapping: 0.245000 ms MarkObjects: 20.354000 ms  DeleteObjects: 1.736900 ms)

Prepare: number of updated asset objects reloaded= 0
========================================================================
Received Prepare
'Packages/com.dcfa_pixels.dragonecs-unity/src/Connectors/EcsWorldProvider.cs' contains partial class of Unity.Object, exactly 1 of the partial classes needs to be in a file with the same filename. This is to know the one that can be referenced from ie. GameObjects
'Packages/com.dcfa_pixels.dragonecs-unity/src/Buildin/EcsWorldProvider.cs' contains partial class of Unity.Object, exactly 1 of the partial classes needs to be in a file with the same filename. This is to know the one that can be referenced from ie. GameObjects
Refreshing native plugins compatible for Editor in 1.62 ms, found 3 plugins.
Preloading 0 native plugins for Editor in 0.00 ms.
Unloading 0 Unused Serialized files (Serialized files now loaded: 0)
Unloading 3751 unused Assets / (0.9 MB). Loaded Objects now: 4442.
Memory consumption went from 123.4 MB to 122.5 MB.
Total: 20.572500 ms (FindLiveObjects: 0.428700 ms CreateObjectMapping: 0.202300 ms MarkObjects: 18.649800 ms  DeleteObjects: 1.290600 ms)

Prepare: number of updated asset objects reloaded= 0
========================================================================
Received Prepare
Begin MonoManager ReloadAssembly
- Loaded All Assemblies, in  2.236 seconds
'Packages/com.dcfa_pixels.dragonecs-unity/src/Connectors/EcsWorldProvider.cs' contains partial class of Unity.Object, exactly 1 of the partial classes needs to be in a file with the same filename. This is to know the one that can be referenced from ie. GameObjects
'Packages/com.dcfa_pixels.dragonecs-unity/src/Buildin/EcsWorldProvider.cs' contains partial class of Unity.Object, exactly 1 of the partial classes needs to be in a file with the same filename. This is to know the one that can be referenced from ie. GameObjects
Refreshing native plugins compatible for Editor in 4.65 ms, found 3 plugins.
Assertion failed on expression: 'pred(*previous, *i)'
Assertion failed on expression: 'pred(*previous, *i)'
Assertion failed on expression: 'pred(*previous, *i)'
Native extension for Android target not found
Native extension for WindowsStandalone target not found
Mono: successfully reloaded assembly
[Package Manager] Failed to launch server process. Reason: Unity was launched with the -noUpm command-line argument
[Package Manager] Unable to send message (not connected to server process).
[Package Manager] Cannot connect to Unity Package Manager local server
- Finished resetting the current domain, in  1.342 seconds
Domain Reload Profiling: 3581ms
	BeginReloadAssembly (583ms)
		ExecutionOrderSort (0ms)
		DisableScriptedObjects (20ms)
		BackupInstance (0ms)
		ReleaseScriptingObjects (2ms)
		CreateAndSetChildDomain (178ms)
	RebuildCommonClasses (69ms)
	RebuildNativeTypeToScriptingClass (17ms)
	initialDomainReloadingComplete (51ms)
	LoadAllAssembliesAndSetupDomain (1516ms)
		LoadAssemblies (1520ms)
		RebuildTransferFunctionScriptingTraits (0ms)
		AnalyzeDomain (283ms)
			TypeCache.Refresh (46ms)
				TypeCache.ScanAssembly (4ms)
			BuildScriptInfoCaches (206ms)
			ResolveRequiredComponents (7ms)
	FinalizeReload (1343ms)
		ReleaseScriptCaches (0ms)
		RebuildScriptCaches (0ms)
		SetupLoadedEditorAssemblies (1049ms)
			LogAssemblyErrors (0ms)
			InitializePlatformSupportModulesInManaged (45ms)
			SetLoadedEditorAssemblies (6ms)
			BeforeProcessingInitializeOnLoad (58ms)
			ProcessInitializeOnLoadAttributes (606ms)
			ProcessInitializeOnLoadMethodAttributes (330ms)
			AfterProcessingInitializeOnLoad (2ms)
			EditorAssembliesLoaded (0ms)
		ExecutionOrderSort2 (0ms)
		AwakeInstancesAfterBackupRestoration (5ms)
Refreshing native plugins compatible for Editor in 1.52 ms, found 3 plugins.
Preloading 0 native plugins for Editor in 0.00 ms.
Unloading 0 Unused Serialized files (Serialized files now loaded: 0)
Unloading 3768 unused Assets / (1.1 MB). Loaded Objects now: 4442.
Memory consumption went from 123.3 MB to 122.2 MB.
Total: 26.129600 ms (FindLiveObjects: 0.467500 ms CreateObjectMapping: 0.533100 ms MarkObjects: 23.550300 ms  DeleteObjects: 1.576100 ms)

Prepare: number of updated asset objects reloaded= 0
========================================================================
Received Prepare
'Packages/com.dcfa_pixels.dragonecs-unity/src/Connectors/EcsWorldProvider.cs' contains partial class of Unity.Object, exactly 1 of the partial classes needs to be in a file with the same filename. This is to know the one that can be referenced from ie. GameObjects
'Packages/com.dcfa_pixels.dragonecs-unity/src/Buildin/EcsWorldProvider.cs' contains partial class of Unity.Object, exactly 1 of the partial classes needs to be in a file with the same filename. This is to know the one that can be referenced from ie. GameObjects
Refreshing native plugins compatible for Editor in 1.48 ms, found 3 plugins.
Preloading 0 native plugins for Editor in 0.00 ms.
Unloading 0 Unused Serialized files (Serialized files now loaded: 0)
Unloading 3751 unused Assets / (1.3 MB). Loaded Objects now: 4442.
Memory consumption went from 123.4 MB to 122.1 MB.
Total: 24.197500 ms (FindLiveObjects: 0.479300 ms CreateObjectMapping: 0.256200 ms MarkObjects: 21.105400 ms  DeleteObjects: 2.355300 ms)

Prepare: number of updated asset objects reloaded= 0
========================================================================
Received Prepare
Begin MonoManager ReloadAssembly
- Loaded All Assemblies, in  0.975 seconds
'Packages/com.dcfa_pixels.dragonecs-unity/src/Connectors/EcsWorldProvider.cs' contains partial class of Unity.Object, exactly 1 of the partial classes needs to be in a file with the same filename. This is to know the one that can be referenced from ie. GameObjects
'Packages/com.dcfa_pixels.dragonecs-unity/src/Buildin/EcsWorldProvider.cs' contains partial class of Unity.Object, exactly 1 of the partial classes needs to be in a file with the same filename. This is to know the one that can be referenced from ie. GameObjects
Refreshing native plugins compatible for Editor in 1.89 ms, found 3 plugins.
Assertion failed on expression: 'pred(*previous, *i)'
Assertion failed on expression: 'pred(*previous, *i)'
Assertion failed on expression: 'pred(*previous, *i)'
Native extension for Android target not found
Native extension for WindowsStandalone target not found
Mono: successfully reloaded assembly
[Package Manager] Failed to launch server process. Reason: Unity was launched with the -noUpm command-line argument
[Package Manager] Unable to send message (not connected to server process).
[Package Manager] Cannot connect to Unity Package Manager local server
- Finished resetting the current domain, in  1.113 seconds
Domain Reload Profiling: 2089ms
	BeginReloadAssembly (258ms)
		ExecutionOrderSort (0ms)
		DisableScriptedObjects (10ms)
		BackupInstance (0ms)
		ReleaseScriptingObjects (1ms)
		CreateAndSetChildDomain (85ms)
	RebuildCommonClasses (44ms)
	RebuildNativeTypeToScriptingClass (15ms)
	initialDomainReloadingComplete (32ms)
	LoadAllAssembliesAndSetupDomain (627ms)
		LoadAssemblies (510ms)
		RebuildTransferFunctionScriptingTraits (0ms)
		AnalyzeDomain (237ms)
			TypeCache.Refresh (15ms)
				TypeCache.ScanAssembly (4ms)
			BuildScriptInfoCaches (209ms)
			ResolveRequiredComponents (9ms)
	FinalizeReload (1114ms)
		ReleaseScriptCaches (0ms)
		RebuildScriptCaches (0ms)
		SetupLoadedEditorAssemblies (869ms)
			LogAssemblyErrors (0ms)
			InitializePlatformSupportModulesInManaged (24ms)
			SetLoadedEditorAssemblies (5ms)
			BeforeProcessingInitializeOnLoad (46ms)
			ProcessInitializeOnLoadAttributes (493ms)
			ProcessInitializeOnLoadMethodAttributes (299ms)
			AfterProcessingInitializeOnLoad (2ms)
			EditorAssembliesLoaded (0ms)
		ExecutionOrderSort2 (0ms)
		AwakeInstancesAfterBackupRestoration (5ms)
Refreshing native plugins compatible for Editor in 1.53 ms, found 3 plugins.
Preloading 0 native plugins for Editor in 0.00 ms.
Unloading 0 Unused Serialized files (Serialized files now loaded: 0)
Unloading 3768 unused Assets / (1.1 MB). Loaded Objects now: 4442.
Memory consumption went from 123.3 MB to 122.2 MB.
Total: 22.691400 ms (FindLiveObjects: 0.470100 ms CreateObjectMapping: 0.240700 ms MarkObjects: 19.870600 ms  DeleteObjects: 2.108400 ms)

Prepare: number of updated asset objects reloaded= 0
========================================================================
Received Prepare
'Packages/com.dcfa_pixels.dragonecs-unity/src/Connectors/EcsWorldProvider.cs' contains partial class of Unity.Object, exactly 1 of the partial classes needs to be in a file with the same filename. This is to know the one that can be referenced from ie. GameObjects
'Packages/com.dcfa_pixels.dragonecs-unity/src/Buildin/EcsWorldProvider.cs' contains partial class of Unity.Object, exactly 1 of the partial classes needs to be in a file with the same filename. This is to know the one that can be referenced from ie. GameObjects
Refreshing native plugins compatible for Editor in 1.36 ms, found 3 plugins.
Preloading 0 native plugins for Editor in 0.00 ms.
Unloading 0 Unused Serialized files (Serialized files now loaded: 0)
Unloading 3751 unused Assets / (1.6 MB). Loaded Objects now: 4442.
Memory consumption went from 123.4 MB to 121.8 MB.
Total: 22.084200 ms (FindLiveObjects: 0.600400 ms CreateObjectMapping: 0.287500 ms MarkObjects: 18.720400 ms  DeleteObjects: 2.474000 ms)

Prepare: number of updated asset objects reloaded= 0
========================================================================
Received Prepare
Begin MonoManager ReloadAssembly
- Loaded All Assemblies, in  0.929 seconds
'Packages/com.dcfa_pixels.dragonecs-unity/src/Connectors/EcsWorldProvider.cs' contains partial class of Unity.Object, exactly 1 of the partial classes needs to be in a file with the same filename. This is to know the one that can be referenced from ie. GameObjects
'Packages/com.dcfa_pixels.dragonecs-unity/src/Buildin/EcsWorldProvider.cs' contains partial class of Unity.Object, exactly 1 of the partial classes needs to be in a file with the same filename. This is to know the one that can be referenced from ie. GameObjects
Refreshing native plugins compatible for Editor in 1.42 ms, found 3 plugins.
Assertion failed on expression: 'pred(*previous, *i)'
Assertion failed on expression: 'pred(*previous, *i)'
Assertion failed on expression: 'pred(*previous, *i)'
Native extension for Android target not found
Native extension for WindowsStandalone target not found
Mono: successfully reloaded assembly
[Package Manager] Failed to launch server process. Reason: Unity was launched with the -noUpm command-line argument
[Package Manager] Unable to send message (not connected to server process).
[Package Manager] Cannot connect to Unity Package Manager local server
- Finished resetting the current domain, in  1.387 seconds
Domain Reload Profiling: 2318ms
	BeginReloadAssembly (361ms)
		ExecutionOrderSort (0ms)
		DisableScriptedObjects (12ms)
		BackupInstance (0ms)
		ReleaseScriptingObjects (0ms)
		CreateAndSetChildDomain (131ms)
	RebuildCommonClasses (46ms)
	RebuildNativeTypeToScriptingClass (19ms)
	initialDomainReloadingComplete (36ms)
	LoadAllAssembliesAndSetupDomain (468ms)
		LoadAssemblies (415ms)
		RebuildTransferFunctionScriptingTraits (0ms)
		AnalyzeDomain (210ms)
			TypeCache.Refresh (17ms)
				TypeCache.ScanAssembly (4ms)
			BuildScriptInfoCaches (170ms)
			ResolveRequiredComponents (12ms)
	FinalizeReload (1388ms)
		ReleaseScriptCaches (0ms)
		RebuildScriptCaches (0ms)
		SetupLoadedEditorAssemblies (1095ms)
			LogAssemblyErrors (0ms)
			InitializePlatformSupportModulesInManaged (23ms)
			SetLoadedEditorAssemblies (5ms)
			BeforeProcessingInitializeOnLoad (61ms)
			ProcessInitializeOnLoadAttributes (675ms)
			ProcessInitializeOnLoadMethodAttributes (329ms)
			AfterProcessingInitializeOnLoad (2ms)
			EditorAssembliesLoaded (0ms)
		ExecutionOrderSort2 (0ms)
		AwakeInstancesAfterBackupRestoration (6ms)
Refreshing native plugins compatible for Editor in 1.50 ms, found 3 plugins.
Preloading 0 native plugins for Editor in 0.00 ms.
Unloading 0 Unused Serialized files (Serialized files now loaded: 0)
Unloading 3768 unused Assets / (1.9 MB). Loaded Objects now: 4442.
Memory consumption went from 123.3 MB to 121.3 MB.
Total: 22.974000 ms (FindLiveObjects: 0.753300 ms CreateObjectMapping: 0.400800 ms MarkObjects: 19.432900 ms  DeleteObjects: 2.384700 ms)

Prepare: number of updated asset objects reloaded= 0
========================================================================
Received Prepare
'Packages/com.dcfa_pixels.dragonecs-unity/src/Connectors/EcsWorldProvider.cs' contains partial class of Unity.Object, exactly 1 of the partial classes needs to be in a file with the same filename. This is to know the one that can be referenced from ie. GameObjects
'Packages/com.dcfa_pixels.dragonecs-unity/src/Buildin/EcsWorldProvider.cs' contains partial class of Unity.Object, exactly 1 of the partial classes needs to be in a file with the same filename. This is to know the one that can be referenced from ie. GameObjects
Refreshing native plugins compatible for Editor in 1.51 ms, found 3 plugins.
Preloading 0 native plugins for Editor in 0.00 ms.
Unloading 0 Unused Serialized files (Serialized files now loaded: 0)
Unloading 3751 unused Assets / (2.2 MB). Loaded Objects now: 4442.
Memory consumption went from 123.4 MB to 121.2 MB.
Total: 25.045600 ms (FindLiveObjects: 0.467400 ms CreateObjectMapping: 0.525200 ms MarkObjects: 21.631200 ms  DeleteObjects: 2.420300 ms)

Prepare: number of updated asset objects reloaded= 0
========================================================================
Received Prepare
Begin MonoManager ReloadAssembly
- Loaded All Assemblies, in  0.683 seconds
'Packages/com.dcfa_pixels.dragonecs-unity/src/Connectors/EcsWorldProvider.cs' contains partial class of Unity.Object, exactly 1 of the partial classes needs to be in a file with the same filename. This is to know the one that can be referenced from ie. GameObjects
'Packages/com.dcfa_pixels.dragonecs-unity/src/Buildin/EcsWorldProvider.cs' contains partial class of Unity.Object, exactly 1 of the partial classes needs to be in a file with the same filename. This is to know the one that can be referenced from ie. GameObjects
Refreshing native plugins compatible for Editor in 1.42 ms, found 3 plugins.
Assertion failed on expression: 'pred(*previous, *i)'
Assertion failed on expression: 'pred(*previous, *i)'
Assertion failed on expression: 'pred(*previous, *i)'
Native extension for Android target not found
Native extension for WindowsStandalone target not found
Mono: successfully reloaded assembly
[Package Manager] Failed to launch server process. Reason: Unity was launched with the -noUpm command-line argument
[Package Manager] Unable to send message (not connected to server process).
[Package Manager] Cannot connect to Unity Package Manager local server
- Finished resetting the current domain, in  1.082 seconds
Domain Reload Profiling: 1766ms
	BeginReloadAssembly (199ms)
		ExecutionOrderSort (0ms)
		DisableScriptedObjects (6ms)
		BackupInstance (0ms)
		ReleaseScriptingObjects (0ms)
		CreateAndSetChildDomain (58ms)
	RebuildCommonClasses (48ms)
	RebuildNativeTypeToScriptingClass (12ms)
	initialDomainReloadingComplete (25ms)
	LoadAllAssembliesAndSetupDomain (399ms)
		LoadAssemblies (316ms)
		RebuildTransferFunctionScriptingTraits (0ms)
		AnalyzeDomain (182ms)
			TypeCache.Refresh (13ms)
				TypeCache.ScanAssembly (4ms)
			BuildScriptInfoCaches (160ms)
			ResolveRequiredComponents (6ms)
	FinalizeReload (1082ms)
		ReleaseScriptCaches (0ms)
		RebuildScriptCaches (0ms)
		SetupLoadedEditorAssemblies (842ms)
			LogAssemblyErrors (0ms)
			InitializePlatformSupportModulesInManaged (21ms)
			SetLoadedEditorAssemblies (5ms)
			BeforeProcessingInitializeOnLoad (39ms)
			ProcessInitializeOnLoadAttributes (497ms)
			ProcessInitializeOnLoadMethodAttributes (277ms)
			AfterProcessingInitializeOnLoad (2ms)
			EditorAssembliesLoaded (0ms)
		ExecutionOrderSort2 (0ms)
		AwakeInstancesAfterBackupRestoration (4ms)
Refreshing native plugins compatible for Editor in 1.42 ms, found 3 plugins.
Preloading 0 native plugins for Editor in 0.00 ms.
Unloading 0 Unused Serialized files (Serialized files now loaded: 0)
Unloading 3768 unused Assets / (2.8 MB). Loaded Objects now: 4442.
Memory consumption went from 123.3 MB to 120.5 MB.
Total: 23.429500 ms (FindLiveObjects: 0.485000 ms CreateObjectMapping: 0.484500 ms MarkObjects: 17.402000 ms  DeleteObjects: 5.056600 ms)

Prepare: number of updated asset objects reloaded= 0
========================================================================
Received Prepare
'Packages/com.dcfa_pixels.dragonecs-unity/src/Connectors/EcsWorldProvider.cs' contains partial class of Unity.Object, exactly 1 of the partial classes needs to be in a file with the same filename. This is to know the one that can be referenced from ie. GameObjects
'Packages/com.dcfa_pixels.dragonecs-unity/src/Buildin/EcsWorldProvider.cs' contains partial class of Unity.Object, exactly 1 of the partial classes needs to be in a file with the same filename. This is to know the one that can be referenced from ie. GameObjects
Refreshing native plugins compatible for Editor in 1.48 ms, found 3 plugins.
Preloading 0 native plugins for Editor in 0.00 ms.
Unloading 0 Unused Serialized files (Serialized files now loaded: 0)
Unloading 3751 unused Assets / (1.4 MB). Loaded Objects now: 4442.
Memory consumption went from 123.4 MB to 122.0 MB.
Total: 23.371300 ms (FindLiveObjects: 0.503500 ms CreateObjectMapping: 0.229000 ms MarkObjects: 20.059500 ms  DeleteObjects: 2.577200 ms)

Prepare: number of updated asset objects reloaded= 0
========================================================================
Received Prepare
Begin MonoManager ReloadAssembly
- Loaded All Assemblies, in  0.862 seconds
'Packages/com.dcfa_pixels.dragonecs-unity/src/Connectors/EcsWorldProvider.cs' contains partial class of Unity.Object, exactly 1 of the partial classes needs to be in a file with the same filename. This is to know the one that can be referenced from ie. GameObjects
'Packages/com.dcfa_pixels.dragonecs-unity/src/Buildin/EcsWorldProvider.cs' contains partial class of Unity.Object, exactly 1 of the partial classes needs to be in a file with the same filename. This is to know the one that can be referenced from ie. GameObjects
Refreshing native plugins compatible for Editor in 1.29 ms, found 3 plugins.
Assertion failed on expression: 'pred(*previous, *i)'
Assertion failed on expression: 'pred(*previous, *i)'
Assertion failed on expression: 'pred(*previous, *i)'
Native extension for Android target not found
Native extension for WindowsStandalone target not found
Mono: successfully reloaded assembly
[Package Manager] Failed to launch server process. Reason: Unity was launched with the -noUpm command-line argument
[Package Manager] Unable to send message (not connected to server process).
[Package Manager] Cannot connect to Unity Package Manager local server
- Finished resetting the current domain, in  0.988 seconds
Domain Reload Profiling: 1852ms
	BeginReloadAssembly (210ms)
		ExecutionOrderSort (0ms)
		DisableScriptedObjects (6ms)
		BackupInstance (0ms)
		ReleaseScriptingObjects (0ms)
		CreateAndSetChildDomain (65ms)
	RebuildCommonClasses (38ms)
	RebuildNativeTypeToScriptingClass (13ms)
	initialDomainReloadingComplete (28ms)
	LoadAllAssembliesAndSetupDomain (574ms)
		LoadAssemblies (461ms)
		RebuildTransferFunctionScriptingTraits (0ms)
		AnalyzeDomain (211ms)
			TypeCache.Refresh (17ms)
				TypeCache.ScanAssembly (4ms)
			BuildScriptInfoCaches (183ms)
			ResolveRequiredComponents (8ms)
	FinalizeReload (988ms)
		ReleaseScriptCaches (0ms)
		RebuildScriptCaches (0ms)
		SetupLoadedEditorAssemblies (777ms)
			LogAssemblyErrors (0ms)
			InitializePlatformSupportModulesInManaged (18ms)
			SetLoadedEditorAssemblies (5ms)
			BeforeProcessingInitializeOnLoad (43ms)
			ProcessInitializeOnLoadAttributes (446ms)
			ProcessInitializeOnLoadMethodAttributes (263ms)
			AfterProcessingInitializeOnLoad (2ms)
			EditorAssembliesLoaded (0ms)
		ExecutionOrderSort2 (0ms)
		AwakeInstancesAfterBackupRestoration (4ms)
Refreshing native plugins compatible for Editor in 1.42 ms, found 3 plugins.
Preloading 0 native plugins for Editor in 0.00 ms.
Unloading 0 Unused Serialized files (Serialized files now loaded: 0)
Unloading 3768 unused Assets / (1.6 MB). Loaded Objects now: 4442.
Memory consumption went from 123.3 MB to 121.7 MB.
Total: 20.992700 ms (FindLiveObjects: 0.415500 ms CreateObjectMapping: 0.459900 ms MarkObjects: 18.092400 ms  DeleteObjects: 2.023200 ms)

Prepare: number of updated asset objects reloaded= 0
========================================================================
Received Prepare
'Packages/com.dcfa_pixels.dragonecs-unity/src/Connectors/EcsWorldProvider.cs' contains partial class of Unity.Object, exactly 1 of the partial classes needs to be in a file with the same filename. This is to know the one that can be referenced from ie. GameObjects
'Packages/com.dcfa_pixels.dragonecs-unity/src/Buildin/EcsWorldProvider.cs' contains partial class of Unity.Object, exactly 1 of the partial classes needs to be in a file with the same filename. This is to know the one that can be referenced from ie. GameObjects
Refreshing native plugins compatible for Editor in 1.83 ms, found 3 plugins.
Preloading 0 native plugins for Editor in 0.00 ms.
Unloading 0 Unused Serialized files (Serialized files now loaded: 0)
Unloading 3751 unused Assets / (0.9 MB). Loaded Objects now: 4442.
Memory consumption went from 123.4 MB to 122.4 MB.
Total: 40.597200 ms (FindLiveObjects: 0.552200 ms CreateObjectMapping: 0.279000 ms MarkObjects: 35.975800 ms  DeleteObjects: 3.787600 ms)

Prepare: number of updated asset objects reloaded= 0
========================================================================
Received Prepare
Begin MonoManager ReloadAssembly
- Loaded All Assemblies, in  1.221 seconds
'Packages/com.dcfa_pixels.dragonecs-unity/src/Connectors/EcsWorldProvider.cs' contains partial class of Unity.Object, exactly 1 of the partial classes needs to be in a file with the same filename. This is to know the one that can be referenced from ie. GameObjects
'Packages/com.dcfa_pixels.dragonecs-unity/src/Buildin/EcsWorldProvider.cs' contains partial class of Unity.Object, exactly 1 of the partial classes needs to be in a file with the same filename. This is to know the one that can be referenced from ie. GameObjects
Refreshing native plugins compatible for Editor in 1.52 ms, found 3 plugins.
Assertion failed on expression: 'pred(*previous, *i)'
Assertion failed on expression: 'pred(*previous, *i)'
Assertion failed on expression: 'pred(*previous, *i)'
Native extension for Android target not found
Native extension for WindowsStandalone target not found
Mono: successfully reloaded assembly
[Package Manager] Failed to launch server process. Reason: Unity was launched with the -noUpm command-line argument
[Package Manager] Unable to send message (not connected to server process).
[Package Manager] Cannot connect to Unity Package Manager local server
- Finished resetting the current domain, in  1.080 seconds
Domain Reload Profiling: 2304ms
	BeginReloadAssembly (211ms)
		ExecutionOrderSort (0ms)
		DisableScriptedObjects (10ms)
		BackupInstance (0ms)
		ReleaseScriptingObjects (0ms)
		CreateAndSetChildDomain (63ms)
	RebuildCommonClasses (37ms)
	RebuildNativeTypeToScriptingClass (12ms)
	initialDomainReloadingComplete (33ms)
	LoadAllAssembliesAndSetupDomain (930ms)
		LoadAssemblies (837ms)
		RebuildTransferFunctionScriptingTraits (0ms)
		AnalyzeDomain (195ms)
			TypeCache.Refresh (13ms)
				TypeCache.ScanAssembly (4ms)
			BuildScriptInfoCaches (172ms)
			ResolveRequiredComponents (6ms)
	FinalizeReload (1081ms)
		ReleaseScriptCaches (0ms)
		RebuildScriptCaches (0ms)
		SetupLoadedEditorAssemblies (841ms)
			LogAssemblyErrors (1ms)
			InitializePlatformSupportModulesInManaged (25ms)
			SetLoadedEditorAssemblies (5ms)
			BeforeProcessingInitializeOnLoad (46ms)
			ProcessInitializeOnLoadAttributes (480ms)
			ProcessInitializeOnLoadMethodAttributes (283ms)
			AfterProcessingInitializeOnLoad (2ms)
			EditorAssembliesLoaded (0ms)
		ExecutionOrderSort2 (0ms)
		AwakeInstancesAfterBackupRestoration (4ms)
Refreshing native plugins compatible for Editor in 1.42 ms, found 3 plugins.
Preloading 0 native plugins for Editor in 0.00 ms.
Unloading 0 Unused Serialized files (Serialized files now loaded: 0)
Unloading 3768 unused Assets / (1.8 MB). Loaded Objects now: 4442.
Memory consumption went from 123.3 MB to 121.4 MB.
Total: 20.464800 ms (FindLiveObjects: 0.429700 ms CreateObjectMapping: 0.512500 ms MarkObjects: 17.472100 ms  DeleteObjects: 2.048400 ms)

Prepare: number of updated asset objects reloaded= 0
========================================================================
Received Prepare
'Packages/com.dcfa_pixels.dragonecs-unity/src/Connectors/EcsWorldProvider.cs' contains partial class of Unity.Object, exactly 1 of the partial classes needs to be in a file with the same filename. This is to know the one that can be referenced from ie. GameObjects
'Packages/com.dcfa_pixels.dragonecs-unity/src/Buildin/EcsWorldProvider.cs' contains partial class of Unity.Object, exactly 1 of the partial classes needs to be in a file with the same filename. This is to know the one that can be referenced from ie. GameObjects
Refreshing native plugins compatible for Editor in 3.13 ms, found 3 plugins.
Preloading 0 native plugins for Editor in 0.00 ms.
Unloading 0 Unused Serialized files (Serialized files now loaded: 0)
Unloading 3751 unused Assets / (1.1 MB). Loaded Objects now: 4442.
Memory consumption went from 123.4 MB to 122.3 MB.
Total: 98.285700 ms (FindLiveObjects: 2.360700 ms CreateObjectMapping: 1.548600 ms MarkObjects: 91.514500 ms  DeleteObjects: 2.858300 ms)

Prepare: number of updated asset objects reloaded= 0
========================================================================
Received Prepare
'Packages/com.dcfa_pixels.dragonecs-unity/src/Connectors/EcsWorldProvider.cs' contains partial class of Unity.Object, exactly 1 of the partial classes needs to be in a file with the same filename. This is to know the one that can be referenced from ie. GameObjects
'Packages/com.dcfa_pixels.dragonecs-unity/src/Buildin/EcsWorldProvider.cs' contains partial class of Unity.Object, exactly 1 of the partial classes needs to be in a file with the same filename. This is to know the one that can be referenced from ie. GameObjects
Refreshing native plugins compatible for Editor in 1.45 ms, found 3 plugins.
Preloading 0 native plugins for Editor in 0.00 ms.
Unloading 0 Unused Serialized files (Serialized files now loaded: 0)
Unloading 3751 unused Assets / (2.1 MB). Loaded Objects now: 4442.
Memory consumption went from 123.4 MB to 121.3 MB.
Total: 23.751700 ms (FindLiveObjects: 0.422900 ms CreateObjectMapping: 0.507800 ms MarkObjects: 20.376400 ms  DeleteObjects: 2.443100 ms)

Prepare: number of updated asset objects reloaded= 0
========================================================================
Received Prepare
Begin MonoManager ReloadAssembly
- Loaded All Assemblies, in  2.756 seconds
'Packages/com.dcfa_pixels.dragonecs-unity/src/Connectors/EcsWorldProvider.cs' contains partial class of Unity.Object, exactly 1 of the partial classes needs to be in a file with the same filename. This is to know the one that can be referenced from ie. GameObjects
'Packages/com.dcfa_pixels.dragonecs-unity/src/Buildin/EcsWorldProvider.cs' contains partial class of Unity.Object, exactly 1 of the partial classes needs to be in a file with the same filename. This is to know the one that can be referenced from ie. GameObjects
Refreshing native plugins compatible for Editor in 1.28 ms, found 3 plugins.
Assertion failed on expression: 'pred(*previous, *i)'
Assertion failed on expression: 'pred(*previous, *i)'
Assertion failed on expression: 'pred(*previous, *i)'
Native extension for Android target not found
Native extension for WindowsStandalone target not found
Mono: successfully reloaded assembly
[Package Manager] Failed to launch server process. Reason: Unity was launched with the -noUpm command-line argument
[Package Manager] Unable to send message (not connected to server process).
[Package Manager] Cannot connect to Unity Package Manager local server
- Finished resetting the current domain, in  1.364 seconds
Domain Reload Profiling: 4128ms
	BeginReloadAssembly (757ms)
		ExecutionOrderSort (0ms)
		DisableScriptedObjects (41ms)
		BackupInstance (0ms)
		ReleaseScriptingObjects (2ms)
		CreateAndSetChildDomain (274ms)
	RebuildCommonClasses (44ms)
	RebuildNativeTypeToScriptingClass (15ms)
	initialDomainReloadingComplete (81ms)
	LoadAllAssembliesAndSetupDomain (1860ms)
		LoadAssemblies (1905ms)
		RebuildTransferFunctionScriptingTraits (0ms)
		AnalyzeDomain (228ms)
			TypeCache.Refresh (40ms)
				TypeCache.ScanAssembly (3ms)
			BuildScriptInfoCaches (142ms)
			ResolveRequiredComponents (8ms)
	FinalizeReload (1371ms)
		ReleaseScriptCaches (0ms)
		RebuildScriptCaches (0ms)
		SetupLoadedEditorAssemblies (1095ms)
			LogAssemblyErrors (0ms)
			InitializePlatformSupportModulesInManaged (40ms)
			SetLoadedEditorAssemblies (6ms)
			BeforeProcessingInitializeOnLoad (61ms)
			ProcessInitializeOnLoadAttributes (648ms)
			ProcessInitializeOnLoadMethodAttributes (337ms)
			AfterProcessingInitializeOnLoad (2ms)
			EditorAssembliesLoaded (2ms)
		ExecutionOrderSort2 (0ms)
		AwakeInstancesAfterBackupRestoration (8ms)
Refreshing native plugins compatible for Editor in 1.99 ms, found 3 plugins.
Preloading 0 native plugins for Editor in 0.00 ms.
Unloading 0 Unused Serialized files (Serialized files now loaded: 0)
Unloading 3768 unused Assets / (0.7 MB). Loaded Objects now: 4442.
Memory consumption went from 123.3 MB to 122.5 MB.
Total: 46.659700 ms (FindLiveObjects: 0.526500 ms CreateObjectMapping: 0.313700 ms MarkObjects: 37.350100 ms  DeleteObjects: 8.466000 ms)

Prepare: number of updated asset objects reloaded= 0
========================================================================
Received Prepare
'Packages/com.dcfa_pixels.dragonecs-unity/src/Connectors/EcsWorldProvider.cs' contains partial class of Unity.Object, exactly 1 of the partial classes needs to be in a file with the same filename. This is to know the one that can be referenced from ie. GameObjects
'Packages/com.dcfa_pixels.dragonecs-unity/src/Buildin/EcsWorldProvider.cs' contains partial class of Unity.Object, exactly 1 of the partial classes needs to be in a file with the same filename. This is to know the one that can be referenced from ie. GameObjects
Refreshing native plugins compatible for Editor in 1.51 ms, found 3 plugins.
Preloading 0 native plugins for Editor in 0.00 ms.
Unloading 0 Unused Serialized files (Serialized files now loaded: 0)
Unloading 3751 unused Assets / (1.2 MB). Loaded Objects now: 4442.
Memory consumption went from 123.4 MB to 122.2 MB.
Total: 26.242600 ms (FindLiveObjects: 0.440900 ms CreateObjectMapping: 0.231800 ms MarkObjects: 24.009100 ms  DeleteObjects: 1.558900 ms)

Prepare: number of updated asset objects reloaded= 0
========================================================================
Received Prepare
Begin MonoManager ReloadAssembly
- Loaded All Assemblies, in  0.932 seconds
'Packages/com.dcfa_pixels.dragonecs-unity/src/Connectors/EcsWorldProvider.cs' contains partial class of Unity.Object, exactly 1 of the partial classes needs to be in a file with the same filename. This is to know the one that can be referenced from ie. GameObjects
'Packages/com.dcfa_pixels.dragonecs-unity/src/Buildin/EcsWorldProvider.cs' contains partial class of Unity.Object, exactly 1 of the partial classes needs to be in a file with the same filename. This is to know the one that can be referenced from ie. GameObjects
Refreshing native plugins compatible for Editor in 1.54 ms, found 3 plugins.
Assertion failed on expression: 'pred(*previous, *i)'
Assertion failed on expression: 'pred(*previous, *i)'
Assertion failed on expression: 'pred(*previous, *i)'
Native extension for Android target not found
Native extension for WindowsStandalone target not found
Mono: successfully reloaded assembly
[Package Manager] Failed to launch server process. Reason: Unity was launched with the -noUpm command-line argument
[Package Manager] Unable to send message (not connected to server process).
[Package Manager] Cannot connect to Unity Package Manager local server
- Finished resetting the current domain, in  1.244 seconds
Domain Reload Profiling: 2177ms
	BeginReloadAssembly (223ms)
		ExecutionOrderSort (0ms)
		DisableScriptedObjects (9ms)
		BackupInstance (0ms)
		ReleaseScriptingObjects (1ms)
		CreateAndSetChildDomain (69ms)
	RebuildCommonClasses (58ms)
	RebuildNativeTypeToScriptingClass (18ms)
	initialDomainReloadingComplete (34ms)
	LoadAllAssembliesAndSetupDomain (600ms)
		LoadAssemblies (495ms)
		RebuildTransferFunctionScriptingTraits (0ms)
		AnalyzeDomain (210ms)
			TypeCache.Refresh (15ms)
				TypeCache.ScanAssembly (5ms)
			BuildScriptInfoCaches (185ms)
			ResolveRequiredComponents (6ms)
	FinalizeReload (1244ms)
		ReleaseScriptCaches (0ms)
		RebuildScriptCaches (0ms)
		SetupLoadedEditorAssemblies (975ms)
			LogAssemblyErrors (0ms)
			InitializePlatformSupportModulesInManaged (22ms)
			SetLoadedEditorAssemblies (6ms)
			BeforeProcessingInitializeOnLoad (59ms)
			ProcessInitializeOnLoadAttributes (567ms)
			ProcessInitializeOnLoadMethodAttributes (320ms)
			AfterProcessingInitializeOnLoad (2ms)
			EditorAssembliesLoaded (0ms)
		ExecutionOrderSort2 (0ms)
		AwakeInstancesAfterBackupRestoration (5ms)
Refreshing native plugins compatible for Editor in 1.85 ms, found 3 plugins.
Preloading 0 native plugins for Editor in 0.00 ms.
Unloading 0 Unused Serialized files (Serialized files now loaded: 0)
Unloading 3768 unused Assets / (1.5 MB). Loaded Objects now: 4442.
Memory consumption went from 123.3 MB to 121.8 MB.
Total: 24.356400 ms (FindLiveObjects: 0.616100 ms CreateObjectMapping: 0.671700 ms MarkObjects: 21.174800 ms  DeleteObjects: 1.892300 ms)

Prepare: number of updated asset objects reloaded= 0
========================================================================
Received Prepare
'Packages/com.dcfa_pixels.dragonecs-unity/src/Connectors/EcsWorldProvider.cs' contains partial class of Unity.Object, exactly 1 of the partial classes needs to be in a file with the same filename. This is to know the one that can be referenced from ie. GameObjects
'Packages/com.dcfa_pixels.dragonecs-unity/src/Buildin/EcsWorldProvider.cs' contains partial class of Unity.Object, exactly 1 of the partial classes needs to be in a file with the same filename. This is to know the one that can be referenced from ie. GameObjects
Refreshing native plugins compatible for Editor in 1.44 ms, found 3 plugins.
Preloading 0 native plugins for Editor in 0.00 ms.
Unloading 0 Unused Serialized files (Serialized files now loaded: 0)
Unloading 3751 unused Assets / (2.0 MB). Loaded Objects now: 4442.
Memory consumption went from 123.4 MB to 121.4 MB.
Total: 32.841500 ms (FindLiveObjects: 0.429800 ms CreateObjectMapping: 0.217500 ms MarkObjects: 29.022600 ms  DeleteObjects: 3.168900 ms)

Prepare: number of updated asset objects reloaded= 0
========================================================================
Received Prepare
Begin MonoManager ReloadAssembly
- Loaded All Assemblies, in  0.873 seconds
'Packages/com.dcfa_pixels.dragonecs-unity/src/Connectors/EcsWorldProvider.cs' contains partial class of Unity.Object, exactly 1 of the partial classes needs to be in a file with the same filename. This is to know the one that can be referenced from ie. GameObjects
'Packages/com.dcfa_pixels.dragonecs-unity/src/Buildin/EcsWorldProvider.cs' contains partial class of Unity.Object, exactly 1 of the partial classes needs to be in a file with the same filename. This is to know the one that can be referenced from ie. GameObjects
Refreshing native plugins compatible for Editor in 1.78 ms, found 3 plugins.
Assertion failed on expression: 'pred(*previous, *i)'
Assertion failed on expression: 'pred(*previous, *i)'
Assertion failed on expression: 'pred(*previous, *i)'
Native extension for Android target not found
Native extension for WindowsStandalone target not found
Mono: successfully reloaded assembly
[Package Manager] Failed to launch server process. Reason: Unity was launched with the -noUpm command-line argument
[Package Manager] Unable to send message (not connected to server process).
[Package Manager] Cannot connect to Unity Package Manager local server
- Finished resetting the current domain, in  1.297 seconds
Domain Reload Profiling: 2171ms
	BeginReloadAssembly (247ms)
		ExecutionOrderSort (0ms)
		DisableScriptedObjects (7ms)
		BackupInstance (0ms)
		ReleaseScriptingObjects (0ms)
		CreateAndSetChildDomain (77ms)
	RebuildCommonClasses (41ms)
	RebuildNativeTypeToScriptingClass (14ms)
	initialDomainReloadingComplete (36ms)
	LoadAllAssembliesAndSetupDomain (536ms)
		LoadAssemblies (420ms)
		RebuildTransferFunctionScriptingTraits (0ms)
		AnalyzeDomain (239ms)
			TypeCache.Refresh (16ms)
				TypeCache.ScanAssembly (4ms)
			BuildScriptInfoCaches (209ms)
			ResolveRequiredComponents (10ms)
	FinalizeReload (1298ms)
		ReleaseScriptCaches (0ms)
		RebuildScriptCaches (0ms)
		SetupLoadedEditorAssemblies (954ms)
			LogAssemblyErrors (0ms)
			InitializePlatformSupportModulesInManaged (24ms)
			SetLoadedEditorAssemblies (6ms)
			BeforeProcessingInitializeOnLoad (47ms)
			ProcessInitializeOnLoadAttributes (546ms)
			ProcessInitializeOnLoadMethodAttributes (328ms)
			AfterProcessingInitializeOnLoad (3ms)
			EditorAssembliesLoaded (0ms)
		ExecutionOrderSort2 (0ms)
		AwakeInstancesAfterBackupRestoration (6ms)
Refreshing native plugins compatible for Editor in 1.94 ms, found 3 plugins.
Preloading 0 native plugins for Editor in 0.00 ms.
Unloading 0 Unused Serialized files (Serialized files now loaded: 0)
Unloading 3768 unused Assets / (2.1 MB). Loaded Objects now: 4442.
Memory consumption went from 123.3 MB to 121.2 MB.
Total: 35.157200 ms (FindLiveObjects: 0.751000 ms CreateObjectMapping: 0.971600 ms MarkObjects: 28.719000 ms  DeleteObjects: 4.713200 ms)

Prepare: number of updated asset objects reloaded= 0
========================================================================
Received Prepare
'Packages/com.dcfa_pixels.dragonecs-unity/src/Connectors/EcsWorldProvider.cs' contains partial class of Unity.Object, exactly 1 of the partial classes needs to be in a file with the same filename. This is to know the one that can be referenced from ie. GameObjects
'Packages/com.dcfa_pixels.dragonecs-unity/src/Buildin/EcsWorldProvider.cs' contains partial class of Unity.Object, exactly 1 of the partial classes needs to be in a file with the same filename. This is to know the one that can be referenced from ie. GameObjects
Refreshing native plugins compatible for Editor in 1.60 ms, found 3 plugins.
Preloading 0 native plugins for Editor in 0.00 ms.
Unloading 0 Unused Serialized files (Serialized files now loaded: 0)
Unloading 3751 unused Assets / (1.0 MB). Loaded Objects now: 4442.
Memory consumption went from 123.4 MB to 122.4 MB.
Total: 25.296400 ms (FindLiveObjects: 0.523100 ms CreateObjectMapping: 0.355200 ms MarkObjects: 22.077700 ms  DeleteObjects: 2.338300 ms)

Prepare: number of updated asset objects reloaded= 0
========================================================================
Received Prepare
Begin MonoManager ReloadAssembly
- Loaded All Assemblies, in  1.599 seconds
'Packages/com.dcfa_pixels.dragonecs-unity/src/Connectors/EcsWorldProvider.cs' contains partial class of Unity.Object, exactly 1 of the partial classes needs to be in a file with the same filename. This is to know the one that can be referenced from ie. GameObjects
'Packages/com.dcfa_pixels.dragonecs-unity/src/Buildin/EcsWorldProvider.cs' contains partial class of Unity.Object, exactly 1 of the partial classes needs to be in a file with the same filename. This is to know the one that can be referenced from ie. GameObjects
Refreshing native plugins compatible for Editor in 1.71 ms, found 3 plugins.
Assertion failed on expression: 'pred(*previous, *i)'
Assertion failed on expression: 'pred(*previous, *i)'
Assertion failed on expression: 'pred(*previous, *i)'
Native extension for Android target not found
Native extension for WindowsStandalone target not found
Mono: successfully reloaded assembly
[Package Manager] Failed to launch server process. Reason: Unity was launched with the -noUpm command-line argument
[Package Manager] Unable to send message (not connected to server process).
[Package Manager] Cannot connect to Unity Package Manager local server
- Finished resetting the current domain, in  1.681 seconds
Domain Reload Profiling: 3283ms
	BeginReloadAssembly (327ms)
		ExecutionOrderSort (0ms)
		DisableScriptedObjects (11ms)
		BackupInstance (0ms)
		ReleaseScriptingObjects (0ms)
		CreateAndSetChildDomain (102ms)
	RebuildCommonClasses (51ms)
	RebuildNativeTypeToScriptingClass (18ms)
	initialDomainReloadingComplete (37ms)
	LoadAllAssembliesAndSetupDomain (1168ms)
		LoadAssemblies (986ms)
		RebuildTransferFunctionScriptingTraits (0ms)
		AnalyzeDomain (335ms)
			TypeCache.Refresh (51ms)
				TypeCache.ScanAssembly (5ms)
			BuildScriptInfoCaches (246ms)
			ResolveRequiredComponents (7ms)
	FinalizeReload (1683ms)
		ReleaseScriptCaches (0ms)
		RebuildScriptCaches (0ms)
		SetupLoadedEditorAssemblies (1096ms)
			LogAssemblyErrors (0ms)
			InitializePlatformSupportModulesInManaged (49ms)
			SetLoadedEditorAssemblies (9ms)
			BeforeProcessingInitializeOnLoad (62ms)
			ProcessInitializeOnLoadAttributes (613ms)
			ProcessInitializeOnLoadMethodAttributes (361ms)
			AfterProcessingInitializeOnLoad (3ms)
			EditorAssembliesLoaded (1ms)
		ExecutionOrderSort2 (0ms)
		AwakeInstancesAfterBackupRestoration (8ms)
Refreshing native plugins compatible for Editor in 1.43 ms, found 3 plugins.
Preloading 0 native plugins for Editor in 0.00 ms.
Unloading 0 Unused Serialized files (Serialized files now loaded: 0)
Unloading 3768 unused Assets / (1.1 MB). Loaded Objects now: 4442.
Memory consumption went from 123.3 MB to 122.2 MB.
Total: 27.427700 ms (FindLiveObjects: 0.442900 ms CreateObjectMapping: 0.200500 ms MarkObjects: 24.844400 ms  DeleteObjects: 1.937400 ms)

Prepare: number of updated asset objects reloaded= 0
========================================================================
Received Prepare
'Packages/com.dcfa_pixels.dragonecs-unity/src/Connectors/EcsWorldProvider.cs' contains partial class of Unity.Object, exactly 1 of the partial classes needs to be in a file with the same filename. This is to know the one that can be referenced from ie. GameObjects
'Packages/com.dcfa_pixels.dragonecs-unity/src/Buildin/EcsWorldProvider.cs' contains partial class of Unity.Object, exactly 1 of the partial classes needs to be in a file with the same filename. This is to know the one that can be referenced from ie. GameObjects
Refreshing native plugins compatible for Editor in 1.58 ms, found 3 plugins.
Preloading 0 native plugins for Editor in 0.00 ms.
Unloading 0 Unused Serialized files (Serialized files now loaded: 0)
Unloading 3751 unused Assets / (1.9 MB). Loaded Objects now: 4442.
Memory consumption went from 123.4 MB to 121.5 MB.
Total: 27.975100 ms (FindLiveObjects: 0.477700 ms CreateObjectMapping: 0.283000 ms MarkObjects: 24.247000 ms  DeleteObjects: 2.965800 ms)

Prepare: number of updated asset objects reloaded= 0
========================================================================
Received Prepare
Begin MonoManager ReloadAssembly
- Loaded All Assemblies, in  0.933 seconds
'Packages/com.dcfa_pixels.dragonecs-unity/src/Connectors/EcsWorldProvider.cs' contains partial class of Unity.Object, exactly 1 of the partial classes needs to be in a file with the same filename. This is to know the one that can be referenced from ie. GameObjects
'Packages/com.dcfa_pixels.dragonecs-unity/src/Buildin/EcsWorldProvider.cs' contains partial class of Unity.Object, exactly 1 of the partial classes needs to be in a file with the same filename. This is to know the one that can be referenced from ie. GameObjects
Refreshing native plugins compatible for Editor in 1.99 ms, found 3 plugins.
Assertion failed on expression: 'pred(*previous, *i)'
Assertion failed on expression: 'pred(*previous, *i)'
Assertion failed on expression: 'pred(*previous, *i)'
Native extension for Android target not found
Native extension for WindowsStandalone target not found
Mono: successfully reloaded assembly
[Package Manager] Failed to launch server process. Reason: Unity was launched with the -noUpm command-line argument
[Package Manager] Unable to send message (not connected to server process).
[Package Manager] Cannot connect to Unity Package Manager local server
- Finished resetting the current domain, in  1.112 seconds
Domain Reload Profiling: 2047ms
	BeginReloadAssembly (273ms)
		ExecutionOrderSort (0ms)
		DisableScriptedObjects (8ms)
		BackupInstance (0ms)
		ReleaseScriptingObjects (1ms)
		CreateAndSetChildDomain (85ms)
	RebuildCommonClasses (46ms)
	RebuildNativeTypeToScriptingClass (17ms)
	initialDomainReloadingComplete (32ms)
	LoadAllAssembliesAndSetupDomain (566ms)
		LoadAssemblies (509ms)
		RebuildTransferFunctionScriptingTraits (0ms)
		AnalyzeDomain (189ms)
			TypeCache.Refresh (16ms)
				TypeCache.ScanAssembly (4ms)
			BuildScriptInfoCaches (164ms)
			ResolveRequiredComponents (6ms)
	FinalizeReload (1112ms)
		ReleaseScriptCaches (0ms)
		RebuildScriptCaches (0ms)
		SetupLoadedEditorAssemblies (881ms)
			LogAssemblyErrors (0ms)
			InitializePlatformSupportModulesInManaged (21ms)
			SetLoadedEditorAssemblies (6ms)
			BeforeProcessingInitializeOnLoad (47ms)
			ProcessInitializeOnLoadAttributes (531ms)
			ProcessInitializeOnLoadMethodAttributes (274ms)
			AfterProcessingInitializeOnLoad (2ms)
			EditorAssembliesLoaded (0ms)
		ExecutionOrderSort2 (0ms)
		AwakeInstancesAfterBackupRestoration (5ms)
Refreshing native plugins compatible for Editor in 1.59 ms, found 3 plugins.
Preloading 0 native plugins for Editor in 0.00 ms.
Unloading 0 Unused Serialized files (Serialized files now loaded: 0)
Unloading 3768 unused Assets / (1.8 MB). Loaded Objects now: 4442.
Memory consumption went from 123.3 MB to 121.5 MB.
Total: 20.645100 ms (FindLiveObjects: 0.434600 ms CreateObjectMapping: 0.215100 ms MarkObjects: 18.061500 ms  DeleteObjects: 1.932500 ms)

Prepare: number of updated asset objects reloaded= 0
========================================================================
Received Prepare
'Packages/com.dcfa_pixels.dragonecs-unity/src/Connectors/EcsWorldProvider.cs' contains partial class of Unity.Object, exactly 1 of the partial classes needs to be in a file with the same filename. This is to know the one that can be referenced from ie. GameObjects
'Packages/com.dcfa_pixels.dragonecs-unity/src/Buildin/EcsWorldProvider.cs' contains partial class of Unity.Object, exactly 1 of the partial classes needs to be in a file with the same filename. This is to know the one that can be referenced from ie. GameObjects
Refreshing native plugins compatible for Editor in 2.18 ms, found 3 plugins.
Preloading 0 native plugins for Editor in 0.00 ms.
Unloading 0 Unused Serialized files (Serialized files now loaded: 0)
Unloading 3751 unused Assets / (1.7 MB). Loaded Objects now: 4442.
Memory consumption went from 123.4 MB to 121.7 MB.
Total: 27.688900 ms (FindLiveObjects: 0.502500 ms CreateObjectMapping: 0.310600 ms MarkObjects: 23.857100 ms  DeleteObjects: 3.017100 ms)

Prepare: number of updated asset objects reloaded= 0
========================================================================
Received Prepare
Begin MonoManager ReloadAssembly
- Loaded All Assemblies, in  0.842 seconds
'Packages/com.dcfa_pixels.dragonecs-unity/src/Connectors/EcsWorldProvider.cs' contains partial class of Unity.Object, exactly 1 of the partial classes needs to be in a file with the same filename. This is to know the one that can be referenced from ie. GameObjects
'Packages/com.dcfa_pixels.dragonecs-unity/src/Buildin/EcsWorldProvider.cs' contains partial class of Unity.Object, exactly 1 of the partial classes needs to be in a file with the same filename. This is to know the one that can be referenced from ie. GameObjects
Refreshing native plugins compatible for Editor in 2.53 ms, found 3 plugins.
Assertion failed on expression: 'pred(*previous, *i)'
Assertion failed on expression: 'pred(*previous, *i)'
Assertion failed on expression: 'pred(*previous, *i)'
Native extension for Android target not found
Native extension for WindowsStandalone target not found
Mono: successfully reloaded assembly
[Package Manager] Failed to launch server process. Reason: Unity was launched with the -noUpm command-line argument
[Package Manager] Unable to send message (not connected to server process).
[Package Manager] Cannot connect to Unity Package Manager local server
- Finished resetting the current domain, in  1.282 seconds
Domain Reload Profiling: 2126ms
	BeginReloadAssembly (226ms)
		ExecutionOrderSort (0ms)
		DisableScriptedObjects (7ms)
		BackupInstance (0ms)
		ReleaseScriptingObjects (0ms)
		CreateAndSetChildDomain (67ms)
	RebuildCommonClasses (40ms)
	RebuildNativeTypeToScriptingClass (21ms)
	initialDomainReloadingComplete (37ms)
	LoadAllAssembliesAndSetupDomain (520ms)
		LoadAssemblies (407ms)
		RebuildTransferFunctionScriptingTraits (0ms)
		AnalyzeDomain (221ms)
			TypeCache.Refresh (13ms)
				TypeCache.ScanAssembly (4ms)
			BuildScriptInfoCaches (199ms)
			ResolveRequiredComponents (6ms)
	FinalizeReload (1282ms)
		ReleaseScriptCaches (0ms)
		RebuildScriptCaches (0ms)
		SetupLoadedEditorAssemblies (966ms)
			LogAssemblyErrors (0ms)
			InitializePlatformSupportModulesInManaged (49ms)
			SetLoadedEditorAssemblies (7ms)
			BeforeProcessingInitializeOnLoad (51ms)
			ProcessInitializeOnLoadAttributes (522ms)
			ProcessInitializeOnLoadMethodAttributes (334ms)
			AfterProcessingInitializeOnLoad (2ms)
			EditorAssembliesLoaded (0ms)
		ExecutionOrderSort2 (0ms)
		AwakeInstancesAfterBackupRestoration (5ms)
Refreshing native plugins compatible for Editor in 2.57 ms, found 3 plugins.
Preloading 0 native plugins for Editor in 0.00 ms.
Unloading 0 Unused Serialized files (Serialized files now loaded: 0)
Unloading 3768 unused Assets / (1.7 MB). Loaded Objects now: 4442.
Memory consumption went from 123.3 MB to 121.6 MB.
Total: 31.527700 ms (FindLiveObjects: 0.596900 ms CreateObjectMapping: 0.377300 ms MarkObjects: 26.892800 ms  DeleteObjects: 3.659100 ms)

Prepare: number of updated asset objects reloaded= 0
========================================================================
Received Prepare
'Packages/com.dcfa_pixels.dragonecs-unity/src/Connectors/EcsWorldProvider.cs' contains partial class of Unity.Object, exactly 1 of the partial classes needs to be in a file with the same filename. This is to know the one that can be referenced from ie. GameObjects
'Packages/com.dcfa_pixels.dragonecs-unity/src/Buildin/EcsWorldProvider.cs' contains partial class of Unity.Object, exactly 1 of the partial classes needs to be in a file with the same filename. This is to know the one that can be referenced from ie. GameObjects
Refreshing native plugins compatible for Editor in 2.53 ms, found 3 plugins.
Preloading 0 native plugins for Editor in 0.00 ms.
Unloading 0 Unused Serialized files (Serialized files now loaded: 0)
Unloading 3753 unused Assets / (2.8 MB). Loaded Objects now: 4444.
Memory consumption went from 123.4 MB to 120.6 MB.
Total: 1004.325400 ms (FindLiveObjects: 2.202800 ms CreateObjectMapping: 0.247200 ms MarkObjects: 996.838000 ms  DeleteObjects: 5.035000 ms)

Prepare: number of updated asset objects reloaded= 0
========================================================================
Received Prepare
'Packages/com.dcfa_pixels.dragonecs-unity/src/Connectors/EcsWorldProvider.cs' contains partial class of Unity.Object, exactly 1 of the partial classes needs to be in a file with the same filename. This is to know the one that can be referenced from ie. GameObjects
'Packages/com.dcfa_pixels.dragonecs-unity/src/Buildin/EcsWorldProvider.cs' contains partial class of Unity.Object, exactly 1 of the partial classes needs to be in a file with the same filename. This is to know the one that can be referenced from ie. GameObjects
Refreshing native plugins compatible for Editor in 2.58 ms, found 3 plugins.
Preloading 0 native plugins for Editor in 0.00 ms.
Unloading 0 Unused Serialized files (Serialized files now loaded: 0)
Unloading 3753 unused Assets / (1.6 MB). Loaded Objects now: 4444.
Memory consumption went from 123.4 MB to 121.8 MB.
Total: 31.936800 ms (FindLiveObjects: 0.786600 ms CreateObjectMapping: 0.441700 ms MarkObjects: 27.735900 ms  DeleteObjects: 2.971000 ms)

Prepare: number of updated asset objects reloaded= 0
========================================================================
Received Prepare
'Packages/com.dcfa_pixels.dragonecs-unity/src/Connectors/EcsWorldProvider.cs' contains partial class of Unity.Object, exactly 1 of the partial classes needs to be in a file with the same filename. This is to know the one that can be referenced from ie. GameObjects
'Packages/com.dcfa_pixels.dragonecs-unity/src/Buildin/EcsWorldProvider.cs' contains partial class of Unity.Object, exactly 1 of the partial classes needs to be in a file with the same filename. This is to know the one that can be referenced from ie. GameObjects
Refreshing native plugins compatible for Editor in 1.76 ms, found 3 plugins.
Preloading 0 native plugins for Editor in 0.00 ms.
Unloading 0 Unused Serialized files (Serialized files now loaded: 0)
Unloading 3753 unused Assets / (2.4 MB). Loaded Objects now: 4444.
Memory consumption went from 123.4 MB to 121.0 MB.
Total: 38.865300 ms (FindLiveObjects: 0.657900 ms CreateObjectMapping: 0.501000 ms MarkObjects: 33.825400 ms  DeleteObjects: 3.879600 ms)

Prepare: number of updated asset objects reloaded= 0
========================================================================
Received Prepare
'Packages/com.dcfa_pixels.dragonecs-unity/src/Connectors/EcsWorldProvider.cs' contains partial class of Unity.Object, exactly 1 of the partial classes needs to be in a file with the same filename. This is to know the one that can be referenced from ie. GameObjects
'Packages/com.dcfa_pixels.dragonecs-unity/src/Buildin/EcsWorldProvider.cs' contains partial class of Unity.Object, exactly 1 of the partial classes needs to be in a file with the same filename. This is to know the one that can be referenced from ie. GameObjects
Refreshing native plugins compatible for Editor in 1.81 ms, found 3 plugins.
Preloading 0 native plugins for Editor in 0.00 ms.
Unloading 0 Unused Serialized files (Serialized files now loaded: 0)
Unloading 3753 unused Assets / (2.0 MB). Loaded Objects now: 4444.
Memory consumption went from 123.4 MB to 121.4 MB.
Total: 26.349100 ms (FindLiveObjects: 0.487300 ms CreateObjectMapping: 0.248200 ms MarkObjects: 23.109100 ms  DeleteObjects: 2.502400 ms)

Prepare: number of updated asset objects reloaded= 0
========================================================================
Received Prepare
'Packages/com.dcfa_pixels.dragonecs-unity/src/Connectors/EcsWorldProvider.cs' contains partial class of Unity.Object, exactly 1 of the partial classes needs to be in a file with the same filename. This is to know the one that can be referenced from ie. GameObjects
'Packages/com.dcfa_pixels.dragonecs-unity/src/Buildin/EcsWorldProvider.cs' contains partial class of Unity.Object, exactly 1 of the partial classes needs to be in a file with the same filename. This is to know the one that can be referenced from ie. GameObjects
Refreshing native plugins compatible for Editor in 1.40 ms, found 3 plugins.
Preloading 0 native plugins for Editor in 0.00 ms.
Unloading 0 Unused Serialized files (Serialized files now loaded: 0)
Unloading 3753 unused Assets / (1.6 MB). Loaded Objects now: 4444.
Memory consumption went from 123.4 MB to 121.8 MB.
Total: 33.315700 ms (FindLiveObjects: 0.467900 ms CreateObjectMapping: 0.201800 ms MarkObjects: 30.238100 ms  DeleteObjects: 2.405800 ms)

Prepare: number of updated asset objects reloaded= 0
========================================================================
Received Prepare
'Packages/com.dcfa_pixels.dragonecs-unity/src/Connectors/EcsWorldProvider.cs' contains partial class of Unity.Object, exactly 1 of the partial classes needs to be in a file with the same filename. This is to know the one that can be referenced from ie. GameObjects
'Packages/com.dcfa_pixels.dragonecs-unity/src/Buildin/EcsWorldProvider.cs' contains partial class of Unity.Object, exactly 1 of the partial classes needs to be in a file with the same filename. This is to know the one that can be referenced from ie. GameObjects
Refreshing native plugins compatible for Editor in 1.47 ms, found 3 plugins.
Preloading 0 native plugins for Editor in 0.00 ms.
Unloading 0 Unused Serialized files (Serialized files now loaded: 0)
Unloading 3753 unused Assets / (1.3 MB). Loaded Objects now: 4444.
Memory consumption went from 123.4 MB to 122.1 MB.
Total: 20.178900 ms (FindLiveObjects: 0.661800 ms CreateObjectMapping: 0.334900 ms MarkObjects: 17.739200 ms  DeleteObjects: 1.441700 ms)

Prepare: number of updated asset objects reloaded= 0
========================================================================
Received Prepare
'Packages/com.dcfa_pixels.dragonecs-unity/src/Connectors/EcsWorldProvider.cs' contains partial class of Unity.Object, exactly 1 of the partial classes needs to be in a file with the same filename. This is to know the one that can be referenced from ie. GameObjects
'Packages/com.dcfa_pixels.dragonecs-unity/src/Buildin/EcsWorldProvider.cs' contains partial class of Unity.Object, exactly 1 of the partial classes needs to be in a file with the same filename. This is to know the one that can be referenced from ie. GameObjects
Refreshing native plugins compatible for Editor in 1.43 ms, found 3 plugins.
Preloading 0 native plugins for Editor in 0.00 ms.
Unloading 0 Unused Serialized files (Serialized files now loaded: 0)
Unloading 3753 unused Assets / (2.7 MB). Loaded Objects now: 4444.
Memory consumption went from 123.4 MB to 120.7 MB.
Total: 22.219400 ms (FindLiveObjects: 0.437400 ms CreateObjectMapping: 0.230400 ms MarkObjects: 18.580300 ms  DeleteObjects: 2.969700 ms)

Prepare: number of updated asset objects reloaded= 0
========================================================================
Received Prepare
'Packages/com.dcfa_pixels.dragonecs-unity/src/Connectors/EcsWorldProvider.cs' contains partial class of Unity.Object, exactly 1 of the partial classes needs to be in a file with the same filename. This is to know the one that can be referenced from ie. GameObjects
'Packages/com.dcfa_pixels.dragonecs-unity/src/Buildin/EcsWorldProvider.cs' contains partial class of Unity.Object, exactly 1 of the partial classes needs to be in a file with the same filename. This is to know the one that can be referenced from ie. GameObjects
Refreshing native plugins compatible for Editor in 1.33 ms, found 3 plugins.
Preloading 0 native plugins for Editor in 0.00 ms.
Unloading 0 Unused Serialized files (Serialized files now loaded: 0)
Unloading 3753 unused Assets / (1.4 MB). Loaded Objects now: 4444.
Memory consumption went from 123.4 MB to 122.1 MB.
Total: 22.318800 ms (FindLiveObjects: 0.440900 ms CreateObjectMapping: 0.196500 ms MarkObjects: 19.351300 ms  DeleteObjects: 2.328700 ms)

Prepare: number of updated asset objects reloaded= 0
========================================================================
Received Prepare
'Packages/com.dcfa_pixels.dragonecs-unity/src/Connectors/EcsWorldProvider.cs' contains partial class of Unity.Object, exactly 1 of the partial classes needs to be in a file with the same filename. This is to know the one that can be referenced from ie. GameObjects
'Packages/com.dcfa_pixels.dragonecs-unity/src/Buildin/EcsWorldProvider.cs' contains partial class of Unity.Object, exactly 1 of the partial classes needs to be in a file with the same filename. This is to know the one that can be referenced from ie. GameObjects
Refreshing native plugins compatible for Editor in 2.24 ms, found 3 plugins.
Preloading 0 native plugins for Editor in 0.00 ms.
Unloading 0 Unused Serialized files (Serialized files now loaded: 0)
Unloading 3753 unused Assets / (0.9 MB). Loaded Objects now: 4444.
Memory consumption went from 123.4 MB to 122.5 MB.
Total: 29.737100 ms (FindLiveObjects: 0.901000 ms CreateObjectMapping: 0.857500 ms MarkObjects: 26.436200 ms  DeleteObjects: 1.540000 ms)

Prepare: number of updated asset objects reloaded= 0
========================================================================
Received Prepare
'Packages/com.dcfa_pixels.dragonecs-unity/src/Connectors/EcsWorldProvider.cs' contains partial class of Unity.Object, exactly 1 of the partial classes needs to be in a file with the same filename. This is to know the one that can be referenced from ie. GameObjects
'Packages/com.dcfa_pixels.dragonecs-unity/src/Buildin/EcsWorldProvider.cs' contains partial class of Unity.Object, exactly 1 of the partial classes needs to be in a file with the same filename. This is to know the one that can be referenced from ie. GameObjects
Refreshing native plugins compatible for Editor in 2.02 ms, found 3 plugins.
Preloading 0 native plugins for Editor in 0.00 ms.
Unloading 0 Unused Serialized files (Serialized files now loaded: 0)
Unloading 3753 unused Assets / (1.1 MB). Loaded Objects now: 4444.
Memory consumption went from 123.4 MB to 122.3 MB.
Total: 23.934800 ms (FindLiveObjects: 0.518400 ms CreateObjectMapping: 0.261700 ms MarkObjects: 21.336800 ms  DeleteObjects: 1.815800 ms)

Prepare: number of updated asset objects reloaded= 0
========================================================================
Received Prepare
Begin MonoManager ReloadAssembly
- Loaded All Assemblies, in  4.117 seconds
'Packages/com.dcfa_pixels.dragonecs-unity/src/Connectors/EcsWorldProvider.cs' contains partial class of Unity.Object, exactly 1 of the partial classes needs to be in a file with the same filename. This is to know the one that can be referenced from ie. GameObjects
'Packages/com.dcfa_pixels.dragonecs-unity/src/Buildin/EcsWorldProvider.cs' contains partial class of Unity.Object, exactly 1 of the partial classes needs to be in a file with the same filename. This is to know the one that can be referenced from ie. GameObjects
Refreshing native plugins compatible for Editor in 4.26 ms, found 3 plugins.
Assertion failed on expression: 'pred(*previous, *i)'
Assertion failed on expression: 'pred(*previous, *i)'
Assertion failed on expression: 'pred(*previous, *i)'
Assertion failed on expression: 'pred(*previous, *i)'
Native extension for Android target not found
Native extension for WindowsStandalone target not found
Mono: successfully reloaded assembly
[Package Manager] Failed to launch server process. Reason: Unity was launched with the -noUpm command-line argument
[Package Manager] Unable to send message (not connected to server process).
[Package Manager] Cannot connect to Unity Package Manager local server
- Finished resetting the current domain, in  1.375 seconds
Domain Reload Profiling: 5496ms
	BeginReloadAssembly (2054ms)
		ExecutionOrderSort (0ms)
		DisableScriptedObjects (168ms)
		BackupInstance (0ms)
		ReleaseScriptingObjects (3ms)
		CreateAndSetChildDomain (684ms)
	RebuildCommonClasses (50ms)
	RebuildNativeTypeToScriptingClass (15ms)
	initialDomainReloadingComplete (54ms)
	LoadAllAssembliesAndSetupDomain (1946ms)
		LoadAssemblies (2048ms)
		RebuildTransferFunctionScriptingTraits (0ms)
		AnalyzeDomain (484ms)
			TypeCache.Refresh (82ms)
				TypeCache.ScanAssembly (5ms)
			BuildScriptInfoCaches (289ms)
			ResolveRequiredComponents (7ms)
	FinalizeReload (1377ms)
		ReleaseScriptCaches (0ms)
		RebuildScriptCaches (0ms)
		SetupLoadedEditorAssemblies (1087ms)
			LogAssemblyErrors (0ms)
			InitializePlatformSupportModulesInManaged (33ms)
			SetLoadedEditorAssemblies (6ms)
			BeforeProcessingInitializeOnLoad (47ms)
			ProcessInitializeOnLoadAttributes (590ms)
			ProcessInitializeOnLoadMethodAttributes (408ms)
			AfterProcessingInitializeOnLoad (2ms)
			EditorAssembliesLoaded (1ms)
		ExecutionOrderSort2 (0ms)
		AwakeInstancesAfterBackupRestoration (11ms)
Refreshing native plugins compatible for Editor in 1.60 ms, found 3 plugins.
Preloading 0 native plugins for Editor in 0.00 ms.
Unloading 0 Unused Serialized files (Serialized files now loaded: 0)
Unloading 3770 unused Assets / (2.5 MB). Loaded Objects now: 4444.
Memory consumption went from 123.3 MB to 120.8 MB.
Total: 33.114100 ms (FindLiveObjects: 0.812100 ms CreateObjectMapping: 0.451200 ms MarkObjects: 26.836600 ms  DeleteObjects: 4.897100 ms)

Prepare: number of updated asset objects reloaded= 0
========================================================================
Received Prepare
'Packages/com.dcfa_pixels.dragonecs-unity/src/Connectors/EcsWorldProvider.cs' contains partial class of Unity.Object, exactly 1 of the partial classes needs to be in a file with the same filename. This is to know the one that can be referenced from ie. GameObjects
'Packages/com.dcfa_pixels.dragonecs-unity/src/Buildin/EcsWorldProvider.cs' contains partial class of Unity.Object, exactly 1 of the partial classes needs to be in a file with the same filename. This is to know the one that can be referenced from ie. GameObjects
Refreshing native plugins compatible for Editor in 1.96 ms, found 3 plugins.
Preloading 0 native plugins for Editor in 0.00 ms.
Unloading 0 Unused Serialized files (Serialized files now loaded: 0)
Unloading 3753 unused Assets / (1.1 MB). Loaded Objects now: 4444.
Memory consumption went from 123.4 MB to 122.3 MB.
Total: 26.089300 ms (FindLiveObjects: 0.954700 ms CreateObjectMapping: 0.222600 ms MarkObjects: 23.348700 ms  DeleteObjects: 1.561200 ms)

Prepare: number of updated asset objects reloaded= 0
========================================================================
Received Prepare
Begin MonoManager ReloadAssembly
- Loaded All Assemblies, in  1.348 seconds
'Packages/com.dcfa_pixels.dragonecs-unity/src/Connectors/EcsWorldProvider.cs' contains partial class of Unity.Object, exactly 1 of the partial classes needs to be in a file with the same filename. This is to know the one that can be referenced from ie. GameObjects
'Packages/com.dcfa_pixels.dragonecs-unity/src/Buildin/EcsWorldProvider.cs' contains partial class of Unity.Object, exactly 1 of the partial classes needs to be in a file with the same filename. This is to know the one that can be referenced from ie. GameObjects
Refreshing native plugins compatible for Editor in 2.50 ms, found 3 plugins.
Assertion failed on expression: 'pred(*previous, *i)'
Assertion failed on expression: 'pred(*previous, *i)'
Assertion failed on expression: 'pred(*previous, *i)'
Assertion failed on expression: 'pred(*previous, *i)'
Native extension for Android target not found
Native extension for WindowsStandalone target not found
Mono: successfully reloaded assembly
[Package Manager] Failed to launch server process. Reason: Unity was launched with the -noUpm command-line argument
[Package Manager] Unable to send message (not connected to server process).
[Package Manager] Cannot connect to Unity Package Manager local server
- Finished resetting the current domain, in  1.605 seconds
Domain Reload Profiling: 2956ms
	BeginReloadAssembly (492ms)
		ExecutionOrderSort (0ms)
		DisableScriptedObjects (8ms)
		BackupInstance (0ms)
		ReleaseScriptingObjects (1ms)
		CreateAndSetChildDomain (80ms)
	RebuildCommonClasses (49ms)
	RebuildNativeTypeToScriptingClass (17ms)
	initialDomainReloadingComplete (29ms)
	LoadAllAssembliesAndSetupDomain (763ms)
		LoadAssemblies (748ms)
		RebuildTransferFunctionScriptingTraits (0ms)
		AnalyzeDomain (362ms)
			TypeCache.Refresh (47ms)
				TypeCache.ScanAssembly (0ms)
			BuildScriptInfoCaches (268ms)
			ResolveRequiredComponents (6ms)
	FinalizeReload (1606ms)
		ReleaseScriptCaches (0ms)
		RebuildScriptCaches (0ms)
		SetupLoadedEditorAssemblies (1187ms)
			LogAssemblyErrors (0ms)
			InitializePlatformSupportModulesInManaged (46ms)
			SetLoadedEditorAssemblies (7ms)
			BeforeProcessingInitializeOnLoad (84ms)
			ProcessInitializeOnLoadAttributes (640ms)
			ProcessInitializeOnLoadMethodAttributes (408ms)
			AfterProcessingInitializeOnLoad (2ms)
			EditorAssembliesLoaded (1ms)
		ExecutionOrderSort2 (0ms)
		AwakeInstancesAfterBackupRestoration (7ms)
Refreshing native plugins compatible for Editor in 1.36 ms, found 3 plugins.
Preloading 0 native plugins for Editor in 0.00 ms.
Unloading 0 Unused Serialized files (Serialized files now loaded: 0)
Unloading 3770 unused Assets / (2.3 MB). Loaded Objects now: 4444.
Memory consumption went from 123.3 MB to 121.0 MB.
Total: 26.741800 ms (FindLiveObjects: 1.047600 ms CreateObjectMapping: 0.291500 ms MarkObjects: 21.725800 ms  DeleteObjects: 3.673500 ms)

Prepare: number of updated asset objects reloaded= 0
========================================================================
Received Prepare
'Packages/com.dcfa_pixels.dragonecs-unity/src/Connectors/EcsWorldProvider.cs' contains partial class of Unity.Object, exactly 1 of the partial classes needs to be in a file with the same filename. This is to know the one that can be referenced from ie. GameObjects
'Packages/com.dcfa_pixels.dragonecs-unity/src/Buildin/EcsWorldProvider.cs' contains partial class of Unity.Object, exactly 1 of the partial classes needs to be in a file with the same filename. This is to know the one that can be referenced from ie. GameObjects
Refreshing native plugins compatible for Editor in 1.93 ms, found 3 plugins.
Preloading 0 native plugins for Editor in 0.00 ms.
Unloading 0 Unused Serialized files (Serialized files now loaded: 0)
Unloading 3753 unused Assets / (1.0 MB). Loaded Objects now: 4444.
Memory consumption went from 123.4 MB to 122.4 MB.
Total: 28.070300 ms (FindLiveObjects: 0.611100 ms CreateObjectMapping: 0.359800 ms MarkObjects: 24.699100 ms  DeleteObjects: 2.398100 ms)

Prepare: number of updated asset objects reloaded= 0
========================================================================
Received Prepare
Begin MonoManager ReloadAssembly
- Loaded All Assemblies, in  1.684 seconds
'Packages/com.dcfa_pixels.dragonecs-unity/src/Connectors/EcsWorldProvider.cs' contains partial class of Unity.Object, exactly 1 of the partial classes needs to be in a file with the same filename. This is to know the one that can be referenced from ie. GameObjects
'Packages/com.dcfa_pixels.dragonecs-unity/src/Buildin/EcsWorldProvider.cs' contains partial class of Unity.Object, exactly 1 of the partial classes needs to be in a file with the same filename. This is to know the one that can be referenced from ie. GameObjects
Refreshing native plugins compatible for Editor in 1.69 ms, found 3 plugins.
Assertion failed on expression: 'pred(*previous, *i)'
Assertion failed on expression: 'pred(*previous, *i)'
Assertion failed on expression: 'pred(*previous, *i)'
Assertion failed on expression: 'pred(*previous, *i)'
Native extension for Android target not found
Native extension for WindowsStandalone target not found
Mono: successfully reloaded assembly
[Package Manager] Failed to launch server process. Reason: Unity was launched with the -noUpm command-line argument
[Package Manager] Unable to send message (not connected to server process).
[Package Manager] Cannot connect to Unity Package Manager local server
- Finished resetting the current domain, in  1.418 seconds
Domain Reload Profiling: 3105ms
	BeginReloadAssembly (382ms)
		ExecutionOrderSort (0ms)
		DisableScriptedObjects (10ms)
		BackupInstance (0ms)
		ReleaseScriptingObjects (2ms)
		CreateAndSetChildDomain (110ms)
	RebuildCommonClasses (71ms)
	RebuildNativeTypeToScriptingClass (26ms)
	initialDomainReloadingComplete (45ms)
	LoadAllAssembliesAndSetupDomain (1162ms)
		LoadAssemblies (963ms)
		RebuildTransferFunctionScriptingTraits (0ms)
		AnalyzeDomain (398ms)
			TypeCache.Refresh (70ms)
				TypeCache.ScanAssembly (9ms)
			BuildScriptInfoCaches (295ms)
			ResolveRequiredComponents (7ms)
	FinalizeReload (1420ms)
		ReleaseScriptCaches (0ms)
		RebuildScriptCaches (0ms)
		SetupLoadedEditorAssemblies (1111ms)
			LogAssemblyErrors (0ms)
			InitializePlatformSupportModulesInManaged (35ms)
			SetLoadedEditorAssemblies (6ms)
			BeforeProcessingInitializeOnLoad (50ms)
			ProcessInitializeOnLoadAttributes (621ms)
			ProcessInitializeOnLoadMethodAttributes (395ms)
			AfterProcessingInitializeOnLoad (4ms)
			EditorAssembliesLoaded (1ms)
		ExecutionOrderSort2 (0ms)
		AwakeInstancesAfterBackupRestoration (7ms)
Refreshing native plugins compatible for Editor in 2.75 ms, found 3 plugins.
Preloading 0 native plugins for Editor in 0.00 ms.
Unloading 0 Unused Serialized files (Serialized files now loaded: 0)
Unloading 3770 unused Assets / (1.7 MB). Loaded Objects now: 4444.
Memory consumption went from 123.3 MB to 121.6 MB.
Total: 31.312600 ms (FindLiveObjects: 0.565400 ms CreateObjectMapping: 0.316400 ms MarkObjects: 26.497900 ms  DeleteObjects: 3.928400 ms)

Prepare: number of updated asset objects reloaded= 0
========================================================================
Received Prepare
'Packages/com.dcfa_pixels.dragonecs-unity/src/Connectors/EcsWorldProvider.cs' contains partial class of Unity.Object, exactly 1 of the partial classes needs to be in a file with the same filename. This is to know the one that can be referenced from ie. GameObjects
'Packages/com.dcfa_pixels.dragonecs-unity/src/Buildin/EcsWorldProvider.cs' contains partial class of Unity.Object, exactly 1 of the partial classes needs to be in a file with the same filename. This is to know the one that can be referenced from ie. GameObjects
Refreshing native plugins compatible for Editor in 2.44 ms, found 3 plugins.
Preloading 0 native plugins for Editor in 0.00 ms.
Unloading 0 Unused Serialized files (Serialized files now loaded: 0)
Unloading 3753 unused Assets / (2.4 MB). Loaded Objects now: 4444.
Memory consumption went from 123.4 MB to 121.1 MB.
Total: 37.440100 ms (FindLiveObjects: 0.701700 ms CreateObjectMapping: 0.750900 ms MarkObjects: 31.151000 ms  DeleteObjects: 4.834300 ms)

Prepare: number of updated asset objects reloaded= 0
========================================================================
Received Prepare
Begin MonoManager ReloadAssembly
- Loaded All Assemblies, in  0.968 seconds
'Packages/com.dcfa_pixels.dragonecs-unity/src/Connectors/EcsWorldProvider.cs' contains partial class of Unity.Object, exactly 1 of the partial classes needs to be in a file with the same filename. This is to know the one that can be referenced from ie. GameObjects
'Packages/com.dcfa_pixels.dragonecs-unity/src/Buildin/EcsWorldProvider.cs' contains partial class of Unity.Object, exactly 1 of the partial classes needs to be in a file with the same filename. This is to know the one that can be referenced from ie. GameObjects
Refreshing native plugins compatible for Editor in 1.75 ms, found 3 plugins.
Assertion failed on expression: 'pred(*previous, *i)'
Assertion failed on expression: 'pred(*previous, *i)'
Assertion failed on expression: 'pred(*previous, *i)'
Assertion failed on expression: 'pred(*previous, *i)'
Native extension for Android target not found
Native extension for WindowsStandalone target not found
Mono: successfully reloaded assembly
[Package Manager] Failed to launch server process. Reason: Unity was launched with the -noUpm command-line argument
[Package Manager] Unable to send message (not connected to server process).
[Package Manager] Cannot connect to Unity Package Manager local server
- Finished resetting the current domain, in  1.236 seconds
Domain Reload Profiling: 2206ms
	BeginReloadAssembly (273ms)
		ExecutionOrderSort (0ms)
		DisableScriptedObjects (7ms)
		BackupInstance (0ms)
		ReleaseScriptingObjects (1ms)
		CreateAndSetChildDomain (76ms)
	RebuildCommonClasses (57ms)
	RebuildNativeTypeToScriptingClass (17ms)
	initialDomainReloadingComplete (40ms)
	LoadAllAssembliesAndSetupDomain (583ms)
		LoadAssemblies (535ms)
		RebuildTransferFunctionScriptingTraits (0ms)
		AnalyzeDomain (196ms)
			TypeCache.Refresh (15ms)
				TypeCache.ScanAssembly (4ms)
			BuildScriptInfoCaches (172ms)
			ResolveRequiredComponents (5ms)
	FinalizeReload (1237ms)
		ReleaseScriptCaches (0ms)
		RebuildScriptCaches (0ms)
		SetupLoadedEditorAssemblies (955ms)
			LogAssemblyErrors (0ms)
			InitializePlatformSupportModulesInManaged (25ms)
			SetLoadedEditorAssemblies (6ms)
			BeforeProcessingInitializeOnLoad (62ms)
			ProcessInitializeOnLoadAttributes (598ms)
			ProcessInitializeOnLoadMethodAttributes (260ms)
			AfterProcessingInitializeOnLoad (2ms)
			EditorAssembliesLoaded (0ms)
		ExecutionOrderSort2 (0ms)
		AwakeInstancesAfterBackupRestoration (5ms)
Refreshing native plugins compatible for Editor in 1.90 ms, found 3 plugins.
Preloading 0 native plugins for Editor in 0.00 ms.
Unloading 0 Unused Serialized files (Serialized files now loaded: 0)
Unloading 3770 unused Assets / (2.4 MB). Loaded Objects now: 4444.
Memory consumption went from 123.3 MB to 120.9 MB.
Total: 22.562400 ms (FindLiveObjects: 0.449200 ms CreateObjectMapping: 0.307900 ms MarkObjects: 18.747700 ms  DeleteObjects: 3.056200 ms)

Prepare: number of updated asset objects reloaded= 0
========================================================================
Received Prepare
Begin MonoManager ReloadAssembly
- Loaded All Assemblies, in  2.074 seconds
'Packages/com.dcfa_pixels.dragonecs-unity/src/Connectors/EcsWorldProvider.cs' contains partial class of Unity.Object, exactly 1 of the partial classes needs to be in a file with the same filename. This is to know the one that can be referenced from ie. GameObjects
'Packages/com.dcfa_pixels.dragonecs-unity/src/Buildin/EcsWorldProvider.cs' contains partial class of Unity.Object, exactly 1 of the partial classes needs to be in a file with the same filename. This is to know the one that can be referenced from ie. GameObjects
Refreshing native plugins compatible for Editor in 1.66 ms, found 3 plugins.
Assertion failed on expression: 'pred(*previous, *i)'
Assertion failed on expression: 'pred(*previous, *i)'
Assertion failed on expression: 'pred(*previous, *i)'
Assertion failed on expression: 'pred(*previous, *i)'
Native extension for Android target not found
Native extension for WindowsStandalone target not found
Mono: successfully reloaded assembly
[Package Manager] Failed to launch server process. Reason: Unity was launched with the -noUpm command-line argument
[Package Manager] Unable to send message (not connected to server process).
[Package Manager] Cannot connect to Unity Package Manager local server
- Finished resetting the current domain, in  1.181 seconds
Domain Reload Profiling: 3260ms
	BeginReloadAssembly (705ms)
		ExecutionOrderSort (0ms)
		DisableScriptedObjects (80ms)
		BackupInstance (0ms)
		ReleaseScriptingObjects (4ms)
		CreateAndSetChildDomain (185ms)
	RebuildCommonClasses (44ms)
	RebuildNativeTypeToScriptingClass (13ms)
	initialDomainReloadingComplete (41ms)
	LoadAllAssembliesAndSetupDomain (1275ms)
		LoadAssemblies (1209ms)
		RebuildTransferFunctionScriptingTraits (0ms)
		AnalyzeDomain (300ms)
			TypeCache.Refresh (57ms)
				TypeCache.ScanAssembly (6ms)
			BuildScriptInfoCaches (201ms)
			ResolveRequiredComponents (10ms)
	FinalizeReload (1182ms)
		ReleaseScriptCaches (0ms)
		RebuildScriptCaches (0ms)
		SetupLoadedEditorAssemblies (927ms)
			LogAssemblyErrors (0ms)
			InitializePlatformSupportModulesInManaged (33ms)
			SetLoadedEditorAssemblies (7ms)
			BeforeProcessingInitializeOnLoad (47ms)
			ProcessInitializeOnLoadAttributes (535ms)
			ProcessInitializeOnLoadMethodAttributes (303ms)
			AfterProcessingInitializeOnLoad (2ms)
			EditorAssembliesLoaded (0ms)
		ExecutionOrderSort2 (0ms)
		AwakeInstancesAfterBackupRestoration (6ms)
Refreshing native plugins compatible for Editor in 1.37 ms, found 3 plugins.
Preloading 0 native plugins for Editor in 0.00 ms.
Unloading 0 Unused Serialized files (Serialized files now loaded: 0)
Unloading 3770 unused Assets / (2.8 MB). Loaded Objects now: 4444.
Memory consumption went from 123.3 MB to 120.5 MB.
Total: 27.337700 ms (FindLiveObjects: 0.530700 ms CreateObjectMapping: 0.247600 ms MarkObjects: 21.382300 ms  DeleteObjects: 5.174300 ms)

Prepare: number of updated asset objects reloaded= 0
========================================================================
Received Prepare
'Packages/com.dcfa_pixels.dragonecs-unity/src/Connectors/EcsWorldProvider.cs' contains partial class of Unity.Object, exactly 1 of the partial classes needs to be in a file with the same filename. This is to know the one that can be referenced from ie. GameObjects
'Packages/com.dcfa_pixels.dragonecs-unity/src/Buildin/EcsWorldProvider.cs' contains partial class of Unity.Object, exactly 1 of the partial classes needs to be in a file with the same filename. This is to know the one that can be referenced from ie. GameObjects
Refreshing native plugins compatible for Editor in 3.14 ms, found 3 plugins.
Preloading 0 native plugins for Editor in 0.00 ms.
Unloading 0 Unused Serialized files (Serialized files now loaded: 0)
Unloading 3753 unused Assets / (1.2 MB). Loaded Objects now: 4444.
Memory consumption went from 123.4 MB to 122.2 MB.
Total: 76.014500 ms (FindLiveObjects: 1.050000 ms CreateObjectMapping: 1.177800 ms MarkObjects: 55.107200 ms  DeleteObjects: 18.673500 ms)

Prepare: number of updated asset objects reloaded= 0
========================================================================
Received Prepare
Begin MonoManager ReloadAssembly
- Loaded All Assemblies, in  1.369 seconds
'Packages/com.dcfa_pixels.dragonecs-unity/src/Connectors/EcsWorldProvider.cs' contains partial class of Unity.Object, exactly 1 of the partial classes needs to be in a file with the same filename. This is to know the one that can be referenced from ie. GameObjects
'Packages/com.dcfa_pixels.dragonecs-unity/src/Buildin/EcsWorldProvider.cs' contains partial class of Unity.Object, exactly 1 of the partial classes needs to be in a file with the same filename. This is to know the one that can be referenced from ie. GameObjects
Refreshing native plugins compatible for Editor in 4.16 ms, found 3 plugins.
Assertion failed on expression: 'pred(*previous, *i)'
Assertion failed on expression: 'pred(*previous, *i)'
Assertion failed on expression: 'pred(*previous, *i)'
Assertion failed on expression: 'pred(*previous, *i)'
Native extension for Android target not found
Native extension for WindowsStandalone target not found
Mono: successfully reloaded assembly
[Package Manager] Failed to launch server process. Reason: Unity was launched with the -noUpm command-line argument
[Package Manager] Unable to send message (not connected to server process).
[Package Manager] Cannot connect to Unity Package Manager local server
- Finished resetting the current domain, in  1.138 seconds
Domain Reload Profiling: 2508ms
	BeginReloadAssembly (485ms)
		ExecutionOrderSort (0ms)
		DisableScriptedObjects (103ms)
		BackupInstance (0ms)
		ReleaseScriptingObjects (1ms)
		CreateAndSetChildDomain (128ms)
	RebuildCommonClasses (55ms)
	RebuildNativeTypeToScriptingClass (16ms)
	initialDomainReloadingComplete (46ms)
	LoadAllAssembliesAndSetupDomain (767ms)
		LoadAssemblies (802ms)
		RebuildTransferFunctionScriptingTraits (0ms)
		AnalyzeDomain (161ms)
			TypeCache.Refresh (14ms)
				TypeCache.ScanAssembly (4ms)
			BuildScriptInfoCaches (140ms)
			ResolveRequiredComponents (5ms)
	FinalizeReload (1139ms)
		ReleaseScriptCaches (0ms)
		RebuildScriptCaches (0ms)
		SetupLoadedEditorAssemblies (891ms)
			LogAssemblyErrors (0ms)
			InitializePlatformSupportModulesInManaged (19ms)
			SetLoadedEditorAssemblies (5ms)
			BeforeProcessingInitializeOnLoad (43ms)
			ProcessInitializeOnLoadAttributes (544ms)
			ProcessInitializeOnLoadMethodAttributes (278ms)
			AfterProcessingInitializeOnLoad (2ms)
			EditorAssembliesLoaded (0ms)
		ExecutionOrderSort2 (0ms)
		AwakeInstancesAfterBackupRestoration (5ms)
Refreshing native plugins compatible for Editor in 1.61 ms, found 3 plugins.
Preloading 0 native plugins for Editor in 0.00 ms.
Unloading 0 Unused Serialized files (Serialized files now loaded: 0)
Unloading 3770 unused Assets / (1.9 MB). Loaded Objects now: 4444.
Memory consumption went from 123.3 MB to 121.4 MB.
Total: 22.046500 ms (FindLiveObjects: 0.457400 ms CreateObjectMapping: 0.209200 ms MarkObjects: 18.825000 ms  DeleteObjects: 2.553600 ms)

Prepare: number of updated asset objects reloaded= 0
========================================================================
Received Prepare
Begin MonoManager ReloadAssembly
- Loaded All Assemblies, in  5.105 seconds
'Packages/com.dcfa_pixels.dragonecs-unity/src/Connectors/EcsWorldProvider.cs' contains partial class of Unity.Object, exactly 1 of the partial classes needs to be in a file with the same filename. This is to know the one that can be referenced from ie. GameObjects
'Packages/com.dcfa_pixels.dragonecs-unity/src/Buildin/EcsWorldProvider.cs' contains partial class of Unity.Object, exactly 1 of the partial classes needs to be in a file with the same filename. This is to know the one that can be referenced from ie. GameObjects
Refreshing native plugins compatible for Editor in 2.00 ms, found 3 plugins.
Assertion failed on expression: 'pred(*previous, *i)'
Assertion failed on expression: 'pred(*previous, *i)'
Assertion failed on expression: 'pred(*previous, *i)'
Assertion failed on expression: 'pred(*previous, *i)'
Native extension for Android target not found
Native extension for WindowsStandalone target not found
Mono: successfully reloaded assembly
[Package Manager] Failed to launch server process. Reason: Unity was launched with the -noUpm command-line argument
[Package Manager] Unable to send message (not connected to server process).
[Package Manager] Cannot connect to Unity Package Manager local server
- Finished resetting the current domain, in  2.229 seconds
Domain Reload Profiling: 7342ms
	BeginReloadAssembly (2752ms)
		ExecutionOrderSort (0ms)
		DisableScriptedObjects (200ms)
		BackupInstance (0ms)
		ReleaseScriptingObjects (6ms)
		CreateAndSetChildDomain (1248ms)
	RebuildCommonClasses (69ms)
	RebuildNativeTypeToScriptingClass (17ms)
	initialDomainReloadingComplete (79ms)
	LoadAllAssembliesAndSetupDomain (2194ms)
		LoadAssemblies (2127ms)
		RebuildTransferFunctionScriptingTraits (0ms)
		AnalyzeDomain (463ms)
			TypeCache.Refresh (94ms)
				TypeCache.ScanAssembly (9ms)
			BuildScriptInfoCaches (328ms)
			ResolveRequiredComponents (8ms)
	FinalizeReload (2231ms)
		ReleaseScriptCaches (0ms)
		RebuildScriptCaches (0ms)
		SetupLoadedEditorAssemblies (1830ms)
			LogAssemblyErrors (0ms)
			InitializePlatformSupportModulesInManaged (43ms)
			SetLoadedEditorAssemblies (8ms)
			BeforeProcessingInitializeOnLoad (70ms)
			ProcessInitializeOnLoadAttributes (979ms)
			ProcessInitializeOnLoadMethodAttributes (726ms)
			AfterProcessingInitializeOnLoad (3ms)
			EditorAssembliesLoaded (1ms)
		ExecutionOrderSort2 (0ms)
		AwakeInstancesAfterBackupRestoration (8ms)
Refreshing native plugins compatible for Editor in 2.48 ms, found 3 plugins.
Preloading 0 native plugins for Editor in 0.00 ms.
Unloading 0 Unused Serialized files (Serialized files now loaded: 0)
Unloading 3770 unused Assets / (2.0 MB). Loaded Objects now: 4444.
Memory consumption went from 123.3 MB to 121.4 MB.
Total: 49.203300 ms (FindLiveObjects: 1.653900 ms CreateObjectMapping: 0.619200 ms MarkObjects: 41.695600 ms  DeleteObjects: 5.228800 ms)

Prepare: number of updated asset objects reloaded= 0
========================================================================
Received Prepare
'Packages/com.dcfa_pixels.dragonecs-unity/src/Connectors/EcsWorldProvider.cs' contains partial class of Unity.Object, exactly 1 of the partial classes needs to be in a file with the same filename. This is to know the one that can be referenced from ie. GameObjects
'Packages/com.dcfa_pixels.dragonecs-unity/src/Buildin/EcsWorldProvider.cs' contains partial class of Unity.Object, exactly 1 of the partial classes needs to be in a file with the same filename. This is to know the one that can be referenced from ie. GameObjects
Refreshing native plugins compatible for Editor in 1.71 ms, found 3 plugins.
Preloading 0 native plugins for Editor in 0.00 ms.
Unloading 0 Unused Serialized files (Serialized files now loaded: 0)
Unloading 3753 unused Assets / (2.6 MB). Loaded Objects now: 4444.
Memory consumption went from 123.4 MB to 120.9 MB.
Total: 26.409100 ms (FindLiveObjects: 0.444500 ms CreateObjectMapping: 0.245100 ms MarkObjects: 20.284000 ms  DeleteObjects: 5.434200 ms)

Prepare: number of updated asset objects reloaded= 0
========================================================================
Received Prepare
Begin MonoManager ReloadAssembly
- Loaded All Assemblies, in  1.665 seconds
'Packages/com.dcfa_pixels.dragonecs-unity/src/Connectors/EcsWorldProvider.cs' contains partial class of Unity.Object, exactly 1 of the partial classes needs to be in a file with the same filename. This is to know the one that can be referenced from ie. GameObjects
'Packages/com.dcfa_pixels.dragonecs-unity/src/Buildin/EcsWorldProvider.cs' contains partial class of Unity.Object, exactly 1 of the partial classes needs to be in a file with the same filename. This is to know the one that can be referenced from ie. GameObjects
Refreshing native plugins compatible for Editor in 1.98 ms, found 3 plugins.
Assertion failed on expression: 'pred(*previous, *i)'
Assertion failed on expression: 'pred(*previous, *i)'
Assertion failed on expression: 'pred(*previous, *i)'
Assertion failed on expression: 'pred(*previous, *i)'
Native extension for Android target not found
Native extension for WindowsStandalone target not found
Mono: successfully reloaded assembly
[Package Manager] Failed to launch server process. Reason: Unity was launched with the -noUpm command-line argument
[Package Manager] Unable to send message (not connected to server process).
[Package Manager] Cannot connect to Unity Package Manager local server
- Finished resetting the current domain, in  2.762 seconds
Domain Reload Profiling: 4434ms
	BeginReloadAssembly (306ms)
		ExecutionOrderSort (0ms)
		DisableScriptedObjects (8ms)
		BackupInstance (0ms)
		ReleaseScriptingObjects (2ms)
		CreateAndSetChildDomain (109ms)
	RebuildCommonClasses (41ms)
	RebuildNativeTypeToScriptingClass (15ms)
	initialDomainReloadingComplete (38ms)
	LoadAllAssembliesAndSetupDomain (1267ms)
		LoadAssemblies (977ms)
		RebuildTransferFunctionScriptingTraits (0ms)
		AnalyzeDomain (401ms)
			TypeCache.Refresh (50ms)
				TypeCache.ScanAssembly (6ms)
			BuildScriptInfoCaches (317ms)
			ResolveRequiredComponents (6ms)
	FinalizeReload (2767ms)
		ReleaseScriptCaches (0ms)
		RebuildScriptCaches (0ms)
		SetupLoadedEditorAssemblies (2256ms)
			LogAssemblyErrors (0ms)
			InitializePlatformSupportModulesInManaged (132ms)
			SetLoadedEditorAssemblies (13ms)
			BeforeProcessingInitializeOnLoad (154ms)
			ProcessInitializeOnLoadAttributes (1404ms)
			ProcessInitializeOnLoadMethodAttributes (548ms)
			AfterProcessingInitializeOnLoad (3ms)
			EditorAssembliesLoaded (3ms)
		ExecutionOrderSort2 (0ms)
		AwakeInstancesAfterBackupRestoration (12ms)
Refreshing native plugins compatible for Editor in 1.99 ms, found 3 plugins.
Preloading 0 native plugins for Editor in 0.00 ms.
Unloading 0 Unused Serialized files (Serialized files now loaded: 0)
Unloading 3770 unused Assets / (1.2 MB). Loaded Objects now: 4444.
Memory consumption went from 123.3 MB to 122.1 MB.
Total: 31.867200 ms (FindLiveObjects: 0.765000 ms CreateObjectMapping: 0.693700 ms MarkObjects: 25.818600 ms  DeleteObjects: 4.587700 ms)

Prepare: number of updated asset objects reloaded= 0
========================================================================
Received Prepare
'Packages/com.dcfa_pixels.dragonecs-unity/src/Connectors/EcsWorldProvider.cs' contains partial class of Unity.Object, exactly 1 of the partial classes needs to be in a file with the same filename. This is to know the one that can be referenced from ie. GameObjects
'Packages/com.dcfa_pixels.dragonecs-unity/src/Buildin/EcsWorldProvider.cs' contains partial class of Unity.Object, exactly 1 of the partial classes needs to be in a file with the same filename. This is to know the one that can be referenced from ie. GameObjects
Refreshing native plugins compatible for Editor in 1.60 ms, found 3 plugins.
Preloading 0 native plugins for Editor in 0.00 ms.
Unloading 0 Unused Serialized files (Serialized files now loaded: 0)
Unloading 3753 unused Assets / (2.6 MB). Loaded Objects now: 4444.
Memory consumption went from 123.4 MB to 120.8 MB.
Total: 217.280900 ms (FindLiveObjects: 2.032600 ms CreateObjectMapping: 0.403700 ms MarkObjects: 211.771000 ms  DeleteObjects: 3.071100 ms)

Prepare: number of updated asset objects reloaded= 0
========================================================================
Received Prepare
Begin MonoManager ReloadAssembly
- Loaded All Assemblies, in  3.620 seconds
'Packages/com.dcfa_pixels.dragonecs-unity/src/Connectors/EcsWorldProvider.cs' contains partial class of Unity.Object, exactly 1 of the partial classes needs to be in a file with the same filename. This is to know the one that can be referenced from ie. GameObjects
'Packages/com.dcfa_pixels.dragonecs-unity/src/Buildin/EcsWorldProvider.cs' contains partial class of Unity.Object, exactly 1 of the partial classes needs to be in a file with the same filename. This is to know the one that can be referenced from ie. GameObjects
Refreshing native plugins compatible for Editor in 2.61 ms, found 3 plugins.
Assertion failed on expression: 'pred(*previous, *i)'
Assertion failed on expression: 'pred(*previous, *i)'
Assertion failed on expression: 'pred(*previous, *i)'
Assertion failed on expression: 'pred(*previous, *i)'
Native extension for Android target not found
Native extension for WindowsStandalone target not found
Mono: successfully reloaded assembly
[Package Manager] Failed to launch server process. Reason: Unity was launched with the -noUpm command-line argument
[Package Manager] Unable to send message (not connected to server process).
[Package Manager] Cannot connect to Unity Package Manager local server
- Finished resetting the current domain, in  2.183 seconds
Domain Reload Profiling: 5809ms
	BeginReloadAssembly (1493ms)
		ExecutionOrderSort (0ms)
		DisableScriptedObjects (112ms)
		BackupInstance (0ms)
		ReleaseScriptingObjects (2ms)
		CreateAndSetChildDomain (708ms)
	RebuildCommonClasses (64ms)
	RebuildNativeTypeToScriptingClass (15ms)
	initialDomainReloadingComplete (148ms)
	LoadAllAssembliesAndSetupDomain (1902ms)
		LoadAssemblies (1762ms)
		RebuildTransferFunctionScriptingTraits (0ms)
		AnalyzeDomain (495ms)
			TypeCache.Refresh (84ms)
				TypeCache.ScanAssembly (10ms)
			BuildScriptInfoCaches (345ms)
			ResolveRequiredComponents (11ms)
	FinalizeReload (2186ms)
		ReleaseScriptCaches (0ms)
		RebuildScriptCaches (0ms)
		SetupLoadedEditorAssemblies (1664ms)
			LogAssemblyErrors (0ms)
			InitializePlatformSupportModulesInManaged (69ms)
			SetLoadedEditorAssemblies (11ms)
			BeforeProcessingInitializeOnLoad (84ms)
			ProcessInitializeOnLoadAttributes (992ms)
			ProcessInitializeOnLoadMethodAttributes (504ms)
			AfterProcessingInitializeOnLoad (3ms)
			EditorAssembliesLoaded (1ms)
		ExecutionOrderSort2 (0ms)
		AwakeInstancesAfterBackupRestoration (9ms)
Refreshing native plugins compatible for Editor in 1.55 ms, found 3 plugins.
Preloading 0 native plugins for Editor in 0.00 ms.
Unloading 0 Unused Serialized files (Serialized files now loaded: 0)
Unloading 3770 unused Assets / (133.9 KB). Loaded Objects now: 4444.
Memory consumption went from 123.3 MB to 123.2 MB.
Total: 30.907000 ms (FindLiveObjects: 0.827600 ms CreateObjectMapping: 0.241600 ms MarkObjects: 27.975500 ms  DeleteObjects: 1.859000 ms)

Prepare: number of updated asset objects reloaded= 0
========================================================================
Received Prepare
'Packages/com.dcfa_pixels.dragonecs-unity/src/Connectors/EcsWorldProvider.cs' contains partial class of Unity.Object, exactly 1 of the partial classes needs to be in a file with the same filename. This is to know the one that can be referenced from ie. GameObjects
'Packages/com.dcfa_pixels.dragonecs-unity/src/Buildin/EcsWorldProvider.cs' contains partial class of Unity.Object, exactly 1 of the partial classes needs to be in a file with the same filename. This is to know the one that can be referenced from ie. GameObjects
Refreshing native plugins compatible for Editor in 1.55 ms, found 3 plugins.
Preloading 0 native plugins for Editor in 0.00 ms.
Unloading 0 Unused Serialized files (Serialized files now loaded: 0)
Unloading 3753 unused Assets / (2.1 MB). Loaded Objects now: 4444.
Memory consumption went from 123.4 MB to 121.4 MB.
Total: 24.460400 ms (FindLiveObjects: 0.473800 ms CreateObjectMapping: 0.216000 ms MarkObjects: 20.832800 ms  DeleteObjects: 2.935700 ms)

Prepare: number of updated asset objects reloaded= 0
========================================================================
Received Prepare
Begin MonoManager ReloadAssembly
- Loaded All Assemblies, in  0.862 seconds
'Packages/com.dcfa_pixels.dragonecs-unity/src/Connectors/EcsWorldProvider.cs' contains partial class of Unity.Object, exactly 1 of the partial classes needs to be in a file with the same filename. This is to know the one that can be referenced from ie. GameObjects
'Packages/com.dcfa_pixels.dragonecs-unity/src/Buildin/EcsWorldProvider.cs' contains partial class of Unity.Object, exactly 1 of the partial classes needs to be in a file with the same filename. This is to know the one that can be referenced from ie. GameObjects
Refreshing native plugins compatible for Editor in 1.16 ms, found 3 plugins.
Assertion failed on expression: 'pred(*previous, *i)'
Assertion failed on expression: 'pred(*previous, *i)'
Assertion failed on expression: 'pred(*previous, *i)'
Assertion failed on expression: 'pred(*previous, *i)'
Native extension for Android target not found
Native extension for WindowsStandalone target not found
Mono: successfully reloaded assembly
[Package Manager] Failed to launch server process. Reason: Unity was launched with the -noUpm command-line argument
[Package Manager] Unable to send message (not connected to server process).
[Package Manager] Cannot connect to Unity Package Manager local server
- Finished resetting the current domain, in  1.030 seconds
Domain Reload Profiling: 1893ms
	BeginReloadAssembly (255ms)
		ExecutionOrderSort (0ms)
		DisableScriptedObjects (7ms)
		BackupInstance (0ms)
		ReleaseScriptingObjects (2ms)
		CreateAndSetChildDomain (79ms)
	RebuildCommonClasses (41ms)
	RebuildNativeTypeToScriptingClass (14ms)
	initialDomainReloadingComplete (34ms)
	LoadAllAssembliesAndSetupDomain (518ms)
		LoadAssemblies (465ms)
		RebuildTransferFunctionScriptingTraits (0ms)
		AnalyzeDomain (177ms)
			TypeCache.Refresh (14ms)
				TypeCache.ScanAssembly (4ms)
			BuildScriptInfoCaches (155ms)
			ResolveRequiredComponents (6ms)
	FinalizeReload (1031ms)
		ReleaseScriptCaches (0ms)
		RebuildScriptCaches (0ms)
		SetupLoadedEditorAssemblies (805ms)
			LogAssemblyErrors (0ms)
			InitializePlatformSupportModulesInManaged (18ms)
			SetLoadedEditorAssemblies (5ms)
			BeforeProcessingInitializeOnLoad (40ms)
			ProcessInitializeOnLoadAttributes (462ms)
			ProcessInitializeOnLoadMethodAttributes (278ms)
			AfterProcessingInitializeOnLoad (2ms)
			EditorAssembliesLoaded (0ms)
		ExecutionOrderSort2 (0ms)
		AwakeInstancesAfterBackupRestoration (4ms)
Refreshing native plugins compatible for Editor in 1.31 ms, found 3 plugins.
Preloading 0 native plugins for Editor in 0.00 ms.
Unloading 0 Unused Serialized files (Serialized files now loaded: 0)
Unloading 3770 unused Assets / (1.7 MB). Loaded Objects now: 4444.
Memory consumption went from 123.3 MB to 121.7 MB.
Total: 20.680600 ms (FindLiveObjects: 0.542400 ms CreateObjectMapping: 0.255000 ms MarkObjects: 17.945200 ms  DeleteObjects: 1.936600 ms)

Prepare: number of updated asset objects reloaded= 0
========================================================================
Received Import Request.
  Time since last request: 9015.909566 seconds.
  path: Assets/Resources/GameCfg.asset
  artifactKey: Guid(a6c6745e88dd1ee40a1f2088e4454454) Importer(815301076,1909f56bfc062723c751e8b465ee728b)
Start importing Assets/Resources/GameCfg.asset using Guid(a6c6745e88dd1ee40a1f2088e4454454) Importer(815301076,1909f56bfc062723c751e8b465ee728b) (PreviewImporter)[PhysX] Initialized MultithreadedTaskDispatcher with 6 workers.
 -> (artifact id: '4b8bc346cd2d296702786d7f7ad6a2b5') in 0.2519002 seconds
Number of updated asset objects reloaded before import = 0Number of asset objects unloaded after import = 211

========================================================================
Received Prepare
'Packages/com.dcfa_pixels.dragonecs-unity/src/Connectors/EcsWorldProvider.cs' contains partial class of Unity.Object, exactly 1 of the partial classes needs to be in a file with the same filename. This is to know the one that can be referenced from ie. GameObjects
'Packages/com.dcfa_pixels.dragonecs-unity/src/Buildin/EcsWorldProvider.cs' contains partial class of Unity.Object, exactly 1 of the partial classes needs to be in a file with the same filename. This is to know the one that can be referenced from ie. GameObjects
Refreshing native plugins compatible for Editor in 2.05 ms, found 3 plugins.
Preloading 0 native plugins for Editor in 0.00 ms.
Unloading 0 Unused Serialized files (Serialized files now loaded: 0)
Unloading 3754 unused Assets / (494.1 KB). Loaded Objects now: 4444.
Memory consumption went from 124.0 MB to 123.5 MB.
Total: 48.313600 ms (FindLiveObjects: 0.468900 ms CreateObjectMapping: 0.228300 ms MarkObjects: 45.860600 ms  DeleteObjects: 1.753600 ms)

Prepare: number of updated asset objects reloaded= 0
========================================================================
Received Prepare
Begin MonoManager ReloadAssembly
- Loaded All Assemblies, in  1.585 seconds
'Packages/com.dcfa_pixels.dragonecs-unity/src/Connectors/EcsWorldProvider.cs' contains partial class of Unity.Object, exactly 1 of the partial classes needs to be in a file with the same filename. This is to know the one that can be referenced from ie. GameObjects
'Packages/com.dcfa_pixels.dragonecs-unity/src/Buildin/EcsWorldProvider.cs' contains partial class of Unity.Object, exactly 1 of the partial classes needs to be in a file with the same filename. This is to know the one that can be referenced from ie. GameObjects
Refreshing native plugins compatible for Editor in 1.50 ms, found 3 plugins.
Assertion failed on expression: 'pred(*previous, *i)'
Assertion failed on expression: 'pred(*previous, *i)'
Assertion failed on expression: 'pred(*previous, *i)'
Assertion failed on expression: 'pred(*previous, *i)'
Native extension for Android target not found
Native extension for WindowsStandalone target not found
Mono: successfully reloaded assembly
[Package Manager] Failed to launch server process. Reason: Unity was launched with the -noUpm command-line argument
[Package Manager] Unable to send message (not connected to server process).
[Package Manager] Cannot connect to Unity Package Manager local server
- Finished resetting the current domain, in  1.316 seconds
Domain Reload Profiling: 2904ms
	BeginReloadAssembly (346ms)
		ExecutionOrderSort (0ms)
		DisableScriptedObjects (16ms)
		BackupInstance (0ms)
		ReleaseScriptingObjects (1ms)
		CreateAndSetChildDomain (100ms)
	RebuildCommonClasses (44ms)
	RebuildNativeTypeToScriptingClass (17ms)
	initialDomainReloadingComplete (37ms)
	LoadAllAssembliesAndSetupDomain (1143ms)
		LoadAssemblies (988ms)
		RebuildTransferFunctionScriptingTraits (0ms)
		AnalyzeDomain (313ms)
			TypeCache.Refresh (68ms)
				TypeCache.ScanAssembly (5ms)
			BuildScriptInfoCaches (209ms)
			ResolveRequiredComponents (8ms)
	FinalizeReload (1317ms)
		ReleaseScriptCaches (0ms)
		RebuildScriptCaches (0ms)
		SetupLoadedEditorAssemblies (914ms)
			LogAssemblyErrors (0ms)
			InitializePlatformSupportModulesInManaged (39ms)
			SetLoadedEditorAssemblies (6ms)
			BeforeProcessingInitializeOnLoad (48ms)
			ProcessInitializeOnLoadAttributes (520ms)
			ProcessInitializeOnLoadMethodAttributes (299ms)
			AfterProcessingInitializeOnLoad (2ms)
			EditorAssembliesLoaded (0ms)
		ExecutionOrderSort2 (0ms)
		AwakeInstancesAfterBackupRestoration (6ms)
Refreshing native plugins compatible for Editor in 1.29 ms, found 3 plugins.
Preloading 0 native plugins for Editor in 0.00 ms.
Unloading 0 Unused Serialized files (Serialized files now loaded: 0)
Unloading 3770 unused Assets / (2.8 MB). Loaded Objects now: 4444.
Memory consumption went from 123.3 MB to 120.5 MB.
Total: 24.213700 ms (FindLiveObjects: 0.597300 ms CreateObjectMapping: 0.343000 ms MarkObjects: 20.247300 ms  DeleteObjects: 3.023900 ms)

Prepare: number of updated asset objects reloaded= 0
========================================================================
Received Prepare
'Packages/com.dcfa_pixels.dragonecs-unity/src/Connectors/EcsWorldProvider.cs' contains partial class of Unity.Object, exactly 1 of the partial classes needs to be in a file with the same filename. This is to know the one that can be referenced from ie. GameObjects
'Packages/com.dcfa_pixels.dragonecs-unity/src/Buildin/EcsWorldProvider.cs' contains partial class of Unity.Object, exactly 1 of the partial classes needs to be in a file with the same filename. This is to know the one that can be referenced from ie. GameObjects
Refreshing native plugins compatible for Editor in 2.58 ms, found 3 plugins.
Preloading 0 native plugins for Editor in 0.00 ms.
Unloading 0 Unused Serialized files (Serialized files now loaded: 0)
Unloading 3753 unused Assets / (0.6 MB). Loaded Objects now: 4444.
Memory consumption went from 123.4 MB to 122.9 MB.
Total: 655.720000 ms (FindLiveObjects: 1.981100 ms CreateObjectMapping: 0.209600 ms MarkObjects: 650.598100 ms  DeleteObjects: 2.927500 ms)

Prepare: number of updated asset objects reloaded= 0
========================================================================
Received Prepare
Begin MonoManager ReloadAssembly
- Loaded All Assemblies, in  3.817 seconds
'Packages/com.dcfa_pixels.dragonecs-unity/src/Connectors/EcsWorldProvider.cs' contains partial class of Unity.Object, exactly 1 of the partial classes needs to be in a file with the same filename. This is to know the one that can be referenced from ie. GameObjects
'Packages/com.dcfa_pixels.dragonecs-unity/src/Buildin/EcsWorldProvider.cs' contains partial class of Unity.Object, exactly 1 of the partial classes needs to be in a file with the same filename. This is to know the one that can be referenced from ie. GameObjects
Refreshing native plugins compatible for Editor in 1.61 ms, found 3 plugins.
Assertion failed on expression: 'pred(*previous, *i)'
Assertion failed on expression: 'pred(*previous, *i)'
Assertion failed on expression: 'pred(*previous, *i)'
Assertion failed on expression: 'pred(*previous, *i)'
Native extension for Android target not found
Native extension for WindowsStandalone target not found
Mono: successfully reloaded assembly
[Package Manager] Failed to launch server process. Reason: Unity was launched with the -noUpm command-line argument
[Package Manager] Unable to send message (not connected to server process).
[Package Manager] Cannot connect to Unity Package Manager local server
- Finished resetting the current domain, in  1.514 seconds
Domain Reload Profiling: 5335ms
	BeginReloadAssembly (1769ms)
		ExecutionOrderSort (0ms)
		DisableScriptedObjects (163ms)
		BackupInstance (0ms)
		ReleaseScriptingObjects (2ms)
		CreateAndSetChildDomain (550ms)
	RebuildCommonClasses (101ms)
	RebuildNativeTypeToScriptingClass (45ms)
	initialDomainReloadingComplete (286ms)
	LoadAllAssembliesAndSetupDomain (1619ms)
		LoadAssemblies (1708ms)
		RebuildTransferFunctionScriptingTraits (0ms)
		AnalyzeDomain (422ms)
			TypeCache.Refresh (59ms)
				TypeCache.ScanAssembly (6ms)
			BuildScriptInfoCaches (296ms)
			ResolveRequiredComponents (16ms)
	FinalizeReload (1516ms)
		ReleaseScriptCaches (0ms)
		RebuildScriptCaches (0ms)
		SetupLoadedEditorAssemblies (1177ms)
			LogAssemblyErrors (0ms)
			InitializePlatformSupportModulesInManaged (38ms)
			SetLoadedEditorAssemblies (7ms)
			BeforeProcessingInitializeOnLoad (56ms)
			ProcessInitializeOnLoadAttributes (704ms)
			ProcessInitializeOnLoadMethodAttributes (369ms)
			AfterProcessingInitializeOnLoad (4ms)
			EditorAssembliesLoaded (1ms)
		ExecutionOrderSort2 (0ms)
		AwakeInstancesAfterBackupRestoration (9ms)
Refreshing native plugins compatible for Editor in 1.73 ms, found 3 plugins.
Preloading 0 native plugins for Editor in 0.00 ms.
Unloading 0 Unused Serialized files (Serialized files now loaded: 0)
Unloading 3770 unused Assets / (0.5 MB). Loaded Objects now: 4444.
Memory consumption went from 123.3 MB to 122.8 MB.
Total: 23.923300 ms (FindLiveObjects: 0.458000 ms CreateObjectMapping: 0.227100 ms MarkObjects: 21.110400 ms  DeleteObjects: 2.123900 ms)

Prepare: number of updated asset objects reloaded= 0
========================================================================
Received Prepare
Begin MonoManager ReloadAssembly
- Loaded All Assemblies, in  1.775 seconds
'Packages/com.dcfa_pixels.dragonecs-unity/src/Connectors/EcsWorldProvider.cs' contains partial class of Unity.Object, exactly 1 of the partial classes needs to be in a file with the same filename. This is to know the one that can be referenced from ie. GameObjects
'Packages/com.dcfa_pixels.dragonecs-unity/src/Buildin/EcsWorldProvider.cs' contains partial class of Unity.Object, exactly 1 of the partial classes needs to be in a file with the same filename. This is to know the one that can be referenced from ie. GameObjects
Refreshing native plugins compatible for Editor in 1.23 ms, found 3 plugins.
Assertion failed on expression: 'pred(*previous, *i)'
Assertion failed on expression: 'pred(*previous, *i)'
Assertion failed on expression: 'pred(*previous, *i)'
Assertion failed on expression: 'pred(*previous, *i)'
Native extension for Android target not found
Native extension for WindowsStandalone target not found
Mono: successfully reloaded assembly
[Package Manager] Failed to launch server process. Reason: Unity was launched with the -noUpm command-line argument
[Package Manager] Unable to send message (not connected to server process).
[Package Manager] Cannot connect to Unity Package Manager local server
- Finished resetting the current domain, in  1.230 seconds
Domain Reload Profiling: 3007ms
	BeginReloadAssembly (294ms)
		ExecutionOrderSort (1ms)
		DisableScriptedObjects (7ms)
		BackupInstance (0ms)
		ReleaseScriptingObjects (1ms)
		CreateAndSetChildDomain (83ms)
	RebuildCommonClasses (54ms)
	RebuildNativeTypeToScriptingClass (17ms)
	initialDomainReloadingComplete (43ms)
	LoadAllAssembliesAndSetupDomain (1367ms)
		LoadAssemblies (867ms)
		RebuildTransferFunctionScriptingTraits (0ms)
		AnalyzeDomain (651ms)
			TypeCache.Refresh (44ms)
				TypeCache.ScanAssembly (0ms)
			BuildScriptInfoCaches (563ms)
			ResolveRequiredComponents (6ms)
	FinalizeReload (1231ms)
		ReleaseScriptCaches (0ms)
		RebuildScriptCaches (0ms)
		SetupLoadedEditorAssemblies (962ms)
			LogAssemblyErrors (0ms)
			InitializePlatformSupportModulesInManaged (31ms)
			SetLoadedEditorAssemblies (6ms)
			BeforeProcessingInitializeOnLoad (43ms)
			ProcessInitializeOnLoadAttributes (557ms)
			ProcessInitializeOnLoadMethodAttributes (323ms)
			AfterProcessingInitializeOnLoad (2ms)
			EditorAssembliesLoaded (1ms)
		ExecutionOrderSort2 (0ms)
		AwakeInstancesAfterBackupRestoration (5ms)
Refreshing native plugins compatible for Editor in 1.96 ms, found 3 plugins.
Preloading 0 native plugins for Editor in 0.00 ms.
Unloading 0 Unused Serialized files (Serialized files now loaded: 0)
Unloading 3770 unused Assets / (1.4 MB). Loaded Objects now: 4444.
Memory consumption went from 123.3 MB to 121.9 MB.
Total: 32.932600 ms (FindLiveObjects: 0.581400 ms CreateObjectMapping: 0.280400 ms MarkObjects: 28.256600 ms  DeleteObjects: 3.802200 ms)

Prepare: number of updated asset objects reloaded= 0
========================================================================
Received Prepare
'Packages/com.dcfa_pixels.dragonecs-unity/src/Connectors/EcsWorldProvider.cs' contains partial class of Unity.Object, exactly 1 of the partial classes needs to be in a file with the same filename. This is to know the one that can be referenced from ie. GameObjects
'Packages/com.dcfa_pixels.dragonecs-unity/src/Buildin/EcsWorldProvider.cs' contains partial class of Unity.Object, exactly 1 of the partial classes needs to be in a file with the same filename. This is to know the one that can be referenced from ie. GameObjects
Refreshing native plugins compatible for Editor in 1.55 ms, found 3 plugins.
Preloading 0 native plugins for Editor in 0.00 ms.
Unloading 0 Unused Serialized files (Serialized files now loaded: 0)
Unloading 3753 unused Assets / (0.9 MB). Loaded Objects now: 4444.
Memory consumption went from 123.5 MB to 122.6 MB.
Total: 49.854800 ms (FindLiveObjects: 0.488300 ms CreateObjectMapping: 0.254600 ms MarkObjects: 48.099400 ms  DeleteObjects: 1.011500 ms)

Prepare: number of updated asset objects reloaded= 0
========================================================================
Received Prepare
Begin MonoManager ReloadAssembly
- Loaded All Assemblies, in  2.373 seconds
'Packages/com.dcfa_pixels.dragonecs-unity/src/Connectors/EcsWorldProvider.cs' contains partial class of Unity.Object, exactly 1 of the partial classes needs to be in a file with the same filename. This is to know the one that can be referenced from ie. GameObjects
'Packages/com.dcfa_pixels.dragonecs-unity/src/Buildin/EcsWorldProvider.cs' contains partial class of Unity.Object, exactly 1 of the partial classes needs to be in a file with the same filename. This is to know the one that can be referenced from ie. GameObjects
Refreshing native plugins compatible for Editor in 1.80 ms, found 3 plugins.
Assertion failed on expression: 'pred(*previous, *i)'
Assertion failed on expression: 'pred(*previous, *i)'
Assertion failed on expression: 'pred(*previous, *i)'
Assertion failed on expression: 'pred(*previous, *i)'
Native extension for Android target not found
Native extension for WindowsStandalone target not found
Mono: successfully reloaded assembly
[Package Manager] Failed to launch server process. Reason: Unity was launched with the -noUpm command-line argument
[Package Manager] Unable to send message (not connected to server process).
[Package Manager] Cannot connect to Unity Package Manager local server
- Finished resetting the current domain, in  1.858 seconds
Domain Reload Profiling: 4234ms
	BeginReloadAssembly (902ms)
		ExecutionOrderSort (0ms)
		DisableScriptedObjects (96ms)
		BackupInstance (0ms)
		ReleaseScriptingObjects (1ms)
		CreateAndSetChildDomain (338ms)
	RebuildCommonClasses (52ms)
	RebuildNativeTypeToScriptingClass (14ms)
	initialDomainReloadingComplete (55ms)
	LoadAllAssembliesAndSetupDomain (1351ms)
		LoadAssemblies (1291ms)
		RebuildTransferFunctionScriptingTraits (0ms)
		AnalyzeDomain (283ms)
			TypeCache.Refresh (47ms)
				TypeCache.ScanAssembly (6ms)
			BuildScriptInfoCaches (202ms)
			ResolveRequiredComponents (8ms)
	FinalizeReload (1859ms)
		ReleaseScriptCaches (0ms)
		RebuildScriptCaches (0ms)
		SetupLoadedEditorAssemblies (1565ms)
			LogAssemblyErrors (0ms)
			InitializePlatformSupportModulesInManaged (36ms)
			SetLoadedEditorAssemblies (5ms)
			BeforeProcessingInitializeOnLoad (52ms)
			ProcessInitializeOnLoadAttributes (801ms)
			ProcessInitializeOnLoadMethodAttributes (669ms)
			AfterProcessingInitializeOnLoad (2ms)
			EditorAssembliesLoaded (1ms)
		ExecutionOrderSort2 (0ms)
		AwakeInstancesAfterBackupRestoration (5ms)
Refreshing native plugins compatible for Editor in 1.78 ms, found 3 plugins.
Preloading 0 native plugins for Editor in 0.00 ms.
Unloading 0 Unused Serialized files (Serialized files now loaded: 0)
Unloading 3770 unused Assets / (1.8 MB). Loaded Objects now: 4444.
Memory consumption went from 123.3 MB to 121.5 MB.
Total: 29.026700 ms (FindLiveObjects: 0.740300 ms CreateObjectMapping: 0.758000 ms MarkObjects: 24.994400 ms  DeleteObjects: 2.531600 ms)

Prepare: number of updated asset objects reloaded= 0
========================================================================
Received Prepare
'Packages/com.dcfa_pixels.dragonecs-unity/src/Connectors/EcsWorldProvider.cs' contains partial class of Unity.Object, exactly 1 of the partial classes needs to be in a file with the same filename. This is to know the one that can be referenced from ie. GameObjects
'Packages/com.dcfa_pixels.dragonecs-unity/src/Buildin/EcsWorldProvider.cs' contains partial class of Unity.Object, exactly 1 of the partial classes needs to be in a file with the same filename. This is to know the one that can be referenced from ie. GameObjects
Refreshing native plugins compatible for Editor in 1.68 ms, found 3 plugins.
Preloading 0 native plugins for Editor in 0.00 ms.
Unloading 0 Unused Serialized files (Serialized files now loaded: 0)
Unloading 3753 unused Assets / (2.9 MB). Loaded Objects now: 4444.
Memory consumption went from 123.5 MB to 120.5 MB.
Total: 24.720100 ms (FindLiveObjects: 0.470600 ms CreateObjectMapping: 0.258500 ms MarkObjects: 21.106600 ms  DeleteObjects: 2.883000 ms)

Prepare: number of updated asset objects reloaded= 0
========================================================================
Received Prepare
Begin MonoManager ReloadAssembly
- Loaded All Assemblies, in  0.889 seconds
'Packages/com.dcfa_pixels.dragonecs-unity/src/Connectors/EcsWorldProvider.cs' contains partial class of Unity.Object, exactly 1 of the partial classes needs to be in a file with the same filename. This is to know the one that can be referenced from ie. GameObjects
'Packages/com.dcfa_pixels.dragonecs-unity/src/Buildin/EcsWorldProvider.cs' contains partial class of Unity.Object, exactly 1 of the partial classes needs to be in a file with the same filename. This is to know the one that can be referenced from ie. GameObjects
Refreshing native plugins compatible for Editor in 3.84 ms, found 3 plugins.
Assertion failed on expression: 'pred(*previous, *i)'
Assertion failed on expression: 'pred(*previous, *i)'
Assertion failed on expression: 'pred(*previous, *i)'
Assertion failed on expression: 'pred(*previous, *i)'
Native extension for Android target not found
Native extension for WindowsStandalone target not found
Mono: successfully reloaded assembly
[Package Manager] Failed to launch server process. Reason: Unity was launched with the -noUpm command-line argument
[Package Manager] Unable to send message (not connected to server process).
[Package Manager] Cannot connect to Unity Package Manager local server
- Finished resetting the current domain, in  0.996 seconds
Domain Reload Profiling: 1886ms
	BeginReloadAssembly (309ms)
		ExecutionOrderSort (0ms)
		DisableScriptedObjects (7ms)
		BackupInstance (0ms)
		ReleaseScriptingObjects (2ms)
		CreateAndSetChildDomain (88ms)
	RebuildCommonClasses (59ms)
	RebuildNativeTypeToScriptingClass (17ms)
	initialDomainReloadingComplete (44ms)
	LoadAllAssembliesAndSetupDomain (460ms)
		LoadAssemblies (434ms)
		RebuildTransferFunctionScriptingTraits (0ms)
		AnalyzeDomain (196ms)
			TypeCache.Refresh (18ms)
				TypeCache.ScanAssembly (4ms)
			BuildScriptInfoCaches (167ms)
			ResolveRequiredComponents (7ms)
	FinalizeReload (997ms)
		ReleaseScriptCaches (0ms)
		RebuildScriptCaches (0ms)
		SetupLoadedEditorAssemblies (765ms)
			LogAssemblyErrors (0ms)
			InitializePlatformSupportModulesInManaged (19ms)
			SetLoadedEditorAssemblies (5ms)
			BeforeProcessingInitializeOnLoad (41ms)
			ProcessInitializeOnLoadAttributes (453ms)
			ProcessInitializeOnLoadMethodAttributes (246ms)
			AfterProcessingInitializeOnLoad (2ms)
			EditorAssembliesLoaded (0ms)
		ExecutionOrderSort2 (0ms)
		AwakeInstancesAfterBackupRestoration (4ms)
Refreshing native plugins compatible for Editor in 1.36 ms, found 3 plugins.
Preloading 0 native plugins for Editor in 0.00 ms.
Unloading 0 Unused Serialized files (Serialized files now loaded: 0)
Unloading 3770 unused Assets / (0.9 MB). Loaded Objects now: 4444.
Memory consumption went from 123.3 MB to 122.4 MB.
Total: 21.323300 ms (FindLiveObjects: 0.700100 ms CreateObjectMapping: 0.369900 ms MarkObjects: 18.099900 ms  DeleteObjects: 2.150700 ms)

Prepare: number of updated asset objects reloaded= 0
========================================================================
Received Prepare
'Packages/com.dcfa_pixels.dragonecs-unity/src/Connectors/EcsWorldProvider.cs' contains partial class of Unity.Object, exactly 1 of the partial classes needs to be in a file with the same filename. This is to know the one that can be referenced from ie. GameObjects
'Packages/com.dcfa_pixels.dragonecs-unity/src/Buildin/EcsWorldProvider.cs' contains partial class of Unity.Object, exactly 1 of the partial classes needs to be in a file with the same filename. This is to know the one that can be referenced from ie. GameObjects
Refreshing native plugins compatible for Editor in 1.43 ms, found 3 plugins.
Preloading 0 native plugins for Editor in 0.00 ms.
Unloading 0 Unused Serialized files (Serialized files now loaded: 0)
Unloading 3753 unused Assets / (1.3 MB). Loaded Objects now: 4444.
Memory consumption went from 123.5 MB to 122.2 MB.
Total: 23.599800 ms (FindLiveObjects: 0.509400 ms CreateObjectMapping: 0.244700 ms MarkObjects: 19.906600 ms  DeleteObjects: 2.937500 ms)

Prepare: number of updated asset objects reloaded= 0
========================================================================
Received Prepare
Begin MonoManager ReloadAssembly
- Loaded All Assemblies, in  1.969 seconds
'Packages/com.dcfa_pixels.dragonecs-unity/src/Connectors/EcsWorldProvider.cs' contains partial class of Unity.Object, exactly 1 of the partial classes needs to be in a file with the same filename. This is to know the one that can be referenced from ie. GameObjects
'Packages/com.dcfa_pixels.dragonecs-unity/src/Buildin/EcsWorldProvider.cs' contains partial class of Unity.Object, exactly 1 of the partial classes needs to be in a file with the same filename. This is to know the one that can be referenced from ie. GameObjects
Refreshing native plugins compatible for Editor in 3.80 ms, found 3 plugins.
Assertion failed on expression: 'pred(*previous, *i)'
Assertion failed on expression: 'pred(*previous, *i)'
Assertion failed on expression: 'pred(*previous, *i)'
Assertion failed on expression: 'pred(*previous, *i)'
Native extension for Android target not found
Native extension for WindowsStandalone target not found
Mono: successfully reloaded assembly
[Package Manager] Failed to launch server process. Reason: Unity was launched with the -noUpm command-line argument
[Package Manager] Unable to send message (not connected to server process).
[Package Manager] Cannot connect to Unity Package Manager local server
- Finished resetting the current domain, in  1.364 seconds
Domain Reload Profiling: 3336ms
	BeginReloadAssembly (408ms)
		ExecutionOrderSort (0ms)
		DisableScriptedObjects (26ms)
		BackupInstance (0ms)
		ReleaseScriptingObjects (1ms)
		CreateAndSetChildDomain (117ms)
	RebuildCommonClasses (52ms)
	RebuildNativeTypeToScriptingClass (14ms)
	initialDomainReloadingComplete (37ms)
	LoadAllAssembliesAndSetupDomain (1459ms)
		LoadAssemblies (1299ms)
		RebuildTransferFunctionScriptingTraits (0ms)
		AnalyzeDomain (347ms)
			TypeCache.Refresh (54ms)
				TypeCache.ScanAssembly (8ms)
			BuildScriptInfoCaches (225ms)
			ResolveRequiredComponents (9ms)
	FinalizeReload (1365ms)
		ReleaseScriptCaches (0ms)
		RebuildScriptCaches (0ms)
		SetupLoadedEditorAssemblies (1107ms)
			LogAssemblyErrors (0ms)
			InitializePlatformSupportModulesInManaged (32ms)
			SetLoadedEditorAssemblies (7ms)
			BeforeProcessingInitializeOnLoad (50ms)
			ProcessInitializeOnLoadAttributes (678ms)
			ProcessInitializeOnLoadMethodAttributes (337ms)
			AfterProcessingInitializeOnLoad (3ms)
			EditorAssembliesLoaded (1ms)
		ExecutionOrderSort2 (0ms)
		AwakeInstancesAfterBackupRestoration (7ms)
Refreshing native plugins compatible for Editor in 1.78 ms, found 3 plugins.
Preloading 0 native plugins for Editor in 0.00 ms.
Unloading 0 Unused Serialized files (Serialized files now loaded: 0)
Unloading 3770 unused Assets / (1.1 MB). Loaded Objects now: 4444.
Memory consumption went from 123.3 MB to 122.3 MB.
Total: 28.547900 ms (FindLiveObjects: 0.520400 ms CreateObjectMapping: 0.533800 ms MarkObjects: 24.762200 ms  DeleteObjects: 2.728600 ms)

Prepare: number of updated asset objects reloaded= 0
========================================================================
Received Prepare
Begin MonoManager ReloadAssembly
- Loaded All Assemblies, in  1.405 seconds
'Packages/com.dcfa_pixels.dragonecs-unity/src/Connectors/EcsWorldProvider.cs' contains partial class of Unity.Object, exactly 1 of the partial classes needs to be in a file with the same filename. This is to know the one that can be referenced from ie. GameObjects
'Packages/com.dcfa_pixels.dragonecs-unity/src/Buildin/EcsWorldProvider.cs' contains partial class of Unity.Object, exactly 1 of the partial classes needs to be in a file with the same filename. This is to know the one that can be referenced from ie. GameObjects
Refreshing native plugins compatible for Editor in 1.44 ms, found 3 plugins.
Assertion failed on expression: 'pred(*previous, *i)'
Assertion failed on expression: 'pred(*previous, *i)'
Assertion failed on expression: 'pred(*previous, *i)'
Assertion failed on expression: 'pred(*previous, *i)'
Native extension for Android target not found
Native extension for WindowsStandalone target not found
Mono: successfully reloaded assembly
[Package Manager] Failed to launch server process. Reason: Unity was launched with the -noUpm command-line argument
[Package Manager] Unable to send message (not connected to server process).
[Package Manager] Cannot connect to Unity Package Manager local server
- Finished resetting the current domain, in  1.169 seconds
Domain Reload Profiling: 2577ms
	BeginReloadAssembly (263ms)
		ExecutionOrderSort (0ms)
		DisableScriptedObjects (6ms)
		BackupInstance (0ms)
		ReleaseScriptingObjects (0ms)
		CreateAndSetChildDomain (70ms)
	RebuildCommonClasses (50ms)
	RebuildNativeTypeToScriptingClass (12ms)
	initialDomainReloadingComplete (25ms)
	LoadAllAssembliesAndSetupDomain (1057ms)
		LoadAssemblies (948ms)
		RebuildTransferFunctionScriptingTraits (0ms)
		AnalyzeDomain (245ms)
			TypeCache.Refresh (40ms)
				TypeCache.ScanAssembly (6ms)
			BuildScriptInfoCaches (162ms)
			ResolveRequiredComponents (7ms)
	FinalizeReload (1170ms)
		ReleaseScriptCaches (0ms)
		RebuildScriptCaches (0ms)
		SetupLoadedEditorAssemblies (927ms)
			LogAssemblyErrors (0ms)
			InitializePlatformSupportModulesInManaged (34ms)
			SetLoadedEditorAssemblies (5ms)
			BeforeProcessingInitializeOnLoad (41ms)
			ProcessInitializeOnLoadAttributes (525ms)
			ProcessInitializeOnLoadMethodAttributes (319ms)
			AfterProcessingInitializeOnLoad (2ms)
			EditorAssembliesLoaded (0ms)
		ExecutionOrderSort2 (0ms)
		AwakeInstancesAfterBackupRestoration (6ms)
Refreshing native plugins compatible for Editor in 1.61 ms, found 3 plugins.
Preloading 0 native plugins for Editor in 0.00 ms.
Unloading 0 Unused Serialized files (Serialized files now loaded: 0)
Unloading 3770 unused Assets / (1.1 MB). Loaded Objects now: 4444.
Memory consumption went from 123.4 MB to 122.2 MB.
Total: 23.251100 ms (FindLiveObjects: 0.474800 ms CreateObjectMapping: 0.203100 ms MarkObjects: 20.547200 ms  DeleteObjects: 2.022500 ms)

Prepare: number of updated asset objects reloaded= 0
========================================================================
Received Prepare
'Packages/com.dcfa_pixels.dragonecs-unity/src/Connectors/EcsWorldProvider.cs' contains partial class of Unity.Object, exactly 1 of the partial classes needs to be in a file with the same filename. This is to know the one that can be referenced from ie. GameObjects
'Packages/com.dcfa_pixels.dragonecs-unity/src/Buildin/EcsWorldProvider.cs' contains partial class of Unity.Object, exactly 1 of the partial classes needs to be in a file with the same filename. This is to know the one that can be referenced from ie. GameObjects
Refreshing native plugins compatible for Editor in 2.22 ms, found 3 plugins.
Preloading 0 native plugins for Editor in 0.00 ms.
Unloading 0 Unused Serialized files (Serialized files now loaded: 0)
Unloading 3753 unused Assets / (234.1 KB). Loaded Objects now: 4444.
Memory consumption went from 123.5 MB to 123.2 MB.
Total: 595.141800 ms (FindLiveObjects: 2.507400 ms CreateObjectMapping: 0.342900 ms MarkObjects: 590.731200 ms  DeleteObjects: 1.556600 ms)

Prepare: number of updated asset objects reloaded= 0
========================================================================
Received Prepare
Begin MonoManager ReloadAssembly
- Loaded All Assemblies, in  3.364 seconds
'Packages/com.dcfa_pixels.dragonecs-unity/src/Connectors/EcsWorldProvider.cs' contains partial class of Unity.Object, exactly 1 of the partial classes needs to be in a file with the same filename. This is to know the one that can be referenced from ie. GameObjects
'Packages/com.dcfa_pixels.dragonecs-unity/src/Buildin/EcsWorldProvider.cs' contains partial class of Unity.Object, exactly 1 of the partial classes needs to be in a file with the same filename. This is to know the one that can be referenced from ie. GameObjects
Refreshing native plugins compatible for Editor in 3.60 ms, found 3 plugins.
Assertion failed on expression: 'pred(*previous, *i)'
Assertion failed on expression: 'pred(*previous, *i)'
Assertion failed on expression: 'pred(*previous, *i)'
Assertion failed on expression: 'pred(*previous, *i)'
Native extension for Android target not found
Native extension for WindowsStandalone target not found
Mono: successfully reloaded assembly
[Package Manager] Failed to launch server process. Reason: Unity was launched with the -noUpm command-line argument
[Package Manager] Unable to send message (not connected to server process).
[Package Manager] Cannot connect to Unity Package Manager local server
- Finished resetting the current domain, in  1.559 seconds
Domain Reload Profiling: 4928ms
	BeginReloadAssembly (1891ms)
		ExecutionOrderSort (0ms)
		DisableScriptedObjects (176ms)
		BackupInstance (0ms)
		ReleaseScriptingObjects (2ms)
		CreateAndSetChildDomain (828ms)
	RebuildCommonClasses (46ms)
	RebuildNativeTypeToScriptingClass (12ms)
	initialDomainReloadingComplete (45ms)
	LoadAllAssembliesAndSetupDomain (1373ms)
		LoadAssemblies (1361ms)
		RebuildTransferFunctionScriptingTraits (0ms)
		AnalyzeDomain (409ms)
			TypeCache.Refresh (72ms)
				TypeCache.ScanAssembly (8ms)
			BuildScriptInfoCaches (294ms)
			ResolveRequiredComponents (9ms)
	FinalizeReload (1561ms)
		ReleaseScriptCaches (0ms)
		RebuildScriptCaches (0ms)
		SetupLoadedEditorAssemblies (1264ms)
			LogAssemblyErrors (0ms)
			InitializePlatformSupportModulesInManaged (69ms)
			SetLoadedEditorAssemblies (11ms)
			BeforeProcessingInitializeOnLoad (76ms)
			ProcessInitializeOnLoadAttributes (757ms)
			ProcessInitializeOnLoadMethodAttributes (348ms)
			AfterProcessingInitializeOnLoad (3ms)
			EditorAssembliesLoaded (1ms)
		ExecutionOrderSort2 (0ms)
		AwakeInstancesAfterBackupRestoration (6ms)
Refreshing native plugins compatible for Editor in 1.49 ms, found 3 plugins.
Preloading 0 native plugins for Editor in 0.00 ms.
Unloading 0 Unused Serialized files (Serialized files now loaded: 0)
Unloading 3770 unused Assets / (1.6 MB). Loaded Objects now: 4444.
Memory consumption went from 123.4 MB to 121.7 MB.
Total: 23.562000 ms (FindLiveObjects: 0.509700 ms CreateObjectMapping: 0.234400 ms MarkObjects: 20.214700 ms  DeleteObjects: 2.600200 ms)

Prepare: number of updated asset objects reloaded= 0
========================================================================
Received Import Request.
  Time since last request: 4563.352150 seconds.
  path: Assets/Resources/Levels/LevelCfg.asset
  artifactKey: Guid(418599750d9f9df4b8a1a40a2992dd92) Importer(815301076,1909f56bfc062723c751e8b465ee728b)
Start importing Assets/Resources/Levels/LevelCfg.asset using Guid(418599750d9f9df4b8a1a40a2992dd92) Importer(815301076,1909f56bfc062723c751e8b465ee728b) (PreviewImporter)[PhysX] Initialized MultithreadedTaskDispatcher with 6 workers.
 -> (artifact id: '44c5e7b6ff4591599c168132cfe86e1f') in 0.2260598 seconds
Number of updated asset objects reloaded before import = 0Number of asset objects unloaded after import = 86

========================================================================
Received Import Request.
  Time since last request: 21.169494 seconds.
  path: Assets/Resources/Levels/LevelCfg 1.asset
  artifactKey: Guid(9eb6d8b595e247a46b5149c01ee94a33) Importer(815301076,1909f56bfc062723c751e8b465ee728b)
Start importing Assets/Resources/Levels/LevelCfg 1.asset using Guid(9eb6d8b595e247a46b5149c01ee94a33) Importer(815301076,1909f56bfc062723c751e8b465ee728b) (PreviewImporter)[PhysX] Initialized MultithreadedTaskDispatcher with 6 workers.
 -> (artifact id: 'f60e6aadb6fe095dd0b3df56684490b1') in 0.0257871 seconds
Number of updated asset objects reloaded before import = 0Number of asset objects unloaded after import = 86

========================================================================
Received Import Request.
  Time since last request: 10.404804 seconds.
  path: Assets/Resources/GameCfg.asset
  artifactKey: Guid(a6c6745e88dd1ee40a1f2088e4454454) Importer(815301076,1909f56bfc062723c751e8b465ee728b)
Start importing Assets/Resources/GameCfg.asset using Guid(a6c6745e88dd1ee40a1f2088e4454454) Importer(815301076,1909f56bfc062723c751e8b465ee728b) (PreviewImporter)[PhysX] Initialized MultithreadedTaskDispatcher with 6 workers.
 -> (artifact id: '04c490f3f44b62af398297b46cc1f69f') in 0.049134 seconds
Number of updated asset objects reloaded before import = 0Number of asset objects unloaded after import = 211

========================================================================
Received Prepare
'Packages/com.dcfa_pixels.dragonecs-unity/src/Connectors/EcsWorldProvider.cs' contains partial class of Unity.Object, exactly 1 of the partial classes needs to be in a file with the same filename. This is to know the one that can be referenced from ie. GameObjects
'Packages/com.dcfa_pixels.dragonecs-unity/src/Buildin/EcsWorldProvider.cs' contains partial class of Unity.Object, exactly 1 of the partial classes needs to be in a file with the same filename. This is to know the one that can be referenced from ie. GameObjects
Refreshing native plugins compatible for Editor in 1.66 ms, found 3 plugins.
Preloading 0 native plugins for Editor in 0.00 ms.
Unloading 0 Unused Serialized files (Serialized files now loaded: 0)
Unloading 3754 unused Assets / (0.5 MB). Loaded Objects now: 4444.
Memory consumption went from 124.0 MB to 123.5 MB.
Total: 265.735300 ms (FindLiveObjects: 2.454800 ms CreateObjectMapping: 0.232400 ms MarkObjects: 258.568300 ms  DeleteObjects: 4.477800 ms)

Prepare: number of updated asset objects reloaded= 0
========================================================================
Received Prepare
'Packages/com.dcfa_pixels.dragonecs-unity/src/Connectors/EcsWorldProvider.cs' contains partial class of Unity.Object, exactly 1 of the partial classes needs to be in a file with the same filename. This is to know the one that can be referenced from ie. GameObjects
'Packages/com.dcfa_pixels.dragonecs-unity/src/Buildin/EcsWorldProvider.cs' contains partial class of Unity.Object, exactly 1 of the partial classes needs to be in a file with the same filename. This is to know the one that can be referenced from ie. GameObjects
Refreshing native plugins compatible for Editor in 3.00 ms, found 3 plugins.
Preloading 0 native plugins for Editor in 0.00 ms.
Unloading 0 Unused Serialized files (Serialized files now loaded: 0)
Unloading 3753 unused Assets / (1.5 MB). Loaded Objects now: 4444.
Memory consumption went from 124.0 MB to 122.5 MB.
Total: 38.045300 ms (FindLiveObjects: 0.858700 ms CreateObjectMapping: 0.714400 ms MarkObjects: 32.463100 ms  DeleteObjects: 4.007400 ms)

Prepare: number of updated asset objects reloaded= 0
========================================================================
Received Prepare
Begin MonoManager ReloadAssembly
- Loaded All Assemblies, in  3.531 seconds
'Packages/com.dcfa_pixels.dragonecs-unity/src/Connectors/EcsWorldProvider.cs' contains partial class of Unity.Object, exactly 1 of the partial classes needs to be in a file with the same filename. This is to know the one that can be referenced from ie. GameObjects
'Packages/com.dcfa_pixels.dragonecs-unity/src/Buildin/EcsWorldProvider.cs' contains partial class of Unity.Object, exactly 1 of the partial classes needs to be in a file with the same filename. This is to know the one that can be referenced from ie. GameObjects
Refreshing native plugins compatible for Editor in 1.65 ms, found 3 plugins.
Assertion failed on expression: 'pred(*previous, *i)'
Assertion failed on expression: 'pred(*previous, *i)'
Assertion failed on expression: 'pred(*previous, *i)'
Assertion failed on expression: 'pred(*previous, *i)'
Native extension for Android target not found
Native extension for WindowsStandalone target not found
Mono: successfully reloaded assembly
[Package Manager] Failed to launch server process. Reason: Unity was launched with the -noUpm command-line argument
[Package Manager] Unable to send message (not connected to server process).
[Package Manager] Cannot connect to Unity Package Manager local server
- Finished resetting the current domain, in  1.680 seconds
Domain Reload Profiling: 5216ms
	BeginReloadAssembly (1802ms)
		ExecutionOrderSort (0ms)
		DisableScriptedObjects (143ms)
		BackupInstance (0ms)
		ReleaseScriptingObjects (2ms)
		CreateAndSetChildDomain (453ms)
	RebuildCommonClasses (73ms)
	RebuildNativeTypeToScriptingClass (15ms)
	initialDomainReloadingComplete (76ms)
	LoadAllAssembliesAndSetupDomain (1568ms)
		LoadAssemblies (1768ms)
		RebuildTransferFunctionScriptingTraits (0ms)
		AnalyzeDomain (420ms)
			TypeCache.Refresh (53ms)
				TypeCache.ScanAssembly (8ms)
			BuildScriptInfoCaches (311ms)
			ResolveRequiredComponents (11ms)
	FinalizeReload (1681ms)
		ReleaseScriptCaches (0ms)
		RebuildScriptCaches (0ms)
		SetupLoadedEditorAssemblies (1311ms)
			LogAssemblyErrors (0ms)
			InitializePlatformSupportModulesInManaged (46ms)
			SetLoadedEditorAssemblies (8ms)
			BeforeProcessingInitializeOnLoad (57ms)
			ProcessInitializeOnLoadAttributes (776ms)
			ProcessInitializeOnLoadMethodAttributes (422ms)
			AfterProcessingInitializeOnLoad (3ms)
			EditorAssembliesLoaded (1ms)
		ExecutionOrderSort2 (0ms)
		AwakeInstancesAfterBackupRestoration (6ms)
Refreshing native plugins compatible for Editor in 1.56 ms, found 3 plugins.
Preloading 0 native plugins for Editor in 0.00 ms.
Unloading 0 Unused Serialized files (Serialized files now loaded: 0)
Unloading 3770 unused Assets / (1.2 MB). Loaded Objects now: 4444.
Memory consumption went from 123.4 MB to 122.2 MB.
Total: 25.358900 ms (FindLiveObjects: 0.443600 ms CreateObjectMapping: 0.188900 ms MarkObjects: 22.595500 ms  DeleteObjects: 2.127600 ms)

Prepare: number of updated asset objects reloaded= 0
========================================================================
Received Prepare
'Packages/com.dcfa_pixels.dragonecs-unity/src/Connectors/EcsWorldProvider.cs' contains partial class of Unity.Object, exactly 1 of the partial classes needs to be in a file with the same filename. This is to know the one that can be referenced from ie. GameObjects
'Packages/com.dcfa_pixels.dragonecs-unity/src/Buildin/EcsWorldProvider.cs' contains partial class of Unity.Object, exactly 1 of the partial classes needs to be in a file with the same filename. This is to know the one that can be referenced from ie. GameObjects
Refreshing native plugins compatible for Editor in 1.42 ms, found 3 plugins.
Preloading 0 native plugins for Editor in 0.00 ms.
Unloading 0 Unused Serialized files (Serialized files now loaded: 0)
Unloading 3753 unused Assets / (1.6 MB). Loaded Objects now: 4444.
Memory consumption went from 123.5 MB to 121.9 MB.
Total: 23.480000 ms (FindLiveObjects: 0.470100 ms CreateObjectMapping: 0.248200 ms MarkObjects: 20.774000 ms  DeleteObjects: 1.986400 ms)

Prepare: number of updated asset objects reloaded= 0
========================================================================
Received Prepare
Begin MonoManager ReloadAssembly
- Loaded All Assemblies, in  1.432 seconds
'Packages/com.dcfa_pixels.dragonecs-unity/src/Connectors/EcsWorldProvider.cs' contains partial class of Unity.Object, exactly 1 of the partial classes needs to be in a file with the same filename. This is to know the one that can be referenced from ie. GameObjects
'Packages/com.dcfa_pixels.dragonecs-unity/src/Buildin/EcsWorldProvider.cs' contains partial class of Unity.Object, exactly 1 of the partial classes needs to be in a file with the same filename. This is to know the one that can be referenced from ie. GameObjects
Refreshing native plugins compatible for Editor in 2.56 ms, found 3 plugins.
Assertion failed on expression: 'pred(*previous, *i)'
Assertion failed on expression: 'pred(*previous, *i)'
Assertion failed on expression: 'pred(*previous, *i)'
Assertion failed on expression: 'pred(*previous, *i)'
Native extension for Android target not found
Native extension for WindowsStandalone target not found
Mono: successfully reloaded assembly
[Package Manager] Failed to launch server process. Reason: Unity was launched with the -noUpm command-line argument
[Package Manager] Unable to send message (not connected to server process).
[Package Manager] Cannot connect to Unity Package Manager local server
- Finished resetting the current domain, in  1.289 seconds
Domain Reload Profiling: 2722ms
	BeginReloadAssembly (352ms)
		ExecutionOrderSort (0ms)
		DisableScriptedObjects (9ms)
		BackupInstance (0ms)
		ReleaseScriptingObjects (1ms)
		CreateAndSetChildDomain (99ms)
	RebuildCommonClasses (61ms)
	RebuildNativeTypeToScriptingClass (19ms)
	initialDomainReloadingComplete (34ms)
	LoadAllAssembliesAndSetupDomain (966ms)
		LoadAssemblies (798ms)
		RebuildTransferFunctionScriptingTraits (0ms)
		AnalyzeDomain (335ms)
			TypeCache.Refresh (53ms)
				TypeCache.ScanAssembly (9ms)
			BuildScriptInfoCaches (245ms)
			ResolveRequiredComponents (8ms)
	FinalizeReload (1290ms)
		ReleaseScriptCaches (0ms)
		RebuildScriptCaches (0ms)
		SetupLoadedEditorAssemblies (999ms)
			LogAssemblyErrors (0ms)
			InitializePlatformSupportModulesInManaged (39ms)
			SetLoadedEditorAssemblies (7ms)
			BeforeProcessingInitializeOnLoad (56ms)
			ProcessInitializeOnLoadAttributes (563ms)
			ProcessInitializeOnLoadMethodAttributes (331ms)
			AfterProcessingInitializeOnLoad (2ms)
			EditorAssembliesLoaded (0ms)
		ExecutionOrderSort2 (0ms)
		AwakeInstancesAfterBackupRestoration (6ms)
Refreshing native plugins compatible for Editor in 1.42 ms, found 3 plugins.
Preloading 0 native plugins for Editor in 0.00 ms.
Unloading 0 Unused Serialized files (Serialized files now loaded: 0)
Unloading 3770 unused Assets / (1.1 MB). Loaded Objects now: 4444.
Memory consumption went from 123.4 MB to 122.3 MB.
Total: 23.070800 ms (FindLiveObjects: 0.629600 ms CreateObjectMapping: 0.298500 ms MarkObjects: 20.111600 ms  DeleteObjects: 2.028400 ms)

Prepare: number of updated asset objects reloaded= 0
========================================================================
Received Prepare
Begin MonoManager ReloadAssembly
- Loaded All Assemblies, in  0.945 seconds
'Packages/com.dcfa_pixels.dragonecs-unity/src/Connectors/EcsWorldProvider.cs' contains partial class of Unity.Object, exactly 1 of the partial classes needs to be in a file with the same filename. This is to know the one that can be referenced from ie. GameObjects
'Packages/com.dcfa_pixels.dragonecs-unity/src/Buildin/EcsWorldProvider.cs' contains partial class of Unity.Object, exactly 1 of the partial classes needs to be in a file with the same filename. This is to know the one that can be referenced from ie. GameObjects
Refreshing native plugins compatible for Editor in 1.33 ms, found 3 plugins.
Assertion failed on expression: 'pred(*previous, *i)'
Assertion failed on expression: 'pred(*previous, *i)'
Assertion failed on expression: 'pred(*previous, *i)'
Assertion failed on expression: 'pred(*previous, *i)'
Native extension for Android target not found
Native extension for WindowsStandalone target not found
Mono: successfully reloaded assembly
[Package Manager] Failed to launch server process. Reason: Unity was launched with the -noUpm command-line argument
[Package Manager] Unable to send message (not connected to server process).
[Package Manager] Cannot connect to Unity Package Manager local server
- Finished resetting the current domain, in  1.198 seconds
Domain Reload Profiling: 2145ms
	BeginReloadAssembly (262ms)
		ExecutionOrderSort (0ms)
		DisableScriptedObjects (7ms)
		BackupInstance (0ms)
		ReleaseScriptingObjects (1ms)
		CreateAndSetChildDomain (72ms)
	RebuildCommonClasses (59ms)
	RebuildNativeTypeToScriptingClass (13ms)
	initialDomainReloadingComplete (34ms)
	LoadAllAssembliesAndSetupDomain (578ms)
		LoadAssemblies (504ms)
		RebuildTransferFunctionScriptingTraits (0ms)
		AnalyzeDomain (210ms)
			TypeCache.Refresh (15ms)
				TypeCache.ScanAssembly (5ms)
			BuildScriptInfoCaches (185ms)
			ResolveRequiredComponents (6ms)
	FinalizeReload (1199ms)
		ReleaseScriptCaches (0ms)
		RebuildScriptCaches (0ms)
		SetupLoadedEditorAssemblies (958ms)
			LogAssemblyErrors (0ms)
			InitializePlatformSupportModulesInManaged (22ms)
			SetLoadedEditorAssemblies (5ms)
			BeforeProcessingInitializeOnLoad (52ms)
			ProcessInitializeOnLoadAttributes (527ms)
			ProcessInitializeOnLoadMethodAttributes (349ms)
			AfterProcessingInitializeOnLoad (3ms)
			EditorAssembliesLoaded (0ms)
		ExecutionOrderSort2 (0ms)
		AwakeInstancesAfterBackupRestoration (6ms)
Refreshing native plugins compatible for Editor in 1.50 ms, found 3 plugins.
Preloading 0 native plugins for Editor in 0.00 ms.
Unloading 0 Unused Serialized files (Serialized files now loaded: 0)
Unloading 3770 unused Assets / (1.9 MB). Loaded Objects now: 4444.
Memory consumption went from 123.4 MB to 121.4 MB.
Total: 22.239400 ms (FindLiveObjects: 0.483600 ms CreateObjectMapping: 0.254600 ms MarkObjects: 18.691200 ms  DeleteObjects: 2.808300 ms)

Prepare: number of updated asset objects reloaded= 0
========================================================================
Received Prepare
Begin MonoManager ReloadAssembly
- Loaded All Assemblies, in  1.090 seconds
'Packages/com.dcfa_pixels.dragonecs-unity/src/Connectors/EcsWorldProvider.cs' contains partial class of Unity.Object, exactly 1 of the partial classes needs to be in a file with the same filename. This is to know the one that can be referenced from ie. GameObjects
'Packages/com.dcfa_pixels.dragonecs-unity/src/Buildin/EcsWorldProvider.cs' contains partial class of Unity.Object, exactly 1 of the partial classes needs to be in a file with the same filename. This is to know the one that can be referenced from ie. GameObjects
Refreshing native plugins compatible for Editor in 1.48 ms, found 3 plugins.
Assertion failed on expression: 'pred(*previous, *i)'
Assertion failed on expression: 'pred(*previous, *i)'
Assertion failed on expression: 'pred(*previous, *i)'
Assertion failed on expression: 'pred(*previous, *i)'
Native extension for Android target not found
Native extension for WindowsStandalone target not found
Mono: successfully reloaded assembly
[Package Manager] Failed to launch server process. Reason: Unity was launched with the -noUpm command-line argument
[Package Manager] Unable to send message (not connected to server process).
[Package Manager] Cannot connect to Unity Package Manager local server
- Finished resetting the current domain, in  1.253 seconds
Domain Reload Profiling: 2345ms
	BeginReloadAssembly (319ms)
		ExecutionOrderSort (0ms)
		DisableScriptedObjects (9ms)
		BackupInstance (0ms)
		ReleaseScriptingObjects (0ms)
		CreateAndSetChildDomain (78ms)
	RebuildCommonClasses (86ms)
	RebuildNativeTypeToScriptingClass (24ms)
	initialDomainReloadingComplete (74ms)
	LoadAllAssembliesAndSetupDomain (588ms)
		LoadAssemblies (574ms)
		RebuildTransferFunctionScriptingTraits (0ms)
		AnalyzeDomain (203ms)
			TypeCache.Refresh (29ms)
				TypeCache.ScanAssembly (8ms)
			BuildScriptInfoCaches (158ms)
			ResolveRequiredComponents (7ms)
	FinalizeReload (1254ms)
		ReleaseScriptCaches (0ms)
		RebuildScriptCaches (0ms)
		SetupLoadedEditorAssemblies (980ms)
			LogAssemblyErrors (0ms)
			InitializePlatformSupportModulesInManaged (37ms)
			SetLoadedEditorAssemblies (6ms)
			BeforeProcessingInitializeOnLoad (51ms)
			ProcessInitializeOnLoadAttributes (546ms)
			ProcessInitializeOnLoadMethodAttributes (338ms)
			AfterProcessingInitializeOnLoad (2ms)
			EditorAssembliesLoaded (0ms)
		ExecutionOrderSort2 (0ms)
		AwakeInstancesAfterBackupRestoration (7ms)
Refreshing native plugins compatible for Editor in 1.36 ms, found 3 plugins.
Preloading 0 native plugins for Editor in 0.00 ms.
Unloading 0 Unused Serialized files (Serialized files now loaded: 0)
Unloading 3770 unused Assets / (1.2 MB). Loaded Objects now: 4444.
Memory consumption went from 123.4 MB to 122.2 MB.
Total: 23.833400 ms (FindLiveObjects: 0.448900 ms CreateObjectMapping: 0.219600 ms MarkObjects: 20.653400 ms  DeleteObjects: 2.508800 ms)

Prepare: number of updated asset objects reloaded= 0
========================================================================
Received Import Request.
  Time since last request: 467.143890 seconds.
  path: Assets/Resources/GameLossTimerCfg.asset
  artifactKey: Guid(d29ec3324f74793488058f6a180bcfa0) Importer(815301076,1909f56bfc062723c751e8b465ee728b)
Start importing Assets/Resources/GameLossTimerCfg.asset using Guid(d29ec3324f74793488058f6a180bcfa0) Importer(815301076,1909f56bfc062723c751e8b465ee728b) (PreviewImporter)[PhysX] Initialized MultithreadedTaskDispatcher with 6 workers.
 -> (artifact id: '8e0d16c4fdf561ca7ad65058e53fadb7') in 0.1329953 seconds
Number of updated asset objects reloaded before import = 0Number of asset objects unloaded after import = 25

========================================================================
Received Prepare
'Packages/com.dcfa_pixels.dragonecs-unity/src/Connectors/EcsWorldProvider.cs' contains partial class of Unity.Object, exactly 1 of the partial classes needs to be in a file with the same filename. This is to know the one that can be referenced from ie. GameObjects
'Packages/com.dcfa_pixels.dragonecs-unity/src/Buildin/EcsWorldProvider.cs' contains partial class of Unity.Object, exactly 1 of the partial classes needs to be in a file with the same filename. This is to know the one that can be referenced from ie. GameObjects
Refreshing native plugins compatible for Editor in 1.62 ms, found 3 plugins.
Preloading 0 native plugins for Editor in 0.00 ms.
Unloading 0 Unused Serialized files (Serialized files now loaded: 0)
Unloading 3753 unused Assets / (0.8 MB). Loaded Objects now: 4444.
Memory consumption went from 123.7 MB to 122.9 MB.
Total: 289.526300 ms (FindLiveObjects: 0.872600 ms CreateObjectMapping: 0.216300 ms MarkObjects: 284.821900 ms  DeleteObjects: 3.613200 ms)

Prepare: number of updated asset objects reloaded= 0
========================================================================
Received Prepare
Begin MonoManager ReloadAssembly
- Loaded All Assemblies, in  3.226 seconds
'Packages/com.dcfa_pixels.dragonecs-unity/src/Connectors/EcsWorldProvider.cs' contains partial class of Unity.Object, exactly 1 of the partial classes needs to be in a file with the same filename. This is to know the one that can be referenced from ie. GameObjects
'Packages/com.dcfa_pixels.dragonecs-unity/src/Buildin/EcsWorldProvider.cs' contains partial class of Unity.Object, exactly 1 of the partial classes needs to be in a file with the same filename. This is to know the one that can be referenced from ie. GameObjects
Refreshing native plugins compatible for Editor in 2.47 ms, found 3 plugins.
Assertion failed on expression: 'pred(*previous, *i)'
Assertion failed on expression: 'pred(*previous, *i)'
Assertion failed on expression: 'pred(*previous, *i)'
Assertion failed on expression: 'pred(*previous, *i)'
Native extension for Android target not found
Native extension for WindowsStandalone target not found
Mono: successfully reloaded assembly
[Package Manager] Failed to launch server process. Reason: Unity was launched with the -noUpm command-line argument
[Package Manager] Unable to send message (not connected to server process).
[Package Manager] Cannot connect to Unity Package Manager local server
- Finished resetting the current domain, in  1.540 seconds
Domain Reload Profiling: 4768ms
	BeginReloadAssembly (1679ms)
		ExecutionOrderSort (0ms)
		DisableScriptedObjects (153ms)
		BackupInstance (0ms)
		ReleaseScriptingObjects (3ms)
		CreateAndSetChildDomain (573ms)
	RebuildCommonClasses (45ms)
	RebuildNativeTypeToScriptingClass (14ms)
	initialDomainReloadingComplete (53ms)
	LoadAllAssembliesAndSetupDomain (1437ms)
		LoadAssemblies (1558ms)
		RebuildTransferFunctionScriptingTraits (0ms)
		AnalyzeDomain (253ms)
			TypeCache.Refresh (42ms)
				TypeCache.ScanAssembly (7ms)
			BuildScriptInfoCaches (176ms)
			ResolveRequiredComponents (9ms)
	FinalizeReload (1541ms)
		ReleaseScriptCaches (0ms)
		RebuildScriptCaches (0ms)
		SetupLoadedEditorAssemblies (1276ms)
			LogAssemblyErrors (0ms)
			InitializePlatformSupportModulesInManaged (39ms)
			SetLoadedEditorAssemblies (6ms)
			BeforeProcessingInitializeOnLoad (53ms)
			ProcessInitializeOnLoadAttributes (781ms)
			ProcessInitializeOnLoadMethodAttributes (394ms)
			AfterProcessingInitializeOnLoad (2ms)
			EditorAssembliesLoaded (0ms)
		ExecutionOrderSort2 (0ms)
		AwakeInstancesAfterBackupRestoration (5ms)
Refreshing native plugins compatible for Editor in 1.54 ms, found 3 plugins.
Preloading 0 native plugins for Editor in 0.00 ms.
Unloading 0 Unused Serialized files (Serialized files now loaded: 0)
Unloading 3770 unused Assets / (2.7 MB). Loaded Objects now: 4444.
Memory consumption went from 123.4 MB to 120.7 MB.
Total: 27.552800 ms (FindLiveObjects: 0.594400 ms CreateObjectMapping: 1.622200 ms MarkObjects: 21.414700 ms  DeleteObjects: 3.919000 ms)

Prepare: number of updated asset objects reloaded= 0
========================================================================
Received Prepare
'Packages/com.dcfa_pixels.dragonecs-unity/src/Connectors/EcsWorldProvider.cs' contains partial class of Unity.Object, exactly 1 of the partial classes needs to be in a file with the same filename. This is to know the one that can be referenced from ie. GameObjects
'Packages/com.dcfa_pixels.dragonecs-unity/src/Buildin/EcsWorldProvider.cs' contains partial class of Unity.Object, exactly 1 of the partial classes needs to be in a file with the same filename. This is to know the one that can be referenced from ie. GameObjects
Refreshing native plugins compatible for Editor in 1.65 ms, found 3 plugins.
Preloading 0 native plugins for Editor in 0.00 ms.
Unloading 0 Unused Serialized files (Serialized files now loaded: 0)
Unloading 3753 unused Assets / (0.6 MB). Loaded Objects now: 4444.
Memory consumption went from 123.5 MB to 122.9 MB.
Total: 152.010300 ms (FindLiveObjects: 1.187000 ms CreateObjectMapping: 0.238800 ms MarkObjects: 145.748500 ms  DeleteObjects: 4.832600 ms)

Prepare: number of updated asset objects reloaded= 0
========================================================================
Received Prepare
Begin MonoManager ReloadAssembly
- Loaded All Assemblies, in  3.372 seconds
'Packages/com.dcfa_pixels.dragonecs-unity/src/Connectors/EcsWorldProvider.cs' contains partial class of Unity.Object, exactly 1 of the partial classes needs to be in a file with the same filename. This is to know the one that can be referenced from ie. GameObjects
'Packages/com.dcfa_pixels.dragonecs-unity/src/Buildin/EcsWorldProvider.cs' contains partial class of Unity.Object, exactly 1 of the partial classes needs to be in a file with the same filename. This is to know the one that can be referenced from ie. GameObjects
Refreshing native plugins compatible for Editor in 1.66 ms, found 3 plugins.
Assertion failed on expression: 'pred(*previous, *i)'
Assertion failed on expression: 'pred(*previous, *i)'
Assertion failed on expression: 'pred(*previous, *i)'
Assertion failed on expression: 'pred(*previous, *i)'
Native extension for Android target not found
Native extension for WindowsStandalone target not found
Mono: successfully reloaded assembly
[Package Manager] Failed to launch server process. Reason: Unity was launched with the -noUpm command-line argument
[Package Manager] Unable to send message (not connected to server process).
[Package Manager] Cannot connect to Unity Package Manager local server
- Finished resetting the current domain, in  2.140 seconds
Domain Reload Profiling: 5517ms
	BeginReloadAssembly (1465ms)
		ExecutionOrderSort (0ms)
		DisableScriptedObjects (101ms)
		BackupInstance (0ms)
		ReleaseScriptingObjects (3ms)
		CreateAndSetChildDomain (584ms)
	RebuildCommonClasses (47ms)
	RebuildNativeTypeToScriptingClass (12ms)
	initialDomainReloadingComplete (51ms)
	LoadAllAssembliesAndSetupDomain (1800ms)
		LoadAssemblies (1546ms)
		RebuildTransferFunctionScriptingTraits (0ms)
		AnalyzeDomain (436ms)
			TypeCache.Refresh (83ms)
				TypeCache.ScanAssembly (7ms)
			BuildScriptInfoCaches (316ms)
			ResolveRequiredComponents (9ms)
	FinalizeReload (2142ms)
		ReleaseScriptCaches (0ms)
		RebuildScriptCaches (0ms)
		SetupLoadedEditorAssemblies (1702ms)
			LogAssemblyErrors (0ms)
			InitializePlatformSupportModulesInManaged (47ms)
			SetLoadedEditorAssemblies (9ms)
			BeforeProcessingInitializeOnLoad (68ms)
			ProcessInitializeOnLoadAttributes (915ms)
			ProcessInitializeOnLoadMethodAttributes (657ms)
			AfterProcessingInitializeOnLoad (4ms)
			EditorAssembliesLoaded (1ms)
		ExecutionOrderSort2 (0ms)
		AwakeInstancesAfterBackupRestoration (10ms)
Refreshing native plugins compatible for Editor in 1.88 ms, found 3 plugins.
Preloading 0 native plugins for Editor in 0.00 ms.
Unloading 0 Unused Serialized files (Serialized files now loaded: 0)
Unloading 3770 unused Assets / (1.7 MB). Loaded Objects now: 4444.
Memory consumption went from 123.4 MB to 121.6 MB.
Total: 39.862400 ms (FindLiveObjects: 0.976500 ms CreateObjectMapping: 1.618200 ms MarkObjects: 33.274300 ms  DeleteObjects: 3.989500 ms)

Prepare: number of updated asset objects reloaded= 0
========================================================================
Received Prepare
'Packages/com.dcfa_pixels.dragonecs-unity/src/Connectors/EcsWorldProvider.cs' contains partial class of Unity.Object, exactly 1 of the partial classes needs to be in a file with the same filename. This is to know the one that can be referenced from ie. GameObjects
'Packages/com.dcfa_pixels.dragonecs-unity/src/Buildin/EcsWorldProvider.cs' contains partial class of Unity.Object, exactly 1 of the partial classes needs to be in a file with the same filename. This is to know the one that can be referenced from ie. GameObjects
Refreshing native plugins compatible for Editor in 3.71 ms, found 3 plugins.
Preloading 0 native plugins for Editor in 0.00 ms.
Unloading 0 Unused Serialized files (Serialized files now loaded: 0)
Unloading 3753 unused Assets / (2.0 MB). Loaded Objects now: 4444.
Memory consumption went from 123.5 MB to 121.5 MB.
Total: 83.831300 ms (FindLiveObjects: 0.943600 ms CreateObjectMapping: 0.741100 ms MarkObjects: 77.444300 ms  DeleteObjects: 4.700500 ms)

Prepare: number of updated asset objects reloaded= 0
========================================================================
Received Prepare
Begin MonoManager ReloadAssembly
- Loaded All Assemblies, in  2.378 seconds
'Packages/com.dcfa_pixels.dragonecs-unity/src/Connectors/EcsWorldProvider.cs' contains partial class of Unity.Object, exactly 1 of the partial classes needs to be in a file with the same filename. This is to know the one that can be referenced from ie. GameObjects
'Packages/com.dcfa_pixels.dragonecs-unity/src/Buildin/EcsWorldProvider.cs' contains partial class of Unity.Object, exactly 1 of the partial classes needs to be in a file with the same filename. This is to know the one that can be referenced from ie. GameObjects
Refreshing native plugins compatible for Editor in 3.35 ms, found 3 plugins.
Assertion failed on expression: 'pred(*previous, *i)'
Assertion failed on expression: 'pred(*previous, *i)'
Assertion failed on expression: 'pred(*previous, *i)'
Assertion failed on expression: 'pred(*previous, *i)'
Native extension for Android target not found
Native extension for WindowsStandalone target not found
Mono: successfully reloaded assembly
[Package Manager] Failed to launch server process. Reason: Unity was launched with the -noUpm command-line argument
[Package Manager] Unable to send message (not connected to server process).
[Package Manager] Cannot connect to Unity Package Manager local server
- Finished resetting the current domain, in  1.631 seconds
Domain Reload Profiling: 4016ms
	BeginReloadAssembly (668ms)
		ExecutionOrderSort (0ms)
		DisableScriptedObjects (21ms)
		BackupInstance (0ms)
		ReleaseScriptingObjects (1ms)
		CreateAndSetChildDomain (175ms)
	RebuildCommonClasses (42ms)
	RebuildNativeTypeToScriptingClass (15ms)
	initialDomainReloadingComplete (36ms)
	LoadAllAssembliesAndSetupDomain (1623ms)
		LoadAssemblies (1072ms)
		RebuildTransferFunctionScriptingTraits (0ms)
		AnalyzeDomain (732ms)
			TypeCache.Refresh (45ms)
				TypeCache.ScanAssembly (7ms)
			BuildScriptInfoCaches (530ms)
			ResolveRequiredComponents (10ms)
	FinalizeReload (1633ms)
		ReleaseScriptCaches (0ms)
		RebuildScriptCaches (0ms)
		SetupLoadedEditorAssemblies (1287ms)
			LogAssemblyErrors (0ms)
			InitializePlatformSupportModulesInManaged (37ms)
			SetLoadedEditorAssemblies (6ms)
			BeforeProcessingInitializeOnLoad (53ms)
			ProcessInitializeOnLoadAttributes (602ms)
			ProcessInitializeOnLoadMethodAttributes (586ms)
			AfterProcessingInitializeOnLoad (3ms)
			EditorAssembliesLoaded (1ms)
		ExecutionOrderSort2 (0ms)
		AwakeInstancesAfterBackupRestoration (7ms)
Refreshing native plugins compatible for Editor in 2.34 ms, found 3 plugins.
Preloading 0 native plugins for Editor in 0.00 ms.
Unloading 0 Unused Serialized files (Serialized files now loaded: 0)
Unloading 3770 unused Assets / (1.2 MB). Loaded Objects now: 4444.
Memory consumption went from 123.4 MB to 122.2 MB.
Total: 42.351900 ms (FindLiveObjects: 0.635400 ms CreateObjectMapping: 0.328900 ms MarkObjects: 37.176000 ms  DeleteObjects: 4.206900 ms)

Prepare: number of updated asset objects reloaded= 0
========================================================================
Received Import Request.
  Time since last request: 1116.082492 seconds.
  path: Assets/_Project/LowpollyGameAssets/FX/ExplosionFX.prefab
  artifactKey: Guid(6cb8d13d2038d504a82630f29e139e88) Importer(815301076,1909f56bfc062723c751e8b465ee728b)
Start importing Assets/_Project/LowpollyGameAssets/FX/ExplosionFX.prefab using Guid(6cb8d13d2038d504a82630f29e139e88) Importer(815301076,1909f56bfc062723c751e8b465ee728b) (PreviewImporter)[PhysX] Initialized MultithreadedTaskDispatcher with 6 workers.
[PhysX] Initialized MultithreadedTaskDispatcher with 6 workers.
 -> (artifact id: '03e6a7e828972ac625df30eb1e15c7a5') in 0.5475503 seconds
Number of updated asset objects reloaded before import = 0Number of asset objects unloaded after import = 14

========================================================================
Received Prepare
Begin MonoManager ReloadAssembly
- Loaded All Assemblies, in  4.382 seconds
'Packages/com.dcfa_pixels.dragonecs-unity/src/Connectors/EcsWorldProvider.cs' contains partial class of Unity.Object, exactly 1 of the partial classes needs to be in a file with the same filename. This is to know the one that can be referenced from ie. GameObjects
'Packages/com.dcfa_pixels.dragonecs-unity/src/Buildin/EcsWorldProvider.cs' contains partial class of Unity.Object, exactly 1 of the partial classes needs to be in a file with the same filename. This is to know the one that can be referenced from ie. GameObjects
Refreshing native plugins compatible for Editor in 4.34 ms, found 3 plugins.
Assertion failed on expression: 'pred(*previous, *i)'
Assertion failed on expression: 'pred(*previous, *i)'
Assertion failed on expression: 'pred(*previous, *i)'
Assertion failed on expression: 'pred(*previous, *i)'
Native extension for Android target not found
Native extension for WindowsStandalone target not found
Mono: successfully reloaded assembly
[Package Manager] Failed to launch server process. Reason: Unity was launched with the -noUpm command-line argument
[Package Manager] Unable to send message (not connected to server process).
[Package Manager] Cannot connect to Unity Package Manager local server
- Finished resetting the current domain, in  1.845 seconds
Domain Reload Profiling: 6243ms
	BeginReloadAssembly (1340ms)
		ExecutionOrderSort (0ms)
		DisableScriptedObjects (81ms)
		BackupInstance (0ms)
		ReleaseScriptingObjects (4ms)
		CreateAndSetChildDomain (642ms)
	RebuildCommonClasses (62ms)
	RebuildNativeTypeToScriptingClass (17ms)
	initialDomainReloadingComplete (72ms)
	LoadAllAssembliesAndSetupDomain (2906ms)
		LoadAssemblies (2267ms)
		RebuildTransferFunctionScriptingTraits (0ms)
		AnalyzeDomain (979ms)
			TypeCache.Refresh (131ms)
				TypeCache.ScanAssembly (17ms)
			BuildScriptInfoCaches (649ms)
			ResolveRequiredComponents (14ms)
	FinalizeReload (1846ms)
		ReleaseScriptCaches (0ms)
		RebuildScriptCaches (0ms)
		SetupLoadedEditorAssemblies (1474ms)
			LogAssemblyErrors (0ms)
			InitializePlatformSupportModulesInManaged (52ms)
			SetLoadedEditorAssemblies (8ms)
			BeforeProcessingInitializeOnLoad (66ms)
			ProcessInitializeOnLoadAttributes (755ms)
			ProcessInitializeOnLoadMethodAttributes (590ms)
			AfterProcessingInitializeOnLoad (3ms)
			EditorAssembliesLoaded (1ms)
		ExecutionOrderSort2 (0ms)
		AwakeInstancesAfterBackupRestoration (8ms)
Refreshing native plugins compatible for Editor in 1.63 ms, found 3 plugins.
Preloading 0 native plugins for Editor in 0.00 ms.
Unloading 0 Unused Serialized files (Serialized files now loaded: 0)
Unloading 3770 unused Assets / (0.9 MB). Loaded Objects now: 4448.
Memory consumption went from 123.5 MB to 122.6 MB.
Total: 34.718300 ms (FindLiveObjects: 0.574000 ms CreateObjectMapping: 0.322600 ms MarkObjects: 31.112900 ms  DeleteObjects: 2.705500 ms)

Prepare: number of updated asset objects reloaded= 0
========================================================================
Received Prepare
'Packages/com.dcfa_pixels.dragonecs-unity/src/Connectors/EcsWorldProvider.cs' contains partial class of Unity.Object, exactly 1 of the partial classes needs to be in a file with the same filename. This is to know the one that can be referenced from ie. GameObjects
'Packages/com.dcfa_pixels.dragonecs-unity/src/Buildin/EcsWorldProvider.cs' contains partial class of Unity.Object, exactly 1 of the partial classes needs to be in a file with the same filename. This is to know the one that can be referenced from ie. GameObjects
Refreshing native plugins compatible for Editor in 1.89 ms, found 3 plugins.
Preloading 0 native plugins for Editor in 0.00 ms.
Unloading 0 Unused Serialized files (Serialized files now loaded: 0)
Unloading 3753 unused Assets / (2.2 MB). Loaded Objects now: 4448.
Memory consumption went from 123.6 MB to 121.4 MB.
Total: 320.615400 ms (FindLiveObjects: 0.723600 ms CreateObjectMapping: 0.339500 ms MarkObjects: 316.059300 ms  DeleteObjects: 3.491100 ms)

Prepare: number of updated asset objects reloaded= 0
========================================================================
Received Prepare
Begin MonoManager ReloadAssembly
- Loaded All Assemblies, in  1.984 seconds
'Packages/com.dcfa_pixels.dragonecs-unity/src/Connectors/EcsWorldProvider.cs' contains partial class of Unity.Object, exactly 1 of the partial classes needs to be in a file with the same filename. This is to know the one that can be referenced from ie. GameObjects
'Packages/com.dcfa_pixels.dragonecs-unity/src/Buildin/EcsWorldProvider.cs' contains partial class of Unity.Object, exactly 1 of the partial classes needs to be in a file with the same filename. This is to know the one that can be referenced from ie. GameObjects
Refreshing native plugins compatible for Editor in 1.51 ms, found 3 plugins.
Assertion failed on expression: 'pred(*previous, *i)'
Assertion failed on expression: 'pred(*previous, *i)'
Assertion failed on expression: 'pred(*previous, *i)'
Assertion failed on expression: 'pred(*previous, *i)'
Native extension for Android target not found
Native extension for WindowsStandalone target not found
Mono: successfully reloaded assembly
[Package Manager] Failed to launch server process. Reason: Unity was launched with the -noUpm command-line argument
[Package Manager] Unable to send message (not connected to server process).
[Package Manager] Cannot connect to Unity Package Manager local server
- Finished resetting the current domain, in  1.540 seconds
Domain Reload Profiling: 3526ms
	BeginReloadAssembly (473ms)
		ExecutionOrderSort (0ms)
		DisableScriptedObjects (32ms)
		BackupInstance (0ms)
		ReleaseScriptingObjects (2ms)
		CreateAndSetChildDomain (163ms)
	RebuildCommonClasses (40ms)
	RebuildNativeTypeToScriptingClass (21ms)
	initialDomainReloadingComplete (34ms)
	LoadAllAssembliesAndSetupDomain (1416ms)
		LoadAssemblies (1187ms)
		RebuildTransferFunctionScriptingTraits (0ms)
		AnalyzeDomain (416ms)
			TypeCache.Refresh (164ms)
				TypeCache.ScanAssembly (10ms)
			BuildScriptInfoCaches (210ms)
			ResolveRequiredComponents (7ms)
	FinalizeReload (1542ms)
		ReleaseScriptCaches (0ms)
		RebuildScriptCaches (0ms)
		SetupLoadedEditorAssemblies (1202ms)
			LogAssemblyErrors (0ms)
			InitializePlatformSupportModulesInManaged (41ms)
			SetLoadedEditorAssemblies (8ms)
			BeforeProcessingInitializeOnLoad (49ms)
			ProcessInitializeOnLoadAttributes (633ms)
			ProcessInitializeOnLoadMethodAttributes (468ms)
			AfterProcessingInitializeOnLoad (3ms)
			EditorAssembliesLoaded (1ms)
		ExecutionOrderSort2 (0ms)
		AwakeInstancesAfterBackupRestoration (7ms)
Refreshing native plugins compatible for Editor in 1.79 ms, found 3 plugins.
Preloading 0 native plugins for Editor in 0.00 ms.
Unloading 0 Unused Serialized files (Serialized files now loaded: 0)
Unloading 3770 unused Assets / (1.5 MB). Loaded Objects now: 4448.
Memory consumption went from 123.5 MB to 122.0 MB.
Total: 29.829700 ms (FindLiveObjects: 1.049200 ms CreateObjectMapping: 0.407500 ms MarkObjects: 24.243100 ms  DeleteObjects: 4.126600 ms)

Prepare: number of updated asset objects reloaded= 0
========================================================================
Received Import Request.
  Time since last request: 324.009176 seconds.
  path: Assets/_Project/LowpollyGameAssets/Prefabs/Animals/Animal.prefab
  artifactKey: Guid(851b84b3d3622cd48a8df6387b7d22f6) Importer(815301076,1909f56bfc062723c751e8b465ee728b)
Start importing Assets/_Project/LowpollyGameAssets/Prefabs/Animals/Animal.prefab using Guid(851b84b3d3622cd48a8df6387b7d22f6) Importer(815301076,1909f56bfc062723c751e8b465ee728b) (PreviewImporter)[PhysX] Initialized MultithreadedTaskDispatcher with 6 workers.
[PhysX] Initialized MultithreadedTaskDispatcher with 6 workers.
 -> (artifact id: '659c4ca92332bedd2bad1ccaa880674c') in 0.2055988 seconds
Number of updated asset objects reloaded before import = 0Number of asset objects unloaded after import = 40

========================================================================
Received Prepare
'Packages/com.dcfa_pixels.dragonecs-unity/src/Connectors/EcsWorldProvider.cs' contains partial class of Unity.Object, exactly 1 of the partial classes needs to be in a file with the same filename. This is to know the one that can be referenced from ie. GameObjects
'Packages/com.dcfa_pixels.dragonecs-unity/src/Buildin/EcsWorldProvider.cs' contains partial class of Unity.Object, exactly 1 of the partial classes needs to be in a file with the same filename. This is to know the one that can be referenced from ie. GameObjects
Refreshing native plugins compatible for Editor in 1.75 ms, found 3 plugins.
Preloading 0 native plugins for Editor in 0.00 ms.
Unloading 0 Unused Serialized files (Serialized files now loaded: 0)
Unloading 3753 unused Assets / (0.8 MB). Loaded Objects now: 4450.
Memory consumption went from 123.9 MB to 123.1 MB.
Total: 87.474400 ms (FindLiveObjects: 0.442400 ms CreateObjectMapping: 0.197000 ms MarkObjects: 83.830900 ms  DeleteObjects: 3.002700 ms)

Prepare: number of updated asset objects reloaded= 0
========================================================================
Received Prepare
Begin MonoManager ReloadAssembly
- Loaded All Assemblies, in  3.263 seconds
'Packages/com.dcfa_pixels.dragonecs-unity/src/Connectors/EcsWorldProvider.cs' contains partial class of Unity.Object, exactly 1 of the partial classes needs to be in a file with the same filename. This is to know the one that can be referenced from ie. GameObjects
'Packages/com.dcfa_pixels.dragonecs-unity/src/Buildin/EcsWorldProvider.cs' contains partial class of Unity.Object, exactly 1 of the partial classes needs to be in a file with the same filename. This is to know the one that can be referenced from ie. GameObjects
Refreshing native plugins compatible for Editor in 1.74 ms, found 3 plugins.
Assertion failed on expression: 'pred(*previous, *i)'
Assertion failed on expression: 'pred(*previous, *i)'
Assertion failed on expression: 'pred(*previous, *i)'
Assertion failed on expression: 'pred(*previous, *i)'
Native extension for Android target not found
Native extension for WindowsStandalone target not found
Mono: successfully reloaded assembly
[Package Manager] Failed to launch server process. Reason: Unity was launched with the -noUpm command-line argument
[Package Manager] Unable to send message (not connected to server process).
[Package Manager] Cannot connect to Unity Package Manager local server
- Finished resetting the current domain, in  1.640 seconds
Domain Reload Profiling: 4909ms
	BeginReloadAssembly (1351ms)
		ExecutionOrderSort (0ms)
		DisableScriptedObjects (59ms)
		BackupInstance (0ms)
		ReleaseScriptingObjects (2ms)
		CreateAndSetChildDomain (551ms)
	RebuildCommonClasses (50ms)
	RebuildNativeTypeToScriptingClass (14ms)
	initialDomainReloadingComplete (48ms)
	LoadAllAssembliesAndSetupDomain (1803ms)
		LoadAssemblies (1662ms)
		RebuildTransferFunctionScriptingTraits (0ms)
		AnalyzeDomain (669ms)
			TypeCache.Refresh (51ms)
				TypeCache.ScanAssembly (6ms)
			BuildScriptInfoCaches (536ms)
			ResolveRequiredComponents (14ms)
	FinalizeReload (1642ms)
		ReleaseScriptCaches (0ms)
		RebuildScriptCaches (0ms)
		SetupLoadedEditorAssemblies (1296ms)
			LogAssemblyErrors (0ms)
			InitializePlatformSupportModulesInManaged (33ms)
			SetLoadedEditorAssemblies (7ms)
			BeforeProcessingInitializeOnLoad (60ms)
			ProcessInitializeOnLoadAttributes (739ms)
			ProcessInitializeOnLoadMethodAttributes (454ms)
			AfterProcessingInitializeOnLoad (3ms)
			EditorAssembliesLoaded (1ms)
		ExecutionOrderSort2 (0ms)
		AwakeInstancesAfterBackupRestoration (8ms)
Refreshing native plugins compatible for Editor in 1.81 ms, found 3 plugins.
Preloading 0 native plugins for Editor in 0.00 ms.
Unloading 0 Unused Serialized files (Serialized files now loaded: 0)
Unloading 3770 unused Assets / (2.0 MB). Loaded Objects now: 4449.
Memory consumption went from 123.5 MB to 121.5 MB.
Total: 30.822000 ms (FindLiveObjects: 0.844700 ms CreateObjectMapping: 0.365600 ms MarkObjects: 26.352300 ms  DeleteObjects: 3.255800 ms)

Prepare: number of updated asset objects reloaded= 0
========================================================================
Received Import Request.
  Time since last request: 323.930875 seconds.
  path: Assets/_Project/Scripts/Gameplay/EcsRoot.cs
  artifactKey: Guid(ff5703cff0e54627b1a489995a5c5490) Importer(815301076,1909f56bfc062723c751e8b465ee728b)
Start importing Assets/_Project/Scripts/Gameplay/EcsRoot.cs using Guid(ff5703cff0e54627b1a489995a5c5490) Importer(815301076,1909f56bfc062723c751e8b465ee728b) (PreviewImporter)[PhysX] Initialized MultithreadedTaskDispatcher with 6 workers.
 -> (artifact id: 'bbc64208fdb707df1f8366d8b06881d1') in 0.1212025 seconds
Number of updated asset objects reloaded before import = 0Number of asset objects unloaded after import = 0

========================================================================
Received Import Request.
  Time since last request: 8.810685 seconds.
  path: Assets/_Project/LowpollyGameAssets/FX/ExplosionFX.prefab
  artifactKey: Guid(6cb8d13d2038d504a82630f29e139e88) Importer(815301076,1909f56bfc062723c751e8b465ee728b)
Start importing Assets/_Project/LowpollyGameAssets/FX/ExplosionFX.prefab using Guid(6cb8d13d2038d504a82630f29e139e88) Importer(815301076,1909f56bfc062723c751e8b465ee728b) (PreviewImporter)[PhysX] Initialized MultithreadedTaskDispatcher with 6 workers.
[PhysX] Initialized MultithreadedTaskDispatcher with 6 workers.
 -> (artifact id: '6a8ceb0fa3fc8e7785aad5b57b3f560d') in 0.6084868 seconds
Number of updated asset objects reloaded before import = 0Number of asset objects unloaded after import = 14

========================================================================
Received Import Request.
  Time since last request: 19.174480 seconds.
  path: Assets/_Project/LowpollyGameAssets/Textures/cloud_2x2_hard.png
  artifactKey: Guid(fd601fd09c034c8418d22cb4f487ae7e) Importer(815301076,1909f56bfc062723c751e8b465ee728b)
Start importing Assets/_Project/LowpollyGameAssets/Textures/cloud_2x2_hard.png using Guid(fd601fd09c034c8418d22cb4f487ae7e) Importer(815301076,1909f56bfc062723c751e8b465ee728b) (PreviewImporter)[PhysX] Initialized MultithreadedTaskDispatcher with 6 workers.
[PhysX] Initialized MultithreadedTaskDispatcher with 6 workers.
 -> (artifact id: '3a4e482727631bad1f845246d151ea55') in 0.0596357 seconds
Number of updated asset objects reloaded before import = 0Number of asset objects unloaded after import = 2

========================================================================
Received Import Request.
  Time since last request: 16.097331 seconds.
  path: Assets/_Project/LowpollyGameAssets/Prefabs/Animals/Lion.prefab
  artifactKey: Guid(bd6f74b8d916ffa4eb9ab1a34e4b5a3d) Importer(815301076,1909f56bfc062723c751e8b465ee728b)
Start importing Assets/_Project/LowpollyGameAssets/Prefabs/Animals/Lion.prefab using Guid(bd6f74b8d916ffa4eb9ab1a34e4b5a3d) Importer(815301076,1909f56bfc062723c751e8b465ee728b) (PreviewImporter)[PhysX] Initialized MultithreadedTaskDispatcher with 6 workers.
[PhysX] Initialized MultithreadedTaskDispatcher with 6 workers.
 -> (artifact id: '7c3162cf26583d1b5bc04b073c5fad1f') in 0.0627637 seconds
Number of updated asset objects reloaded before import = 0Number of asset objects unloaded after import = 57

========================================================================
Received Import Request.
  Time since last request: 31.915822 seconds.
  path: Assets/_Project/LowpollyGameAssets/Materials/Cloud.mat
  artifactKey: Guid(5dad5f80188250444b6a0d2315704967) Importer(815301076,1909f56bfc062723c751e8b465ee728b)
Start importing Assets/_Project/LowpollyGameAssets/Materials/Cloud.mat using Guid(5dad5f80188250444b6a0d2315704967) Importer(815301076,1909f56bfc062723c751e8b465ee728b) (PreviewImporter)[PhysX] Initialized MultithreadedTaskDispatcher with 6 workers.
[PhysX] Initialized MultithreadedTaskDispatcher with 6 workers.
 -> (artifact id: 'e411a0056fd3fe752245d8fb3f18cabe') in 0.1188695 seconds
Number of updated asset objects reloaded before import = 0Number of asset objects unloaded after import = 2

========================================================================
Received Import Request.
  Time since last request: 8459.133381 seconds.
  path: Assets/_Project/LowpollyGameAssets/Materials/New Material.mat
  artifactKey: Guid(8bb086d1bf41ae64f9b51df8914ceeb1) Importer(815301076,1909f56bfc062723c751e8b465ee728b)
Start importing Assets/_Project/LowpollyGameAssets/Materials/New Material.mat using Guid(8bb086d1bf41ae64f9b51df8914ceeb1) Importer(815301076,1909f56bfc062723c751e8b465ee728b) (PreviewImporter)[PhysX] Initialized MultithreadedTaskDispatcher with 6 workers.
[PhysX] Initialized MultithreadedTaskDispatcher with 6 workers.
 -> (artifact id: '5d9c366a8932a1d791f1db2a31b2da91') in 1.7472351 seconds
Number of updated asset objects reloaded before import = 0Number of asset objects unloaded after import = 1

========================================================================
Received Prepare
'Packages/com.dcfa_pixels.dragonecs-unity/src/Connectors/EcsWorldProvider.cs' contains partial class of Unity.Object, exactly 1 of the partial classes needs to be in a file with the same filename. This is to know the one that can be referenced from ie. GameObjects
'Packages/com.dcfa_pixels.dragonecs-unity/src/Buildin/EcsWorldProvider.cs' contains partial class of Unity.Object, exactly 1 of the partial classes needs to be in a file with the same filename. This is to know the one that can be referenced from ie. GameObjects
Refreshing native plugins compatible for Editor in 4.48 ms, found 3 plugins.
Preloading 0 native plugins for Editor in 0.00 ms.
Unloading 0 Unused Serialized files (Serialized files now loaded: 0)
Unloading 3754 unused Assets / (0.6 MB). Loaded Objects now: 4484.
Memory consumption went from 124.2 MB to 123.6 MB.
Total: 1176.902700 ms (FindLiveObjects: 3.495900 ms CreateObjectMapping: 0.546300 ms MarkObjects: 1167.097800 ms  DeleteObjects: 5.759700 ms)

Prepare: number of updated asset objects reloaded= 0
========================================================================
Received Prepare
Begin MonoManager ReloadAssembly
- Loaded All Assemblies, in  4.526 seconds
'Packages/com.dcfa_pixels.dragonecs-unity/src/Connectors/EcsWorldProvider.cs' contains partial class of Unity.Object, exactly 1 of the partial classes needs to be in a file with the same filename. This is to know the one that can be referenced from ie. GameObjects
'Packages/com.dcfa_pixels.dragonecs-unity/src/Buildin/EcsWorldProvider.cs' contains partial class of Unity.Object, exactly 1 of the partial classes needs to be in a file with the same filename. This is to know the one that can be referenced from ie. GameObjects
Refreshing native plugins compatible for Editor in 1.35 ms, found 3 plugins.
Assertion failed on expression: 'pred(*previous, *i)'
Assertion failed on expression: 'pred(*previous, *i)'
Assertion failed on expression: 'pred(*previous, *i)'
Assertion failed on expression: 'pred(*previous, *i)'
Native extension for Android target not found
Native extension for WindowsStandalone target not found
Mono: successfully reloaded assembly
[Package Manager] Failed to launch server process. Reason: Unity was launched with the -noUpm command-line argument
[Package Manager] Unable to send message (not connected to server process).
[Package Manager] Cannot connect to Unity Package Manager local server
- Finished resetting the current domain, in  1.615 seconds
Domain Reload Profiling: 6146ms
	BeginReloadAssembly (2524ms)
		ExecutionOrderSort (0ms)
		DisableScriptedObjects (217ms)
		BackupInstance (0ms)
		ReleaseScriptingObjects (3ms)
		CreateAndSetChildDomain (1125ms)
	RebuildCommonClasses (61ms)
	RebuildNativeTypeToScriptingClass (14ms)
	initialDomainReloadingComplete (75ms)
	LoadAllAssembliesAndSetupDomain (1856ms)
		LoadAssemblies (1947ms)
		RebuildTransferFunctionScriptingTraits (0ms)
		AnalyzeDomain (361ms)
			TypeCache.Refresh (67ms)
				TypeCache.ScanAssembly (8ms)
			BuildScriptInfoCaches (234ms)
			ResolveRequiredComponents (10ms)
	FinalizeReload (1616ms)
		ReleaseScriptCaches (0ms)
		RebuildScriptCaches (0ms)
		SetupLoadedEditorAssemblies (1348ms)
			LogAssemblyErrors (0ms)
			InitializePlatformSupportModulesInManaged (38ms)
			SetLoadedEditorAssemblies (8ms)
			BeforeProcessingInitializeOnLoad (62ms)
			ProcessInitializeOnLoadAttributes (727ms)
			ProcessInitializeOnLoadMethodAttributes (510ms)
			AfterProcessingInitializeOnLoad (3ms)
			EditorAssembliesLoaded (1ms)
		ExecutionOrderSort2 (0ms)
		AwakeInstancesAfterBackupRestoration (6ms)
Refreshing native plugins compatible for Editor in 2.66 ms, found 3 plugins.
Preloading 0 native plugins for Editor in 0.00 ms.
Unloading 0 Unused Serialized files (Serialized files now loaded: 0)
Unloading 3771 unused Assets / (1.5 MB). Loaded Objects now: 4483.
Memory consumption went from 123.7 MB to 122.3 MB.
Total: 29.939500 ms (FindLiveObjects: 0.908600 ms CreateObjectMapping: 0.550200 ms MarkObjects: 25.528000 ms  DeleteObjects: 2.933200 ms)

Prepare: number of updated asset objects reloaded= 0
========================================================================
Received Import Request.
  Time since last request: 1080.085887 seconds.
  path: Assets/_Project/LowpollyGameAssets/Textures/palette-cubes.png
  artifactKey: Guid(9ea5ba44e82fef7428a13c6b6c08bc05) Importer(815301076,1909f56bfc062723c751e8b465ee728b)
Start importing Assets/_Project/LowpollyGameAssets/Textures/palette-cubes.png using Guid(9ea5ba44e82fef7428a13c6b6c08bc05) Importer(815301076,1909f56bfc062723c751e8b465ee728b) (PreviewImporter)[PhysX] Initialized MultithreadedTaskDispatcher with 6 workers.
[PhysX] Initialized MultithreadedTaskDispatcher with 6 workers.
 -> (artifact id: 'a229ea4f6d039cf9a8a5110af9946918') in 0.1116228 seconds
Number of updated asset objects reloaded before import = 0Number of asset objects unloaded after import = 2

========================================================================
Received Import Request.
  Time since last request: 43.609952 seconds.
  path: Assets/_Project/LowpollyGameAssets/Textures/Square.png
  artifactKey: Guid(a804adbdc5ebc314c94974baa688b982) Importer(815301076,1909f56bfc062723c751e8b465ee728b)
Start importing Assets/_Project/LowpollyGameAssets/Textures/Square.png using Guid(a804adbdc5ebc314c94974baa688b982) Importer(815301076,1909f56bfc062723c751e8b465ee728b) (PreviewImporter)[PhysX] Initialized MultithreadedTaskDispatcher with 6 workers.
[PhysX] Initialized MultithreadedTaskDispatcher with 6 workers.
 -> (artifact id: '563c6053d40bdc1a541454d6f0869b98') in 0.0492868 seconds
Number of updated asset objects reloaded before import = 0Number of asset objects unloaded after import = 2

========================================================================
Received Prepare
'Packages/com.dcfa_pixels.dragonecs-unity/src/Connectors/EcsWorldProvider.cs' contains partial class of Unity.Object, exactly 1 of the partial classes needs to be in a file with the same filename. This is to know the one that can be referenced from ie. GameObjects
'Packages/com.dcfa_pixels.dragonecs-unity/src/Buildin/EcsWorldProvider.cs' contains partial class of Unity.Object, exactly 1 of the partial classes needs to be in a file with the same filename. This is to know the one that can be referenced from ie. GameObjects
Refreshing native plugins compatible for Editor in 1.91 ms, found 3 plugins.
Preloading 0 native plugins for Editor in 0.00 ms.
Unloading 0 Unused Serialized files (Serialized files now loaded: 0)
Unloading 3754 unused Assets / (1.1 MB). Loaded Objects now: 4484.
Memory consumption went from 123.9 MB to 122.7 MB.
Total: 25.220100 ms (FindLiveObjects: 0.553800 ms CreateObjectMapping: 0.338800 ms MarkObjects: 21.644000 ms  DeleteObjects: 2.681800 ms)

Prepare: number of updated asset objects reloaded= 0
========================================================================
Received Prepare
Begin MonoManager ReloadAssembly
- Loaded All Assemblies, in  1.015 seconds
'Packages/com.dcfa_pixels.dragonecs-unity/src/Connectors/EcsWorldProvider.cs' contains partial class of Unity.Object, exactly 1 of the partial classes needs to be in a file with the same filename. This is to know the one that can be referenced from ie. GameObjects
'Packages/com.dcfa_pixels.dragonecs-unity/src/Buildin/EcsWorldProvider.cs' contains partial class of Unity.Object, exactly 1 of the partial classes needs to be in a file with the same filename. This is to know the one that can be referenced from ie. GameObjects
Refreshing native plugins compatible for Editor in 1.24 ms, found 3 plugins.
Assertion failed on expression: 'pred(*previous, *i)'
Assertion failed on expression: 'pred(*previous, *i)'
Assertion failed on expression: 'pred(*previous, *i)'
Assertion failed on expression: 'pred(*previous, *i)'
Native extension for Android target not found
Native extension for WindowsStandalone target not found
Mono: successfully reloaded assembly
[Package Manager] Failed to launch server process. Reason: Unity was launched with the -noUpm command-line argument
[Package Manager] Unable to send message (not connected to server process).
[Package Manager] Cannot connect to Unity Package Manager local server
- Finished resetting the current domain, in  1.006 seconds
Domain Reload Profiling: 2022ms
	BeginReloadAssembly (298ms)
		ExecutionOrderSort (0ms)
		DisableScriptedObjects (7ms)
		BackupInstance (0ms)
		ReleaseScriptingObjects (1ms)
		CreateAndSetChildDomain (93ms)
	RebuildCommonClasses (41ms)
	RebuildNativeTypeToScriptingClass (14ms)
	initialDomainReloadingComplete (37ms)
	LoadAllAssembliesAndSetupDomain (626ms)
		LoadAssemblies (593ms)
		RebuildTransferFunctionScriptingTraits (0ms)
		AnalyzeDomain (185ms)
			TypeCache.Refresh (16ms)
				TypeCache.ScanAssembly (4ms)
			BuildScriptInfoCaches (159ms)
			ResolveRequiredComponents (6ms)
	FinalizeReload (1006ms)
		ReleaseScriptCaches (0ms)
		RebuildScriptCaches (0ms)
		SetupLoadedEditorAssemblies (786ms)
			LogAssemblyErrors (0ms)
			InitializePlatformSupportModulesInManaged (18ms)
			SetLoadedEditorAssemblies (4ms)
			BeforeProcessingInitializeOnLoad (37ms)
			ProcessInitializeOnLoadAttributes (472ms)
			ProcessInitializeOnLoadMethodAttributes (252ms)
			AfterProcessingInitializeOnLoad (2ms)
			EditorAssembliesLoaded (0ms)
		ExecutionOrderSort2 (0ms)
		AwakeInstancesAfterBackupRestoration (5ms)
Refreshing native plugins compatible for Editor in 1.28 ms, found 3 plugins.
Preloading 0 native plugins for Editor in 0.00 ms.
Unloading 0 Unused Serialized files (Serialized files now loaded: 0)
Unloading 3771 unused Assets / (2.3 MB). Loaded Objects now: 4484.
Memory consumption went from 123.7 MB to 121.5 MB.
Total: 21.588600 ms (FindLiveObjects: 0.420700 ms CreateObjectMapping: 0.203000 ms MarkObjects: 17.228900 ms  DeleteObjects: 3.734800 ms)

Prepare: number of updated asset objects reloaded= 0
========================================================================
Received Import Request.
  Time since last request: 51.978741 seconds.
  path: Assets/_Project/LowpollyGameAssets/Textures/Tree2_Map2.png
  artifactKey: Guid(44c475b5541160a42bad38caad2ebdb2) Importer(815301076,1909f56bfc062723c751e8b465ee728b)
Start importing Assets/_Project/LowpollyGameAssets/Textures/Tree2_Map2.png using Guid(44c475b5541160a42bad38caad2ebdb2) Importer(815301076,1909f56bfc062723c751e8b465ee728b) (PreviewImporter)[PhysX] Initialized MultithreadedTaskDispatcher with 6 workers.
[PhysX] Initialized MultithreadedTaskDispatcher with 6 workers.
 -> (artifact id: '6631e6a4249e2abe788a90df2bd2b6a2') in 0.0894236 seconds
Number of updated asset objects reloaded before import = 0Number of asset objects unloaded after import = 2

========================================================================
Received Import Request.
  Time since last request: 0.467137 seconds.
  path: Assets/_Project/LowpollyGameAssets/Textures/Grass.png
  artifactKey: Guid(2802ec51f13ce0e44b666de1db1be8fb) Importer(815301076,1909f56bfc062723c751e8b465ee728b)
Start importing Assets/_Project/LowpollyGameAssets/Textures/Grass.png using Guid(2802ec51f13ce0e44b666de1db1be8fb) Importer(815301076,1909f56bfc062723c751e8b465ee728b) (PreviewImporter)[PhysX] Initialized MultithreadedTaskDispatcher with 6 workers.
[PhysX] Initialized MultithreadedTaskDispatcher with 6 workers.
 -> (artifact id: '7a4864f1fb4d7cab41012363f2c511d7') in 0.0215643 seconds
Number of updated asset objects reloaded before import = 0Number of asset objects unloaded after import = 2

========================================================================
Received Import Request.
  Time since last request: 100.697804 seconds.
  path: Assets/_Project/LowpollyGameAssets/Textures/palette-cubes.png
  artifactKey: Guid(9ea5ba44e82fef7428a13c6b6c08bc05) Importer(815301076,1909f56bfc062723c751e8b465ee728b)
Start importing Assets/_Project/LowpollyGameAssets/Textures/palette-cubes.png using Guid(9ea5ba44e82fef7428a13c6b6c08bc05) Importer(815301076,1909f56bfc062723c751e8b465ee728b) (PreviewImporter)[PhysX] Initialized MultithreadedTaskDispatcher with 6 workers.
[PhysX] Initialized MultithreadedTaskDispatcher with 6 workers.
 -> (artifact id: 'ce76696dab9faeef604faf3faf35da99') in 0.0127092 seconds
Number of updated asset objects reloaded before import = 0Number of asset objects unloaded after import = 2

========================================================================
Received Prepare
Begin MonoManager ReloadAssembly
- Loaded All Assemblies, in  3.925 seconds
'Packages/com.dcfa_pixels.dragonecs-unity/src/Connectors/EcsWorldProvider.cs' contains partial class of Unity.Object, exactly 1 of the partial classes needs to be in a file with the same filename. This is to know the one that can be referenced from ie. GameObjects
'Packages/com.dcfa_pixels.dragonecs-unity/src/Buildin/EcsWorldProvider.cs' contains partial class of Unity.Object, exactly 1 of the partial classes needs to be in a file with the same filename. This is to know the one that can be referenced from ie. GameObjects
Refreshing native plugins compatible for Editor in 3.95 ms, found 3 plugins.
Assertion failed on expression: 'pred(*previous, *i)'
Assertion failed on expression: 'pred(*previous, *i)'
Assertion failed on expression: 'pred(*previous, *i)'
Assertion failed on expression: 'pred(*previous, *i)'
Native extension for Android target not found
Native extension for WindowsStandalone target not found
Mono: successfully reloaded assembly
[Package Manager] Failed to launch server process. Reason: Unity was launched with the -noUpm command-line argument
[Package Manager] Unable to send message (not connected to server process).
[Package Manager] Cannot connect to Unity Package Manager local server
- Finished resetting the current domain, in  1.554 seconds
Domain Reload Profiling: 5485ms
	BeginReloadAssembly (1815ms)
		ExecutionOrderSort (0ms)
		DisableScriptedObjects (115ms)
		BackupInstance (0ms)
		ReleaseScriptingObjects (8ms)
		CreateAndSetChildDomain (897ms)
	RebuildCommonClasses (67ms)
	RebuildNativeTypeToScriptingClass (12ms)
	initialDomainReloadingComplete (86ms)
	LoadAllAssembliesAndSetupDomain (1951ms)
		LoadAssemblies (1905ms)
		RebuildTransferFunctionScriptingTraits (0ms)
		AnalyzeDomain (416ms)
			TypeCache.Refresh (106ms)
				TypeCache.ScanAssembly (9ms)
			BuildScriptInfoCaches (278ms)
			ResolveRequiredComponents (7ms)
	FinalizeReload (1555ms)
		ReleaseScriptCaches (0ms)
		RebuildScriptCaches (0ms)
		SetupLoadedEditorAssemblies (1284ms)
			LogAssemblyErrors (0ms)
			InitializePlatformSupportModulesInManaged (38ms)
			SetLoadedEditorAssemblies (5ms)
			BeforeProcessingInitializeOnLoad (48ms)
			ProcessInitializeOnLoadAttributes (779ms)
			ProcessInitializeOnLoadMethodAttributes (411ms)
			AfterProcessingInitializeOnLoad (2ms)
			EditorAssembliesLoaded (1ms)
		ExecutionOrderSort2 (0ms)
		AwakeInstancesAfterBackupRestoration (5ms)
Refreshing native plugins compatible for Editor in 1.55 ms, found 3 plugins.
Preloading 0 native plugins for Editor in 0.00 ms.
Unloading 0 Unused Serialized files (Serialized files now loaded: 0)
Unloading 3771 unused Assets / (2.1 MB). Loaded Objects now: 4485.
Memory consumption went from 125.7 MB to 123.5 MB.
Total: 29.616700 ms (FindLiveObjects: 0.712800 ms CreateObjectMapping: 0.203100 ms MarkObjects: 24.903000 ms  DeleteObjects: 3.794900 ms)

Prepare: number of updated asset objects reloaded= 0
========================================================================
Received Prepare
'Packages/com.dcfa_pixels.dragonecs-unity/src/Connectors/EcsWorldProvider.cs' contains partial class of Unity.Object, exactly 1 of the partial classes needs to be in a file with the same filename. This is to know the one that can be referenced from ie. GameObjects
'Packages/com.dcfa_pixels.dragonecs-unity/src/Buildin/EcsWorldProvider.cs' contains partial class of Unity.Object, exactly 1 of the partial classes needs to be in a file with the same filename. This is to know the one that can be referenced from ie. GameObjects
Refreshing native plugins compatible for Editor in 1.83 ms, found 3 plugins.
Preloading 0 native plugins for Editor in 0.00 ms.
Unloading 0 Unused Serialized files (Serialized files now loaded: 0)
Unloading 3754 unused Assets / (2.1 MB). Loaded Objects now: 4485.
Memory consumption went from 125.8 MB to 123.7 MB.
Total: 29.816300 ms (FindLiveObjects: 0.944100 ms CreateObjectMapping: 0.643600 ms MarkObjects: 24.832100 ms  DeleteObjects: 3.394700 ms)

Prepare: number of updated asset objects reloaded= 0
========================================================================
Received Prepare
'Packages/com.dcfa_pixels.dragonecs-unity/src/Connectors/EcsWorldProvider.cs' contains partial class of Unity.Object, exactly 1 of the partial classes needs to be in a file with the same filename. This is to know the one that can be referenced from ie. GameObjects
'Packages/com.dcfa_pixels.dragonecs-unity/src/Buildin/EcsWorldProvider.cs' contains partial class of Unity.Object, exactly 1 of the partial classes needs to be in a file with the same filename. This is to know the one that can be referenced from ie. GameObjects
Refreshing native plugins compatible for Editor in 1.54 ms, found 3 plugins.
Preloading 0 native plugins for Editor in 0.00 ms.
Unloading 0 Unused Serialized files (Serialized files now loaded: 0)
Unloading 3754 unused Assets / (2.6 MB). Loaded Objects now: 4485.
Memory consumption went from 125.8 MB to 123.1 MB.
Total: 23.136800 ms (FindLiveObjects: 0.472300 ms CreateObjectMapping: 0.235700 ms MarkObjects: 18.511800 ms  DeleteObjects: 3.915900 ms)

Prepare: number of updated asset objects reloaded= 0
========================================================================
Received Prepare
'Packages/com.dcfa_pixels.dragonecs-unity/src/Connectors/EcsWorldProvider.cs' contains partial class of Unity.Object, exactly 1 of the partial classes needs to be in a file with the same filename. This is to know the one that can be referenced from ie. GameObjects
'Packages/com.dcfa_pixels.dragonecs-unity/src/Buildin/EcsWorldProvider.cs' contains partial class of Unity.Object, exactly 1 of the partial classes needs to be in a file with the same filename. This is to know the one that can be referenced from ie. GameObjects
Refreshing native plugins compatible for Editor in 1.53 ms, found 3 plugins.
Preloading 0 native plugins for Editor in 0.00 ms.
Unloading 0 Unused Serialized files (Serialized files now loaded: 0)
Unloading 3754 unused Assets / (2.0 MB). Loaded Objects now: 4485.
Memory consumption went from 125.8 MB to 123.8 MB.
Total: 20.545400 ms (FindLiveObjects: 0.487300 ms CreateObjectMapping: 0.208200 ms MarkObjects: 17.736200 ms  DeleteObjects: 2.112100 ms)

Prepare: number of updated asset objects reloaded= 0
========================================================================
Received Prepare
'Packages/com.dcfa_pixels.dragonecs-unity/src/Connectors/EcsWorldProvider.cs' contains partial class of Unity.Object, exactly 1 of the partial classes needs to be in a file with the same filename. This is to know the one that can be referenced from ie. GameObjects
'Packages/com.dcfa_pixels.dragonecs-unity/src/Buildin/EcsWorldProvider.cs' contains partial class of Unity.Object, exactly 1 of the partial classes needs to be in a file with the same filename. This is to know the one that can be referenced from ie. GameObjects
Refreshing native plugins compatible for Editor in 1.34 ms, found 3 plugins.
Preloading 0 native plugins for Editor in 0.00 ms.
Unloading 0 Unused Serialized files (Serialized files now loaded: 0)
Unloading 3754 unused Assets / (2.8 MB). Loaded Objects now: 4485.
Memory consumption went from 125.8 MB to 123.0 MB.
Total: 21.469300 ms (FindLiveObjects: 0.453300 ms CreateObjectMapping: 0.220700 ms MarkObjects: 18.025100 ms  DeleteObjects: 2.768900 ms)

Prepare: number of updated asset objects reloaded= 0
========================================================================
Received Prepare
'Packages/com.dcfa_pixels.dragonecs-unity/src/Connectors/EcsWorldProvider.cs' contains partial class of Unity.Object, exactly 1 of the partial classes needs to be in a file with the same filename. This is to know the one that can be referenced from ie. GameObjects
'Packages/com.dcfa_pixels.dragonecs-unity/src/Buildin/EcsWorldProvider.cs' contains partial class of Unity.Object, exactly 1 of the partial classes needs to be in a file with the same filename. This is to know the one that can be referenced from ie. GameObjects
Refreshing native plugins compatible for Editor in 1.32 ms, found 3 plugins.
Preloading 0 native plugins for Editor in 0.00 ms.
Unloading 0 Unused Serialized files (Serialized files now loaded: 0)
Unloading 3754 unused Assets / (1.3 MB). Loaded Objects now: 4485.
Memory consumption went from 125.8 MB to 124.5 MB.
Total: 24.388600 ms (FindLiveObjects: 0.450800 ms CreateObjectMapping: 0.211500 ms MarkObjects: 19.311000 ms  DeleteObjects: 4.413900 ms)

Prepare: number of updated asset objects reloaded= 0
========================================================================
Received Prepare
'Packages/com.dcfa_pixels.dragonecs-unity/src/Connectors/EcsWorldProvider.cs' contains partial class of Unity.Object, exactly 1 of the partial classes needs to be in a file with the same filename. This is to know the one that can be referenced from ie. GameObjects
'Packages/com.dcfa_pixels.dragonecs-unity/src/Buildin/EcsWorldProvider.cs' contains partial class of Unity.Object, exactly 1 of the partial classes needs to be in a file with the same filename. This is to know the one that can be referenced from ie. GameObjects
Refreshing native plugins compatible for Editor in 1.44 ms, found 3 plugins.
Preloading 0 native plugins for Editor in 0.00 ms.
Unloading 0 Unused Serialized files (Serialized files now loaded: 0)
Unloading 3754 unused Assets / (0.8 MB). Loaded Objects now: 4485.
Memory consumption went from 125.8 MB to 125.0 MB.
Total: 29.614200 ms (FindLiveObjects: 1.197600 ms CreateObjectMapping: 0.586500 ms MarkObjects: 26.448400 ms  DeleteObjects: 1.379100 ms)

Prepare: number of updated asset objects reloaded= 0
========================================================================
Received Prepare
'Packages/com.dcfa_pixels.dragonecs-unity/src/Connectors/EcsWorldProvider.cs' contains partial class of Unity.Object, exactly 1 of the partial classes needs to be in a file with the same filename. This is to know the one that can be referenced from ie. GameObjects
'Packages/com.dcfa_pixels.dragonecs-unity/src/Buildin/EcsWorldProvider.cs' contains partial class of Unity.Object, exactly 1 of the partial classes needs to be in a file with the same filename. This is to know the one that can be referenced from ie. GameObjects
Refreshing native plugins compatible for Editor in 1.50 ms, found 3 plugins.
Preloading 0 native plugins for Editor in 0.00 ms.
Unloading 0 Unused Serialized files (Serialized files now loaded: 0)
Unloading 3754 unused Assets / (2.0 MB). Loaded Objects now: 4485.
Memory consumption went from 125.8 MB to 123.8 MB.
Total: 22.290300 ms (FindLiveObjects: 0.530100 ms CreateObjectMapping: 0.252300 ms MarkObjects: 18.398600 ms  DeleteObjects: 3.107700 ms)

Prepare: number of updated asset objects reloaded= 0
========================================================================
Received Prepare
Begin MonoManager ReloadAssembly
- Loaded All Assemblies, in  3.887 seconds
'Packages/com.dcfa_pixels.dragonecs-unity/src/Connectors/EcsWorldProvider.cs' contains partial class of Unity.Object, exactly 1 of the partial classes needs to be in a file with the same filename. This is to know the one that can be referenced from ie. GameObjects
'Packages/com.dcfa_pixels.dragonecs-unity/src/Buildin/EcsWorldProvider.cs' contains partial class of Unity.Object, exactly 1 of the partial classes needs to be in a file with the same filename. This is to know the one that can be referenced from ie. GameObjects
Refreshing native plugins compatible for Editor in 4.14 ms, found 3 plugins.
Assertion failed on expression: 'pred(*previous, *i)'
Assertion failed on expression: 'pred(*previous, *i)'
Assertion failed on expression: 'pred(*previous, *i)'
Assertion failed on expression: 'pred(*previous, *i)'
Native extension for Android target not found
Native extension for WindowsStandalone target not found
Mono: successfully reloaded assembly
[Package Manager] Failed to launch server process. Reason: Unity was launched with the -noUpm command-line argument
[Package Manager] Unable to send message (not connected to server process).
[Package Manager] Cannot connect to Unity Package Manager local server
- Finished resetting the current domain, in  1.993 seconds
Domain Reload Profiling: 5886ms
	BeginReloadAssembly (1768ms)
		ExecutionOrderSort (0ms)
		DisableScriptedObjects (179ms)
		BackupInstance (0ms)
		ReleaseScriptingObjects (1ms)
		CreateAndSetChildDomain (792ms)
	RebuildCommonClasses (50ms)
	RebuildNativeTypeToScriptingClass (13ms)
	initialDomainReloadingComplete (112ms)
	LoadAllAssembliesAndSetupDomain (1948ms)
		LoadAssemblies (1818ms)
		RebuildTransferFunctionScriptingTraits (0ms)
		AnalyzeDomain (459ms)
			TypeCache.Refresh (55ms)
				TypeCache.ScanAssembly (9ms)
			BuildScriptInfoCaches (365ms)
			ResolveRequiredComponents (10ms)
	FinalizeReload (1995ms)
		ReleaseScriptCaches (0ms)
		RebuildScriptCaches (0ms)
		SetupLoadedEditorAssemblies (1633ms)
			LogAssemblyErrors (0ms)
			InitializePlatformSupportModulesInManaged (45ms)
			SetLoadedEditorAssemblies (5ms)
			BeforeProcessingInitializeOnLoad (101ms)
			ProcessInitializeOnLoadAttributes (695ms)
			ProcessInitializeOnLoadMethodAttributes (782ms)
			AfterProcessingInitializeOnLoad (4ms)
			EditorAssembliesLoaded (1ms)
		ExecutionOrderSort2 (0ms)
		AwakeInstancesAfterBackupRestoration (7ms)
Refreshing native plugins compatible for Editor in 1.69 ms, found 3 plugins.
Preloading 0 native plugins for Editor in 0.00 ms.
Unloading 0 Unused Serialized files (Serialized files now loaded: 0)
Unloading 3771 unused Assets / (1.3 MB). Loaded Objects now: 4485.
Memory consumption went from 125.7 MB to 124.4 MB.
Total: 28.916300 ms (FindLiveObjects: 1.475600 ms CreateObjectMapping: 0.399800 ms MarkObjects: 24.130000 ms  DeleteObjects: 2.669500 ms)

Prepare: number of updated asset objects reloaded= 0
========================================================================
Received Prepare
Begin MonoManager ReloadAssembly
- Loaded All Assemblies, in  1.366 seconds
'Packages/com.dcfa_pixels.dragonecs-unity/src/Connectors/EcsWorldProvider.cs' contains partial class of Unity.Object, exactly 1 of the partial classes needs to be in a file with the same filename. This is to know the one that can be referenced from ie. GameObjects
'Packages/com.dcfa_pixels.dragonecs-unity/src/Buildin/EcsWorldProvider.cs' contains partial class of Unity.Object, exactly 1 of the partial classes needs to be in a file with the same filename. This is to know the one that can be referenced from ie. GameObjects
Refreshing native plugins compatible for Editor in 1.98 ms, found 3 plugins.
Assertion failed on expression: 'pred(*previous, *i)'
Assertion failed on expression: 'pred(*previous, *i)'
Assertion failed on expression: 'pred(*previous, *i)'
Assertion failed on expression: 'pred(*previous, *i)'
Native extension for Android target not found
Native extension for WindowsStandalone target not found
Mono: successfully reloaded assembly
[Package Manager] Failed to launch server process. Reason: Unity was launched with the -noUpm command-line argument
[Package Manager] Unable to send message (not connected to server process).
[Package Manager] Cannot connect to Unity Package Manager local server
- Finished resetting the current domain, in  1.202 seconds
Domain Reload Profiling: 2570ms
	BeginReloadAssembly (277ms)
		ExecutionOrderSort (0ms)
		DisableScriptedObjects (7ms)
		BackupInstance (0ms)
		ReleaseScriptingObjects (1ms)
		CreateAndSetChildDomain (72ms)
	RebuildCommonClasses (38ms)
	RebuildNativeTypeToScriptingClass (13ms)
	initialDomainReloadingComplete (27ms)
	LoadAllAssembliesAndSetupDomain (1012ms)
		LoadAssemblies (945ms)
		RebuildTransferFunctionScriptingTraits (0ms)
		AnalyzeDomain (220ms)
			TypeCache.Refresh (7ms)
				TypeCache.ScanAssembly (0ms)
			BuildScriptInfoCaches (172ms)
			ResolveRequiredComponents (7ms)
	FinalizeReload (1203ms)
		ReleaseScriptCaches (0ms)
		RebuildScriptCaches (0ms)
		SetupLoadedEditorAssemblies (905ms)
			LogAssemblyErrors (0ms)
			InitializePlatformSupportModulesInManaged (29ms)
			SetLoadedEditorAssemblies (5ms)
			BeforeProcessingInitializeOnLoad (56ms)
			ProcessInitializeOnLoadAttributes (520ms)
			ProcessInitializeOnLoadMethodAttributes (292ms)
			AfterProcessingInitializeOnLoad (2ms)
			EditorAssembliesLoaded (0ms)
		ExecutionOrderSort2 (0ms)
		AwakeInstancesAfterBackupRestoration (5ms)
Refreshing native plugins compatible for Editor in 1.35 ms, found 3 plugins.
Preloading 0 native plugins for Editor in 0.00 ms.
Unloading 0 Unused Serialized files (Serialized files now loaded: 0)
Unloading 3771 unused Assets / (2.4 MB). Loaded Objects now: 4485.
Memory consumption went from 125.7 MB to 123.3 MB.
Total: 20.751800 ms (FindLiveObjects: 0.412100 ms CreateObjectMapping: 0.465400 ms MarkObjects: 17.124200 ms  DeleteObjects: 2.748100 ms)

Prepare: number of updated asset objects reloaded= 0
========================================================================
Received Import Request.
  Time since last request: 547.903768 seconds.
  path: Assets/_Project/LowpollyGameAssets/Textures/Cow.png
  artifactKey: Guid(c5a3e84a971019b45980aefeb68fb23d) Importer(815301076,1909f56bfc062723c751e8b465ee728b)
Start importing Assets/_Project/LowpollyGameAssets/Textures/Cow.png using Guid(c5a3e84a971019b45980aefeb68fb23d) Importer(815301076,1909f56bfc062723c751e8b465ee728b) (PreviewImporter)[PhysX] Initialized MultithreadedTaskDispatcher with 6 workers.
[PhysX] Initialized MultithreadedTaskDispatcher with 6 workers.
 -> (artifact id: '111f0bbfb76a1361e8affa4ddd3bdaa8') in 0.1295006 seconds
Number of updated asset objects reloaded before import = 0Number of asset objects unloaded after import = 2

========================================================================
Received Import Request.
  Time since last request: 5.883060 seconds.
  path: Assets/_Project/LowpollyGameAssets/Textures/Cow.png
  artifactKey: Guid(c5a3e84a971019b45980aefeb68fb23d) Importer(815301076,1909f56bfc062723c751e8b465ee728b)
Start importing Assets/_Project/LowpollyGameAssets/Textures/Cow.png using Guid(c5a3e84a971019b45980aefeb68fb23d) Importer(815301076,1909f56bfc062723c751e8b465ee728b) (PreviewImporter)[PhysX] Initialized MultithreadedTaskDispatcher with 6 workers.
[PhysX] Initialized MultithreadedTaskDispatcher with 6 workers.
 -> (artifact id: '8ab4c7ce23a8e90fd0c3f603c415b966') in 0.0127738 seconds
Number of updated asset objects reloaded before import = 0Number of asset objects unloaded after import = 2

