Using pre-set license
Built from '2022.3/staging' branch; Version is '2022.3.42f1 (2dcb6a0abc42) revision 3001194'; Using compiler version '192829333'; Build Type 'Release'
OS: 'Windows 10  (10.0.19044) 64bit Professional' Language: 'ru' Physical Memory: 7561 MB
BatchMode: 1, IsHumanControllingUs: 0, StartBugReporterOnCrash: 0, Is64bit: 1, IsPro: 1

COMMAND LINE ARGUMENTS:
D:\games\Unity\Unity Files (Dont Touch)\2021.3.9f1\2022.3.42f1\Editor\Unity.exe
-adb2
-batchMode
-noUpm
-name
AssetImportWorker0
-projectPath
D:/games/SlidingCubesGame/SlidingBlocksGame
-logFile
Logs/AssetImportWorker0.log
-srvPort
50942
Successfully changed project path to: D:/games/SlidingCubesGame/SlidingBlocksGame
D:/games/SlidingCubesGame/SlidingBlocksGame
[UnityMemory] Configuration Parameters - Can be set up in boot.config
    "memorysetup-bucket-allocator-granularity=16"
    "memorysetup-bucket-allocator-bucket-count=8"
    "memorysetup-bucket-allocator-block-size=33554432"
    "memorysetup-bucket-allocator-block-count=8"
    "memorysetup-main-allocator-block-size=16777216"
    "memorysetup-thread-allocator-block-size=16777216"
    "memorysetup-gfx-main-allocator-block-size=16777216"
    "memorysetup-gfx-thread-allocator-block-size=16777216"
    "memorysetup-cache-allocator-block-size=4194304"
    "memorysetup-typetree-allocator-block-size=2097152"
    "memorysetup-profiler-bucket-allocator-granularity=16"
    "memorysetup-profiler-bucket-allocator-bucket-count=8"
    "memorysetup-profiler-bucket-allocator-block-size=33554432"
    "memorysetup-profiler-bucket-allocator-block-count=8"
    "memorysetup-profiler-allocator-block-size=16777216"
    "memorysetup-profiler-editor-allocator-block-size=1048576"
    "memorysetup-temp-allocator-size-main=16777216"
    "memorysetup-job-temp-allocator-block-size=2097152"
    "memorysetup-job-temp-allocator-block-size-background=1048576"
    "memorysetup-job-temp-allocator-reduction-small-platforms=262144"
    "memorysetup-allocator-temp-initial-block-size-main=262144"
    "memorysetup-allocator-temp-initial-block-size-worker=262144"
    "memorysetup-temp-allocator-size-background-worker=32768"
    "memorysetup-temp-allocator-size-job-worker=262144"
    "memorysetup-temp-allocator-size-preload-manager=33554432"
    "memorysetup-temp-allocator-size-nav-mesh-worker=65536"
    "memorysetup-temp-allocator-size-audio-worker=65536"
    "memorysetup-temp-allocator-size-cloud-worker=32768"
    "memorysetup-temp-allocator-size-gi-baking-worker=262144"
    "memorysetup-temp-allocator-size-gfx=262144"
Player connection [1096]  Target information:

Player connection [1096]  * "[IP] 192.168.242.120 [Port] 0 [Flags] 2 [Guid] 1867714724 [EditorId] 1867714724 [Version] 1048832 [Id] WindowsEditor(7,DESKTOP-J7U7MAN) [Debug] 1 [PackageName] WindowsEditor [ProjectName] Editor" 

Player connection [1096] Host joined multi-casting on [225.0.0.222:54997]...
Player connection [1096] Host joined alternative multi-casting on [225.0.0.222:34997]...
[PhysX] Initialized MultithreadedTaskDispatcher with 12 workers.
Refreshing native plugins compatible for Editor in 57.26 ms, found 3 plugins.
Preloading 0 native plugins for Editor in 0.00 ms.
Initialize engine version: 2022.3.42f1 (2dcb6a0abc42)
[Subsystems] Discovering subsystems at path D:/games/Unity/Unity Files (Dont Touch)/2021.3.9f1/2022.3.42f1/Editor/Data/Resources/UnitySubsystems
[Subsystems] Discovering subsystems at path D:/games/SlidingCubesGame/SlidingBlocksGame/Assets
GfxDevice: creating device client; threaded=0; jobified=0
Direct3D:
    Version:  Direct3D 11.0 [level 11.1]
    Renderer: AMD Radeon (TM) Graphics (ID=0x15e7)
    Vendor:   ATI
    VRAM:     3780 MB
    Driver:   31.0.12018.5
Initialize mono
Mono path[0] = 'D:/games/Unity/Unity Files (Dont Touch)/2021.3.9f1/2022.3.42f1/Editor/Data/Managed'
Mono path[1] = 'D:/games/Unity/Unity Files (Dont Touch)/2021.3.9f1/2022.3.42f1/Editor/Data/MonoBleedingEdge/lib/mono/unityjit-win32'
Mono config path = 'D:/games/Unity/Unity Files (Dont Touch)/2021.3.9f1/2022.3.42f1/Editor/Data/MonoBleedingEdge/etc'
Using monoOptions --debugger-agent=transport=dt_socket,embedding=1,server=y,suspend=n,address=127.0.0.1:56684
Begin MonoManager ReloadAssembly
Registering precompiled unity dll's ...
Register platform support module: D:/games/Unity/Unity Files (Dont Touch)/2021.3.9f1/2022.3.42f1/Editor/Data/PlaybackEngines/WebGLSupport/UnityEditor.WebGL.Extensions.dll
Register platform support module: D:/games/Unity/Unity Files (Dont Touch)/2021.3.9f1/2022.3.42f1/Editor/Data/PlaybackEngines/AndroidPlayer/UnityEditor.Android.Extensions.dll
Register platform support module: D:/games/Unity/Unity Files (Dont Touch)/2021.3.9f1/2022.3.42f1/Editor/Data/PlaybackEngines/WindowsStandaloneSupport/UnityEditor.WindowsStandalone.Extensions.dll
Registered in 0.009654 seconds.
- Loaded All Assemblies, in  0.404 seconds
Native extension for WindowsStandalone target not found
Native extension for Android target not found
Android Extension - Scanning For ADB Devices 387 ms
Native extension for WebGL target not found
Mono: successfully reloaded assembly
- Finished resetting the current domain, in  0.745 seconds
Domain Reload Profiling: 1149ms
	BeginReloadAssembly (154ms)
		ExecutionOrderSort (0ms)
		DisableScriptedObjects (0ms)
		BackupInstance (0ms)
		ReleaseScriptingObjects (0ms)
		CreateAndSetChildDomain (1ms)
	RebuildCommonClasses (33ms)
	RebuildNativeTypeToScriptingClass (9ms)
	initialDomainReloadingComplete (58ms)
	LoadAllAssembliesAndSetupDomain (149ms)
		LoadAssemblies (153ms)
		RebuildTransferFunctionScriptingTraits (0ms)
		AnalyzeDomain (147ms)
			TypeCache.Refresh (145ms)
				TypeCache.ScanAssembly (129ms)
			ScanForSourceGeneratedMonoScriptInfo (1ms)
			ResolveRequiredComponents (1ms)
	FinalizeReload (746ms)
		ReleaseScriptCaches (0ms)
		RebuildScriptCaches (0ms)
		SetupLoadedEditorAssemblies (703ms)
			LogAssemblyErrors (0ms)
			InitializePlatformSupportModulesInManaged (516ms)
			SetLoadedEditorAssemblies (5ms)
			RefreshPlugins (0ms)
			BeforeProcessingInitializeOnLoad (3ms)
			ProcessInitializeOnLoadAttributes (130ms)
			ProcessInitializeOnLoadMethodAttributes (48ms)
			AfterProcessingInitializeOnLoad (0ms)
			EditorAssembliesLoaded (0ms)
		ExecutionOrderSort2 (0ms)
		AwakeInstancesAfterBackupRestoration (0ms)
========================================================================
Worker process is ready to serve import requests
Caller must complete domain reload
Begin MonoManager ReloadAssembly
- Loaded All Assemblies, in  1.042 seconds
Native extension for WindowsStandalone target not found
Native extension for Android target not found
Native extension for WebGL target not found
Package Manager log level set to [2]
[Package Manager] Server::EnsureServerProcessIsRunning -- launch failed, reason: Unity was launched with the -noUpm command-line argument
[Package Manager] UpmClient::Send -- Unable to send message (not connected to UPM process).
[Package Manager] Cannot connect to Unity Package Manager local server
Launched and connected shader compiler UnityShaderCompiler.exe after 0.06 seconds
Mono: successfully reloaded assembly
[Package Manager] Server::EnsureServerProcessIsRunning -- launch failed, reason: Unity was launched with the -noUpm command-line argument
[Package Manager] UpmClient::Send -- Unable to send message (not connected to UPM process).
[Package Manager] Cannot connect to Unity Package Manager local server
[Package Manager] Server::EnsureServerProcessIsRunning -- launch failed, reason: Unity was launched with the -noUpm command-line argument
[Package Manager] UpmClient::Send -- Unable to send message (not connected to UPM process).
[Package Manager] Cannot connect to Unity Package Manager local server
- Finished resetting the current domain, in  1.133 seconds
Domain Reload Profiling: 2179ms
	BeginReloadAssembly (185ms)
		ExecutionOrderSort (0ms)
		DisableScriptedObjects (5ms)
		BackupInstance (0ms)
		ReleaseScriptingObjects (0ms)
		CreateAndSetChildDomain (25ms)
	RebuildCommonClasses (27ms)
	RebuildNativeTypeToScriptingClass (8ms)
	initialDomainReloadingComplete (41ms)
	LoadAllAssembliesAndSetupDomain (784ms)
		LoadAssemblies (652ms)
		RebuildTransferFunctionScriptingTraits (0ms)
		AnalyzeDomain (247ms)
			TypeCache.Refresh (215ms)
				TypeCache.ScanAssembly (188ms)
			ScanForSourceGeneratedMonoScriptInfo (24ms)
			ResolveRequiredComponents (7ms)
	FinalizeReload (1133ms)
		ReleaseScriptCaches (0ms)
		RebuildScriptCaches (0ms)
		SetupLoadedEditorAssemblies (966ms)
			LogAssemblyErrors (0ms)
			InitializePlatformSupportModulesInManaged (29ms)
			SetLoadedEditorAssemblies (4ms)
			RefreshPlugins (0ms)
			BeforeProcessingInitializeOnLoad (68ms)
			ProcessInitializeOnLoadAttributes (403ms)
			ProcessInitializeOnLoadMethodAttributes (458ms)
			AfterProcessingInitializeOnLoad (3ms)
			EditorAssembliesLoaded (0ms)
		ExecutionOrderSort2 (0ms)
		AwakeInstancesAfterBackupRestoration (5ms)
Refreshing native plugins compatible for Editor in 8.75 ms, found 3 plugins.
Preloading 0 native plugins for Editor in 0.00 ms.
Unloading 4356 Unused Serialized files (Serialized files now loaded: 0)
Unloading 37 unused Assets / (94.3 KB). Loaded Objects now: 4906.
Memory consumption went from 176.7 MB to 176.6 MB.
Total: 20.308700 ms (FindLiveObjects: 1.250300 ms CreateObjectMapping: 0.115900 ms MarkObjects: 17.341500 ms  DeleteObjects: 1.599300 ms)

AssetImportParameters requested are different than current active one (requested -> active):
  custom:container-demuxer-ogg: 62fdf1f143b41e24485cea50d1cbac27 -> 
  custom:video-decoder-ogg-theora: a1e56fd34408186e4bbccfd4996cb3dc -> 
  custom:framework-win-MediaFoundation: 216162199b28c13a410421893ffa2e32 -> 
  custom:CustomObjectIndexerAttribute: 9a22284fe3817be447336de3de66b15e -> 
  custom:container-demuxer-webm: 4f35f7cbe854078d1ac9338744f61a02 -> 
  custom:container-muxer-webm: aa71ff27fc2769a1b78a27578f13a17b -> 
  custom:video-decoder-webm-vp8: 9c59270c3fd7afecdb556c50c9e8de78 -> 
  custom:SearchIndexIgnoredProperties: e643bd26f0fe6173181afceb89e7c659 -> 
  custom:AudioImporter_EditorPlatform: d09bf68614088b80899f8185d706f6e7 -> 
  custom:video-encoder-webm-vp8: eb34c28f22e8b96e1ab97ce403110664 -> 
  custom:audio-decoder-ogg-vorbis: bf7c407c2cedff20999df2af8eb42d56 -> 
  custom:audio-encoder-webm-vorbis: bf7c407c2cedff20999df2af8eb42d56 -> 
========================================================================
Received Import Request.
  Time since last request: 11683.215960 seconds.
  path: Assets/Resources/Levels/LevelCfg.asset
  artifactKey: Guid(418599750d9f9df4b8a1a40a2992dd92) Importer(815301076,1909f56bfc062723c751e8b465ee728b)
Start importing Assets/Resources/Levels/LevelCfg.asset using Guid(418599750d9f9df4b8a1a40a2992dd92) Importer(815301076,1909f56bfc062723c751e8b465ee728b) [PhysX] Initialized MultithreadedTaskDispatcher with 12 workers.
 -> (artifact id: '6a329f810d9917aea0e97509aa03af11') in 0.075669 seconds
Number of updated asset objects reloaded before import = 0
Number of asset objects unloaded after import = 35
========================================================================
Received Import Request.
  Time since last request: 64.912966 seconds.
  path: Assets/_Project/GameScreen.prefab
  artifactKey: Guid(414af5587425f08428ab122766844dad) Importer(815301076,1909f56bfc062723c751e8b465ee728b)
Start importing Assets/_Project/GameScreen.prefab using Guid(414af5587425f08428ab122766844dad) Importer(815301076,1909f56bfc062723c751e8b465ee728b) [PhysX] Initialized MultithreadedTaskDispatcher with 12 workers.
 -> (artifact id: '74c17e8f61ff038cd2a93561b70db5c8') in 0.094747 seconds
Number of updated asset objects reloaded before import = 0
Number of asset objects unloaded after import = 671
========================================================================
Received Import Request.
  Time since last request: 15.943711 seconds.
  path: Assets/_Project/GameScreen.prefab
  artifactKey: Guid(414af5587425f08428ab122766844dad) Importer(815301076,1909f56bfc062723c751e8b465ee728b)
Start importing Assets/_Project/GameScreen.prefab using Guid(414af5587425f08428ab122766844dad) Importer(815301076,1909f56bfc062723c751e8b465ee728b) [PhysX] Initialized MultithreadedTaskDispatcher with 12 workers.
 -> (artifact id: 'bd0c8ab43a516a528db28b67b3ad497d') in 0.050085 seconds
Number of updated asset objects reloaded before import = 0
Number of asset objects unloaded after import = 671
========================================================================
Received Prepare
Caller must complete domain reload
Begin MonoManager ReloadAssembly
- Loaded All Assemblies, in  1.667 seconds
Native extension for WindowsStandalone target not found
Native extension for Android target not found
Native extension for WebGL target not found
[Package Manager] Server::EnsureServerProcessIsRunning -- launch failed, reason: Unity was launched with the -noUpm command-line argument
[Package Manager] UpmClient::Send -- Unable to send message (not connected to UPM process).
[Package Manager] Cannot connect to Unity Package Manager local server
Mono: successfully reloaded assembly
[Package Manager] Server::EnsureServerProcessIsRunning -- launch failed, reason: Unity was launched with the -noUpm command-line argument
[Package Manager] UpmClient::Send -- Unable to send message (not connected to UPM process).
[Package Manager] Cannot connect to Unity Package Manager local server
- Finished resetting the current domain, in  2.019 seconds
Domain Reload Profiling: 3686ms
	BeginReloadAssembly (368ms)
		ExecutionOrderSort (0ms)
		DisableScriptedObjects (9ms)
		BackupInstance (0ms)
		ReleaseScriptingObjects (0ms)
		CreateAndSetChildDomain (185ms)
	RebuildCommonClasses (32ms)
	RebuildNativeTypeToScriptingClass (10ms)
	initialDomainReloadingComplete (40ms)
	LoadAllAssembliesAndSetupDomain (1217ms)
		LoadAssemblies (1248ms)
		RebuildTransferFunctionScriptingTraits (0ms)
		AnalyzeDomain (83ms)
			TypeCache.Refresh (43ms)
				TypeCache.ScanAssembly (7ms)
			ScanForSourceGeneratedMonoScriptInfo (22ms)
			ResolveRequiredComponents (15ms)
	FinalizeReload (2020ms)
		ReleaseScriptCaches (0ms)
		RebuildScriptCaches (0ms)
		SetupLoadedEditorAssemblies (995ms)
			LogAssemblyErrors (0ms)
			InitializePlatformSupportModulesInManaged (65ms)
			SetLoadedEditorAssemblies (7ms)
			RefreshPlugins (0ms)
			BeforeProcessingInitializeOnLoad (89ms)
			ProcessInitializeOnLoadAttributes (477ms)
			ProcessInitializeOnLoadMethodAttributes (351ms)
			AfterProcessingInitializeOnLoad (5ms)
			EditorAssembliesLoaded (1ms)
		ExecutionOrderSort2 (0ms)
		AwakeInstancesAfterBackupRestoration (8ms)
Refreshing native plugins compatible for Editor in 11.44 ms, found 3 plugins.
Preloading 0 native plugins for Editor in 0.00 ms.
Unloading 4333 Unused Serialized files (Serialized files now loaded: 0)
Unloading 35 unused Assets / (69.5 KB). Loaded Objects now: 4910.
Memory consumption went from 170.8 MB to 170.7 MB.
Total: 17.680300 ms (FindLiveObjects: 0.506200 ms CreateObjectMapping: 0.130500 ms MarkObjects: 16.587100 ms  DeleteObjects: 0.454900 ms)

Prepare: number of updated asset objects reloaded= 0
AssetImportParameters requested are different than current active one (requested -> active):
  custom:container-demuxer-ogg: 62fdf1f143b41e24485cea50d1cbac27 -> 
  custom:video-decoder-ogg-theora: a1e56fd34408186e4bbccfd4996cb3dc -> 
  custom:framework-win-MediaFoundation: 216162199b28c13a410421893ffa2e32 -> 
  custom:CustomObjectIndexerAttribute: 9a22284fe3817be447336de3de66b15e -> 
  custom:container-demuxer-webm: 4f35f7cbe854078d1ac9338744f61a02 -> 
  custom:container-muxer-webm: aa71ff27fc2769a1b78a27578f13a17b -> 
  custom:video-decoder-webm-vp8: 9c59270c3fd7afecdb556c50c9e8de78 -> 
  custom:SearchIndexIgnoredProperties: e643bd26f0fe6173181afceb89e7c659 -> 
  custom:AudioImporter_EditorPlatform: d09bf68614088b80899f8185d706f6e7 -> 
  custom:video-encoder-webm-vp8: eb34c28f22e8b96e1ab97ce403110664 -> 
  custom:audio-decoder-ogg-vorbis: bf7c407c2cedff20999df2af8eb42d56 -> 
  custom:audio-encoder-webm-vorbis: bf7c407c2cedff20999df2af8eb42d56 -> 
========================================================================
Received Prepare
Caller must complete domain reload
Begin MonoManager ReloadAssembly
- Loaded All Assemblies, in  0.851 seconds
Native extension for WindowsStandalone target not found
Native extension for Android target not found
Native extension for WebGL target not found
[Package Manager] Server::EnsureServerProcessIsRunning -- launch failed, reason: Unity was launched with the -noUpm command-line argument
[Package Manager] UpmClient::Send -- Unable to send message (not connected to UPM process).
[Package Manager] Cannot connect to Unity Package Manager local server
Mono: successfully reloaded assembly
[Package Manager] Server::EnsureServerProcessIsRunning -- launch failed, reason: Unity was launched with the -noUpm command-line argument
[Package Manager] UpmClient::Send -- Unable to send message (not connected to UPM process).
[Package Manager] Cannot connect to Unity Package Manager local server
- Finished resetting the current domain, in  1.442 seconds
Domain Reload Profiling: 2293ms
	BeginReloadAssembly (185ms)
		ExecutionOrderSort (0ms)
		DisableScriptedObjects (5ms)
		BackupInstance (0ms)
		ReleaseScriptingObjects (0ms)
		CreateAndSetChildDomain (69ms)
	RebuildCommonClasses (29ms)
	RebuildNativeTypeToScriptingClass (9ms)
	initialDomainReloadingComplete (32ms)
	LoadAllAssembliesAndSetupDomain (595ms)
		LoadAssemblies (627ms)
		RebuildTransferFunctionScriptingTraits (0ms)
		AnalyzeDomain (47ms)
			TypeCache.Refresh (24ms)
				TypeCache.ScanAssembly (6ms)
			ScanForSourceGeneratedMonoScriptInfo (14ms)
			ResolveRequiredComponents (7ms)
	FinalizeReload (1443ms)
		ReleaseScriptCaches (0ms)
		RebuildScriptCaches (0ms)
		SetupLoadedEditorAssemblies (688ms)
			LogAssemblyErrors (0ms)
			InitializePlatformSupportModulesInManaged (25ms)
			SetLoadedEditorAssemblies (3ms)
			RefreshPlugins (0ms)
			BeforeProcessingInitializeOnLoad (70ms)
			ProcessInitializeOnLoadAttributes (339ms)
			ProcessInitializeOnLoadMethodAttributes (248ms)
			AfterProcessingInitializeOnLoad (3ms)
			EditorAssembliesLoaded (0ms)
		ExecutionOrderSort2 (0ms)
		AwakeInstancesAfterBackupRestoration (5ms)
Refreshing native plugins compatible for Editor in 6.02 ms, found 3 plugins.
Preloading 0 native plugins for Editor in 0.00 ms.
Unloading 4334 Unused Serialized files (Serialized files now loaded: 0)
Unloading 31 unused Assets / (66.4 KB). Loaded Objects now: 4913.
Memory consumption went from 171.0 MB to 171.0 MB.
Total: 17.949600 ms (FindLiveObjects: 0.507500 ms CreateObjectMapping: 0.138700 ms MarkObjects: 17.130100 ms  DeleteObjects: 0.171300 ms)

Prepare: number of updated asset objects reloaded= 0
AssetImportParameters requested are different than current active one (requested -> active):
  custom:container-demuxer-ogg: 62fdf1f143b41e24485cea50d1cbac27 -> 
  custom:video-decoder-ogg-theora: a1e56fd34408186e4bbccfd4996cb3dc -> 
  custom:framework-win-MediaFoundation: 216162199b28c13a410421893ffa2e32 -> 
  custom:CustomObjectIndexerAttribute: 9a22284fe3817be447336de3de66b15e -> 
  custom:container-demuxer-webm: 4f35f7cbe854078d1ac9338744f61a02 -> 
  custom:container-muxer-webm: aa71ff27fc2769a1b78a27578f13a17b -> 
  custom:video-decoder-webm-vp8: 9c59270c3fd7afecdb556c50c9e8de78 -> 
  custom:SearchIndexIgnoredProperties: e643bd26f0fe6173181afceb89e7c659 -> 
  custom:AudioImporter_EditorPlatform: d09bf68614088b80899f8185d706f6e7 -> 
  custom:video-encoder-webm-vp8: eb34c28f22e8b96e1ab97ce403110664 -> 
  custom:audio-decoder-ogg-vorbis: bf7c407c2cedff20999df2af8eb42d56 -> 
  custom:audio-encoder-webm-vorbis: bf7c407c2cedff20999df2af8eb42d56 -> 
========================================================================
Received Prepare
Caller must complete domain reload
Begin MonoManager ReloadAssembly
- Loaded All Assemblies, in  0.563 seconds
Native extension for WindowsStandalone target not found
Native extension for Android target not found
Native extension for WebGL target not found
[Package Manager] Server::EnsureServerProcessIsRunning -- launch failed, reason: Unity was launched with the -noUpm command-line argument
[Package Manager] UpmClient::Send -- Unable to send message (not connected to UPM process).
[Package Manager] Cannot connect to Unity Package Manager local server
Mono: successfully reloaded assembly
[Package Manager] Server::EnsureServerProcessIsRunning -- launch failed, reason: Unity was launched with the -noUpm command-line argument
[Package Manager] UpmClient::Send -- Unable to send message (not connected to UPM process).
[Package Manager] Cannot connect to Unity Package Manager local server
- Finished resetting the current domain, in  1.341 seconds
Domain Reload Profiling: 1902ms
	BeginReloadAssembly (162ms)
		ExecutionOrderSort (0ms)
		DisableScriptedObjects (6ms)
		BackupInstance (0ms)
		ReleaseScriptingObjects (0ms)
		CreateAndSetChildDomain (45ms)
	RebuildCommonClasses (31ms)
	RebuildNativeTypeToScriptingClass (11ms)
	initialDomainReloadingComplete (28ms)
	LoadAllAssembliesAndSetupDomain (330ms)
		LoadAssemblies (387ms)
		RebuildTransferFunctionScriptingTraits (0ms)
		AnalyzeDomain (29ms)
			TypeCache.Refresh (15ms)
				TypeCache.ScanAssembly (5ms)
			ScanForSourceGeneratedMonoScriptInfo (8ms)
			ResolveRequiredComponents (5ms)
	FinalizeReload (1341ms)
		ReleaseScriptCaches (0ms)
		RebuildScriptCaches (0ms)
		SetupLoadedEditorAssemblies (685ms)
			LogAssemblyErrors (0ms)
			InitializePlatformSupportModulesInManaged (20ms)
			SetLoadedEditorAssemblies (3ms)
			RefreshPlugins (0ms)
			BeforeProcessingInitializeOnLoad (60ms)
			ProcessInitializeOnLoadAttributes (330ms)
			ProcessInitializeOnLoadMethodAttributes (270ms)
			AfterProcessingInitializeOnLoad (3ms)
			EditorAssembliesLoaded (0ms)
		ExecutionOrderSort2 (0ms)
		AwakeInstancesAfterBackupRestoration (5ms)
Refreshing native plugins compatible for Editor in 4.64 ms, found 3 plugins.
Preloading 0 native plugins for Editor in 0.00 ms.
Unloading 4334 Unused Serialized files (Serialized files now loaded: 0)
Unloading 31 unused Assets / (66.4 KB). Loaded Objects now: 4916.
Memory consumption went from 171.0 MB to 171.0 MB.
Total: 15.372300 ms (FindLiveObjects: 0.373400 ms CreateObjectMapping: 0.127800 ms MarkObjects: 14.671300 ms  DeleteObjects: 0.198300 ms)

Prepare: number of updated asset objects reloaded= 0
AssetImportParameters requested are different than current active one (requested -> active):
  custom:container-demuxer-ogg: 62fdf1f143b41e24485cea50d1cbac27 -> 
  custom:video-decoder-ogg-theora: a1e56fd34408186e4bbccfd4996cb3dc -> 
  custom:framework-win-MediaFoundation: 216162199b28c13a410421893ffa2e32 -> 
  custom:CustomObjectIndexerAttribute: 9a22284fe3817be447336de3de66b15e -> 
  custom:container-demuxer-webm: 4f35f7cbe854078d1ac9338744f61a02 -> 
  custom:container-muxer-webm: aa71ff27fc2769a1b78a27578f13a17b -> 
  custom:video-decoder-webm-vp8: 9c59270c3fd7afecdb556c50c9e8de78 -> 
  custom:SearchIndexIgnoredProperties: e643bd26f0fe6173181afceb89e7c659 -> 
  custom:AudioImporter_EditorPlatform: d09bf68614088b80899f8185d706f6e7 -> 
  custom:video-encoder-webm-vp8: eb34c28f22e8b96e1ab97ce403110664 -> 
  custom:audio-decoder-ogg-vorbis: bf7c407c2cedff20999df2af8eb42d56 -> 
  custom:audio-encoder-webm-vorbis: bf7c407c2cedff20999df2af8eb42d56 -> 
========================================================================
Received Prepare
Caller must complete domain reload
Begin MonoManager ReloadAssembly
- Loaded All Assemblies, in  0.556 seconds
Native extension for WindowsStandalone target not found
Native extension for Android target not found
Native extension for WebGL target not found
[Package Manager] Server::EnsureServerProcessIsRunning -- launch failed, reason: Unity was launched with the -noUpm command-line argument
[Package Manager] UpmClient::Send -- Unable to send message (not connected to UPM process).
[Package Manager] Cannot connect to Unity Package Manager local server
Mono: successfully reloaded assembly
[Package Manager] Server::EnsureServerProcessIsRunning -- launch failed, reason: Unity was launched with the -noUpm command-line argument
[Package Manager] UpmClient::Send -- Unable to send message (not connected to UPM process).
[Package Manager] Cannot connect to Unity Package Manager local server
- Finished resetting the current domain, in  1.290 seconds
Domain Reload Profiling: 1846ms
	BeginReloadAssembly (157ms)
		ExecutionOrderSort (0ms)
		DisableScriptedObjects (7ms)
		BackupInstance (0ms)
		ReleaseScriptingObjects (0ms)
		CreateAndSetChildDomain (44ms)
	RebuildCommonClasses (36ms)
	RebuildNativeTypeToScriptingClass (11ms)
	initialDomainReloadingComplete (29ms)
	LoadAllAssembliesAndSetupDomain (323ms)
		LoadAssemblies (373ms)
		RebuildTransferFunctionScriptingTraits (0ms)
		AnalyzeDomain (30ms)
			TypeCache.Refresh (15ms)
				TypeCache.ScanAssembly (5ms)
			ScanForSourceGeneratedMonoScriptInfo (8ms)
			ResolveRequiredComponents (6ms)
	FinalizeReload (1291ms)
		ReleaseScriptCaches (0ms)
		RebuildScriptCaches (0ms)
		SetupLoadedEditorAssemblies (628ms)
			LogAssemblyErrors (0ms)
			InitializePlatformSupportModulesInManaged (20ms)
			SetLoadedEditorAssemblies (3ms)
			RefreshPlugins (0ms)
			BeforeProcessingInitializeOnLoad (60ms)
			ProcessInitializeOnLoadAttributes (309ms)
			ProcessInitializeOnLoadMethodAttributes (234ms)
			AfterProcessingInitializeOnLoad (2ms)
			EditorAssembliesLoaded (0ms)
		ExecutionOrderSort2 (0ms)
		AwakeInstancesAfterBackupRestoration (4ms)
Refreshing native plugins compatible for Editor in 6.29 ms, found 3 plugins.
Preloading 0 native plugins for Editor in 0.00 ms.
Unloading 4334 Unused Serialized files (Serialized files now loaded: 0)
Unloading 31 unused Assets / (66.5 KB). Loaded Objects now: 4919.
Memory consumption went from 171.0 MB to 171.0 MB.
Total: 15.315000 ms (FindLiveObjects: 0.335900 ms CreateObjectMapping: 0.125900 ms MarkObjects: 14.705700 ms  DeleteObjects: 0.146000 ms)

Prepare: number of updated asset objects reloaded= 0
AssetImportParameters requested are different than current active one (requested -> active):
  custom:container-demuxer-ogg: 62fdf1f143b41e24485cea50d1cbac27 -> 
  custom:video-decoder-ogg-theora: a1e56fd34408186e4bbccfd4996cb3dc -> 
  custom:framework-win-MediaFoundation: 216162199b28c13a410421893ffa2e32 -> 
  custom:CustomObjectIndexerAttribute: 9a22284fe3817be447336de3de66b15e -> 
  custom:container-demuxer-webm: 4f35f7cbe854078d1ac9338744f61a02 -> 
  custom:container-muxer-webm: aa71ff27fc2769a1b78a27578f13a17b -> 
  custom:video-decoder-webm-vp8: 9c59270c3fd7afecdb556c50c9e8de78 -> 
  custom:SearchIndexIgnoredProperties: e643bd26f0fe6173181afceb89e7c659 -> 
  custom:AudioImporter_EditorPlatform: d09bf68614088b80899f8185d706f6e7 -> 
  custom:video-encoder-webm-vp8: eb34c28f22e8b96e1ab97ce403110664 -> 
  custom:audio-decoder-ogg-vorbis: bf7c407c2cedff20999df2af8eb42d56 -> 
  custom:audio-encoder-webm-vorbis: bf7c407c2cedff20999df2af8eb42d56 -> 
========================================================================
Received Import Request.
  Time since last request: 298.258760 seconds.
  path: Assets/Resources/Levels/LevelCfg.asset
  artifactKey: Guid(418599750d9f9df4b8a1a40a2992dd92) Importer(815301076,1909f56bfc062723c751e8b465ee728b)
Start importing Assets/Resources/Levels/LevelCfg.asset using Guid(418599750d9f9df4b8a1a40a2992dd92) Importer(815301076,1909f56bfc062723c751e8b465ee728b) [PhysX] Initialized MultithreadedTaskDispatcher with 12 workers.
 -> (artifact id: '20b47920da7e3d261d74e4b7c260c371') in 0.060895 seconds
Number of updated asset objects reloaded before import = 0
Number of asset objects unloaded after import = 18
========================================================================
Received Prepare
Caller must complete domain reload
Begin MonoManager ReloadAssembly
- Loaded All Assemblies, in  1.758 seconds
Native extension for WindowsStandalone target not found
Native extension for Android target not found
Native extension for WebGL target not found
[Package Manager] Server::EnsureServerProcessIsRunning -- launch failed, reason: Unity was launched with the -noUpm command-line argument
[Package Manager] UpmClient::Send -- Unable to send message (not connected to UPM process).
[Package Manager] Cannot connect to Unity Package Manager local server
Mono: successfully reloaded assembly
[Package Manager] Server::EnsureServerProcessIsRunning -- launch failed, reason: Unity was launched with the -noUpm command-line argument
[Package Manager] UpmClient::Send -- Unable to send message (not connected to UPM process).
[Package Manager] Cannot connect to Unity Package Manager local server
- Finished resetting the current domain, in  1.572 seconds
Domain Reload Profiling: 3329ms
	BeginReloadAssembly (650ms)
		ExecutionOrderSort (0ms)
		DisableScriptedObjects (30ms)
		BackupInstance (0ms)
		ReleaseScriptingObjects (0ms)
		CreateAndSetChildDomain (300ms)
	RebuildCommonClasses (60ms)
	RebuildNativeTypeToScriptingClass (12ms)
	initialDomainReloadingComplete (68ms)
	LoadAllAssembliesAndSetupDomain (967ms)
		LoadAssemblies (1051ms)
		RebuildTransferFunctionScriptingTraits (0ms)
		AnalyzeDomain (74ms)
			TypeCache.Refresh (38ms)
				TypeCache.ScanAssembly (5ms)
			ScanForSourceGeneratedMonoScriptInfo (22ms)
			ResolveRequiredComponents (12ms)
	FinalizeReload (1572ms)
		ReleaseScriptCaches (0ms)
		RebuildScriptCaches (0ms)
		SetupLoadedEditorAssemblies (829ms)
			LogAssemblyErrors (0ms)
			InitializePlatformSupportModulesInManaged (31ms)
			SetLoadedEditorAssemblies (5ms)
			RefreshPlugins (0ms)
			BeforeProcessingInitializeOnLoad (94ms)
			ProcessInitializeOnLoadAttributes (447ms)
			ProcessInitializeOnLoadMethodAttributes (248ms)
			AfterProcessingInitializeOnLoad (3ms)
			EditorAssembliesLoaded (0ms)
		ExecutionOrderSort2 (0ms)
		AwakeInstancesAfterBackupRestoration (5ms)
Refreshing native plugins compatible for Editor in 11.54 ms, found 3 plugins.
Preloading 0 native plugins for Editor in 0.00 ms.
Unloading 4334 Unused Serialized files (Serialized files now loaded: 0)
Unloading 31 unused Assets / (66.4 KB). Loaded Objects now: 4923.
Memory consumption went from 170.8 MB to 170.7 MB.
Total: 21.965000 ms (FindLiveObjects: 0.999900 ms CreateObjectMapping: 0.114700 ms MarkObjects: 20.637100 ms  DeleteObjects: 0.212200 ms)

Prepare: number of updated asset objects reloaded= 0
AssetImportParameters requested are different than current active one (requested -> active):
  custom:container-demuxer-ogg: 62fdf1f143b41e24485cea50d1cbac27 -> 
  custom:video-decoder-ogg-theora: a1e56fd34408186e4bbccfd4996cb3dc -> 
  custom:framework-win-MediaFoundation: 216162199b28c13a410421893ffa2e32 -> 
  custom:CustomObjectIndexerAttribute: 9a22284fe3817be447336de3de66b15e -> 
  custom:container-demuxer-webm: 4f35f7cbe854078d1ac9338744f61a02 -> 
  custom:container-muxer-webm: aa71ff27fc2769a1b78a27578f13a17b -> 
  custom:video-decoder-webm-vp8: 9c59270c3fd7afecdb556c50c9e8de78 -> 
  custom:SearchIndexIgnoredProperties: e643bd26f0fe6173181afceb89e7c659 -> 
  custom:AudioImporter_EditorPlatform: d09bf68614088b80899f8185d706f6e7 -> 
  custom:video-encoder-webm-vp8: eb34c28f22e8b96e1ab97ce403110664 -> 
  custom:audio-decoder-ogg-vorbis: bf7c407c2cedff20999df2af8eb42d56 -> 
  custom:audio-encoder-webm-vorbis: bf7c407c2cedff20999df2af8eb42d56 -> 
  custom:scripting/precompiled-assembly-types:Assembly-CSharp: 4c658db57d8382881325dd28bd881151 -> fe1f0beb764a7a3c5a0667557268a853
  custom:scripting/monoscript/fileName/GameFieldGeneratedPlaneAlgorithmAudioConfig.cs: dd76a1cfcc30cf141d185d00260c3c11 -> 
========================================================================
Received Prepare
Caller must complete domain reload
Begin MonoManager ReloadAssembly
- Loaded All Assemblies, in  1.603 seconds
Native extension for WindowsStandalone target not found
Native extension for Android target not found
Native extension for WebGL target not found
[Package Manager] Server::EnsureServerProcessIsRunning -- launch failed, reason: Unity was launched with the -noUpm command-line argument
[Package Manager] UpmClient::Send -- Unable to send message (not connected to UPM process).
[Package Manager] Cannot connect to Unity Package Manager local server
Mono: successfully reloaded assembly
[Package Manager] Server::EnsureServerProcessIsRunning -- launch failed, reason: Unity was launched with the -noUpm command-line argument
[Package Manager] UpmClient::Send -- Unable to send message (not connected to UPM process).
[Package Manager] Cannot connect to Unity Package Manager local server
- Finished resetting the current domain, in  1.999 seconds
Domain Reload Profiling: 3601ms
	BeginReloadAssembly (205ms)
		ExecutionOrderSort (0ms)
		DisableScriptedObjects (8ms)
		BackupInstance (0ms)
		ReleaseScriptingObjects (0ms)
		CreateAndSetChildDomain (61ms)
	RebuildCommonClasses (30ms)
	RebuildNativeTypeToScriptingClass (10ms)
	initialDomainReloadingComplete (34ms)
	LoadAllAssembliesAndSetupDomain (1323ms)
		LoadAssemblies (1260ms)
		RebuildTransferFunctionScriptingTraits (0ms)
		AnalyzeDomain (160ms)
			TypeCache.Refresh (102ms)
				TypeCache.ScanAssembly (13ms)
			ScanForSourceGeneratedMonoScriptInfo (45ms)
			ResolveRequiredComponents (12ms)
	FinalizeReload (2000ms)
		ReleaseScriptCaches (0ms)
		RebuildScriptCaches (0ms)
		SetupLoadedEditorAssemblies (756ms)
			LogAssemblyErrors (0ms)
			InitializePlatformSupportModulesInManaged (32ms)
			SetLoadedEditorAssemblies (4ms)
			RefreshPlugins (0ms)
			BeforeProcessingInitializeOnLoad (95ms)
			ProcessInitializeOnLoadAttributes (353ms)
			ProcessInitializeOnLoadMethodAttributes (268ms)
			AfterProcessingInitializeOnLoad (3ms)
			EditorAssembliesLoaded (0ms)
		ExecutionOrderSort2 (0ms)
		AwakeInstancesAfterBackupRestoration (5ms)
Refreshing native plugins compatible for Editor in 11.48 ms, found 3 plugins.
Preloading 0 native plugins for Editor in 0.00 ms.
Unloading 4336 Unused Serialized files (Serialized files now loaded: 0)
Unloading 31 unused Assets / (66.6 KB). Loaded Objects now: 4927.
Memory consumption went from 171.1 MB to 171.0 MB.
Total: 19.103800 ms (FindLiveObjects: 0.665300 ms CreateObjectMapping: 0.137800 ms MarkObjects: 17.999000 ms  DeleteObjects: 0.300400 ms)

Prepare: number of updated asset objects reloaded= 0
AssetImportParameters requested are different than current active one (requested -> active):
  custom:container-demuxer-ogg: 62fdf1f143b41e24485cea50d1cbac27 -> 
  custom:video-decoder-ogg-theora: a1e56fd34408186e4bbccfd4996cb3dc -> 
  custom:framework-win-MediaFoundation: 216162199b28c13a410421893ffa2e32 -> 
  custom:scripting/monoscript/fileName/GameFieldGeneratedPlaneAlgorithmMarker.cs: 505be8ba7cc43f00ae1cc5b5ce71b559 -> 
  custom:CustomObjectIndexerAttribute: 9a22284fe3817be447336de3de66b15e -> 
  custom:container-demuxer-webm: 4f35f7cbe854078d1ac9338744f61a02 -> 
  custom:container-muxer-webm: aa71ff27fc2769a1b78a27578f13a17b -> 
  custom:video-decoder-webm-vp8: 9c59270c3fd7afecdb556c50c9e8de78 -> 
  custom:SearchIndexIgnoredProperties: e643bd26f0fe6173181afceb89e7c659 -> 
  custom:AudioImporter_EditorPlatform: d09bf68614088b80899f8185d706f6e7 -> 
  custom:video-encoder-webm-vp8: eb34c28f22e8b96e1ab97ce403110664 -> 
  custom:audio-decoder-ogg-vorbis: bf7c407c2cedff20999df2af8eb42d56 -> 
  custom:audio-encoder-webm-vorbis: bf7c407c2cedff20999df2af8eb42d56 -> 
  custom:scripting/precompiled-assembly-types:Assembly-CSharp: 3527568228c549f33e08b5f5fe52365a -> fe1f0beb764a7a3c5a0667557268a853
  custom:scripting/monoscript/fileName/GameFieldGeneratedPlaneAlgorithmAudioConfig.cs: dd76a1cfcc30cf141d185d00260c3c11 -> 
========================================================================
Received Prepare
Caller must complete domain reload
Begin MonoManager ReloadAssembly
- Loaded All Assemblies, in  0.588 seconds
Native extension for WindowsStandalone target not found
Native extension for Android target not found
Native extension for WebGL target not found
[Package Manager] Server::EnsureServerProcessIsRunning -- launch failed, reason: Unity was launched with the -noUpm command-line argument
[Package Manager] UpmClient::Send -- Unable to send message (not connected to UPM process).
[Package Manager] Cannot connect to Unity Package Manager local server
Mono: successfully reloaded assembly
[Package Manager] Server::EnsureServerProcessIsRunning -- launch failed, reason: Unity was launched with the -noUpm command-line argument
[Package Manager] UpmClient::Send -- Unable to send message (not connected to UPM process).
[Package Manager] Cannot connect to Unity Package Manager local server
- Finished resetting the current domain, in  1.415 seconds
Domain Reload Profiling: 2003ms
	BeginReloadAssembly (175ms)
		ExecutionOrderSort (0ms)
		DisableScriptedObjects (5ms)
		BackupInstance (0ms)
		ReleaseScriptingObjects (0ms)
		CreateAndSetChildDomain (47ms)
	RebuildCommonClasses (39ms)
	RebuildNativeTypeToScriptingClass (10ms)
	initialDomainReloadingComplete (26ms)
	LoadAllAssembliesAndSetupDomain (336ms)
		LoadAssemblies (389ms)
		RebuildTransferFunctionScriptingTraits (0ms)
		AnalyzeDomain (41ms)
			TypeCache.Refresh (20ms)
				TypeCache.ScanAssembly (6ms)
			ScanForSourceGeneratedMonoScriptInfo (12ms)
			ResolveRequiredComponents (8ms)
	FinalizeReload (1416ms)
		ReleaseScriptCaches (0ms)
		RebuildScriptCaches (0ms)
		SetupLoadedEditorAssemblies (688ms)
			LogAssemblyErrors (0ms)
			InitializePlatformSupportModulesInManaged (21ms)
			SetLoadedEditorAssemblies (4ms)
			RefreshPlugins (0ms)
			BeforeProcessingInitializeOnLoad (62ms)
			ProcessInitializeOnLoadAttributes (348ms)
			ProcessInitializeOnLoadMethodAttributes (251ms)
			AfterProcessingInitializeOnLoad (2ms)
			EditorAssembliesLoaded (0ms)
		ExecutionOrderSort2 (0ms)
		AwakeInstancesAfterBackupRestoration (4ms)
Refreshing native plugins compatible for Editor in 7.49 ms, found 3 plugins.
Preloading 0 native plugins for Editor in 0.00 ms.
Unloading 4336 Unused Serialized files (Serialized files now loaded: 0)
Unloading 31 unused Assets / (67.4 KB). Loaded Objects now: 4930.
Memory consumption went from 171.1 MB to 171.0 MB.
Total: 17.274600 ms (FindLiveObjects: 0.598500 ms CreateObjectMapping: 0.118900 ms MarkObjects: 16.388300 ms  DeleteObjects: 0.167300 ms)

Prepare: number of updated asset objects reloaded= 0
AssetImportParameters requested are different than current active one (requested -> active):
  custom:container-demuxer-ogg: 62fdf1f143b41e24485cea50d1cbac27 -> 
  custom:video-decoder-ogg-theora: a1e56fd34408186e4bbccfd4996cb3dc -> 
  custom:framework-win-MediaFoundation: 216162199b28c13a410421893ffa2e32 -> 
  custom:scripting/monoscript/fileName/GameFieldGeneratedPlaneAlgorithmMarker.cs: 505be8ba7cc43f00ae1cc5b5ce71b559 -> 
  custom:CustomObjectIndexerAttribute: 9a22284fe3817be447336de3de66b15e -> 
  custom:container-demuxer-webm: 4f35f7cbe854078d1ac9338744f61a02 -> 
  custom:container-muxer-webm: aa71ff27fc2769a1b78a27578f13a17b -> 
  custom:video-decoder-webm-vp8: 9c59270c3fd7afecdb556c50c9e8de78 -> 
  custom:SearchIndexIgnoredProperties: e643bd26f0fe6173181afceb89e7c659 -> 
  custom:AudioImporter_EditorPlatform: d09bf68614088b80899f8185d706f6e7 -> 
  custom:video-encoder-webm-vp8: eb34c28f22e8b96e1ab97ce403110664 -> 
  custom:audio-decoder-ogg-vorbis: bf7c407c2cedff20999df2af8eb42d56 -> 
  custom:audio-encoder-webm-vorbis: bf7c407c2cedff20999df2af8eb42d56 -> 
  custom:scripting/precompiled-assembly-types:Assembly-CSharp: 3527568228c549f33e08b5f5fe52365a -> fe1f0beb764a7a3c5a0667557268a853
  custom:scripting/monoscript/fileName/GameFieldGeneratedPlaneAlgorithmAudioConfig.cs: dd76a1cfcc30cf141d185d00260c3c11 -> 
========================================================================
Received Prepare
Caller must complete domain reload
Begin MonoManager ReloadAssembly
- Loaded All Assemblies, in  0.920 seconds
Native extension for WindowsStandalone target not found
Native extension for Android target not found
Native extension for WebGL target not found
[Package Manager] Server::EnsureServerProcessIsRunning -- launch failed, reason: Unity was launched with the -noUpm command-line argument
[Package Manager] UpmClient::Send -- Unable to send message (not connected to UPM process).
[Package Manager] Cannot connect to Unity Package Manager local server
Mono: successfully reloaded assembly
[Package Manager] Server::EnsureServerProcessIsRunning -- launch failed, reason: Unity was launched with the -noUpm command-line argument
[Package Manager] UpmClient::Send -- Unable to send message (not connected to UPM process).
[Package Manager] Cannot connect to Unity Package Manager local server
- Finished resetting the current domain, in  1.544 seconds
Domain Reload Profiling: 2464ms
	BeginReloadAssembly (230ms)
		ExecutionOrderSort (0ms)
		DisableScriptedObjects (15ms)
		BackupInstance (0ms)
		ReleaseScriptingObjects (0ms)
		CreateAndSetChildDomain (83ms)
	RebuildCommonClasses (30ms)
	RebuildNativeTypeToScriptingClass (9ms)
	initialDomainReloadingComplete (32ms)
	LoadAllAssembliesAndSetupDomain (618ms)
		LoadAssemblies (641ms)
		RebuildTransferFunctionScriptingTraits (0ms)
		AnalyzeDomain (64ms)
			TypeCache.Refresh (35ms)
				TypeCache.ScanAssembly (5ms)
			ScanForSourceGeneratedMonoScriptInfo (19ms)
			ResolveRequiredComponents (8ms)
	FinalizeReload (1545ms)
		ReleaseScriptCaches (0ms)
		RebuildScriptCaches (0ms)
		SetupLoadedEditorAssemblies (722ms)
			LogAssemblyErrors (0ms)
			InitializePlatformSupportModulesInManaged (26ms)
			SetLoadedEditorAssemblies (3ms)
			RefreshPlugins (0ms)
			BeforeProcessingInitializeOnLoad (70ms)
			ProcessInitializeOnLoadAttributes (338ms)
			ProcessInitializeOnLoadMethodAttributes (281ms)
			AfterProcessingInitializeOnLoad (3ms)
			EditorAssembliesLoaded (1ms)
		ExecutionOrderSort2 (0ms)
		AwakeInstancesAfterBackupRestoration (5ms)
Refreshing native plugins compatible for Editor in 7.82 ms, found 3 plugins.
Preloading 0 native plugins for Editor in 0.00 ms.
Unloading 4336 Unused Serialized files (Serialized files now loaded: 0)
Unloading 31 unused Assets / (66.5 KB). Loaded Objects now: 4933.
Memory consumption went from 171.1 MB to 171.0 MB.
Total: 25.885800 ms (FindLiveObjects: 0.949600 ms CreateObjectMapping: 0.131500 ms MarkObjects: 24.434400 ms  DeleteObjects: 0.368900 ms)

Prepare: number of updated asset objects reloaded= 0
AssetImportParameters requested are different than current active one (requested -> active):
  custom:container-demuxer-ogg: 62fdf1f143b41e24485cea50d1cbac27 -> 
  custom:video-decoder-ogg-theora: a1e56fd34408186e4bbccfd4996cb3dc -> 
  custom:framework-win-MediaFoundation: 216162199b28c13a410421893ffa2e32 -> 
  custom:scripting/monoscript/fileName/GameFieldGeneratedPlaneAlgorithmMarker.cs: 505be8ba7cc43f00ae1cc5b5ce71b559 -> 
  custom:CustomObjectIndexerAttribute: 9a22284fe3817be447336de3de66b15e -> 
  custom:container-demuxer-webm: 4f35f7cbe854078d1ac9338744f61a02 -> 
  custom:container-muxer-webm: aa71ff27fc2769a1b78a27578f13a17b -> 
  custom:video-decoder-webm-vp8: 9c59270c3fd7afecdb556c50c9e8de78 -> 
  custom:SearchIndexIgnoredProperties: e643bd26f0fe6173181afceb89e7c659 -> 
  custom:AudioImporter_EditorPlatform: d09bf68614088b80899f8185d706f6e7 -> 
  custom:video-encoder-webm-vp8: eb34c28f22e8b96e1ab97ce403110664 -> 
  custom:audio-decoder-ogg-vorbis: bf7c407c2cedff20999df2af8eb42d56 -> 
  custom:audio-encoder-webm-vorbis: bf7c407c2cedff20999df2af8eb42d56 -> 
  custom:scripting/precompiled-assembly-types:Assembly-CSharp: 3527568228c549f33e08b5f5fe52365a -> fe1f0beb764a7a3c5a0667557268a853
  custom:scripting/monoscript/fileName/GameFieldGeneratedPlaneAlgorithmAudioConfig.cs: dd76a1cfcc30cf141d185d00260c3c11 -> 
========================================================================
Received Prepare
Caller must complete domain reload
Begin MonoManager ReloadAssembly
- Loaded All Assemblies, in  1.842 seconds
Native extension for WindowsStandalone target not found
Native extension for Android target not found
Native extension for WebGL target not found
[Package Manager] Server::EnsureServerProcessIsRunning -- launch failed, reason: Unity was launched with the -noUpm command-line argument
[Package Manager] UpmClient::Send -- Unable to send message (not connected to UPM process).
[Package Manager] Cannot connect to Unity Package Manager local server
Mono: successfully reloaded assembly
[Package Manager] Server::EnsureServerProcessIsRunning -- launch failed, reason: Unity was launched with the -noUpm command-line argument
[Package Manager] UpmClient::Send -- Unable to send message (not connected to UPM process).
[Package Manager] Cannot connect to Unity Package Manager local server
- Finished resetting the current domain, in  2.448 seconds
Domain Reload Profiling: 4291ms
	BeginReloadAssembly (346ms)
		ExecutionOrderSort (0ms)
		DisableScriptedObjects (16ms)
		BackupInstance (0ms)
		ReleaseScriptingObjects (0ms)
		CreateAndSetChildDomain (164ms)
	RebuildCommonClasses (41ms)
	RebuildNativeTypeToScriptingClass (9ms)
	initialDomainReloadingComplete (36ms)
	LoadAllAssembliesAndSetupDomain (1410ms)
		LoadAssemblies (1461ms)
		RebuildTransferFunctionScriptingTraits (0ms)
		AnalyzeDomain (49ms)
			TypeCache.Refresh (26ms)
				TypeCache.ScanAssembly (7ms)
			ScanForSourceGeneratedMonoScriptInfo (14ms)
			ResolveRequiredComponents (7ms)
	FinalizeReload (2449ms)
		ReleaseScriptCaches (0ms)
		RebuildScriptCaches (0ms)
		SetupLoadedEditorAssemblies (1148ms)
			LogAssemblyErrors (0ms)
			InitializePlatformSupportModulesInManaged (55ms)
			SetLoadedEditorAssemblies (7ms)
			RefreshPlugins (0ms)
			BeforeProcessingInitializeOnLoad (134ms)
			ProcessInitializeOnLoadAttributes (534ms)
			ProcessInitializeOnLoadMethodAttributes (413ms)
			AfterProcessingInitializeOnLoad (4ms)
			EditorAssembliesLoaded (1ms)
		ExecutionOrderSort2 (0ms)
		AwakeInstancesAfterBackupRestoration (8ms)
Refreshing native plugins compatible for Editor in 11.79 ms, found 3 plugins.
Preloading 0 native plugins for Editor in 0.00 ms.
Unloading 4336 Unused Serialized files (Serialized files now loaded: 0)
Unloading 31 unused Assets / (66.5 KB). Loaded Objects now: 4936.
Memory consumption went from 171.1 MB to 171.0 MB.
Total: 44.116300 ms (FindLiveObjects: 1.272400 ms CreateObjectMapping: 0.405300 ms MarkObjects: 41.424600 ms  DeleteObjects: 1.011900 ms)

Prepare: number of updated asset objects reloaded= 0
AssetImportParameters requested are different than current active one (requested -> active):
  custom:container-demuxer-ogg: 62fdf1f143b41e24485cea50d1cbac27 -> 
  custom:video-decoder-ogg-theora: a1e56fd34408186e4bbccfd4996cb3dc -> 
  custom:framework-win-MediaFoundation: 216162199b28c13a410421893ffa2e32 -> 
  custom:scripting/monoscript/fileName/GameFieldGeneratedPlaneAlgorithmMarker.cs: 505be8ba7cc43f00ae1cc5b5ce71b559 -> 
  custom:CustomObjectIndexerAttribute: 9a22284fe3817be447336de3de66b15e -> 
  custom:container-demuxer-webm: 4f35f7cbe854078d1ac9338744f61a02 -> 
  custom:container-muxer-webm: aa71ff27fc2769a1b78a27578f13a17b -> 
  custom:video-decoder-webm-vp8: 9c59270c3fd7afecdb556c50c9e8de78 -> 
  custom:SearchIndexIgnoredProperties: e643bd26f0fe6173181afceb89e7c659 -> 
  custom:AudioImporter_EditorPlatform: d09bf68614088b80899f8185d706f6e7 -> 
  custom:video-encoder-webm-vp8: eb34c28f22e8b96e1ab97ce403110664 -> 
  custom:audio-decoder-ogg-vorbis: bf7c407c2cedff20999df2af8eb42d56 -> 
  custom:audio-encoder-webm-vorbis: bf7c407c2cedff20999df2af8eb42d56 -> 
  custom:scripting/precompiled-assembly-types:Assembly-CSharp: 3527568228c549f33e08b5f5fe52365a -> fe1f0beb764a7a3c5a0667557268a853
  custom:scripting/monoscript/fileName/GameFieldGeneratedPlaneAlgorithmAudioConfig.cs: dd76a1cfcc30cf141d185d00260c3c11 -> 
========================================================================
Received Prepare
Caller must complete domain reload
Begin MonoManager ReloadAssembly
- Loaded All Assemblies, in  0.638 seconds
Native extension for WindowsStandalone target not found
Native extension for Android target not found
Native extension for WebGL target not found
[Package Manager] Server::EnsureServerProcessIsRunning -- launch failed, reason: Unity was launched with the -noUpm command-line argument
[Package Manager] UpmClient::Send -- Unable to send message (not connected to UPM process).
[Package Manager] Cannot connect to Unity Package Manager local server
Mono: successfully reloaded assembly
[Package Manager] Server::EnsureServerProcessIsRunning -- launch failed, reason: Unity was launched with the -noUpm command-line argument
[Package Manager] UpmClient::Send -- Unable to send message (not connected to UPM process).
[Package Manager] Cannot connect to Unity Package Manager local server
- Finished resetting the current domain, in  1.577 seconds
Domain Reload Profiling: 2216ms
	BeginReloadAssembly (247ms)
		ExecutionOrderSort (0ms)
		DisableScriptedObjects (7ms)
		BackupInstance (0ms)
		ReleaseScriptingObjects (0ms)
		CreateAndSetChildDomain (62ms)
	RebuildCommonClasses (29ms)
	RebuildNativeTypeToScriptingClass (9ms)
	initialDomainReloadingComplete (30ms)
	LoadAllAssembliesAndSetupDomain (321ms)
		LoadAssemblies (427ms)
		RebuildTransferFunctionScriptingTraits (0ms)
		AnalyzeDomain (31ms)
			TypeCache.Refresh (14ms)
				TypeCache.ScanAssembly (5ms)
			ScanForSourceGeneratedMonoScriptInfo (10ms)
			ResolveRequiredComponents (6ms)
	FinalizeReload (1579ms)
		ReleaseScriptCaches (0ms)
		RebuildScriptCaches (0ms)
		SetupLoadedEditorAssemblies (820ms)
			LogAssemblyErrors (0ms)
			InitializePlatformSupportModulesInManaged (48ms)
			SetLoadedEditorAssemblies (4ms)
			RefreshPlugins (0ms)
			BeforeProcessingInitializeOnLoad (87ms)
			ProcessInitializeOnLoadAttributes (384ms)
			ProcessInitializeOnLoadMethodAttributes (293ms)
			AfterProcessingInitializeOnLoad (3ms)
			EditorAssembliesLoaded (1ms)
		ExecutionOrderSort2 (0ms)
		AwakeInstancesAfterBackupRestoration (8ms)
Refreshing native plugins compatible for Editor in 7.43 ms, found 3 plugins.
Preloading 0 native plugins for Editor in 0.00 ms.
Unloading 4336 Unused Serialized files (Serialized files now loaded: 0)
Unloading 31 unused Assets / (66.6 KB). Loaded Objects now: 4939.
Memory consumption went from 173.0 MB to 172.9 MB.
Total: 17.085900 ms (FindLiveObjects: 0.725000 ms CreateObjectMapping: 0.124700 ms MarkObjects: 16.061200 ms  DeleteObjects: 0.173800 ms)

Prepare: number of updated asset objects reloaded= 0
AssetImportParameters requested are different than current active one (requested -> active):
  custom:container-demuxer-ogg: 62fdf1f143b41e24485cea50d1cbac27 -> 
  custom:video-decoder-ogg-theora: a1e56fd34408186e4bbccfd4996cb3dc -> 
  custom:framework-win-MediaFoundation: 216162199b28c13a410421893ffa2e32 -> 
  custom:scripting/monoscript/fileName/GameFieldGeneratedPlaneAlgorithmMarker.cs: 505be8ba7cc43f00ae1cc5b5ce71b559 -> 
  custom:CustomObjectIndexerAttribute: 9a22284fe3817be447336de3de66b15e -> 
  custom:container-demuxer-webm: 4f35f7cbe854078d1ac9338744f61a02 -> 
  custom:container-muxer-webm: aa71ff27fc2769a1b78a27578f13a17b -> 
  custom:video-decoder-webm-vp8: 9c59270c3fd7afecdb556c50c9e8de78 -> 
  custom:SearchIndexIgnoredProperties: e643bd26f0fe6173181afceb89e7c659 -> 
  custom:AudioImporter_EditorPlatform: d09bf68614088b80899f8185d706f6e7 -> 
  custom:video-encoder-webm-vp8: eb34c28f22e8b96e1ab97ce403110664 -> 
  custom:audio-decoder-ogg-vorbis: bf7c407c2cedff20999df2af8eb42d56 -> 
  custom:audio-encoder-webm-vorbis: bf7c407c2cedff20999df2af8eb42d56 -> 
  custom:scripting/precompiled-assembly-types:Assembly-CSharp: 3527568228c549f33e08b5f5fe52365a -> fe1f0beb764a7a3c5a0667557268a853
  custom:scripting/monoscript/fileName/GameFieldGeneratedPlaneAlgorithmAudioConfig.cs: dd76a1cfcc30cf141d185d00260c3c11 -> 
========================================================================
Received Prepare
Caller must complete domain reload
Begin MonoManager ReloadAssembly
- Loaded All Assemblies, in  0.912 seconds
Native extension for WindowsStandalone target not found
Native extension for Android target not found
Native extension for WebGL target not found
[Package Manager] Server::EnsureServerProcessIsRunning -- launch failed, reason: Unity was launched with the -noUpm command-line argument
[Package Manager] UpmClient::Send -- Unable to send message (not connected to UPM process).
[Package Manager] Cannot connect to Unity Package Manager local server
Mono: successfully reloaded assembly
[Package Manager] Server::EnsureServerProcessIsRunning -- launch failed, reason: Unity was launched with the -noUpm command-line argument
[Package Manager] UpmClient::Send -- Unable to send message (not connected to UPM process).
[Package Manager] Cannot connect to Unity Package Manager local server
- Finished resetting the current domain, in  1.731 seconds
Domain Reload Profiling: 2644ms
	BeginReloadAssembly (177ms)
		ExecutionOrderSort (0ms)
		DisableScriptedObjects (5ms)
		BackupInstance (0ms)
		ReleaseScriptingObjects (0ms)
		CreateAndSetChildDomain (54ms)
	RebuildCommonClasses (31ms)
	RebuildNativeTypeToScriptingClass (10ms)
	initialDomainReloadingComplete (33ms)
	LoadAllAssembliesAndSetupDomain (661ms)
		LoadAssemblies (667ms)
		RebuildTransferFunctionScriptingTraits (0ms)
		AnalyzeDomain (77ms)
			TypeCache.Refresh (23ms)
				TypeCache.ScanAssembly (7ms)
			ScanForSourceGeneratedMonoScriptInfo (29ms)
			ResolveRequiredComponents (25ms)
	FinalizeReload (1732ms)
		ReleaseScriptCaches (0ms)
		RebuildScriptCaches (0ms)
		SetupLoadedEditorAssemblies (845ms)
			LogAssemblyErrors (0ms)
			InitializePlatformSupportModulesInManaged (56ms)
			SetLoadedEditorAssemblies (5ms)
			RefreshPlugins (0ms)
			BeforeProcessingInitializeOnLoad (143ms)
			ProcessInitializeOnLoadAttributes (395ms)
			ProcessInitializeOnLoadMethodAttributes (242ms)
			AfterProcessingInitializeOnLoad (3ms)
			EditorAssembliesLoaded (1ms)
		ExecutionOrderSort2 (0ms)
		AwakeInstancesAfterBackupRestoration (6ms)
Refreshing native plugins compatible for Editor in 8.05 ms, found 3 plugins.
Preloading 0 native plugins for Editor in 0.00 ms.
Unloading 4336 Unused Serialized files (Serialized files now loaded: 0)
Unloading 31 unused Assets / (66.5 KB). Loaded Objects now: 4942.
Memory consumption went from 173.0 MB to 173.0 MB.
Total: 17.319500 ms (FindLiveObjects: 0.540200 ms CreateObjectMapping: 0.114700 ms MarkObjects: 16.454900 ms  DeleteObjects: 0.207900 ms)

Prepare: number of updated asset objects reloaded= 0
AssetImportParameters requested are different than current active one (requested -> active):
  custom:container-demuxer-ogg: 62fdf1f143b41e24485cea50d1cbac27 -> 
  custom:video-decoder-ogg-theora: a1e56fd34408186e4bbccfd4996cb3dc -> 
  custom:framework-win-MediaFoundation: 216162199b28c13a410421893ffa2e32 -> 
  custom:scripting/monoscript/fileName/GameFieldGeneratedPlaneAlgorithmMarker.cs: 505be8ba7cc43f00ae1cc5b5ce71b559 -> 
  custom:CustomObjectIndexerAttribute: 9a22284fe3817be447336de3de66b15e -> 
  custom:container-demuxer-webm: 4f35f7cbe854078d1ac9338744f61a02 -> 
  custom:container-muxer-webm: aa71ff27fc2769a1b78a27578f13a17b -> 
  custom:video-decoder-webm-vp8: 9c59270c3fd7afecdb556c50c9e8de78 -> 
  custom:SearchIndexIgnoredProperties: e643bd26f0fe6173181afceb89e7c659 -> 
  custom:AudioImporter_EditorPlatform: d09bf68614088b80899f8185d706f6e7 -> 
  custom:video-encoder-webm-vp8: eb34c28f22e8b96e1ab97ce403110664 -> 
  custom:audio-decoder-ogg-vorbis: bf7c407c2cedff20999df2af8eb42d56 -> 
  custom:audio-encoder-webm-vorbis: bf7c407c2cedff20999df2af8eb42d56 -> 
  custom:scripting/precompiled-assembly-types:Assembly-CSharp: 3527568228c549f33e08b5f5fe52365a -> fe1f0beb764a7a3c5a0667557268a853
  custom:scripting/monoscript/fileName/GameFieldGeneratedPlaneAlgorithmAudioConfig.cs: dd76a1cfcc30cf141d185d00260c3c11 -> 
========================================================================
Received Prepare
Caller must complete domain reload
Begin MonoManager ReloadAssembly
- Loaded All Assemblies, in  0.520 seconds
Native extension for WindowsStandalone target not found
Native extension for Android target not found
Native extension for WebGL target not found
[Package Manager] Server::EnsureServerProcessIsRunning -- launch failed, reason: Unity was launched with the -noUpm command-line argument
[Package Manager] UpmClient::Send -- Unable to send message (not connected to UPM process).
[Package Manager] Cannot connect to Unity Package Manager local server
Mono: successfully reloaded assembly
[Package Manager] Server::EnsureServerProcessIsRunning -- launch failed, reason: Unity was launched with the -noUpm command-line argument
[Package Manager] UpmClient::Send -- Unable to send message (not connected to UPM process).
[Package Manager] Cannot connect to Unity Package Manager local server
- Finished resetting the current domain, in  1.705 seconds
Domain Reload Profiling: 2225ms
	BeginReloadAssembly (171ms)
		ExecutionOrderSort (0ms)
		DisableScriptedObjects (5ms)
		BackupInstance (0ms)
		ReleaseScriptingObjects (0ms)
		CreateAndSetChildDomain (59ms)
	RebuildCommonClasses (34ms)
	RebuildNativeTypeToScriptingClass (9ms)
	initialDomainReloadingComplete (26ms)
	LoadAllAssembliesAndSetupDomain (279ms)
		LoadAssemblies (330ms)
		RebuildTransferFunctionScriptingTraits (0ms)
		AnalyzeDomain (29ms)
			TypeCache.Refresh (13ms)
				TypeCache.ScanAssembly (4ms)
			ScanForSourceGeneratedMonoScriptInfo (9ms)
			ResolveRequiredComponents (6ms)
	FinalizeReload (1706ms)
		ReleaseScriptCaches (0ms)
		RebuildScriptCaches (0ms)
		SetupLoadedEditorAssemblies (693ms)
			LogAssemblyErrors (0ms)
			InitializePlatformSupportModulesInManaged (32ms)
			SetLoadedEditorAssemblies (5ms)
			RefreshPlugins (0ms)
			BeforeProcessingInitializeOnLoad (87ms)
			ProcessInitializeOnLoadAttributes (334ms)
			ProcessInitializeOnLoadMethodAttributes (233ms)
			AfterProcessingInitializeOnLoad (2ms)
			EditorAssembliesLoaded (0ms)
		ExecutionOrderSort2 (0ms)
		AwakeInstancesAfterBackupRestoration (4ms)
Refreshing native plugins compatible for Editor in 11.46 ms, found 3 plugins.
Preloading 0 native plugins for Editor in 0.00 ms.
Unloading 4336 Unused Serialized files (Serialized files now loaded: 0)
Unloading 31 unused Assets / (66.5 KB). Loaded Objects now: 4945.
Memory consumption went from 173.0 MB to 173.0 MB.
Total: 14.157600 ms (FindLiveObjects: 0.573500 ms CreateObjectMapping: 0.165100 ms MarkObjects: 13.273400 ms  DeleteObjects: 0.144300 ms)

Prepare: number of updated asset objects reloaded= 0
AssetImportParameters requested are different than current active one (requested -> active):
  custom:container-demuxer-ogg: 62fdf1f143b41e24485cea50d1cbac27 -> 
  custom:video-decoder-ogg-theora: a1e56fd34408186e4bbccfd4996cb3dc -> 
  custom:framework-win-MediaFoundation: 216162199b28c13a410421893ffa2e32 -> 
  custom:scripting/monoscript/fileName/GameFieldGeneratedPlaneAlgorithmMarker.cs: 505be8ba7cc43f00ae1cc5b5ce71b559 -> 
  custom:CustomObjectIndexerAttribute: 9a22284fe3817be447336de3de66b15e -> 
  custom:container-demuxer-webm: 4f35f7cbe854078d1ac9338744f61a02 -> 
  custom:container-muxer-webm: aa71ff27fc2769a1b78a27578f13a17b -> 
  custom:video-decoder-webm-vp8: 9c59270c3fd7afecdb556c50c9e8de78 -> 
  custom:SearchIndexIgnoredProperties: e643bd26f0fe6173181afceb89e7c659 -> 
  custom:AudioImporter_EditorPlatform: d09bf68614088b80899f8185d706f6e7 -> 
  custom:video-encoder-webm-vp8: eb34c28f22e8b96e1ab97ce403110664 -> 
  custom:audio-decoder-ogg-vorbis: bf7c407c2cedff20999df2af8eb42d56 -> 
  custom:audio-encoder-webm-vorbis: bf7c407c2cedff20999df2af8eb42d56 -> 
  custom:scripting/precompiled-assembly-types:Assembly-CSharp: 3527568228c549f33e08b5f5fe52365a -> fe1f0beb764a7a3c5a0667557268a853
  custom:scripting/monoscript/fileName/GameFieldGeneratedPlaneAlgorithmAudioConfig.cs: dd76a1cfcc30cf141d185d00260c3c11 -> 
========================================================================
Received Prepare
Caller must complete domain reload
Begin MonoManager ReloadAssembly
- Loaded All Assemblies, in  0.556 seconds
Native extension for WindowsStandalone target not found
Native extension for Android target not found
Native extension for WebGL target not found
[Package Manager] Server::EnsureServerProcessIsRunning -- launch failed, reason: Unity was launched with the -noUpm command-line argument
[Package Manager] UpmClient::Send -- Unable to send message (not connected to UPM process).
[Package Manager] Cannot connect to Unity Package Manager local server
Mono: successfully reloaded assembly
[Package Manager] Server::EnsureServerProcessIsRunning -- launch failed, reason: Unity was launched with the -noUpm command-line argument
[Package Manager] UpmClient::Send -- Unable to send message (not connected to UPM process).
[Package Manager] Cannot connect to Unity Package Manager local server
- Finished resetting the current domain, in  1.471 seconds
Domain Reload Profiling: 2027ms
	BeginReloadAssembly (154ms)
		ExecutionOrderSort (0ms)
		DisableScriptedObjects (5ms)
		BackupInstance (0ms)
		ReleaseScriptingObjects (0ms)
		CreateAndSetChildDomain (46ms)
	RebuildCommonClasses (30ms)
	RebuildNativeTypeToScriptingClass (12ms)
	initialDomainReloadingComplete (28ms)
	LoadAllAssembliesAndSetupDomain (331ms)
		LoadAssemblies (378ms)
		RebuildTransferFunctionScriptingTraits (0ms)
		AnalyzeDomain (31ms)
			TypeCache.Refresh (15ms)
				TypeCache.ScanAssembly (5ms)
			ScanForSourceGeneratedMonoScriptInfo (9ms)
			ResolveRequiredComponents (5ms)
	FinalizeReload (1472ms)
		ReleaseScriptCaches (0ms)
		RebuildScriptCaches (0ms)
		SetupLoadedEditorAssemblies (710ms)
			LogAssemblyErrors (0ms)
			InitializePlatformSupportModulesInManaged (22ms)
			SetLoadedEditorAssemblies (3ms)
			RefreshPlugins (0ms)
			BeforeProcessingInitializeOnLoad (74ms)
			ProcessInitializeOnLoadAttributes (361ms)
			ProcessInitializeOnLoadMethodAttributes (248ms)
			AfterProcessingInitializeOnLoad (3ms)
			EditorAssembliesLoaded (0ms)
		ExecutionOrderSort2 (0ms)
		AwakeInstancesAfterBackupRestoration (5ms)
Refreshing native plugins compatible for Editor in 5.60 ms, found 3 plugins.
Preloading 0 native plugins for Editor in 0.00 ms.
Unloading 4336 Unused Serialized files (Serialized files now loaded: 0)
Unloading 31 unused Assets / (66.5 KB). Loaded Objects now: 4948.
Memory consumption went from 173.0 MB to 173.0 MB.
Total: 18.655900 ms (FindLiveObjects: 0.692600 ms CreateObjectMapping: 0.298300 ms MarkObjects: 17.327800 ms  DeleteObjects: 0.335400 ms)

Prepare: number of updated asset objects reloaded= 0
AssetImportParameters requested are different than current active one (requested -> active):
  custom:container-demuxer-ogg: 62fdf1f143b41e24485cea50d1cbac27 -> 
  custom:video-decoder-ogg-theora: a1e56fd34408186e4bbccfd4996cb3dc -> 
  custom:framework-win-MediaFoundation: 216162199b28c13a410421893ffa2e32 -> 
  custom:scripting/monoscript/fileName/GameFieldGeneratedPlaneAlgorithmMarker.cs: 505be8ba7cc43f00ae1cc5b5ce71b559 -> 
  custom:CustomObjectIndexerAttribute: 9a22284fe3817be447336de3de66b15e -> 
  custom:container-demuxer-webm: 4f35f7cbe854078d1ac9338744f61a02 -> 
  custom:container-muxer-webm: aa71ff27fc2769a1b78a27578f13a17b -> 
  custom:video-decoder-webm-vp8: 9c59270c3fd7afecdb556c50c9e8de78 -> 
  custom:SearchIndexIgnoredProperties: e643bd26f0fe6173181afceb89e7c659 -> 
  custom:AudioImporter_EditorPlatform: d09bf68614088b80899f8185d706f6e7 -> 
  custom:video-encoder-webm-vp8: eb34c28f22e8b96e1ab97ce403110664 -> 
  custom:audio-decoder-ogg-vorbis: bf7c407c2cedff20999df2af8eb42d56 -> 
  custom:audio-encoder-webm-vorbis: bf7c407c2cedff20999df2af8eb42d56 -> 
  custom:scripting/precompiled-assembly-types:Assembly-CSharp: 3527568228c549f33e08b5f5fe52365a -> fe1f0beb764a7a3c5a0667557268a853
  custom:scripting/monoscript/fileName/GameFieldGeneratedPlaneAlgorithmAudioConfig.cs: dd76a1cfcc30cf141d185d00260c3c11 -> 
========================================================================
Received Prepare
Caller must complete domain reload
Begin MonoManager ReloadAssembly
- Loaded All Assemblies, in  0.665 seconds
Native extension for WindowsStandalone target not found
Native extension for Android target not found
Native extension for WebGL target not found
[Package Manager] Server::EnsureServerProcessIsRunning -- launch failed, reason: Unity was launched with the -noUpm command-line argument
[Package Manager] UpmClient::Send -- Unable to send message (not connected to UPM process).
[Package Manager] Cannot connect to Unity Package Manager local server
Mono: successfully reloaded assembly
[Package Manager] Server::EnsureServerProcessIsRunning -- launch failed, reason: Unity was launched with the -noUpm command-line argument
[Package Manager] UpmClient::Send -- Unable to send message (not connected to UPM process).
[Package Manager] Cannot connect to Unity Package Manager local server
- Finished resetting the current domain, in  1.838 seconds
Domain Reload Profiling: 2503ms
	BeginReloadAssembly (194ms)
		ExecutionOrderSort (0ms)
		DisableScriptedObjects (6ms)
		BackupInstance (0ms)
		ReleaseScriptingObjects (0ms)
		CreateAndSetChildDomain (66ms)
	RebuildCommonClasses (36ms)
	RebuildNativeTypeToScriptingClass (12ms)
	initialDomainReloadingComplete (34ms)
	LoadAllAssembliesAndSetupDomain (388ms)
		LoadAssemblies (442ms)
		RebuildTransferFunctionScriptingTraits (0ms)
		AnalyzeDomain (37ms)
			TypeCache.Refresh (17ms)
				TypeCache.ScanAssembly (5ms)
			ScanForSourceGeneratedMonoScriptInfo (12ms)
			ResolveRequiredComponents (6ms)
	FinalizeReload (1839ms)
		ReleaseScriptCaches (0ms)
		RebuildScriptCaches (0ms)
		SetupLoadedEditorAssemblies (789ms)
			LogAssemblyErrors (0ms)
			InitializePlatformSupportModulesInManaged (37ms)
			SetLoadedEditorAssemblies (10ms)
			RefreshPlugins (0ms)
			BeforeProcessingInitializeOnLoad (102ms)
			ProcessInitializeOnLoadAttributes (408ms)
			ProcessInitializeOnLoadMethodAttributes (229ms)
			AfterProcessingInitializeOnLoad (3ms)
			EditorAssembliesLoaded (0ms)
		ExecutionOrderSort2 (0ms)
		AwakeInstancesAfterBackupRestoration (5ms)
Refreshing native plugins compatible for Editor in 5.13 ms, found 3 plugins.
Preloading 0 native plugins for Editor in 0.00 ms.
Unloading 4336 Unused Serialized files (Serialized files now loaded: 0)
Unloading 31 unused Assets / (66.5 KB). Loaded Objects now: 4951.
Memory consumption went from 173.0 MB to 173.0 MB.
Total: 18.415600 ms (FindLiveObjects: 0.413200 ms CreateObjectMapping: 0.117700 ms MarkObjects: 17.528500 ms  DeleteObjects: 0.354800 ms)

Prepare: number of updated asset objects reloaded= 0
AssetImportParameters requested are different than current active one (requested -> active):
  custom:container-demuxer-ogg: 62fdf1f143b41e24485cea50d1cbac27 -> 
  custom:video-decoder-ogg-theora: a1e56fd34408186e4bbccfd4996cb3dc -> 
  custom:framework-win-MediaFoundation: 216162199b28c13a410421893ffa2e32 -> 
  custom:scripting/monoscript/fileName/GameFieldGeneratedPlaneAlgorithmMarker.cs: 505be8ba7cc43f00ae1cc5b5ce71b559 -> 
  custom:CustomObjectIndexerAttribute: 9a22284fe3817be447336de3de66b15e -> 
  custom:container-demuxer-webm: 4f35f7cbe854078d1ac9338744f61a02 -> 
  custom:container-muxer-webm: aa71ff27fc2769a1b78a27578f13a17b -> 
  custom:video-decoder-webm-vp8: 9c59270c3fd7afecdb556c50c9e8de78 -> 
  custom:SearchIndexIgnoredProperties: e643bd26f0fe6173181afceb89e7c659 -> 
  custom:AudioImporter_EditorPlatform: d09bf68614088b80899f8185d706f6e7 -> 
  custom:video-encoder-webm-vp8: eb34c28f22e8b96e1ab97ce403110664 -> 
  custom:audio-decoder-ogg-vorbis: bf7c407c2cedff20999df2af8eb42d56 -> 
  custom:audio-encoder-webm-vorbis: bf7c407c2cedff20999df2af8eb42d56 -> 
  custom:scripting/precompiled-assembly-types:Assembly-CSharp: 3527568228c549f33e08b5f5fe52365a -> fe1f0beb764a7a3c5a0667557268a853
  custom:scripting/monoscript/fileName/GameFieldGeneratedPlaneAlgorithmAudioConfig.cs: dd76a1cfcc30cf141d185d00260c3c11 -> 
========================================================================
Received Import Request.
  Time since last request: 1522.667405 seconds.
  path: Assets/_Project/Scripts/Gameplay/Features/GameFieldAlgorithmsFeature/Components/TileGeneratedEvent.cs
  artifactKey: Guid(9e65b3db87584b6ebaae9d620ac34304) Importer(815301076,1909f56bfc062723c751e8b465ee728b)
Start importing Assets/_Project/Scripts/Gameplay/Features/GameFieldAlgorithmsFeature/Components/TileGeneratedEvent.cs using Guid(9e65b3db87584b6ebaae9d620ac34304) Importer(815301076,1909f56bfc062723c751e8b465ee728b) [PhysX] Initialized MultithreadedTaskDispatcher with 12 workers.
 -> (artifact id: '2e0bff29f47fdeca2b0a406ccb7e02a4') in 0.007915 seconds
Number of updated asset objects reloaded before import = 0
Number of asset objects unloaded after import = 0
========================================================================
Received Prepare
Caller must complete domain reload
Begin MonoManager ReloadAssembly
- Loaded All Assemblies, in  0.614 seconds
Native extension for WindowsStandalone target not found
Native extension for Android target not found
Native extension for WebGL target not found
[Package Manager] Server::EnsureServerProcessIsRunning -- launch failed, reason: Unity was launched with the -noUpm command-line argument
[Package Manager] UpmClient::Send -- Unable to send message (not connected to UPM process).
[Package Manager] Cannot connect to Unity Package Manager local server
Mono: successfully reloaded assembly
[Package Manager] Server::EnsureServerProcessIsRunning -- launch failed, reason: Unity was launched with the -noUpm command-line argument
[Package Manager] UpmClient::Send -- Unable to send message (not connected to UPM process).
[Package Manager] Cannot connect to Unity Package Manager local server
- Finished resetting the current domain, in  1.312 seconds
Domain Reload Profiling: 1925ms
	BeginReloadAssembly (167ms)
		ExecutionOrderSort (0ms)
		DisableScriptedObjects (5ms)
		BackupInstance (0ms)
		ReleaseScriptingObjects (0ms)
		CreateAndSetChildDomain (50ms)
	RebuildCommonClasses (29ms)
	RebuildNativeTypeToScriptingClass (9ms)
	initialDomainReloadingComplete (30ms)
	LoadAllAssembliesAndSetupDomain (378ms)
		LoadAssemblies (428ms)
		RebuildTransferFunctionScriptingTraits (0ms)
		AnalyzeDomain (33ms)
			TypeCache.Refresh (15ms)
				TypeCache.ScanAssembly (5ms)
			ScanForSourceGeneratedMonoScriptInfo (10ms)
			ResolveRequiredComponents (7ms)
	FinalizeReload (1312ms)
		ReleaseScriptCaches (0ms)
		RebuildScriptCaches (0ms)
		SetupLoadedEditorAssemblies (644ms)
			LogAssemblyErrors (0ms)
			InitializePlatformSupportModulesInManaged (21ms)
			SetLoadedEditorAssemblies (3ms)
			RefreshPlugins (0ms)
			BeforeProcessingInitializeOnLoad (67ms)
			ProcessInitializeOnLoadAttributes (323ms)
			ProcessInitializeOnLoadMethodAttributes (228ms)
			AfterProcessingInitializeOnLoad (2ms)
			EditorAssembliesLoaded (0ms)
		ExecutionOrderSort2 (0ms)
		AwakeInstancesAfterBackupRestoration (4ms)
Refreshing native plugins compatible for Editor in 4.77 ms, found 3 plugins.
Preloading 0 native plugins for Editor in 0.00 ms.
Unloading 4335 Unused Serialized files (Serialized files now loaded: 0)
Unloading 31 unused Assets / (66.6 KB). Loaded Objects now: 4954.
Memory consumption went from 172.8 MB to 172.7 MB.
Total: 14.127800 ms (FindLiveObjects: 0.464300 ms CreateObjectMapping: 0.121000 ms MarkObjects: 13.394600 ms  DeleteObjects: 0.146700 ms)

Prepare: number of updated asset objects reloaded= 0
AssetImportParameters requested are different than current active one (requested -> active):
  custom:container-demuxer-ogg: 62fdf1f143b41e24485cea50d1cbac27 -> 
  custom:video-decoder-ogg-theora: a1e56fd34408186e4bbccfd4996cb3dc -> 
  custom:framework-win-MediaFoundation: 216162199b28c13a410421893ffa2e32 -> 
  custom:scripting/monoscript/fileName/GameFieldGeneratedPlaneAlgorithmMarker.cs: 505be8ba7cc43f00ae1cc5b5ce71b559 -> 
  custom:CustomObjectIndexerAttribute: 9a22284fe3817be447336de3de66b15e -> 
  custom:container-demuxer-webm: 4f35f7cbe854078d1ac9338744f61a02 -> 
  custom:container-muxer-webm: aa71ff27fc2769a1b78a27578f13a17b -> 
  custom:video-decoder-webm-vp8: 9c59270c3fd7afecdb556c50c9e8de78 -> 
  custom:SearchIndexIgnoredProperties: e643bd26f0fe6173181afceb89e7c659 -> 
  custom:AudioImporter_EditorPlatform: d09bf68614088b80899f8185d706f6e7 -> 
  custom:video-encoder-webm-vp8: eb34c28f22e8b96e1ab97ce403110664 -> 
  custom:audio-decoder-ogg-vorbis: bf7c407c2cedff20999df2af8eb42d56 -> 
  custom:audio-encoder-webm-vorbis: bf7c407c2cedff20999df2af8eb42d56 -> 
  custom:scripting/precompiled-assembly-types:Assembly-CSharp: 3527568228c549f33e08b5f5fe52365a -> fe1f0beb764a7a3c5a0667557268a853
  custom:scripting/monoscript/fileName/GameFieldGeneratedPlaneAlgorithmAudioConfig.cs: dd76a1cfcc30cf141d185d00260c3c11 -> 
========================================================================
Received Prepare
Caller must complete domain reload
Begin MonoManager ReloadAssembly
- Loaded All Assemblies, in  1.764 seconds
Native extension for WindowsStandalone target not found
Native extension for Android target not found
Native extension for WebGL target not found
[Package Manager] Server::EnsureServerProcessIsRunning -- launch failed, reason: Unity was launched with the -noUpm command-line argument
[Package Manager] UpmClient::Send -- Unable to send message (not connected to UPM process).
[Package Manager] Cannot connect to Unity Package Manager local server
Mono: successfully reloaded assembly
[Package Manager] Server::EnsureServerProcessIsRunning -- launch failed, reason: Unity was launched with the -noUpm command-line argument
[Package Manager] UpmClient::Send -- Unable to send message (not connected to UPM process).
[Package Manager] Cannot connect to Unity Package Manager local server
- Finished resetting the current domain, in  1.717 seconds
Domain Reload Profiling: 3495ms
	BeginReloadAssembly (462ms)
		ExecutionOrderSort (0ms)
		DisableScriptedObjects (29ms)
		BackupInstance (0ms)
		ReleaseScriptingObjects (0ms)
		CreateAndSetChildDomain (221ms)
	RebuildCommonClasses (36ms)
	RebuildNativeTypeToScriptingClass (9ms)
	initialDomainReloadingComplete (60ms)
	LoadAllAssembliesAndSetupDomain (1209ms)
		LoadAssemblies (1181ms)
		RebuildTransferFunctionScriptingTraits (0ms)
		AnalyzeDomain (120ms)
			TypeCache.Refresh (79ms)
				TypeCache.ScanAssembly (9ms)
			ScanForSourceGeneratedMonoScriptInfo (27ms)
			ResolveRequiredComponents (13ms)
	FinalizeReload (1718ms)
		ReleaseScriptCaches (0ms)
		RebuildScriptCaches (0ms)
		SetupLoadedEditorAssemblies (859ms)
			LogAssemblyErrors (0ms)
			InitializePlatformSupportModulesInManaged (33ms)
			SetLoadedEditorAssemblies (4ms)
			RefreshPlugins (0ms)
			BeforeProcessingInitializeOnLoad (80ms)
			ProcessInitializeOnLoadAttributes (382ms)
			ProcessInitializeOnLoadMethodAttributes (355ms)
			AfterProcessingInitializeOnLoad (4ms)
			EditorAssembliesLoaded (1ms)
		ExecutionOrderSort2 (0ms)
		AwakeInstancesAfterBackupRestoration (7ms)
Refreshing native plugins compatible for Editor in 7.38 ms, found 3 plugins.
Preloading 0 native plugins for Editor in 0.00 ms.
Unloading 4336 Unused Serialized files (Serialized files now loaded: 0)
Unloading 31 unused Assets / (66.5 KB). Loaded Objects now: 4957.
Memory consumption went from 173.0 MB to 173.0 MB.
Total: 21.390300 ms (FindLiveObjects: 0.559900 ms CreateObjectMapping: 0.102600 ms MarkObjects: 20.534700 ms  DeleteObjects: 0.192100 ms)

Prepare: number of updated asset objects reloaded= 0
AssetImportParameters requested are different than current active one (requested -> active):
  custom:container-demuxer-ogg: 62fdf1f143b41e24485cea50d1cbac27 -> 
  custom:video-decoder-ogg-theora: a1e56fd34408186e4bbccfd4996cb3dc -> 
  custom:framework-win-MediaFoundation: 216162199b28c13a410421893ffa2e32 -> 
  custom:scripting/monoscript/fileName/GameFieldGeneratedPlaneAlgorithmMarker.cs: 505be8ba7cc43f00ae1cc5b5ce71b559 -> 
  custom:CustomObjectIndexerAttribute: 9a22284fe3817be447336de3de66b15e -> 
  custom:container-demuxer-webm: 4f35f7cbe854078d1ac9338744f61a02 -> 
  custom:container-muxer-webm: aa71ff27fc2769a1b78a27578f13a17b -> 
  custom:video-decoder-webm-vp8: 9c59270c3fd7afecdb556c50c9e8de78 -> 
  custom:SearchIndexIgnoredProperties: e643bd26f0fe6173181afceb89e7c659 -> 
  custom:AudioImporter_EditorPlatform: d09bf68614088b80899f8185d706f6e7 -> 
  custom:video-encoder-webm-vp8: eb34c28f22e8b96e1ab97ce403110664 -> 
  custom:audio-decoder-ogg-vorbis: bf7c407c2cedff20999df2af8eb42d56 -> 
  custom:audio-encoder-webm-vorbis: bf7c407c2cedff20999df2af8eb42d56 -> 
  custom:scripting/precompiled-assembly-types:Assembly-CSharp: 3527568228c549f33e08b5f5fe52365a -> fe1f0beb764a7a3c5a0667557268a853
  custom:scripting/monoscript/fileName/GameFieldGeneratedPlaneAlgorithmAudioConfig.cs: dd76a1cfcc30cf141d185d00260c3c11 -> 
========================================================================
Received Prepare
Caller must complete domain reload
Begin MonoManager ReloadAssembly
- Loaded All Assemblies, in  0.682 seconds
Native extension for WindowsStandalone target not found
Native extension for Android target not found
Native extension for WebGL target not found
[Package Manager] Server::EnsureServerProcessIsRunning -- launch failed, reason: Unity was launched with the -noUpm command-line argument
[Package Manager] UpmClient::Send -- Unable to send message (not connected to UPM process).
[Package Manager] Cannot connect to Unity Package Manager local server
Mono: successfully reloaded assembly
[Package Manager] Server::EnsureServerProcessIsRunning -- launch failed, reason: Unity was launched with the -noUpm command-line argument
[Package Manager] UpmClient::Send -- Unable to send message (not connected to UPM process).
[Package Manager] Cannot connect to Unity Package Manager local server
- Finished resetting the current domain, in  1.731 seconds
Domain Reload Profiling: 2413ms
	BeginReloadAssembly (151ms)
		ExecutionOrderSort (0ms)
		DisableScriptedObjects (5ms)
		BackupInstance (0ms)
		ReleaseScriptingObjects (1ms)
		CreateAndSetChildDomain (45ms)
	RebuildCommonClasses (28ms)
	RebuildNativeTypeToScriptingClass (9ms)
	initialDomainReloadingComplete (30ms)
	LoadAllAssembliesAndSetupDomain (463ms)
		LoadAssemblies (489ms)
		RebuildTransferFunctionScriptingTraits (0ms)
		AnalyzeDomain (46ms)
			TypeCache.Refresh (24ms)
				TypeCache.ScanAssembly (6ms)
			ScanForSourceGeneratedMonoScriptInfo (12ms)
			ResolveRequiredComponents (8ms)
	FinalizeReload (1732ms)
		ReleaseScriptCaches (0ms)
		RebuildScriptCaches (0ms)
		SetupLoadedEditorAssemblies (912ms)
			LogAssemblyErrors (0ms)
			InitializePlatformSupportModulesInManaged (29ms)
			SetLoadedEditorAssemblies (3ms)
			RefreshPlugins (0ms)
			BeforeProcessingInitializeOnLoad (63ms)
			ProcessInitializeOnLoadAttributes (460ms)
			ProcessInitializeOnLoadMethodAttributes (354ms)
			AfterProcessingInitializeOnLoad (3ms)
			EditorAssembliesLoaded (0ms)
		ExecutionOrderSort2 (0ms)
		AwakeInstancesAfterBackupRestoration (6ms)
Script is not up to date after domain reload: guid(27ae7f5daca9403a96b332b3a85dfa8f) path("Assets/_Project/Scripts/Gameplay/Features/AudioFeature/Systems/GameFieldAudioRequestSystem.cs") state(2)
Refreshing native plugins compatible for Editor in 7.56 ms, found 3 plugins.
Preloading 0 native plugins for Editor in 0.00 ms.
Unloading 4335 Unused Serialized files (Serialized files now loaded: 0)
Unloading 31 unused Assets / (66.5 KB). Loaded Objects now: 4959.
Memory consumption went from 173.0 MB to 173.0 MB.
Total: 19.358300 ms (FindLiveObjects: 0.800700 ms CreateObjectMapping: 0.117900 ms MarkObjects: 18.256100 ms  DeleteObjects: 0.182000 ms)

Prepare: number of updated asset objects reloaded= 0
AssetImportParameters requested are different than current active one (requested -> active):
  custom:container-demuxer-ogg: 62fdf1f143b41e24485cea50d1cbac27 -> 
  custom:video-decoder-ogg-theora: a1e56fd34408186e4bbccfd4996cb3dc -> 
  custom:framework-win-MediaFoundation: 216162199b28c13a410421893ffa2e32 -> 
  custom:scripting/monoscript/fileName/GameFieldGeneratedPlaneAlgorithmMarker.cs: 505be8ba7cc43f00ae1cc5b5ce71b559 -> 
  custom:CustomObjectIndexerAttribute: 9a22284fe3817be447336de3de66b15e -> 
  custom:container-demuxer-webm: 4f35f7cbe854078d1ac9338744f61a02 -> 
  custom:container-muxer-webm: aa71ff27fc2769a1b78a27578f13a17b -> 
  custom:video-decoder-webm-vp8: 9c59270c3fd7afecdb556c50c9e8de78 -> 
  custom:SearchIndexIgnoredProperties: e643bd26f0fe6173181afceb89e7c659 -> 
  custom:AudioImporter_EditorPlatform: d09bf68614088b80899f8185d706f6e7 -> 
  custom:video-encoder-webm-vp8: eb34c28f22e8b96e1ab97ce403110664 -> 
  custom:audio-decoder-ogg-vorbis: bf7c407c2cedff20999df2af8eb42d56 -> 
  custom:audio-encoder-webm-vorbis: bf7c407c2cedff20999df2af8eb42d56 -> 
  custom:scripting/precompiled-assembly-types:Assembly-CSharp: 3527568228c549f33e08b5f5fe52365a -> fe1f0beb764a7a3c5a0667557268a853
  custom:scripting/monoscript/fileName/GameFieldGeneratedPlaneAlgorithmAudioConfig.cs: dd76a1cfcc30cf141d185d00260c3c11 -> 
========================================================================
Received Prepare
Caller must complete domain reload
Begin MonoManager ReloadAssembly
- Loaded All Assemblies, in  0.594 seconds
Native extension for WindowsStandalone target not found
Native extension for Android target not found
Native extension for WebGL target not found
[Package Manager] Server::EnsureServerProcessIsRunning -- launch failed, reason: Unity was launched with the -noUpm command-line argument
[Package Manager] UpmClient::Send -- Unable to send message (not connected to UPM process).
[Package Manager] Cannot connect to Unity Package Manager local server
Mono: successfully reloaded assembly
[Package Manager] Server::EnsureServerProcessIsRunning -- launch failed, reason: Unity was launched with the -noUpm command-line argument
[Package Manager] UpmClient::Send -- Unable to send message (not connected to UPM process).
[Package Manager] Cannot connect to Unity Package Manager local server
- Finished resetting the current domain, in  1.770 seconds
Domain Reload Profiling: 2363ms
	BeginReloadAssembly (152ms)
		ExecutionOrderSort (0ms)
		DisableScriptedObjects (5ms)
		BackupInstance (0ms)
		ReleaseScriptingObjects (0ms)
		CreateAndSetChildDomain (48ms)
	RebuildCommonClasses (27ms)
	RebuildNativeTypeToScriptingClass (9ms)
	initialDomainReloadingComplete (33ms)
	LoadAllAssembliesAndSetupDomain (372ms)
		LoadAssemblies (411ms)
		RebuildTransferFunctionScriptingTraits (0ms)
		AnalyzeDomain (33ms)
			TypeCache.Refresh (17ms)
				TypeCache.ScanAssembly (7ms)
			ScanForSourceGeneratedMonoScriptInfo (9ms)
			ResolveRequiredComponents (6ms)
	FinalizeReload (1770ms)
		ReleaseScriptCaches (0ms)
		RebuildScriptCaches (0ms)
		SetupLoadedEditorAssemblies (992ms)
			LogAssemblyErrors (0ms)
			InitializePlatformSupportModulesInManaged (37ms)
			SetLoadedEditorAssemblies (10ms)
			RefreshPlugins (0ms)
			BeforeProcessingInitializeOnLoad (88ms)
			ProcessInitializeOnLoadAttributes (482ms)
			ProcessInitializeOnLoadMethodAttributes (371ms)
			AfterProcessingInitializeOnLoad (3ms)
			EditorAssembliesLoaded (0ms)
		ExecutionOrderSort2 (0ms)
		AwakeInstancesAfterBackupRestoration (5ms)
Script is not up to date after domain reload: guid(27ae7f5daca9403a96b332b3a85dfa8f) path("Assets/_Project/Scripts/Gameplay/Features/AudioFeature/Systems/GameFieldAudioRequestSystem.cs") state(2)
Refreshing native plugins compatible for Editor in 5.14 ms, found 3 plugins.
Preloading 0 native plugins for Editor in 0.00 ms.
Unloading 4335 Unused Serialized files (Serialized files now loaded: 0)
Unloading 31 unused Assets / (66.5 KB). Loaded Objects now: 4962.
Memory consumption went from 173.0 MB to 173.0 MB.
Total: 15.638600 ms (FindLiveObjects: 0.353800 ms CreateObjectMapping: 0.129300 ms MarkObjects: 14.995100 ms  DeleteObjects: 0.158800 ms)

Prepare: number of updated asset objects reloaded= 0
AssetImportParameters requested are different than current active one (requested -> active):
  custom:container-demuxer-ogg: 62fdf1f143b41e24485cea50d1cbac27 -> 
  custom:video-decoder-ogg-theora: a1e56fd34408186e4bbccfd4996cb3dc -> 
  custom:framework-win-MediaFoundation: 216162199b28c13a410421893ffa2e32 -> 
  custom:scripting/monoscript/fileName/GameFieldGeneratedPlaneAlgorithmMarker.cs: 505be8ba7cc43f00ae1cc5b5ce71b559 -> 
  custom:CustomObjectIndexerAttribute: 9a22284fe3817be447336de3de66b15e -> 
  custom:container-demuxer-webm: 4f35f7cbe854078d1ac9338744f61a02 -> 
  custom:container-muxer-webm: aa71ff27fc2769a1b78a27578f13a17b -> 
  custom:video-decoder-webm-vp8: 9c59270c3fd7afecdb556c50c9e8de78 -> 
  custom:SearchIndexIgnoredProperties: e643bd26f0fe6173181afceb89e7c659 -> 
  custom:AudioImporter_EditorPlatform: d09bf68614088b80899f8185d706f6e7 -> 
  custom:video-encoder-webm-vp8: eb34c28f22e8b96e1ab97ce403110664 -> 
  custom:audio-decoder-ogg-vorbis: bf7c407c2cedff20999df2af8eb42d56 -> 
  custom:audio-encoder-webm-vorbis: bf7c407c2cedff20999df2af8eb42d56 -> 
  custom:scripting/precompiled-assembly-types:Assembly-CSharp: 3527568228c549f33e08b5f5fe52365a -> fe1f0beb764a7a3c5a0667557268a853
  custom:scripting/monoscript/fileName/GameFieldGeneratedPlaneAlgorithmAudioConfig.cs: dd76a1cfcc30cf141d185d00260c3c11 -> 
========================================================================
Received Prepare
Caller must complete domain reload
Begin MonoManager ReloadAssembly
- Loaded All Assemblies, in  0.441 seconds
Native extension for WindowsStandalone target not found
Native extension for Android target not found
Native extension for WebGL target not found
[Package Manager] Server::EnsureServerProcessIsRunning -- launch failed, reason: Unity was launched with the -noUpm command-line argument
[Package Manager] UpmClient::Send -- Unable to send message (not connected to UPM process).
[Package Manager] Cannot connect to Unity Package Manager local server
Mono: successfully reloaded assembly
[Package Manager] Server::EnsureServerProcessIsRunning -- launch failed, reason: Unity was launched with the -noUpm command-line argument
[Package Manager] UpmClient::Send -- Unable to send message (not connected to UPM process).
[Package Manager] Cannot connect to Unity Package Manager local server
- Finished resetting the current domain, in  1.033 seconds
Domain Reload Profiling: 1473ms
	BeginReloadAssembly (153ms)
		ExecutionOrderSort (0ms)
		DisableScriptedObjects (5ms)
		BackupInstance (0ms)
		ReleaseScriptingObjects (0ms)
		CreateAndSetChildDomain (48ms)
	RebuildCommonClasses (35ms)
	RebuildNativeTypeToScriptingClass (9ms)
	initialDomainReloadingComplete (26ms)
	LoadAllAssembliesAndSetupDomain (216ms)
		LoadAssemblies (261ms)
		RebuildTransferFunctionScriptingTraits (0ms)
		AnalyzeDomain (29ms)
			TypeCache.Refresh (13ms)
				TypeCache.ScanAssembly (4ms)
			ScanForSourceGeneratedMonoScriptInfo (8ms)
			ResolveRequiredComponents (6ms)
	FinalizeReload (1034ms)
		ReleaseScriptCaches (0ms)
		RebuildScriptCaches (0ms)
		SetupLoadedEditorAssemblies (729ms)
			LogAssemblyErrors (0ms)
			InitializePlatformSupportModulesInManaged (21ms)
			SetLoadedEditorAssemblies (3ms)
			RefreshPlugins (0ms)
			BeforeProcessingInitializeOnLoad (62ms)
			ProcessInitializeOnLoadAttributes (390ms)
			ProcessInitializeOnLoadMethodAttributes (250ms)
			AfterProcessingInitializeOnLoad (2ms)
			EditorAssembliesLoaded (0ms)
		ExecutionOrderSort2 (0ms)
		AwakeInstancesAfterBackupRestoration (4ms)
Refreshing native plugins compatible for Editor in 4.49 ms, found 3 plugins.
Preloading 0 native plugins for Editor in 0.00 ms.
Unloading 4336 Unused Serialized files (Serialized files now loaded: 0)
Unloading 31 unused Assets / (66.3 KB). Loaded Objects now: 4966.
Memory consumption went from 173.0 MB to 172.9 MB.
Total: 14.864500 ms (FindLiveObjects: 0.363700 ms CreateObjectMapping: 0.302600 ms MarkObjects: 14.066500 ms  DeleteObjects: 0.130300 ms)

Prepare: number of updated asset objects reloaded= 0
AssetImportParameters requested are different than current active one (requested -> active):
  custom:container-demuxer-ogg: 62fdf1f143b41e24485cea50d1cbac27 -> 
  custom:video-decoder-ogg-theora: a1e56fd34408186e4bbccfd4996cb3dc -> 
  custom:framework-win-MediaFoundation: 216162199b28c13a410421893ffa2e32 -> 
  custom:scripting/monoscript/fileName/GameFieldGeneratedPlaneAlgorithmMarker.cs: 505be8ba7cc43f00ae1cc5b5ce71b559 -> 
  custom:CustomObjectIndexerAttribute: 9a22284fe3817be447336de3de66b15e -> 
  custom:container-demuxer-webm: 4f35f7cbe854078d1ac9338744f61a02 -> 
  custom:container-muxer-webm: aa71ff27fc2769a1b78a27578f13a17b -> 
  custom:video-decoder-webm-vp8: 9c59270c3fd7afecdb556c50c9e8de78 -> 
  custom:SearchIndexIgnoredProperties: e643bd26f0fe6173181afceb89e7c659 -> 
  custom:AudioImporter_EditorPlatform: d09bf68614088b80899f8185d706f6e7 -> 
  custom:video-encoder-webm-vp8: eb34c28f22e8b96e1ab97ce403110664 -> 
  custom:audio-decoder-ogg-vorbis: bf7c407c2cedff20999df2af8eb42d56 -> 
  custom:audio-encoder-webm-vorbis: bf7c407c2cedff20999df2af8eb42d56 -> 
  custom:scripting/precompiled-assembly-types:Assembly-CSharp: 3527568228c549f33e08b5f5fe52365a -> fe1f0beb764a7a3c5a0667557268a853
  custom:scripting/monoscript/fileName/GameFieldGeneratedPlaneAlgorithmAudioConfig.cs: dd76a1cfcc30cf141d185d00260c3c11 -> 
========================================================================
Received Prepare
Caller must complete domain reload
Begin MonoManager ReloadAssembly
- Loaded All Assemblies, in  1.292 seconds
Native extension for WindowsStandalone target not found
Native extension for Android target not found
Native extension for WebGL target not found
[Package Manager] Server::EnsureServerProcessIsRunning -- launch failed, reason: Unity was launched with the -noUpm command-line argument
[Package Manager] UpmClient::Send -- Unable to send message (not connected to UPM process).
[Package Manager] Cannot connect to Unity Package Manager local server
Mono: successfully reloaded assembly
[Package Manager] Server::EnsureServerProcessIsRunning -- launch failed, reason: Unity was launched with the -noUpm command-line argument
[Package Manager] UpmClient::Send -- Unable to send message (not connected to UPM process).
[Package Manager] Cannot connect to Unity Package Manager local server
- Finished resetting the current domain, in  1.676 seconds
Domain Reload Profiling: 2975ms
	BeginReloadAssembly (409ms)
		ExecutionOrderSort (1ms)
		DisableScriptedObjects (6ms)
		BackupInstance (0ms)
		ReleaseScriptingObjects (1ms)
		CreateAndSetChildDomain (135ms)
	RebuildCommonClasses (32ms)
	RebuildNativeTypeToScriptingClass (10ms)
	initialDomainReloadingComplete (48ms)
	LoadAllAssembliesAndSetupDomain (798ms)
		LoadAssemblies (924ms)
		RebuildTransferFunctionScriptingTraits (0ms)
		AnalyzeDomain (52ms)
			TypeCache.Refresh (27ms)
				TypeCache.ScanAssembly (5ms)
			ScanForSourceGeneratedMonoScriptInfo (15ms)
			ResolveRequiredComponents (9ms)
	FinalizeReload (1678ms)
		ReleaseScriptCaches (0ms)
		RebuildScriptCaches (0ms)
		SetupLoadedEditorAssemblies (1087ms)
			LogAssemblyErrors (0ms)
			InitializePlatformSupportModulesInManaged (48ms)
			SetLoadedEditorAssemblies (5ms)
			RefreshPlugins (0ms)
			BeforeProcessingInitializeOnLoad (85ms)
			ProcessInitializeOnLoadAttributes (661ms)
			ProcessInitializeOnLoadMethodAttributes (285ms)
			AfterProcessingInitializeOnLoad (2ms)
			EditorAssembliesLoaded (1ms)
		ExecutionOrderSort2 (0ms)
		AwakeInstancesAfterBackupRestoration (6ms)
Refreshing native plugins compatible for Editor in 10.32 ms, found 3 plugins.
Preloading 0 native plugins for Editor in 0.00 ms.
Unloading 4336 Unused Serialized files (Serialized files now loaded: 0)
Unloading 31 unused Assets / (66.2 KB). Loaded Objects now: 4969.
Memory consumption went from 173.0 MB to 172.9 MB.
Total: 33.247100 ms (FindLiveObjects: 1.070800 ms CreateObjectMapping: 0.595600 ms MarkObjects: 31.225200 ms  DeleteObjects: 0.353500 ms)

Prepare: number of updated asset objects reloaded= 0
AssetImportParameters requested are different than current active one (requested -> active):
  custom:container-demuxer-ogg: 62fdf1f143b41e24485cea50d1cbac27 -> 
  custom:video-decoder-ogg-theora: a1e56fd34408186e4bbccfd4996cb3dc -> 
  custom:framework-win-MediaFoundation: 216162199b28c13a410421893ffa2e32 -> 
  custom:scripting/monoscript/fileName/GameFieldGeneratedPlaneAlgorithmMarker.cs: 505be8ba7cc43f00ae1cc5b5ce71b559 -> 
  custom:CustomObjectIndexerAttribute: 9a22284fe3817be447336de3de66b15e -> 
  custom:container-demuxer-webm: 4f35f7cbe854078d1ac9338744f61a02 -> 
  custom:container-muxer-webm: aa71ff27fc2769a1b78a27578f13a17b -> 
  custom:video-decoder-webm-vp8: 9c59270c3fd7afecdb556c50c9e8de78 -> 
  custom:SearchIndexIgnoredProperties: e643bd26f0fe6173181afceb89e7c659 -> 
  custom:AudioImporter_EditorPlatform: d09bf68614088b80899f8185d706f6e7 -> 
  custom:video-encoder-webm-vp8: eb34c28f22e8b96e1ab97ce403110664 -> 
  custom:audio-decoder-ogg-vorbis: bf7c407c2cedff20999df2af8eb42d56 -> 
  custom:audio-encoder-webm-vorbis: bf7c407c2cedff20999df2af8eb42d56 -> 
  custom:scripting/precompiled-assembly-types:Assembly-CSharp: 3527568228c549f33e08b5f5fe52365a -> fe1f0beb764a7a3c5a0667557268a853
  custom:scripting/monoscript/fileName/GameFieldGeneratedPlaneAlgorithmAudioConfig.cs: dd76a1cfcc30cf141d185d00260c3c11 -> 
========================================================================
Received Prepare
Caller must complete domain reload
Begin MonoManager ReloadAssembly
- Loaded All Assemblies, in  1.651 seconds
Native extension for WindowsStandalone target not found
Native extension for Android target not found
Native extension for WebGL target not found
[Package Manager] Server::EnsureServerProcessIsRunning -- launch failed, reason: Unity was launched with the -noUpm command-line argument
[Package Manager] UpmClient::Send -- Unable to send message (not connected to UPM process).
[Package Manager] Cannot connect to Unity Package Manager local server
Mono: successfully reloaded assembly
[Package Manager] Server::EnsureServerProcessIsRunning -- launch failed, reason: Unity was launched with the -noUpm command-line argument
[Package Manager] UpmClient::Send -- Unable to send message (not connected to UPM process).
[Package Manager] Cannot connect to Unity Package Manager local server
- Finished resetting the current domain, in  1.847 seconds
Domain Reload Profiling: 3507ms
	BeginReloadAssembly (563ms)
		ExecutionOrderSort (0ms)
		DisableScriptedObjects (18ms)
		BackupInstance (0ms)
		ReleaseScriptingObjects (1ms)
		CreateAndSetChildDomain (287ms)
	RebuildCommonClasses (36ms)
	RebuildNativeTypeToScriptingClass (10ms)
	initialDomainReloadingComplete (57ms)
	LoadAllAssembliesAndSetupDomain (994ms)
		LoadAssemblies (1054ms)
		RebuildTransferFunctionScriptingTraits (0ms)
		AnalyzeDomain (90ms)
			TypeCache.Refresh (50ms)
				TypeCache.ScanAssembly (6ms)
			ScanForSourceGeneratedMonoScriptInfo (26ms)
			ResolveRequiredComponents (13ms)
	FinalizeReload (1847ms)
		ReleaseScriptCaches (0ms)
		RebuildScriptCaches (0ms)
		SetupLoadedEditorAssemblies (824ms)
			LogAssemblyErrors (0ms)
			InitializePlatformSupportModulesInManaged (66ms)
			SetLoadedEditorAssemblies (5ms)
			RefreshPlugins (0ms)
			BeforeProcessingInitializeOnLoad (110ms)
			ProcessInitializeOnLoadAttributes (384ms)
			ProcessInitializeOnLoadMethodAttributes (256ms)
			AfterProcessingInitializeOnLoad (2ms)
			EditorAssembliesLoaded (1ms)
		ExecutionOrderSort2 (0ms)
		AwakeInstancesAfterBackupRestoration (5ms)
Refreshing native plugins compatible for Editor in 66.42 ms, found 3 plugins.
Preloading 0 native plugins for Editor in 0.00 ms.
Unloading 4337 Unused Serialized files (Serialized files now loaded: 0)
Unloading 31 unused Assets / (66.2 KB). Loaded Objects now: 4973.
Memory consumption went from 173.0 MB to 173.0 MB.
Total: 45.658700 ms (FindLiveObjects: 1.951200 ms CreateObjectMapping: 0.440600 ms MarkObjects: 42.166000 ms  DeleteObjects: 1.098800 ms)

Prepare: number of updated asset objects reloaded= 0
AssetImportParameters requested are different than current active one (requested -> active):
  custom:container-demuxer-ogg: 62fdf1f143b41e24485cea50d1cbac27 -> 
  custom:video-decoder-ogg-theora: a1e56fd34408186e4bbccfd4996cb3dc -> 
  custom:framework-win-MediaFoundation: 216162199b28c13a410421893ffa2e32 -> 
  custom:scripting/monoscript/fileName/GameFieldGeneratedPlaneAlgorithmMarker.cs: 505be8ba7cc43f00ae1cc5b5ce71b559 -> 
  custom:CustomObjectIndexerAttribute: 9a22284fe3817be447336de3de66b15e -> 
  custom:container-demuxer-webm: 4f35f7cbe854078d1ac9338744f61a02 -> 
  custom:scripting/monoscript/fileName/PurchaseAnimalTag.cs: 8f794ad5afbe806dfef508ff0dc3725b -> 
  custom:container-muxer-webm: aa71ff27fc2769a1b78a27578f13a17b -> 
  custom:video-decoder-webm-vp8: 9c59270c3fd7afecdb556c50c9e8de78 -> 
  custom:SearchIndexIgnoredProperties: e643bd26f0fe6173181afceb89e7c659 -> 
  custom:AudioImporter_EditorPlatform: d09bf68614088b80899f8185d706f6e7 -> 
  custom:video-encoder-webm-vp8: eb34c28f22e8b96e1ab97ce403110664 -> 
  custom:audio-decoder-ogg-vorbis: bf7c407c2cedff20999df2af8eb42d56 -> 
  custom:audio-encoder-webm-vorbis: bf7c407c2cedff20999df2af8eb42d56 -> 
  custom:scripting/precompiled-assembly-types:Assembly-CSharp: 6521899abd9e7976dce85b040ec87520 -> fe1f0beb764a7a3c5a0667557268a853
  custom:scripting/monoscript/fileName/GameFieldGeneratedPlaneAlgorithmAudioConfig.cs: dd76a1cfcc30cf141d185d00260c3c11 -> 
========================================================================
Received Prepare
Caller must complete domain reload
Begin MonoManager ReloadAssembly
- Loaded All Assemblies, in  0.644 seconds
Native extension for WindowsStandalone target not found
Native extension for Android target not found
Native extension for WebGL target not found
[Package Manager] Server::EnsureServerProcessIsRunning -- launch failed, reason: Unity was launched with the -noUpm command-line argument
[Package Manager] UpmClient::Send -- Unable to send message (not connected to UPM process).
[Package Manager] Cannot connect to Unity Package Manager local server
Mono: successfully reloaded assembly
[Package Manager] Server::EnsureServerProcessIsRunning -- launch failed, reason: Unity was launched with the -noUpm command-line argument
[Package Manager] UpmClient::Send -- Unable to send message (not connected to UPM process).
[Package Manager] Cannot connect to Unity Package Manager local server
- Finished resetting the current domain, in  1.464 seconds
Domain Reload Profiling: 2108ms
	BeginReloadAssembly (161ms)
		ExecutionOrderSort (0ms)
		DisableScriptedObjects (5ms)
		BackupInstance (0ms)
		ReleaseScriptingObjects (1ms)
		CreateAndSetChildDomain (48ms)
	RebuildCommonClasses (28ms)
	RebuildNativeTypeToScriptingClass (10ms)
	initialDomainReloadingComplete (30ms)
	LoadAllAssembliesAndSetupDomain (415ms)
		LoadAssemblies (458ms)
		RebuildTransferFunctionScriptingTraits (0ms)
		AnalyzeDomain (33ms)
			TypeCache.Refresh (17ms)
				TypeCache.ScanAssembly (5ms)
			ScanForSourceGeneratedMonoScriptInfo (9ms)
			ResolveRequiredComponents (5ms)
	FinalizeReload (1465ms)
		ReleaseScriptCaches (0ms)
		RebuildScriptCaches (0ms)
		SetupLoadedEditorAssemblies (734ms)
			LogAssemblyErrors (0ms)
			InitializePlatformSupportModulesInManaged (24ms)
			SetLoadedEditorAssemblies (3ms)
			RefreshPlugins (0ms)
			BeforeProcessingInitializeOnLoad (59ms)
			ProcessInitializeOnLoadAttributes (386ms)
			ProcessInitializeOnLoadMethodAttributes (260ms)
			AfterProcessingInitializeOnLoad (2ms)
			EditorAssembliesLoaded (0ms)
		ExecutionOrderSort2 (0ms)
		AwakeInstancesAfterBackupRestoration (5ms)
Refreshing native plugins compatible for Editor in 5.18 ms, found 3 plugins.
Preloading 0 native plugins for Editor in 0.00 ms.
Unloading 4337 Unused Serialized files (Serialized files now loaded: 0)
Unloading 31 unused Assets / (66.2 KB). Loaded Objects now: 4976.
Memory consumption went from 173.0 MB to 173.0 MB.
Total: 15.836400 ms (FindLiveObjects: 0.337300 ms CreateObjectMapping: 0.106000 ms MarkObjects: 15.173400 ms  DeleteObjects: 0.217800 ms)

Prepare: number of updated asset objects reloaded= 0
AssetImportParameters requested are different than current active one (requested -> active):
  custom:container-demuxer-ogg: 62fdf1f143b41e24485cea50d1cbac27 -> 
  custom:video-decoder-ogg-theora: a1e56fd34408186e4bbccfd4996cb3dc -> 
  custom:framework-win-MediaFoundation: 216162199b28c13a410421893ffa2e32 -> 
  custom:scripting/monoscript/fileName/GameFieldGeneratedPlaneAlgorithmMarker.cs: 505be8ba7cc43f00ae1cc5b5ce71b559 -> 
  custom:CustomObjectIndexerAttribute: 9a22284fe3817be447336de3de66b15e -> 
  custom:container-demuxer-webm: 4f35f7cbe854078d1ac9338744f61a02 -> 
  custom:scripting/monoscript/fileName/PurchaseAnimalTag.cs: 8f794ad5afbe806dfef508ff0dc3725b -> 
  custom:container-muxer-webm: aa71ff27fc2769a1b78a27578f13a17b -> 
  custom:video-decoder-webm-vp8: 9c59270c3fd7afecdb556c50c9e8de78 -> 
  custom:SearchIndexIgnoredProperties: e643bd26f0fe6173181afceb89e7c659 -> 
  custom:AudioImporter_EditorPlatform: d09bf68614088b80899f8185d706f6e7 -> 
  custom:video-encoder-webm-vp8: eb34c28f22e8b96e1ab97ce403110664 -> 
  custom:audio-decoder-ogg-vorbis: bf7c407c2cedff20999df2af8eb42d56 -> 
  custom:audio-encoder-webm-vorbis: bf7c407c2cedff20999df2af8eb42d56 -> 
  custom:scripting/precompiled-assembly-types:Assembly-CSharp: 6521899abd9e7976dce85b040ec87520 -> fe1f0beb764a7a3c5a0667557268a853
  custom:scripting/monoscript/fileName/GameFieldGeneratedPlaneAlgorithmAudioConfig.cs: dd76a1cfcc30cf141d185d00260c3c11 -> 
========================================================================
Received Import Request.
  Time since last request: 900.261091 seconds.
  path: Assets/_Project/LowpollyGameAssets/Prefabs/Animals/Purchases/AnimalPurchase.prefab
  artifactKey: Guid(969efa0530d0e5a4b8b39deaae5694cf) Importer(815301076,1909f56bfc062723c751e8b465ee728b)
Start importing Assets/_Project/LowpollyGameAssets/Prefabs/Animals/Purchases/AnimalPurchase.prefab using Guid(969efa0530d0e5a4b8b39deaae5694cf) Importer(815301076,1909f56bfc062723c751e8b465ee728b) [PhysX] Initialized MultithreadedTaskDispatcher with 12 workers.
 -> (artifact id: '4c63bf426e7695d873a9e9b6d73313be') in 0.005612 seconds
Number of updated asset objects reloaded before import = 0
Number of asset objects unloaded after import = 0
========================================================================
Received Import Request.
  Time since last request: 0.222815 seconds.
  path: Assets/_Project/LowpollyGameAssets/Prefabs/Animals/Purchases/BearPurchase.prefab
  artifactKey: Guid(b36065f161398e8409a64f97689bd45c) Importer(815301076,1909f56bfc062723c751e8b465ee728b)
Start importing Assets/_Project/LowpollyGameAssets/Prefabs/Animals/Purchases/BearPurchase.prefab using Guid(b36065f161398e8409a64f97689bd45c) Importer(815301076,1909f56bfc062723c751e8b465ee728b) [PhysX] Initialized MultithreadedTaskDispatcher with 12 workers.
 -> (artifact id: '96f666a3ccffb80217a1249206dad9ca') in 0.000739 seconds
Number of updated asset objects reloaded before import = 0
Number of asset objects unloaded after import = 0
========================================================================
Received Import Request.
  Time since last request: 0.038967 seconds.
  path: Assets/_Project/LowpollyGameAssets/Prefabs/Animals/Purchases/BullPurchase.prefab
  artifactKey: Guid(9e216f95ce4e9e34c9bdf74c394d9468) Importer(815301076,1909f56bfc062723c751e8b465ee728b)
Start importing Assets/_Project/LowpollyGameAssets/Prefabs/Animals/Purchases/BullPurchase.prefab using Guid(9e216f95ce4e9e34c9bdf74c394d9468) Importer(815301076,1909f56bfc062723c751e8b465ee728b) [PhysX] Initialized MultithreadedTaskDispatcher with 12 workers.
 -> (artifact id: '6da702e4efcaecb1eba2401e9a9c48cc') in 0.000794 seconds
Number of updated asset objects reloaded before import = 0
Number of asset objects unloaded after import = 0
========================================================================
Received Import Request.
  Time since last request: 0.120657 seconds.
  path: Assets/YandexGame/ScriptsYG/Payments/ConsumePurchasesYG.cs
  artifactKey: Guid(9c66d3ab56cc71745982569cb28c3dc3) Importer(815301076,1909f56bfc062723c751e8b465ee728b)
Start importing Assets/YandexGame/ScriptsYG/Payments/ConsumePurchasesYG.cs using Guid(9c66d3ab56cc71745982569cb28c3dc3) Importer(815301076,1909f56bfc062723c751e8b465ee728b) [PhysX] Initialized MultithreadedTaskDispatcher with 12 workers.
 -> (artifact id: '23d30012ba9441803e51adfe8588bb8d') in 0.000510 seconds
Number of updated asset objects reloaded before import = 0
Number of asset objects unloaded after import = 0
========================================================================
Received Import Request.
  Time since last request: 0.015952 seconds.
  path: Assets/_Project/LowpollyGameAssets/Prefabs/Animals/Purchases/CowPurchase.prefab
  artifactKey: Guid(d32fda015cac7544692302b67aaebe54) Importer(815301076,1909f56bfc062723c751e8b465ee728b)
Start importing Assets/_Project/LowpollyGameAssets/Prefabs/Animals/Purchases/CowPurchase.prefab using Guid(d32fda015cac7544692302b67aaebe54) Importer(815301076,1909f56bfc062723c751e8b465ee728b) [PhysX] Initialized MultithreadedTaskDispatcher with 12 workers.
 -> (artifact id: '77674770ccf3abd53a4ce7a076063d14') in 0.000619 seconds
Number of updated asset objects reloaded before import = 0
Number of asset objects unloaded after import = 0
========================================================================
Received Import Request.
  Time since last request: 0.065283 seconds.
  path: Assets/_Project/Scripts/Gameplay/Features/UIFeature/Systems/DisplayPurchaseStatusSystem.cs
  artifactKey: Guid(32541426bf6a4d97a2d47b5eebed8e12) Importer(815301076,1909f56bfc062723c751e8b465ee728b)
Start importing Assets/_Project/Scripts/Gameplay/Features/UIFeature/Systems/DisplayPurchaseStatusSystem.cs using Guid(32541426bf6a4d97a2d47b5eebed8e12) Importer(815301076,1909f56bfc062723c751e8b465ee728b) [PhysX] Initialized MultithreadedTaskDispatcher with 12 workers.
 -> (artifact id: '14071b1c311674aaef67a346b69335ca') in 0.000418 seconds
Number of updated asset objects reloaded before import = 0
Number of asset objects unloaded after import = 0
========================================================================
Received Import Request.
  Time since last request: 0.024157 seconds.
  path: Assets/_Project/LowpollyGameAssets/Prefabs/Animals/Purchases/HorsePurchase.prefab
  artifactKey: Guid(46e63d446d916554685c34251008fa8e) Importer(815301076,1909f56bfc062723c751e8b465ee728b)
Start importing Assets/_Project/LowpollyGameAssets/Prefabs/Animals/Purchases/HorsePurchase.prefab using Guid(46e63d446d916554685c34251008fa8e) Importer(815301076,1909f56bfc062723c751e8b465ee728b) [PhysX] Initialized MultithreadedTaskDispatcher with 12 workers.
 -> (artifact id: 'b62acb173c62d1f0288824bb87f09042') in 0.000610 seconds
Number of updated asset objects reloaded before import = 0
Number of asset objects unloaded after import = 0
========================================================================
Received Import Request.
  Time since last request: 0.074653 seconds.
  path: Assets/_Project/LowpollyGameAssets/Prefabs/Animals/Purchases/LionPurchase.prefab
  artifactKey: Guid(1825d0abb32cc2c448a5c8efe51bbd6d) Importer(815301076,1909f56bfc062723c751e8b465ee728b)
Start importing Assets/_Project/LowpollyGameAssets/Prefabs/Animals/Purchases/LionPurchase.prefab using Guid(1825d0abb32cc2c448a5c8efe51bbd6d) Importer(815301076,1909f56bfc062723c751e8b465ee728b) [PhysX] Initialized MultithreadedTaskDispatcher with 12 workers.
 -> (artifact id: '927ec190d2a314fcc6298f7a8a039e34') in 0.000465 seconds
Number of updated asset objects reloaded before import = 0
Number of asset objects unloaded after import = 0
========================================================================
Received Import Request.
  Time since last request: 0.033522 seconds.
  path: Assets/_Project/LowpollyGameAssets/Prefabs/Animals/Purchases/PandaPurchase.prefab
  artifactKey: Guid(c6d63eb23f457a446901c2e8517910a9) Importer(815301076,1909f56bfc062723c751e8b465ee728b)
Start importing Assets/_Project/LowpollyGameAssets/Prefabs/Animals/Purchases/PandaPurchase.prefab using Guid(c6d63eb23f457a446901c2e8517910a9) Importer(815301076,1909f56bfc062723c751e8b465ee728b) [PhysX] Initialized MultithreadedTaskDispatcher with 12 workers.
 -> (artifact id: '1b8fa35708f1e55838c037310118693f') in 0.000666 seconds
Number of updated asset objects reloaded before import = 0
Number of asset objects unloaded after import = 0
========================================================================
Received Import Request.
  Time since last request: 0.037412 seconds.
  path: Assets/_Project/LowpollyGameAssets/Prefabs/Animals/Purchases/PigPurchase.prefab
  artifactKey: Guid(380666c9d4efb134b869939de5dfaca4) Importer(815301076,1909f56bfc062723c751e8b465ee728b)
Start importing Assets/_Project/LowpollyGameAssets/Prefabs/Animals/Purchases/PigPurchase.prefab using Guid(380666c9d4efb134b869939de5dfaca4) Importer(815301076,1909f56bfc062723c751e8b465ee728b) [PhysX] Initialized MultithreadedTaskDispatcher with 12 workers.
 -> (artifact id: '517802d3b864662beecc3d2533227748') in 0.000529 seconds
Number of updated asset objects reloaded before import = 0
Number of asset objects unloaded after import = 0
========================================================================
Received Import Request.
  Time since last request: 0.040864 seconds.
  path: Assets/_Project/Scripts/Gameplay/Features/CommonFeature/Components/Purchase.cs
  artifactKey: Guid(6db409e514fc4d66b9f32f37388c667a) Importer(815301076,1909f56bfc062723c751e8b465ee728b)
Start importing Assets/_Project/Scripts/Gameplay/Features/CommonFeature/Components/Purchase.cs using Guid(6db409e514fc4d66b9f32f37388c667a) Importer(815301076,1909f56bfc062723c751e8b465ee728b) [PhysX] Initialized MultithreadedTaskDispatcher with 12 workers.
 -> (artifact id: 'fa9e7b1f79a0d3ecbcb4850be029384e') in 0.000671 seconds
Number of updated asset objects reloaded before import = 0
Number of asset objects unloaded after import = 0
========================================================================
Received Import Request.
  Time since last request: 0.024536 seconds.
  path: Assets/YandexGame/Prefabs/Payments/Purchase.prefab
  artifactKey: Guid(85a12be5ffc39d349bf6dccb22596603) Importer(815301076,1909f56bfc062723c751e8b465ee728b)
Start importing Assets/YandexGame/Prefabs/Payments/Purchase.prefab using Guid(85a12be5ffc39d349bf6dccb22596603) Importer(815301076,1909f56bfc062723c751e8b465ee728b) [PhysX] Initialized MultithreadedTaskDispatcher with 12 workers.
 -> (artifact id: '760f085f24d27f9f68c9239a10fc757f') in 0.000460 seconds
Number of updated asset objects reloaded before import = 0
Number of asset objects unloaded after import = 0
========================================================================
Received Import Request.
  Time since last request: 10.314896 seconds.
  path: Assets/Resources/PurchaseAnimalCfg.asset
  artifactKey: Guid(6781bc80d30aac041ad083c3684da6a6) Importer(815301076,1909f56bfc062723c751e8b465ee728b)
Start importing Assets/Resources/PurchaseAnimalCfg.asset using Guid(6781bc80d30aac041ad083c3684da6a6) Importer(815301076,1909f56bfc062723c751e8b465ee728b) [PhysX] Initialized MultithreadedTaskDispatcher with 12 workers.
 -> (artifact id: '54ed3a93da69055c51547d86d242f5c8') in 0.010604 seconds
Number of updated asset objects reloaded before import = 0
Number of asset objects unloaded after import = 1
========================================================================
Received Import Request.
  Time since last request: 111.684679 seconds.
  path: Assets/_Project/GameScreen.prefab
  artifactKey: Guid(414af5587425f08428ab122766844dad) Importer(815301076,1909f56bfc062723c751e8b465ee728b)
Start importing Assets/_Project/GameScreen.prefab using Guid(414af5587425f08428ab122766844dad) Importer(815301076,1909f56bfc062723c751e8b465ee728b) [PhysX] Initialized MultithreadedTaskDispatcher with 12 workers.
 -> (artifact id: '3db8386609b08c39c7622b4304672c53') in 0.000594 seconds
Number of updated asset objects reloaded before import = 0
Number of asset objects unloaded after import = 0
========================================================================
Received Prepare
Caller must complete domain reload
Begin MonoManager ReloadAssembly
- Loaded All Assemblies, in  1.245 seconds
Native extension for WindowsStandalone target not found
Native extension for Android target not found
Native extension for WebGL target not found
[Package Manager] Server::EnsureServerProcessIsRunning -- launch failed, reason: Unity was launched with the -noUpm command-line argument
[Package Manager] UpmClient::Send -- Unable to send message (not connected to UPM process).
[Package Manager] Cannot connect to Unity Package Manager local server
Mono: successfully reloaded assembly
[Package Manager] Server::EnsureServerProcessIsRunning -- launch failed, reason: Unity was launched with the -noUpm command-line argument
[Package Manager] UpmClient::Send -- Unable to send message (not connected to UPM process).
[Package Manager] Cannot connect to Unity Package Manager local server
- Finished resetting the current domain, in  1.651 seconds
Domain Reload Profiling: 2898ms
	BeginReloadAssembly (278ms)
		ExecutionOrderSort (0ms)
		DisableScriptedObjects (7ms)
		BackupInstance (0ms)
		ReleaseScriptingObjects (1ms)
		CreateAndSetChildDomain (57ms)
	RebuildCommonClasses (40ms)
	RebuildNativeTypeToScriptingClass (15ms)
	initialDomainReloadingComplete (45ms)
	LoadAllAssembliesAndSetupDomain (868ms)
		LoadAssemblies (946ms)
		RebuildTransferFunctionScriptingTraits (0ms)
		AnalyzeDomain (96ms)
			TypeCache.Refresh (53ms)
				TypeCache.ScanAssembly (8ms)
			ScanForSourceGeneratedMonoScriptInfo (29ms)
			ResolveRequiredComponents (11ms)
	FinalizeReload (1652ms)
		ReleaseScriptCaches (0ms)
		RebuildScriptCaches (0ms)
		SetupLoadedEditorAssemblies (711ms)
			LogAssemblyErrors (0ms)
			InitializePlatformSupportModulesInManaged (31ms)
			SetLoadedEditorAssemblies (5ms)
			RefreshPlugins (0ms)
			BeforeProcessingInitializeOnLoad (66ms)
			ProcessInitializeOnLoadAttributes (356ms)
			ProcessInitializeOnLoadMethodAttributes (250ms)
			AfterProcessingInitializeOnLoad (3ms)
			EditorAssembliesLoaded (1ms)
		ExecutionOrderSort2 (0ms)
		AwakeInstancesAfterBackupRestoration (5ms)
Refreshing native plugins compatible for Editor in 9.84 ms, found 3 plugins.
Preloading 0 native plugins for Editor in 0.00 ms.
Unloading 4336 Unused Serialized files (Serialized files now loaded: 0)
Unloading 31 unused Assets / (67.2 KB). Loaded Objects now: 4979.
Memory consumption went from 172.8 MB to 172.7 MB.
Total: 24.582900 ms (FindLiveObjects: 1.379200 ms CreateObjectMapping: 0.209800 ms MarkObjects: 22.515700 ms  DeleteObjects: 0.475700 ms)

Prepare: number of updated asset objects reloaded= 0
AssetImportParameters requested are different than current active one (requested -> active):
  custom:container-demuxer-ogg: 62fdf1f143b41e24485cea50d1cbac27 -> 
  custom:video-decoder-ogg-theora: a1e56fd34408186e4bbccfd4996cb3dc -> 
  custom:framework-win-MediaFoundation: 216162199b28c13a410421893ffa2e32 -> 
  custom:scripting/monoscript/fileName/GameFieldGeneratedPlaneAlgorithmMarker.cs: 505be8ba7cc43f00ae1cc5b5ce71b559 -> 
  custom:CustomObjectIndexerAttribute: 9a22284fe3817be447336de3de66b15e -> 
  custom:container-demuxer-webm: 4f35f7cbe854078d1ac9338744f61a02 -> 
  custom:scripting/monoscript/fileName/PurchaseAnimalTag.cs: 8f794ad5afbe806dfef508ff0dc3725b -> 
  custom:container-muxer-webm: aa71ff27fc2769a1b78a27578f13a17b -> 
  custom:video-decoder-webm-vp8: 9c59270c3fd7afecdb556c50c9e8de78 -> 
  custom:SearchIndexIgnoredProperties: e643bd26f0fe6173181afceb89e7c659 -> 
  custom:AudioImporter_EditorPlatform: d09bf68614088b80899f8185d706f6e7 -> 
  custom:video-encoder-webm-vp8: eb34c28f22e8b96e1ab97ce403110664 -> 
  custom:audio-decoder-ogg-vorbis: bf7c407c2cedff20999df2af8eb42d56 -> 
  custom:audio-encoder-webm-vorbis: bf7c407c2cedff20999df2af8eb42d56 -> 
  custom:scripting/precompiled-assembly-types:Assembly-CSharp: 6521899abd9e7976dce85b040ec87520 -> fe1f0beb764a7a3c5a0667557268a853
  custom:scripting/monoscript/fileName/GameFieldGeneratedPlaneAlgorithmAudioConfig.cs: dd76a1cfcc30cf141d185d00260c3c11 -> 
========================================================================
Received Prepare
Caller must complete domain reload
Begin MonoManager ReloadAssembly
- Loaded All Assemblies, in  1.063 seconds
Native extension for WindowsStandalone target not found
Native extension for Android target not found
Native extension for WebGL target not found
[Package Manager] Server::EnsureServerProcessIsRunning -- launch failed, reason: Unity was launched with the -noUpm command-line argument
[Package Manager] UpmClient::Send -- Unable to send message (not connected to UPM process).
[Package Manager] Cannot connect to Unity Package Manager local server
Mono: successfully reloaded assembly
[Package Manager] Server::EnsureServerProcessIsRunning -- launch failed, reason: Unity was launched with the -noUpm command-line argument
[Package Manager] UpmClient::Send -- Unable to send message (not connected to UPM process).
[Package Manager] Cannot connect to Unity Package Manager local server
- Finished resetting the current domain, in  1.463 seconds
Domain Reload Profiling: 2527ms
	BeginReloadAssembly (289ms)
		ExecutionOrderSort (0ms)
		DisableScriptedObjects (9ms)
		BackupInstance (0ms)
		ReleaseScriptingObjects (2ms)
		CreateAndSetChildDomain (71ms)
	RebuildCommonClasses (43ms)
	RebuildNativeTypeToScriptingClass (11ms)
	initialDomainReloadingComplete (44ms)
	LoadAllAssembliesAndSetupDomain (676ms)
		LoadAssemblies (789ms)
		RebuildTransferFunctionScriptingTraits (0ms)
		AnalyzeDomain (45ms)
			TypeCache.Refresh (22ms)
				TypeCache.ScanAssembly (5ms)
			ScanForSourceGeneratedMonoScriptInfo (15ms)
			ResolveRequiredComponents (7ms)
	FinalizeReload (1464ms)
		ReleaseScriptCaches (0ms)
		RebuildScriptCaches (0ms)
		SetupLoadedEditorAssemblies (662ms)
			LogAssemblyErrors (0ms)
			InitializePlatformSupportModulesInManaged (28ms)
			SetLoadedEditorAssemblies (3ms)
			RefreshPlugins (0ms)
			BeforeProcessingInitializeOnLoad (61ms)
			ProcessInitializeOnLoadAttributes (341ms)
			ProcessInitializeOnLoadMethodAttributes (227ms)
			AfterProcessingInitializeOnLoad (2ms)
			EditorAssembliesLoaded (1ms)
		ExecutionOrderSort2 (0ms)
		AwakeInstancesAfterBackupRestoration (5ms)
Refreshing native plugins compatible for Editor in 8.52 ms, found 3 plugins.
Preloading 0 native plugins for Editor in 0.00 ms.
Unloading 4337 Unused Serialized files (Serialized files now loaded: 0)
Unloading 31 unused Assets / (66.2 KB). Loaded Objects now: 4982.
Memory consumption went from 173.0 MB to 173.0 MB.
Total: 24.333600 ms (FindLiveObjects: 0.995300 ms CreateObjectMapping: 0.647400 ms MarkObjects: 22.361400 ms  DeleteObjects: 0.327700 ms)

Prepare: number of updated asset objects reloaded= 0
AssetImportParameters requested are different than current active one (requested -> active):
  custom:container-demuxer-ogg: 62fdf1f143b41e24485cea50d1cbac27 -> 
  custom:video-decoder-ogg-theora: a1e56fd34408186e4bbccfd4996cb3dc -> 
  custom:framework-win-MediaFoundation: 216162199b28c13a410421893ffa2e32 -> 
  custom:scripting/monoscript/fileName/GameFieldGeneratedPlaneAlgorithmMarker.cs: 505be8ba7cc43f00ae1cc5b5ce71b559 -> 
  custom:CustomObjectIndexerAttribute: 9a22284fe3817be447336de3de66b15e -> 
  custom:container-demuxer-webm: 4f35f7cbe854078d1ac9338744f61a02 -> 
  custom:scripting/monoscript/fileName/PurchaseAnimalTag.cs: 8f794ad5afbe806dfef508ff0dc3725b -> 
  custom:container-muxer-webm: aa71ff27fc2769a1b78a27578f13a17b -> 
  custom:video-decoder-webm-vp8: 9c59270c3fd7afecdb556c50c9e8de78 -> 
  custom:SearchIndexIgnoredProperties: e643bd26f0fe6173181afceb89e7c659 -> 
  custom:AudioImporter_EditorPlatform: d09bf68614088b80899f8185d706f6e7 -> 
  custom:video-encoder-webm-vp8: eb34c28f22e8b96e1ab97ce403110664 -> 
  custom:audio-decoder-ogg-vorbis: bf7c407c2cedff20999df2af8eb42d56 -> 
  custom:audio-encoder-webm-vorbis: bf7c407c2cedff20999df2af8eb42d56 -> 
  custom:scripting/precompiled-assembly-types:Assembly-CSharp: 6521899abd9e7976dce85b040ec87520 -> fe1f0beb764a7a3c5a0667557268a853
  custom:scripting/monoscript/fileName/GameFieldGeneratedPlaneAlgorithmAudioConfig.cs: dd76a1cfcc30cf141d185d00260c3c11 -> 
========================================================================
Received Prepare
Caller must complete domain reload
Begin MonoManager ReloadAssembly
- Loaded All Assemblies, in  2.612 seconds
Native extension for WindowsStandalone target not found
Native extension for Android target not found
Native extension for WebGL target not found
[Package Manager] Server::EnsureServerProcessIsRunning -- launch failed, reason: Unity was launched with the -noUpm command-line argument
[Package Manager] UpmClient::Send -- Unable to send message (not connected to UPM process).
[Package Manager] Cannot connect to Unity Package Manager local server
Mono: successfully reloaded assembly
[Package Manager] Server::EnsureServerProcessIsRunning -- launch failed, reason: Unity was launched with the -noUpm command-line argument
[Package Manager] UpmClient::Send -- Unable to send message (not connected to UPM process).
[Package Manager] Cannot connect to Unity Package Manager local server
- Finished resetting the current domain, in  2.245 seconds
Domain Reload Profiling: 4866ms
	BeginReloadAssembly (1279ms)
		ExecutionOrderSort (0ms)
		DisableScriptedObjects (71ms)
		BackupInstance (0ms)
		ReleaseScriptingObjects (1ms)
		CreateAndSetChildDomain (717ms)
	RebuildCommonClasses (33ms)
	RebuildNativeTypeToScriptingClass (10ms)
	initialDomainReloadingComplete (52ms)
	LoadAllAssembliesAndSetupDomain (1245ms)
		LoadAssemblies (1346ms)
		RebuildTransferFunctionScriptingTraits (0ms)
		AnalyzeDomain (126ms)
			TypeCache.Refresh (61ms)
				TypeCache.ScanAssembly (6ms)
			ScanForSourceGeneratedMonoScriptInfo (49ms)
			ResolveRequiredComponents (15ms)
	FinalizeReload (2246ms)
		ReleaseScriptCaches (0ms)
		RebuildScriptCaches (0ms)
		SetupLoadedEditorAssemblies (1022ms)
			LogAssemblyErrors (0ms)
			InitializePlatformSupportModulesInManaged (42ms)
			SetLoadedEditorAssemblies (4ms)
			RefreshPlugins (0ms)
			BeforeProcessingInitializeOnLoad (87ms)
			ProcessInitializeOnLoadAttributes (439ms)
			ProcessInitializeOnLoadMethodAttributes (445ms)
			AfterProcessingInitializeOnLoad (5ms)
			EditorAssembliesLoaded (2ms)
		ExecutionOrderSort2 (0ms)
		AwakeInstancesAfterBackupRestoration (9ms)
Refreshing native plugins compatible for Editor in 12.72 ms, found 3 plugins.
Preloading 0 native plugins for Editor in 0.00 ms.
Unloading 4336 Unused Serialized files (Serialized files now loaded: 0)
Unloading 32 unused Assets / (66.7 KB). Loaded Objects now: 4984.
Memory consumption went from 188.4 MB to 188.4 MB.
Total: 25.584100 ms (FindLiveObjects: 1.127900 ms CreateObjectMapping: 0.126800 ms MarkObjects: 23.663700 ms  DeleteObjects: 0.664200 ms)

Prepare: number of updated asset objects reloaded= 0
AssetImportParameters requested are different than current active one (requested -> active):
  custom:container-demuxer-ogg: 62fdf1f143b41e24485cea50d1cbac27 -> 
  custom:video-decoder-ogg-theora: a1e56fd34408186e4bbccfd4996cb3dc -> 
  custom:framework-win-MediaFoundation: 216162199b28c13a410421893ffa2e32 -> 
  custom:scripting/monoscript/fileName/GameFieldGeneratedPlaneAlgorithmMarker.cs: 505be8ba7cc43f00ae1cc5b5ce71b559 -> 
  custom:CustomObjectIndexerAttribute: 9a22284fe3817be447336de3de66b15e -> 
  custom:container-demuxer-webm: 4f35f7cbe854078d1ac9338744f61a02 -> 
  custom:scripting/monoscript/fileName/PurchaseAnimalTag.cs: 8f794ad5afbe806dfef508ff0dc3725b -> 
  custom:container-muxer-webm: aa71ff27fc2769a1b78a27578f13a17b -> 
  custom:video-decoder-webm-vp8: 9c59270c3fd7afecdb556c50c9e8de78 -> 
  custom:SearchIndexIgnoredProperties: e643bd26f0fe6173181afceb89e7c659 -> 
  custom:AudioImporter_EditorPlatform: d09bf68614088b80899f8185d706f6e7 -> 
  custom:video-encoder-webm-vp8: eb34c28f22e8b96e1ab97ce403110664 -> 
  custom:audio-decoder-ogg-vorbis: bf7c407c2cedff20999df2af8eb42d56 -> 
  custom:audio-encoder-webm-vorbis: bf7c407c2cedff20999df2af8eb42d56 -> 
  custom:scripting/precompiled-assembly-types:Assembly-CSharp: 74b0757fb3195a67641f972151e709da -> fe1f0beb764a7a3c5a0667557268a853
  custom:scripting/monoscript/fileName/GameFieldGeneratedPlaneAlgorithmAudioConfig.cs: dd76a1cfcc30cf141d185d00260c3c11 -> 
========================================================================
Received Import Request.
  Time since last request: 665.152128 seconds.
  path: Assets/_Project/GameScreen.prefab
  artifactKey: Guid(414af5587425f08428ab122766844dad) Importer(815301076,1909f56bfc062723c751e8b465ee728b)
Start importing Assets/_Project/GameScreen.prefab using Guid(414af5587425f08428ab122766844dad) Importer(815301076,1909f56bfc062723c751e8b465ee728b) [PhysX] Initialized MultithreadedTaskDispatcher with 12 workers.
 -> (artifact id: '3db8386609b08c39c7622b4304672c53') in 0.007592 seconds
Number of updated asset objects reloaded before import = 0
Number of asset objects unloaded after import = 0
========================================================================
Received Prepare
Caller must complete domain reload
Begin MonoManager ReloadAssembly
- Loaded All Assemblies, in  1.057 seconds
Native extension for WindowsStandalone target not found
Native extension for Android target not found
Native extension for WebGL target not found
[Package Manager] Server::EnsureServerProcessIsRunning -- launch failed, reason: Unity was launched with the -noUpm command-line argument
[Package Manager] UpmClient::Send -- Unable to send message (not connected to UPM process).
[Package Manager] Cannot connect to Unity Package Manager local server
Mono: successfully reloaded assembly
[Package Manager] Server::EnsureServerProcessIsRunning -- launch failed, reason: Unity was launched with the -noUpm command-line argument
[Package Manager] UpmClient::Send -- Unable to send message (not connected to UPM process).
[Package Manager] Cannot connect to Unity Package Manager local server
- Finished resetting the current domain, in  1.759 seconds
Domain Reload Profiling: 2818ms
	BeginReloadAssembly (185ms)
		ExecutionOrderSort (0ms)
		DisableScriptedObjects (5ms)
		BackupInstance (0ms)
		ReleaseScriptingObjects (1ms)
		CreateAndSetChildDomain (56ms)
	RebuildCommonClasses (32ms)
	RebuildNativeTypeToScriptingClass (9ms)
	initialDomainReloadingComplete (35ms)
	LoadAllAssembliesAndSetupDomain (797ms)
		LoadAssemblies (837ms)
		RebuildTransferFunctionScriptingTraits (0ms)
		AnalyzeDomain (46ms)
			TypeCache.Refresh (21ms)
				TypeCache.ScanAssembly (5ms)
			ScanForSourceGeneratedMonoScriptInfo (14ms)
			ResolveRequiredComponents (9ms)
	FinalizeReload (1759ms)
		ReleaseScriptCaches (0ms)
		RebuildScriptCaches (0ms)
		SetupLoadedEditorAssemblies (988ms)
			LogAssemblyErrors (0ms)
			InitializePlatformSupportModulesInManaged (37ms)
			SetLoadedEditorAssemblies (4ms)
			RefreshPlugins (0ms)
			BeforeProcessingInitializeOnLoad (80ms)
			ProcessInitializeOnLoadAttributes (399ms)
			ProcessInitializeOnLoadMethodAttributes (464ms)
			AfterProcessingInitializeOnLoad (3ms)
			EditorAssembliesLoaded (2ms)
		ExecutionOrderSort2 (0ms)
		AwakeInstancesAfterBackupRestoration (6ms)
Refreshing native plugins compatible for Editor in 7.80 ms, found 3 plugins.
Preloading 0 native plugins for Editor in 0.00 ms.
Unloading 4335 Unused Serialized files (Serialized files now loaded: 0)
Unloading 31 unused Assets / (67.2 KB). Loaded Objects now: 4987.
Memory consumption went from 188.2 MB to 188.1 MB.
Total: 17.175500 ms (FindLiveObjects: 0.883000 ms CreateObjectMapping: 0.325700 ms MarkObjects: 15.639300 ms  DeleteObjects: 0.326000 ms)

Prepare: number of updated asset objects reloaded= 0
AssetImportParameters requested are different than current active one (requested -> active):
  custom:container-demuxer-ogg: 62fdf1f143b41e24485cea50d1cbac27 -> 
  custom:video-decoder-ogg-theora: a1e56fd34408186e4bbccfd4996cb3dc -> 
  custom:framework-win-MediaFoundation: 216162199b28c13a410421893ffa2e32 -> 
  custom:scripting/monoscript/fileName/GameFieldGeneratedPlaneAlgorithmMarker.cs: 505be8ba7cc43f00ae1cc5b5ce71b559 -> 
  custom:CustomObjectIndexerAttribute: 9a22284fe3817be447336de3de66b15e -> 
  custom:container-demuxer-webm: 4f35f7cbe854078d1ac9338744f61a02 -> 
  custom:scripting/monoscript/fileName/PurchaseAnimalTag.cs: 8f794ad5afbe806dfef508ff0dc3725b -> 
  custom:container-muxer-webm: aa71ff27fc2769a1b78a27578f13a17b -> 
  custom:video-decoder-webm-vp8: 9c59270c3fd7afecdb556c50c9e8de78 -> 
  custom:SearchIndexIgnoredProperties: e643bd26f0fe6173181afceb89e7c659 -> 
  custom:AudioImporter_EditorPlatform: d09bf68614088b80899f8185d706f6e7 -> 
  custom:video-encoder-webm-vp8: eb34c28f22e8b96e1ab97ce403110664 -> 
  custom:audio-decoder-ogg-vorbis: bf7c407c2cedff20999df2af8eb42d56 -> 
  custom:audio-encoder-webm-vorbis: bf7c407c2cedff20999df2af8eb42d56 -> 
  custom:scripting/precompiled-assembly-types:Assembly-CSharp: 74b0757fb3195a67641f972151e709da -> fe1f0beb764a7a3c5a0667557268a853
  custom:scripting/monoscript/fileName/GameFieldGeneratedPlaneAlgorithmAudioConfig.cs: dd76a1cfcc30cf141d185d00260c3c11 -> 
========================================================================
Received Prepare
Caller must complete domain reload
Begin MonoManager ReloadAssembly
- Loaded All Assemblies, in  0.890 seconds
Native extension for WindowsStandalone target not found
Native extension for Android target not found
Native extension for WebGL target not found
[Package Manager] Server::EnsureServerProcessIsRunning -- launch failed, reason: Unity was launched with the -noUpm command-line argument
[Package Manager] UpmClient::Send -- Unable to send message (not connected to UPM process).
[Package Manager] Cannot connect to Unity Package Manager local server
Mono: successfully reloaded assembly
[Package Manager] Server::EnsureServerProcessIsRunning -- launch failed, reason: Unity was launched with the -noUpm command-line argument
[Package Manager] UpmClient::Send -- Unable to send message (not connected to UPM process).
[Package Manager] Cannot connect to Unity Package Manager local server
- Finished resetting the current domain, in  1.434 seconds
Domain Reload Profiling: 2324ms
	BeginReloadAssembly (227ms)
		ExecutionOrderSort (0ms)
		DisableScriptedObjects (6ms)
		BackupInstance (0ms)
		ReleaseScriptingObjects (1ms)
		CreateAndSetChildDomain (79ms)
	RebuildCommonClasses (37ms)
	RebuildNativeTypeToScriptingClass (10ms)
	initialDomainReloadingComplete (34ms)
	LoadAllAssembliesAndSetupDomain (582ms)
		LoadAssemblies (643ms)
		RebuildTransferFunctionScriptingTraits (0ms)
		AnalyzeDomain (46ms)
			TypeCache.Refresh (19ms)
				TypeCache.ScanAssembly (5ms)
			ScanForSourceGeneratedMonoScriptInfo (18ms)
			ResolveRequiredComponents (8ms)
	FinalizeReload (1434ms)
		ReleaseScriptCaches (0ms)
		RebuildScriptCaches (0ms)
		SetupLoadedEditorAssemblies (716ms)
			LogAssemblyErrors (0ms)
			InitializePlatformSupportModulesInManaged (39ms)
			SetLoadedEditorAssemblies (4ms)
			RefreshPlugins (0ms)
			BeforeProcessingInitializeOnLoad (68ms)
			ProcessInitializeOnLoadAttributes (358ms)
			ProcessInitializeOnLoadMethodAttributes (244ms)
			AfterProcessingInitializeOnLoad (2ms)
			EditorAssembliesLoaded (0ms)
		ExecutionOrderSort2 (0ms)
		AwakeInstancesAfterBackupRestoration (5ms)
Refreshing native plugins compatible for Editor in 5.09 ms, found 3 plugins.
Preloading 0 native plugins for Editor in 0.00 ms.
Unloading 4336 Unused Serialized files (Serialized files now loaded: 0)
Unloading 31 unused Assets / (66.1 KB). Loaded Objects now: 4990.
Memory consumption went from 188.4 MB to 188.4 MB.
Total: 15.374100 ms (FindLiveObjects: 0.436900 ms CreateObjectMapping: 0.130200 ms MarkObjects: 14.664700 ms  DeleteObjects: 0.139100 ms)

Prepare: number of updated asset objects reloaded= 0
AssetImportParameters requested are different than current active one (requested -> active):
  custom:container-demuxer-ogg: 62fdf1f143b41e24485cea50d1cbac27 -> 
  custom:video-decoder-ogg-theora: a1e56fd34408186e4bbccfd4996cb3dc -> 
  custom:framework-win-MediaFoundation: 216162199b28c13a410421893ffa2e32 -> 
  custom:scripting/monoscript/fileName/GameFieldGeneratedPlaneAlgorithmMarker.cs: 505be8ba7cc43f00ae1cc5b5ce71b559 -> 
  custom:CustomObjectIndexerAttribute: 9a22284fe3817be447336de3de66b15e -> 
  custom:container-demuxer-webm: 4f35f7cbe854078d1ac9338744f61a02 -> 
  custom:scripting/monoscript/fileName/PurchaseAnimalTag.cs: 8f794ad5afbe806dfef508ff0dc3725b -> 
  custom:container-muxer-webm: aa71ff27fc2769a1b78a27578f13a17b -> 
  custom:video-decoder-webm-vp8: 9c59270c3fd7afecdb556c50c9e8de78 -> 
  custom:SearchIndexIgnoredProperties: e643bd26f0fe6173181afceb89e7c659 -> 
  custom:AudioImporter_EditorPlatform: d09bf68614088b80899f8185d706f6e7 -> 
  custom:video-encoder-webm-vp8: eb34c28f22e8b96e1ab97ce403110664 -> 
  custom:audio-decoder-ogg-vorbis: bf7c407c2cedff20999df2af8eb42d56 -> 
  custom:audio-encoder-webm-vorbis: bf7c407c2cedff20999df2af8eb42d56 -> 
  custom:scripting/precompiled-assembly-types:Assembly-CSharp: 74b0757fb3195a67641f972151e709da -> fe1f0beb764a7a3c5a0667557268a853
  custom:scripting/monoscript/fileName/GameFieldGeneratedPlaneAlgorithmAudioConfig.cs: dd76a1cfcc30cf141d185d00260c3c11 -> 
========================================================================
Received Prepare
Caller must complete domain reload
Begin MonoManager ReloadAssembly
- Loaded All Assemblies, in  0.574 seconds
Native extension for WindowsStandalone target not found
Native extension for Android target not found
Native extension for WebGL target not found
[Package Manager] Server::EnsureServerProcessIsRunning -- launch failed, reason: Unity was launched with the -noUpm command-line argument
[Package Manager] UpmClient::Send -- Unable to send message (not connected to UPM process).
[Package Manager] Cannot connect to Unity Package Manager local server
Mono: successfully reloaded assembly
[Package Manager] Server::EnsureServerProcessIsRunning -- launch failed, reason: Unity was launched with the -noUpm command-line argument
[Package Manager] UpmClient::Send -- Unable to send message (not connected to UPM process).
[Package Manager] Cannot connect to Unity Package Manager local server
- Finished resetting the current domain, in  1.387 seconds
Domain Reload Profiling: 1959ms
	BeginReloadAssembly (149ms)
		ExecutionOrderSort (0ms)
		DisableScriptedObjects (5ms)
		BackupInstance (0ms)
		ReleaseScriptingObjects (0ms)
		CreateAndSetChildDomain (46ms)
	RebuildCommonClasses (32ms)
	RebuildNativeTypeToScriptingClass (9ms)
	initialDomainReloadingComplete (37ms)
	LoadAllAssembliesAndSetupDomain (345ms)
		LoadAssemblies (386ms)
		RebuildTransferFunctionScriptingTraits (0ms)
		AnalyzeDomain (30ms)
			TypeCache.Refresh (15ms)
				TypeCache.ScanAssembly (4ms)
			ScanForSourceGeneratedMonoScriptInfo (8ms)
			ResolveRequiredComponents (5ms)
	FinalizeReload (1388ms)
		ReleaseScriptCaches (0ms)
		RebuildScriptCaches (0ms)
		SetupLoadedEditorAssemblies (716ms)
			LogAssemblyErrors (0ms)
			InitializePlatformSupportModulesInManaged (23ms)
			SetLoadedEditorAssemblies (9ms)
			RefreshPlugins (0ms)
			BeforeProcessingInitializeOnLoad (97ms)
			ProcessInitializeOnLoadAttributes (340ms)
			ProcessInitializeOnLoadMethodAttributes (244ms)
			AfterProcessingInitializeOnLoad (2ms)
			EditorAssembliesLoaded (0ms)
		ExecutionOrderSort2 (0ms)
		AwakeInstancesAfterBackupRestoration (5ms)
Refreshing native plugins compatible for Editor in 5.20 ms, found 3 plugins.
Preloading 0 native plugins for Editor in 0.00 ms.
Unloading 4336 Unused Serialized files (Serialized files now loaded: 0)
Unloading 31 unused Assets / (67.2 KB). Loaded Objects now: 4993.
Memory consumption went from 188.4 MB to 188.4 MB.
Total: 15.725900 ms (FindLiveObjects: 0.365700 ms CreateObjectMapping: 0.295300 ms MarkObjects: 14.832400 ms  DeleteObjects: 0.231100 ms)

Prepare: number of updated asset objects reloaded= 0
AssetImportParameters requested are different than current active one (requested -> active):
  custom:container-demuxer-ogg: 62fdf1f143b41e24485cea50d1cbac27 -> 
  custom:video-decoder-ogg-theora: a1e56fd34408186e4bbccfd4996cb3dc -> 
  custom:framework-win-MediaFoundation: 216162199b28c13a410421893ffa2e32 -> 
  custom:scripting/monoscript/fileName/GameFieldGeneratedPlaneAlgorithmMarker.cs: 505be8ba7cc43f00ae1cc5b5ce71b559 -> 
  custom:CustomObjectIndexerAttribute: 9a22284fe3817be447336de3de66b15e -> 
  custom:container-demuxer-webm: 4f35f7cbe854078d1ac9338744f61a02 -> 
  custom:scripting/monoscript/fileName/PurchaseAnimalTag.cs: 8f794ad5afbe806dfef508ff0dc3725b -> 
  custom:container-muxer-webm: aa71ff27fc2769a1b78a27578f13a17b -> 
  custom:video-decoder-webm-vp8: 9c59270c3fd7afecdb556c50c9e8de78 -> 
  custom:SearchIndexIgnoredProperties: e643bd26f0fe6173181afceb89e7c659 -> 
  custom:AudioImporter_EditorPlatform: d09bf68614088b80899f8185d706f6e7 -> 
  custom:video-encoder-webm-vp8: eb34c28f22e8b96e1ab97ce403110664 -> 
  custom:audio-decoder-ogg-vorbis: bf7c407c2cedff20999df2af8eb42d56 -> 
  custom:audio-encoder-webm-vorbis: bf7c407c2cedff20999df2af8eb42d56 -> 
  custom:scripting/precompiled-assembly-types:Assembly-CSharp: 74b0757fb3195a67641f972151e709da -> fe1f0beb764a7a3c5a0667557268a853
  custom:scripting/monoscript/fileName/GameFieldGeneratedPlaneAlgorithmAudioConfig.cs: dd76a1cfcc30cf141d185d00260c3c11 -> 
========================================================================
Received Prepare
Caller must complete domain reload
Begin MonoManager ReloadAssembly
- Loaded All Assemblies, in  0.629 seconds
Native extension for WindowsStandalone target not found
Native extension for Android target not found
Native extension for WebGL target not found
[Package Manager] Server::EnsureServerProcessIsRunning -- launch failed, reason: Unity was launched with the -noUpm command-line argument
[Package Manager] UpmClient::Send -- Unable to send message (not connected to UPM process).
[Package Manager] Cannot connect to Unity Package Manager local server
Mono: successfully reloaded assembly
[Package Manager] Server::EnsureServerProcessIsRunning -- launch failed, reason: Unity was launched with the -noUpm command-line argument
[Package Manager] UpmClient::Send -- Unable to send message (not connected to UPM process).
[Package Manager] Cannot connect to Unity Package Manager local server
- Finished resetting the current domain, in  1.423 seconds
Domain Reload Profiling: 2051ms
	BeginReloadAssembly (151ms)
		ExecutionOrderSort (0ms)
		DisableScriptedObjects (5ms)
		BackupInstance (0ms)
		ReleaseScriptingObjects (0ms)
		CreateAndSetChildDomain (46ms)
	RebuildCommonClasses (38ms)
	RebuildNativeTypeToScriptingClass (10ms)
	initialDomainReloadingComplete (31ms)
	LoadAllAssembliesAndSetupDomain (398ms)
		LoadAssemblies (439ms)
		RebuildTransferFunctionScriptingTraits (0ms)
		AnalyzeDomain (31ms)
			TypeCache.Refresh (15ms)
				TypeCache.ScanAssembly (6ms)
			ScanForSourceGeneratedMonoScriptInfo (9ms)
			ResolveRequiredComponents (6ms)
	FinalizeReload (1423ms)
		ReleaseScriptCaches (0ms)
		RebuildScriptCaches (0ms)
		SetupLoadedEditorAssemblies (736ms)
			LogAssemblyErrors (0ms)
			InitializePlatformSupportModulesInManaged (30ms)
			SetLoadedEditorAssemblies (4ms)
			RefreshPlugins (0ms)
			BeforeProcessingInitializeOnLoad (67ms)
			ProcessInitializeOnLoadAttributes (370ms)
			ProcessInitializeOnLoadMethodAttributes (262ms)
			AfterProcessingInitializeOnLoad (3ms)
			EditorAssembliesLoaded (0ms)
		ExecutionOrderSort2 (0ms)
		AwakeInstancesAfterBackupRestoration (5ms)
Refreshing native plugins compatible for Editor in 5.47 ms, found 3 plugins.
Preloading 0 native plugins for Editor in 0.00 ms.
Unloading 4336 Unused Serialized files (Serialized files now loaded: 0)
Unloading 31 unused Assets / (66.2 KB). Loaded Objects now: 4996.
Memory consumption went from 188.5 MB to 188.4 MB.
Total: 16.999400 ms (FindLiveObjects: 0.414700 ms CreateObjectMapping: 0.317100 ms MarkObjects: 16.046700 ms  DeleteObjects: 0.219200 ms)

Prepare: number of updated asset objects reloaded= 0
AssetImportParameters requested are different than current active one (requested -> active):
  custom:container-demuxer-ogg: 62fdf1f143b41e24485cea50d1cbac27 -> 
  custom:video-decoder-ogg-theora: a1e56fd34408186e4bbccfd4996cb3dc -> 
  custom:framework-win-MediaFoundation: 216162199b28c13a410421893ffa2e32 -> 
  custom:scripting/monoscript/fileName/GameFieldGeneratedPlaneAlgorithmMarker.cs: 505be8ba7cc43f00ae1cc5b5ce71b559 -> 
  custom:CustomObjectIndexerAttribute: 9a22284fe3817be447336de3de66b15e -> 
  custom:container-demuxer-webm: 4f35f7cbe854078d1ac9338744f61a02 -> 
  custom:scripting/monoscript/fileName/PurchaseAnimalTag.cs: 8f794ad5afbe806dfef508ff0dc3725b -> 
  custom:container-muxer-webm: aa71ff27fc2769a1b78a27578f13a17b -> 
  custom:video-decoder-webm-vp8: 9c59270c3fd7afecdb556c50c9e8de78 -> 
  custom:SearchIndexIgnoredProperties: e643bd26f0fe6173181afceb89e7c659 -> 
  custom:AudioImporter_EditorPlatform: d09bf68614088b80899f8185d706f6e7 -> 
  custom:video-encoder-webm-vp8: eb34c28f22e8b96e1ab97ce403110664 -> 
  custom:audio-decoder-ogg-vorbis: bf7c407c2cedff20999df2af8eb42d56 -> 
  custom:audio-encoder-webm-vorbis: bf7c407c2cedff20999df2af8eb42d56 -> 
  custom:scripting/precompiled-assembly-types:Assembly-CSharp: 74b0757fb3195a67641f972151e709da -> fe1f0beb764a7a3c5a0667557268a853
  custom:scripting/monoscript/fileName/GameFieldGeneratedPlaneAlgorithmAudioConfig.cs: dd76a1cfcc30cf141d185d00260c3c11 -> 
========================================================================
Received Prepare
Caller must complete domain reload
Begin MonoManager ReloadAssembly
- Loaded All Assemblies, in  1.272 seconds
Native extension for WindowsStandalone target not found
Native extension for Android target not found
Native extension for WebGL target not found
[Package Manager] Server::EnsureServerProcessIsRunning -- launch failed, reason: Unity was launched with the -noUpm command-line argument
[Package Manager] UpmClient::Send -- Unable to send message (not connected to UPM process).
[Package Manager] Cannot connect to Unity Package Manager local server
Mono: successfully reloaded assembly
[Package Manager] Server::EnsureServerProcessIsRunning -- launch failed, reason: Unity was launched with the -noUpm command-line argument
[Package Manager] UpmClient::Send -- Unable to send message (not connected to UPM process).
[Package Manager] Cannot connect to Unity Package Manager local server
- Finished resetting the current domain, in  1.691 seconds
Domain Reload Profiling: 2964ms
	BeginReloadAssembly (163ms)
		ExecutionOrderSort (0ms)
		DisableScriptedObjects (5ms)
		BackupInstance (0ms)
		ReleaseScriptingObjects (1ms)
		CreateAndSetChildDomain (48ms)
	RebuildCommonClasses (31ms)
	RebuildNativeTypeToScriptingClass (10ms)
	initialDomainReloadingComplete (34ms)
	LoadAllAssembliesAndSetupDomain (1035ms)
		LoadAssemblies (1044ms)
		RebuildTransferFunctionScriptingTraits (0ms)
		AnalyzeDomain (62ms)
			TypeCache.Refresh (31ms)
				TypeCache.ScanAssembly (7ms)
			ScanForSourceGeneratedMonoScriptInfo (18ms)
			ResolveRequiredComponents (11ms)
	FinalizeReload (1692ms)
		ReleaseScriptCaches (0ms)
		RebuildScriptCaches (0ms)
		SetupLoadedEditorAssemblies (822ms)
			LogAssemblyErrors (0ms)
			InitializePlatformSupportModulesInManaged (44ms)
			SetLoadedEditorAssemblies (5ms)
			RefreshPlugins (0ms)
			BeforeProcessingInitializeOnLoad (68ms)
			ProcessInitializeOnLoadAttributes (393ms)
			ProcessInitializeOnLoadMethodAttributes (308ms)
			AfterProcessingInitializeOnLoad (3ms)
			EditorAssembliesLoaded (1ms)
		ExecutionOrderSort2 (0ms)
		AwakeInstancesAfterBackupRestoration (5ms)
Refreshing native plugins compatible for Editor in 13.02 ms, found 3 plugins.
Preloading 0 native plugins for Editor in 0.00 ms.
Unloading 4336 Unused Serialized files (Serialized files now loaded: 0)
Unloading 31 unused Assets / (66.2 KB). Loaded Objects now: 4999.
Memory consumption went from 188.5 MB to 188.4 MB.
Total: 19.984900 ms (FindLiveObjects: 0.858200 ms CreateObjectMapping: 0.324800 ms MarkObjects: 18.166100 ms  DeleteObjects: 0.634000 ms)

Prepare: number of updated asset objects reloaded= 0
AssetImportParameters requested are different than current active one (requested -> active):
  custom:container-demuxer-ogg: 62fdf1f143b41e24485cea50d1cbac27 -> 
  custom:video-decoder-ogg-theora: a1e56fd34408186e4bbccfd4996cb3dc -> 
  custom:framework-win-MediaFoundation: 216162199b28c13a410421893ffa2e32 -> 
  custom:scripting/monoscript/fileName/GameFieldGeneratedPlaneAlgorithmMarker.cs: 505be8ba7cc43f00ae1cc5b5ce71b559 -> 
  custom:CustomObjectIndexerAttribute: 9a22284fe3817be447336de3de66b15e -> 
  custom:container-demuxer-webm: 4f35f7cbe854078d1ac9338744f61a02 -> 
  custom:scripting/monoscript/fileName/PurchaseAnimalTag.cs: 8f794ad5afbe806dfef508ff0dc3725b -> 
  custom:container-muxer-webm: aa71ff27fc2769a1b78a27578f13a17b -> 
  custom:video-decoder-webm-vp8: 9c59270c3fd7afecdb556c50c9e8de78 -> 
  custom:SearchIndexIgnoredProperties: e643bd26f0fe6173181afceb89e7c659 -> 
  custom:AudioImporter_EditorPlatform: d09bf68614088b80899f8185d706f6e7 -> 
  custom:video-encoder-webm-vp8: eb34c28f22e8b96e1ab97ce403110664 -> 
  custom:audio-decoder-ogg-vorbis: bf7c407c2cedff20999df2af8eb42d56 -> 
  custom:audio-encoder-webm-vorbis: bf7c407c2cedff20999df2af8eb42d56 -> 
  custom:scripting/precompiled-assembly-types:Assembly-CSharp: 74b0757fb3195a67641f972151e709da -> fe1f0beb764a7a3c5a0667557268a853
  custom:scripting/monoscript/fileName/GameFieldGeneratedPlaneAlgorithmAudioConfig.cs: dd76a1cfcc30cf141d185d00260c3c11 -> 
========================================================================
Received Prepare
Caller must complete domain reload
Begin MonoManager ReloadAssembly
- Loaded All Assemblies, in  0.572 seconds
Native extension for WindowsStandalone target not found
Native extension for Android target not found
Native extension for WebGL target not found
[Package Manager] Server::EnsureServerProcessIsRunning -- launch failed, reason: Unity was launched with the -noUpm command-line argument
[Package Manager] UpmClient::Send -- Unable to send message (not connected to UPM process).
[Package Manager] Cannot connect to Unity Package Manager local server
Mono: successfully reloaded assembly
[Package Manager] Server::EnsureServerProcessIsRunning -- launch failed, reason: Unity was launched with the -noUpm command-line argument
[Package Manager] UpmClient::Send -- Unable to send message (not connected to UPM process).
[Package Manager] Cannot connect to Unity Package Manager local server
- Finished resetting the current domain, in  1.388 seconds
Domain Reload Profiling: 1960ms
	BeginReloadAssembly (146ms)
		ExecutionOrderSort (0ms)
		DisableScriptedObjects (5ms)
		BackupInstance (0ms)
		ReleaseScriptingObjects (1ms)
		CreateAndSetChildDomain (44ms)
	RebuildCommonClasses (29ms)
	RebuildNativeTypeToScriptingClass (9ms)
	initialDomainReloadingComplete (26ms)
	LoadAllAssembliesAndSetupDomain (361ms)
		LoadAssemblies (397ms)
		RebuildTransferFunctionScriptingTraits (0ms)
		AnalyzeDomain (33ms)
			TypeCache.Refresh (14ms)
				TypeCache.ScanAssembly (5ms)
			ScanForSourceGeneratedMonoScriptInfo (10ms)
			ResolveRequiredComponents (6ms)
	FinalizeReload (1389ms)
		ReleaseScriptCaches (0ms)
		RebuildScriptCaches (0ms)
		SetupLoadedEditorAssemblies (671ms)
			LogAssemblyErrors (0ms)
			InitializePlatformSupportModulesInManaged (22ms)
			SetLoadedEditorAssemblies (3ms)
			RefreshPlugins (0ms)
			BeforeProcessingInitializeOnLoad (63ms)
			ProcessInitializeOnLoadAttributes (339ms)
			ProcessInitializeOnLoadMethodAttributes (242ms)
			AfterProcessingInitializeOnLoad (3ms)
			EditorAssembliesLoaded (0ms)
		ExecutionOrderSort2 (0ms)
		AwakeInstancesAfterBackupRestoration (5ms)
Refreshing native plugins compatible for Editor in 4.97 ms, found 3 plugins.
Preloading 0 native plugins for Editor in 0.00 ms.
Unloading 4336 Unused Serialized files (Serialized files now loaded: 0)
Unloading 31 unused Assets / (66.2 KB). Loaded Objects now: 5002.
Memory consumption went from 188.4 MB to 188.4 MB.
Total: 15.705900 ms (FindLiveObjects: 0.352700 ms CreateObjectMapping: 0.290100 ms MarkObjects: 14.823200 ms  DeleteObjects: 0.238000 ms)

Prepare: number of updated asset objects reloaded= 0
AssetImportParameters requested are different than current active one (requested -> active):
  custom:container-demuxer-ogg: 62fdf1f143b41e24485cea50d1cbac27 -> 
  custom:video-decoder-ogg-theora: a1e56fd34408186e4bbccfd4996cb3dc -> 
  custom:framework-win-MediaFoundation: 216162199b28c13a410421893ffa2e32 -> 
  custom:scripting/monoscript/fileName/GameFieldGeneratedPlaneAlgorithmMarker.cs: 505be8ba7cc43f00ae1cc5b5ce71b559 -> 
  custom:CustomObjectIndexerAttribute: 9a22284fe3817be447336de3de66b15e -> 
  custom:container-demuxer-webm: 4f35f7cbe854078d1ac9338744f61a02 -> 
  custom:scripting/monoscript/fileName/PurchaseAnimalTag.cs: 8f794ad5afbe806dfef508ff0dc3725b -> 
  custom:container-muxer-webm: aa71ff27fc2769a1b78a27578f13a17b -> 
  custom:video-decoder-webm-vp8: 9c59270c3fd7afecdb556c50c9e8de78 -> 
  custom:SearchIndexIgnoredProperties: e643bd26f0fe6173181afceb89e7c659 -> 
  custom:AudioImporter_EditorPlatform: d09bf68614088b80899f8185d706f6e7 -> 
  custom:video-encoder-webm-vp8: eb34c28f22e8b96e1ab97ce403110664 -> 
  custom:audio-decoder-ogg-vorbis: bf7c407c2cedff20999df2af8eb42d56 -> 
  custom:audio-encoder-webm-vorbis: bf7c407c2cedff20999df2af8eb42d56 -> 
  custom:scripting/precompiled-assembly-types:Assembly-CSharp: 74b0757fb3195a67641f972151e709da -> fe1f0beb764a7a3c5a0667557268a853
  custom:scripting/monoscript/fileName/GameFieldGeneratedPlaneAlgorithmAudioConfig.cs: dd76a1cfcc30cf141d185d00260c3c11 -> 
========================================================================
Received Prepare
Caller must complete domain reload
Begin MonoManager ReloadAssembly
- Loaded All Assemblies, in  0.559 seconds
Native extension for WindowsStandalone target not found
Native extension for Android target not found
Native extension for WebGL target not found
[Package Manager] Server::EnsureServerProcessIsRunning -- launch failed, reason: Unity was launched with the -noUpm command-line argument
[Package Manager] UpmClient::Send -- Unable to send message (not connected to UPM process).
[Package Manager] Cannot connect to Unity Package Manager local server
Mono: successfully reloaded assembly
[Package Manager] Server::EnsureServerProcessIsRunning -- launch failed, reason: Unity was launched with the -noUpm command-line argument
[Package Manager] UpmClient::Send -- Unable to send message (not connected to UPM process).
[Package Manager] Cannot connect to Unity Package Manager local server
- Finished resetting the current domain, in  1.403 seconds
Domain Reload Profiling: 1961ms
	BeginReloadAssembly (151ms)
		ExecutionOrderSort (0ms)
		DisableScriptedObjects (5ms)
		BackupInstance (0ms)
		ReleaseScriptingObjects (0ms)
		CreateAndSetChildDomain (50ms)
	RebuildCommonClasses (28ms)
	RebuildNativeTypeToScriptingClass (10ms)
	initialDomainReloadingComplete (26ms)
	LoadAllAssembliesAndSetupDomain (343ms)
		LoadAssemblies (382ms)
		RebuildTransferFunctionScriptingTraits (0ms)
		AnalyzeDomain (31ms)
			TypeCache.Refresh (15ms)
				TypeCache.ScanAssembly (5ms)
			ScanForSourceGeneratedMonoScriptInfo (9ms)
			ResolveRequiredComponents (6ms)
	FinalizeReload (1403ms)
		ReleaseScriptCaches (0ms)
		RebuildScriptCaches (0ms)
		SetupLoadedEditorAssemblies (659ms)
			LogAssemblyErrors (0ms)
			InitializePlatformSupportModulesInManaged (22ms)
			SetLoadedEditorAssemblies (3ms)
			RefreshPlugins (0ms)
			BeforeProcessingInitializeOnLoad (65ms)
			ProcessInitializeOnLoadAttributes (326ms)
			ProcessInitializeOnLoadMethodAttributes (241ms)
			AfterProcessingInitializeOnLoad (2ms)
			EditorAssembliesLoaded (0ms)
		ExecutionOrderSort2 (0ms)
		AwakeInstancesAfterBackupRestoration (5ms)
Refreshing native plugins compatible for Editor in 5.44 ms, found 3 plugins.
Preloading 0 native plugins for Editor in 0.00 ms.
Unloading 4336 Unused Serialized files (Serialized files now loaded: 0)
Unloading 31 unused Assets / (67.2 KB). Loaded Objects now: 5005.
Memory consumption went from 188.5 MB to 188.4 MB.
Total: 15.745700 ms (FindLiveObjects: 0.392300 ms CreateObjectMapping: 0.175100 ms MarkObjects: 15.021700 ms  DeleteObjects: 0.155300 ms)

Prepare: number of updated asset objects reloaded= 0
AssetImportParameters requested are different than current active one (requested -> active):
  custom:container-demuxer-ogg: 62fdf1f143b41e24485cea50d1cbac27 -> 
  custom:video-decoder-ogg-theora: a1e56fd34408186e4bbccfd4996cb3dc -> 
  custom:framework-win-MediaFoundation: 216162199b28c13a410421893ffa2e32 -> 
  custom:scripting/monoscript/fileName/GameFieldGeneratedPlaneAlgorithmMarker.cs: 505be8ba7cc43f00ae1cc5b5ce71b559 -> 
  custom:CustomObjectIndexerAttribute: 9a22284fe3817be447336de3de66b15e -> 
  custom:container-demuxer-webm: 4f35f7cbe854078d1ac9338744f61a02 -> 
  custom:scripting/monoscript/fileName/PurchaseAnimalTag.cs: 8f794ad5afbe806dfef508ff0dc3725b -> 
  custom:container-muxer-webm: aa71ff27fc2769a1b78a27578f13a17b -> 
  custom:video-decoder-webm-vp8: 9c59270c3fd7afecdb556c50c9e8de78 -> 
  custom:SearchIndexIgnoredProperties: e643bd26f0fe6173181afceb89e7c659 -> 
  custom:AudioImporter_EditorPlatform: d09bf68614088b80899f8185d706f6e7 -> 
  custom:video-encoder-webm-vp8: eb34c28f22e8b96e1ab97ce403110664 -> 
  custom:audio-decoder-ogg-vorbis: bf7c407c2cedff20999df2af8eb42d56 -> 
  custom:audio-encoder-webm-vorbis: bf7c407c2cedff20999df2af8eb42d56 -> 
  custom:scripting/precompiled-assembly-types:Assembly-CSharp: 74b0757fb3195a67641f972151e709da -> fe1f0beb764a7a3c5a0667557268a853
  custom:scripting/monoscript/fileName/GameFieldGeneratedPlaneAlgorithmAudioConfig.cs: dd76a1cfcc30cf141d185d00260c3c11 -> 
========================================================================
Received Prepare
Caller must complete domain reload
Begin MonoManager ReloadAssembly
- Loaded All Assemblies, in  0.801 seconds
Native extension for WindowsStandalone target not found
Native extension for Android target not found
Native extension for WebGL target not found
[Package Manager] Server::EnsureServerProcessIsRunning -- launch failed, reason: Unity was launched with the -noUpm command-line argument
[Package Manager] UpmClient::Send -- Unable to send message (not connected to UPM process).
[Package Manager] Cannot connect to Unity Package Manager local server
Mono: successfully reloaded assembly
[Package Manager] Server::EnsureServerProcessIsRunning -- launch failed, reason: Unity was launched with the -noUpm command-line argument
[Package Manager] UpmClient::Send -- Unable to send message (not connected to UPM process).
[Package Manager] Cannot connect to Unity Package Manager local server
- Finished resetting the current domain, in  1.363 seconds
Domain Reload Profiling: 2164ms
	BeginReloadAssembly (161ms)
		ExecutionOrderSort (0ms)
		DisableScriptedObjects (5ms)
		BackupInstance (0ms)
		ReleaseScriptingObjects (0ms)
		CreateAndSetChildDomain (55ms)
	RebuildCommonClasses (30ms)
	RebuildNativeTypeToScriptingClass (10ms)
	initialDomainReloadingComplete (37ms)
	LoadAllAssembliesAndSetupDomain (563ms)
		LoadAssemblies (597ms)
		RebuildTransferFunctionScriptingTraits (0ms)
		AnalyzeDomain (38ms)
			TypeCache.Refresh (18ms)
				TypeCache.ScanAssembly (5ms)
			ScanForSourceGeneratedMonoScriptInfo (12ms)
			ResolveRequiredComponents (7ms)
	FinalizeReload (1364ms)
		ReleaseScriptCaches (0ms)
		RebuildScriptCaches (0ms)
		SetupLoadedEditorAssemblies (666ms)
			LogAssemblyErrors (0ms)
			InitializePlatformSupportModulesInManaged (24ms)
			SetLoadedEditorAssemblies (5ms)
			RefreshPlugins (0ms)
			BeforeProcessingInitializeOnLoad (71ms)
			ProcessInitializeOnLoadAttributes (331ms)
			ProcessInitializeOnLoadMethodAttributes (232ms)
			AfterProcessingInitializeOnLoad (2ms)
			EditorAssembliesLoaded (0ms)
		ExecutionOrderSort2 (0ms)
		AwakeInstancesAfterBackupRestoration (5ms)
Refreshing native plugins compatible for Editor in 5.17 ms, found 3 plugins.
Preloading 0 native plugins for Editor in 0.00 ms.
Unloading 4336 Unused Serialized files (Serialized files now loaded: 0)
Unloading 31 unused Assets / (66.1 KB). Loaded Objects now: 5008.
Memory consumption went from 188.5 MB to 188.4 MB.
Total: 16.911100 ms (FindLiveObjects: 0.434400 ms CreateObjectMapping: 0.329200 ms MarkObjects: 15.946800 ms  DeleteObjects: 0.198800 ms)

Prepare: number of updated asset objects reloaded= 0
AssetImportParameters requested are different than current active one (requested -> active):
  custom:container-demuxer-ogg: 62fdf1f143b41e24485cea50d1cbac27 -> 
  custom:video-decoder-ogg-theora: a1e56fd34408186e4bbccfd4996cb3dc -> 
  custom:framework-win-MediaFoundation: 216162199b28c13a410421893ffa2e32 -> 
  custom:scripting/monoscript/fileName/GameFieldGeneratedPlaneAlgorithmMarker.cs: 505be8ba7cc43f00ae1cc5b5ce71b559 -> 
  custom:CustomObjectIndexerAttribute: 9a22284fe3817be447336de3de66b15e -> 
  custom:container-demuxer-webm: 4f35f7cbe854078d1ac9338744f61a02 -> 
  custom:scripting/monoscript/fileName/PurchaseAnimalTag.cs: 8f794ad5afbe806dfef508ff0dc3725b -> 
  custom:container-muxer-webm: aa71ff27fc2769a1b78a27578f13a17b -> 
  custom:video-decoder-webm-vp8: 9c59270c3fd7afecdb556c50c9e8de78 -> 
  custom:SearchIndexIgnoredProperties: e643bd26f0fe6173181afceb89e7c659 -> 
  custom:AudioImporter_EditorPlatform: d09bf68614088b80899f8185d706f6e7 -> 
  custom:video-encoder-webm-vp8: eb34c28f22e8b96e1ab97ce403110664 -> 
  custom:audio-decoder-ogg-vorbis: bf7c407c2cedff20999df2af8eb42d56 -> 
  custom:audio-encoder-webm-vorbis: bf7c407c2cedff20999df2af8eb42d56 -> 
  custom:scripting/precompiled-assembly-types:Assembly-CSharp: 74b0757fb3195a67641f972151e709da -> fe1f0beb764a7a3c5a0667557268a853
  custom:scripting/monoscript/fileName/GameFieldGeneratedPlaneAlgorithmAudioConfig.cs: dd76a1cfcc30cf141d185d00260c3c11 -> 
========================================================================
Received Prepare
Caller must complete domain reload
Begin MonoManager ReloadAssembly
- Loaded All Assemblies, in  0.619 seconds
Native extension for WindowsStandalone target not found
Native extension for Android target not found
Native extension for WebGL target not found
[Package Manager] Server::EnsureServerProcessIsRunning -- launch failed, reason: Unity was launched with the -noUpm command-line argument
[Package Manager] UpmClient::Send -- Unable to send message (not connected to UPM process).
[Package Manager] Cannot connect to Unity Package Manager local server
Mono: successfully reloaded assembly
[Package Manager] Server::EnsureServerProcessIsRunning -- launch failed, reason: Unity was launched with the -noUpm command-line argument
[Package Manager] UpmClient::Send -- Unable to send message (not connected to UPM process).
[Package Manager] Cannot connect to Unity Package Manager local server
- Finished resetting the current domain, in  1.321 seconds
Domain Reload Profiling: 1940ms
	BeginReloadAssembly (150ms)
		ExecutionOrderSort (0ms)
		DisableScriptedObjects (5ms)
		BackupInstance (0ms)
		ReleaseScriptingObjects (0ms)
		CreateAndSetChildDomain (45ms)
	RebuildCommonClasses (28ms)
	RebuildNativeTypeToScriptingClass (9ms)
	initialDomainReloadingComplete (27ms)
	LoadAllAssembliesAndSetupDomain (404ms)
		LoadAssemblies (442ms)
		RebuildTransferFunctionScriptingTraits (0ms)
		AnalyzeDomain (36ms)
			TypeCache.Refresh (16ms)
				TypeCache.ScanAssembly (5ms)
			ScanForSourceGeneratedMonoScriptInfo (13ms)
			ResolveRequiredComponents (6ms)
	FinalizeReload (1321ms)
		ReleaseScriptCaches (0ms)
		RebuildScriptCaches (0ms)
		SetupLoadedEditorAssemblies (685ms)
			LogAssemblyErrors (0ms)
			InitializePlatformSupportModulesInManaged (22ms)
			SetLoadedEditorAssemblies (3ms)
			RefreshPlugins (0ms)
			BeforeProcessingInitializeOnLoad (68ms)
			ProcessInitializeOnLoadAttributes (347ms)
			ProcessInitializeOnLoadMethodAttributes (242ms)
			AfterProcessingInitializeOnLoad (2ms)
			EditorAssembliesLoaded (0ms)
		ExecutionOrderSort2 (0ms)
		AwakeInstancesAfterBackupRestoration (4ms)
Refreshing native plugins compatible for Editor in 5.25 ms, found 3 plugins.
Preloading 0 native plugins for Editor in 0.00 ms.
Unloading 4336 Unused Serialized files (Serialized files now loaded: 0)
Unloading 31 unused Assets / (67.2 KB). Loaded Objects now: 5011.
Memory consumption went from 188.5 MB to 188.4 MB.
Total: 14.928300 ms (FindLiveObjects: 0.367400 ms CreateObjectMapping: 0.131200 ms MarkObjects: 14.282800 ms  DeleteObjects: 0.145500 ms)

Prepare: number of updated asset objects reloaded= 0
AssetImportParameters requested are different than current active one (requested -> active):
  custom:container-demuxer-ogg: 62fdf1f143b41e24485cea50d1cbac27 -> 
  custom:video-decoder-ogg-theora: a1e56fd34408186e4bbccfd4996cb3dc -> 
  custom:framework-win-MediaFoundation: 216162199b28c13a410421893ffa2e32 -> 
  custom:scripting/monoscript/fileName/GameFieldGeneratedPlaneAlgorithmMarker.cs: 505be8ba7cc43f00ae1cc5b5ce71b559 -> 
  custom:CustomObjectIndexerAttribute: 9a22284fe3817be447336de3de66b15e -> 
  custom:container-demuxer-webm: 4f35f7cbe854078d1ac9338744f61a02 -> 
  custom:scripting/monoscript/fileName/PurchaseAnimalTag.cs: 8f794ad5afbe806dfef508ff0dc3725b -> 
  custom:container-muxer-webm: aa71ff27fc2769a1b78a27578f13a17b -> 
  custom:video-decoder-webm-vp8: 9c59270c3fd7afecdb556c50c9e8de78 -> 
  custom:SearchIndexIgnoredProperties: e643bd26f0fe6173181afceb89e7c659 -> 
  custom:AudioImporter_EditorPlatform: d09bf68614088b80899f8185d706f6e7 -> 
  custom:video-encoder-webm-vp8: eb34c28f22e8b96e1ab97ce403110664 -> 
  custom:audio-decoder-ogg-vorbis: bf7c407c2cedff20999df2af8eb42d56 -> 
  custom:audio-encoder-webm-vorbis: bf7c407c2cedff20999df2af8eb42d56 -> 
  custom:scripting/precompiled-assembly-types:Assembly-CSharp: 74b0757fb3195a67641f972151e709da -> fe1f0beb764a7a3c5a0667557268a853
  custom:scripting/monoscript/fileName/GameFieldGeneratedPlaneAlgorithmAudioConfig.cs: dd76a1cfcc30cf141d185d00260c3c11 -> 
========================================================================
Received Prepare
Caller must complete domain reload
Begin MonoManager ReloadAssembly
- Loaded All Assemblies, in  0.845 seconds
Native extension for WindowsStandalone target not found
Native extension for Android target not found
Native extension for WebGL target not found
[Package Manager] Server::EnsureServerProcessIsRunning -- launch failed, reason: Unity was launched with the -noUpm command-line argument
[Package Manager] UpmClient::Send -- Unable to send message (not connected to UPM process).
[Package Manager] Cannot connect to Unity Package Manager local server
Mono: successfully reloaded assembly
[Package Manager] Server::EnsureServerProcessIsRunning -- launch failed, reason: Unity was launched with the -noUpm command-line argument
[Package Manager] UpmClient::Send -- Unable to send message (not connected to UPM process).
[Package Manager] Cannot connect to Unity Package Manager local server
- Finished resetting the current domain, in  1.436 seconds
Domain Reload Profiling: 2280ms
	BeginReloadAssembly (183ms)
		ExecutionOrderSort (0ms)
		DisableScriptedObjects (10ms)
		BackupInstance (0ms)
		ReleaseScriptingObjects (0ms)
		CreateAndSetChildDomain (61ms)
	RebuildCommonClasses (33ms)
	RebuildNativeTypeToScriptingClass (10ms)
	initialDomainReloadingComplete (32ms)
	LoadAllAssembliesAndSetupDomain (585ms)
		LoadAssemblies (630ms)
		RebuildTransferFunctionScriptingTraits (0ms)
		AnalyzeDomain (35ms)
			TypeCache.Refresh (15ms)
				TypeCache.ScanAssembly (5ms)
			ScanForSourceGeneratedMonoScriptInfo (11ms)
			ResolveRequiredComponents (7ms)
	FinalizeReload (1436ms)
		ReleaseScriptCaches (0ms)
		RebuildScriptCaches (0ms)
		SetupLoadedEditorAssemblies (689ms)
			LogAssemblyErrors (0ms)
			InitializePlatformSupportModulesInManaged (22ms)
			SetLoadedEditorAssemblies (4ms)
			RefreshPlugins (0ms)
			BeforeProcessingInitializeOnLoad (66ms)
			ProcessInitializeOnLoadAttributes (358ms)
			ProcessInitializeOnLoadMethodAttributes (236ms)
			AfterProcessingInitializeOnLoad (3ms)
			EditorAssembliesLoaded (0ms)
		ExecutionOrderSort2 (0ms)
		AwakeInstancesAfterBackupRestoration (5ms)
Refreshing native plugins compatible for Editor in 7.68 ms, found 3 plugins.
Preloading 0 native plugins for Editor in 0.00 ms.
Unloading 4336 Unused Serialized files (Serialized files now loaded: 0)
Unloading 31 unused Assets / (66.2 KB). Loaded Objects now: 5014.
Memory consumption went from 188.5 MB to 188.4 MB.
Total: 15.708200 ms (FindLiveObjects: 0.364600 ms CreateObjectMapping: 0.313000 ms MarkObjects: 14.863100 ms  DeleteObjects: 0.165800 ms)

Prepare: number of updated asset objects reloaded= 0
AssetImportParameters requested are different than current active one (requested -> active):
  custom:container-demuxer-ogg: 62fdf1f143b41e24485cea50d1cbac27 -> 
  custom:video-decoder-ogg-theora: a1e56fd34408186e4bbccfd4996cb3dc -> 
  custom:framework-win-MediaFoundation: 216162199b28c13a410421893ffa2e32 -> 
  custom:scripting/monoscript/fileName/GameFieldGeneratedPlaneAlgorithmMarker.cs: 505be8ba7cc43f00ae1cc5b5ce71b559 -> 
  custom:CustomObjectIndexerAttribute: 9a22284fe3817be447336de3de66b15e -> 
  custom:container-demuxer-webm: 4f35f7cbe854078d1ac9338744f61a02 -> 
  custom:scripting/monoscript/fileName/PurchaseAnimalTag.cs: 8f794ad5afbe806dfef508ff0dc3725b -> 
  custom:container-muxer-webm: aa71ff27fc2769a1b78a27578f13a17b -> 
  custom:video-decoder-webm-vp8: 9c59270c3fd7afecdb556c50c9e8de78 -> 
  custom:SearchIndexIgnoredProperties: e643bd26f0fe6173181afceb89e7c659 -> 
  custom:AudioImporter_EditorPlatform: d09bf68614088b80899f8185d706f6e7 -> 
  custom:video-encoder-webm-vp8: eb34c28f22e8b96e1ab97ce403110664 -> 
  custom:audio-decoder-ogg-vorbis: bf7c407c2cedff20999df2af8eb42d56 -> 
  custom:audio-encoder-webm-vorbis: bf7c407c2cedff20999df2af8eb42d56 -> 
  custom:scripting/precompiled-assembly-types:Assembly-CSharp: 74b0757fb3195a67641f972151e709da -> fe1f0beb764a7a3c5a0667557268a853
  custom:scripting/monoscript/fileName/GameFieldGeneratedPlaneAlgorithmAudioConfig.cs: dd76a1cfcc30cf141d185d00260c3c11 -> 
========================================================================
Received Import Request.
  Time since last request: 993.386238 seconds.
  path: Assets/_Project/GameScreen.prefab
  artifactKey: Guid(414af5587425f08428ab122766844dad) Importer(815301076,1909f56bfc062723c751e8b465ee728b)
Start importing Assets/_Project/GameScreen.prefab using Guid(414af5587425f08428ab122766844dad) Importer(815301076,1909f56bfc062723c751e8b465ee728b) [PhysX] Initialized MultithreadedTaskDispatcher with 12 workers.
 -> (artifact id: '3db8386609b08c39c7622b4304672c53') in 0.009916 seconds
Number of updated asset objects reloaded before import = 0
Number of asset objects unloaded after import = 0
========================================================================
Received Import Request.
  Time since last request: 1135.141818 seconds.
  path: Assets/_Project/GameScreen.prefab
  artifactKey: Guid(414af5587425f08428ab122766844dad) Importer(815301076,1909f56bfc062723c751e8b465ee728b)
Start importing Assets/_Project/GameScreen.prefab using Guid(414af5587425f08428ab122766844dad) Importer(815301076,1909f56bfc062723c751e8b465ee728b) [PhysX] Initialized MultithreadedTaskDispatcher with 12 workers.
 -> (artifact id: '9f6176bf57d3a9b2637699e79c75f280') in 0.037214 seconds
Number of updated asset objects reloaded before import = 0
Number of asset objects unloaded after import = 0
========================================================================
Received Prepare
Caller must complete domain reload
Begin MonoManager ReloadAssembly
- Loaded All Assemblies, in  2.387 seconds
Native extension for WindowsStandalone target not found
Native extension for Android target not found
Native extension for WebGL target not found
[Package Manager] Server::EnsureServerProcessIsRunning -- launch failed, reason: Unity was launched with the -noUpm command-line argument
[Package Manager] UpmClient::Send -- Unable to send message (not connected to UPM process).
[Package Manager] Cannot connect to Unity Package Manager local server
Mono: successfully reloaded assembly
[Package Manager] Server::EnsureServerProcessIsRunning -- launch failed, reason: Unity was launched with the -noUpm command-line argument
[Package Manager] UpmClient::Send -- Unable to send message (not connected to UPM process).
[Package Manager] Cannot connect to Unity Package Manager local server
- Finished resetting the current domain, in  2.244 seconds
Domain Reload Profiling: 4638ms
	BeginReloadAssembly (756ms)
		ExecutionOrderSort (0ms)
		DisableScriptedObjects (39ms)
		BackupInstance (0ms)
		ReleaseScriptingObjects (2ms)
		CreateAndSetChildDomain (391ms)
	RebuildCommonClasses (31ms)
	RebuildNativeTypeToScriptingClass (10ms)
	initialDomainReloadingComplete (58ms)
	LoadAllAssembliesAndSetupDomain (1539ms)
		LoadAssemblies (1601ms)
		RebuildTransferFunctionScriptingTraits (0ms)
		AnalyzeDomain (119ms)
			TypeCache.Refresh (64ms)
				TypeCache.ScanAssembly (6ms)
			ScanForSourceGeneratedMonoScriptInfo (34ms)
			ResolveRequiredComponents (19ms)
	FinalizeReload (2245ms)
		ReleaseScriptCaches (0ms)
		RebuildScriptCaches (0ms)
		SetupLoadedEditorAssemblies (906ms)
			LogAssemblyErrors (0ms)
			InitializePlatformSupportModulesInManaged (42ms)
			SetLoadedEditorAssemblies (4ms)
			RefreshPlugins (0ms)
			BeforeProcessingInitializeOnLoad (79ms)
			ProcessInitializeOnLoadAttributes (427ms)
			ProcessInitializeOnLoadMethodAttributes (351ms)
			AfterProcessingInitializeOnLoad (2ms)
			EditorAssembliesLoaded (1ms)
		ExecutionOrderSort2 (0ms)
		AwakeInstancesAfterBackupRestoration (5ms)
Refreshing native plugins compatible for Editor in 8.62 ms, found 3 plugins.
Preloading 0 native plugins for Editor in 0.00 ms.
Unloading 4335 Unused Serialized files (Serialized files now loaded: 0)
Unloading 31 unused Assets / (67.2 KB). Loaded Objects now: 5017.
Memory consumption went from 188.2 MB to 188.1 MB.
Total: 26.486800 ms (FindLiveObjects: 1.288100 ms CreateObjectMapping: 0.312000 ms MarkObjects: 24.439200 ms  DeleteObjects: 0.445800 ms)

Prepare: number of updated asset objects reloaded= 0
AssetImportParameters requested are different than current active one (requested -> active):
  custom:container-demuxer-ogg: 62fdf1f143b41e24485cea50d1cbac27 -> 
  custom:video-decoder-ogg-theora: a1e56fd34408186e4bbccfd4996cb3dc -> 
  custom:framework-win-MediaFoundation: 216162199b28c13a410421893ffa2e32 -> 
  custom:scripting/monoscript/fileName/GameFieldGeneratedPlaneAlgorithmMarker.cs: 505be8ba7cc43f00ae1cc5b5ce71b559 -> 
  custom:CustomObjectIndexerAttribute: 9a22284fe3817be447336de3de66b15e -> 
  custom:container-demuxer-webm: 4f35f7cbe854078d1ac9338744f61a02 -> 
  custom:scripting/monoscript/fileName/PurchaseAnimalTag.cs: 8f794ad5afbe806dfef508ff0dc3725b -> 
  custom:container-muxer-webm: aa71ff27fc2769a1b78a27578f13a17b -> 
  custom:video-decoder-webm-vp8: 9c59270c3fd7afecdb556c50c9e8de78 -> 
  custom:SearchIndexIgnoredProperties: e643bd26f0fe6173181afceb89e7c659 -> 
  custom:AudioImporter_EditorPlatform: d09bf68614088b80899f8185d706f6e7 -> 
  custom:video-encoder-webm-vp8: eb34c28f22e8b96e1ab97ce403110664 -> 
  custom:audio-decoder-ogg-vorbis: bf7c407c2cedff20999df2af8eb42d56 -> 
  custom:audio-encoder-webm-vorbis: bf7c407c2cedff20999df2af8eb42d56 -> 
  custom:scripting/precompiled-assembly-types:Assembly-CSharp: 74b0757fb3195a67641f972151e709da -> fe1f0beb764a7a3c5a0667557268a853
  custom:scripting/monoscript/fileName/GameFieldGeneratedPlaneAlgorithmAudioConfig.cs: dd76a1cfcc30cf141d185d00260c3c11 -> 
========================================================================
Received Prepare
Caller must complete domain reload
Begin MonoManager ReloadAssembly
- Loaded All Assemblies, in  2.538 seconds
Native extension for WindowsStandalone target not found
Native extension for Android target not found
Native extension for WebGL target not found
[Package Manager] Server::EnsureServerProcessIsRunning -- launch failed, reason: Unity was launched with the -noUpm command-line argument
[Package Manager] UpmClient::Send -- Unable to send message (not connected to UPM process).
[Package Manager] Cannot connect to Unity Package Manager local server
Mono: successfully reloaded assembly
[Package Manager] Server::EnsureServerProcessIsRunning -- launch failed, reason: Unity was launched with the -noUpm command-line argument
[Package Manager] UpmClient::Send -- Unable to send message (not connected to UPM process).
[Package Manager] Cannot connect to Unity Package Manager local server
- Finished resetting the current domain, in  2.903 seconds
Domain Reload Profiling: 5447ms
	BeginReloadAssembly (509ms)
		ExecutionOrderSort (0ms)
		DisableScriptedObjects (10ms)
		BackupInstance (0ms)
		ReleaseScriptingObjects (2ms)
		CreateAndSetChildDomain (109ms)
	RebuildCommonClasses (58ms)
	RebuildNativeTypeToScriptingClass (12ms)
	initialDomainReloadingComplete (130ms)
	LoadAllAssembliesAndSetupDomain (1834ms)
		LoadAssemblies (1947ms)
		RebuildTransferFunctionScriptingTraits (0ms)
		AnalyzeDomain (210ms)
			TypeCache.Refresh (106ms)
				TypeCache.ScanAssembly (19ms)
			ScanForSourceGeneratedMonoScriptInfo (71ms)
			ResolveRequiredComponents (31ms)
	FinalizeReload (2905ms)
		ReleaseScriptCaches (0ms)
		RebuildScriptCaches (0ms)
		SetupLoadedEditorAssemblies (1224ms)
			LogAssemblyErrors (0ms)
			InitializePlatformSupportModulesInManaged (165ms)
			SetLoadedEditorAssemblies (9ms)
			RefreshPlugins (0ms)
			BeforeProcessingInitializeOnLoad (119ms)
			ProcessInitializeOnLoadAttributes (568ms)
			ProcessInitializeOnLoadMethodAttributes (357ms)
			AfterProcessingInitializeOnLoad (3ms)
			EditorAssembliesLoaded (3ms)
		ExecutionOrderSort2 (1ms)
		AwakeInstancesAfterBackupRestoration (10ms)
Refreshing native plugins compatible for Editor in 25.89 ms, found 3 plugins.
Preloading 0 native plugins for Editor in 0.00 ms.
Unloading 4336 Unused Serialized files (Serialized files now loaded: 0)
Unloading 31 unused Assets / (66.1 KB). Loaded Objects now: 5020.
Memory consumption went from 188.5 MB to 188.4 MB.
Total: 37.661500 ms (FindLiveObjects: 2.658000 ms CreateObjectMapping: 0.694800 ms MarkObjects: 32.525600 ms  DeleteObjects: 1.779400 ms)

Prepare: number of updated asset objects reloaded= 0
AssetImportParameters requested are different than current active one (requested -> active):
  custom:scripting/monoscript/fileName/EcsPoolBase.cs: 31ac56193ae6d54339748acda32ec94d -> 13578c1186811575128a81ef58458158
  custom:container-demuxer-ogg: 62fdf1f143b41e24485cea50d1cbac27 -> 
  custom:scripting/monoscript/fileName/EcsWorld.cs: 22c9529b696807804c45b49aecb240e4 -> b5398d9e0d6d44b0656dfb9e069bdcb7
  custom:scripting/monoscript/fileName/EcsRunner.cs: 888da8f511430c4063b6409b3d58672b -> 71d2a3bda53ca5b6050345a489bc2623
  custom:scripting/monoscript/fileName/Injector.cs: 497aaabc2940aa3aa01d252fd8a0c47b -> 1c175fcff5ec2c8fc7a965114f3f7d7d
  custom:scripting/monoscript/fileName/EcsWorld.cache.cs: 6b1449c23a40962b50a2e08eb04ae9e6 -> 6f387c7e66db371630ef2a0a5fc22850
  custom:scripting/monoscript/fileName/InjectionBranch.cs: 4279a377faef040bb62fb4a633533f04 -> 7d84b04d553f6e4071360c20ba45080a
  custom:video-decoder-ogg-theora: a1e56fd34408186e4bbccfd4996cb3dc -> 
  custom:scripting/monoscript/fileName/EcsAspect.cs: 379ac680ffd19ab4b9f61502a7a6eff8 -> 226bdda0feb135d8ad2f56ec6d899a1d
  custom:framework-win-MediaFoundation: 216162199b28c13a410421893ffa2e32 -> 
  custom:scripting/monoscript/fileName/entlong.cs: fb737a2ecf18e5cd642c1cb50dfe46b8 -> de9b060f0b3358bb6a05d89bc42f0791
  custom:scripting/monoscript/fileName/MetaTagsAttribute.cs: f816c95d973588aac5587e0cf7b12543 -> 48654cba762b6d27f4b1d46fcf914471
  custom:scripting/monoscript/fileName/GameFieldGeneratedPlaneAlgorithmMarker.cs: 505be8ba7cc43f00ae1cc5b5ce71b559 -> 
  custom:scripting/monoscript/fileName/MetaGroupAttribute.cs: f6b3a56866565312640e6eda2030408e -> 41562d763411caf327dc60de94f75855
  custom:scripting/monoscript/fileName/BitsUtility.cs: 9d0da9e734b986fb4c879c4d944d8b14 -> c92cf35016096013ce0c38bf263e4405
  custom:CustomObjectIndexerAttribute: 9a22284fe3817be447336de3de66b15e -> 
  custom:scripting/monoscript/fileName/EcsWhereToGroupExecutor.cs: 8f6297df34271fdb1ce2d9607ec6261d -> 90647cc400823b41df847a6cbfc29026
  custom:scripting/monoscript/fileName/EcsWorld.pools.cs: 47beb563def6082bb4ad79bf75bb6a66 -> 2c8c92e9dae1546ac82eb30ddc32f89b
  custom:container-demuxer-webm: 4f35f7cbe854078d1ac9338744f61a02 -> 
  custom:scripting/monoscript/fileName/EcsTagPool.cs: d63c9283c9f0dc9a65cfcb4d6f3f406e -> 292012435f767377dfa5c5d9463011fc
  custom:scripting/monoscript/fileName/Queries.cs: 7ec416f24bbc2b3f63ed5485791e3250 -> 58afa85ab125f099ef201a63b191b316
  custom:scripting/monoscript/fileName/ArrayUtility.cs: b8c011a6edd79b211f0955ed46d60df1 -> 7ba2d4a9c78178d723b9d885f5f1af2e
  custom:scripting/monoscript/fileName/ITemplateNode.cs: cd6fd998d6867619a5c48da87fcf5a14 -> f5da816ed0ca7c34ef03789101f9d2a7
  custom:scripting/monoscript/fileName/PurchaseAnimalTag.cs: 8f794ad5afbe806dfef508ff0dc3725b -> 
  custom:scripting/monoscript/fileName/MetaDescriptionAttribute.cs: e311fd002cc0dc6e7dfd746e1f56fa4d -> db593401a601951b4b3fe210d2e6ac30
  custom:scripting/monoscript/fileName/EcsQueryExecutor.cs: cb7218d8ec00ef6dcd4958fea7556d82 -> 92321aad84d8490e6222233ad957067f
  custom:scripting/monoscript/fileName/IEcsTypeMetaProvider.cs: e76830a8fd8170d850ac464a370b8916 -> 03184fa6c59932ed538cbd8addf6fe48
  custom:scripting/monoscript/fileName/DataInterfaces.cs: 40735d631d366c73ff47fb097c329025 -> 4a32470493a767702519176ca1433fe7
  custom:scripting/monoscript/fileName/MetaColorAttribute.cs: 8a7fbcfd4a3ecc0628d8afb69765dc7d -> b291fc4e51b18e37e62b8c2cd9aedc86
  custom:scripting/monoscript/fileName/EcsDebugUtility.cs: 2be076fcf1f1c707a9eaee7da01b5c57 -> e6bcd67ac51126e8c5afedefba8d71da
  custom:scripting/monoscript/fileName/Consts.cs: 6eb20adfff3eee69e75faf4b73a2ddd6 -> a82fb62194155ef6154e1bce01fd9ff8
  custom:container-muxer-webm: aa71ff27fc2769a1b78a27578f13a17b -> 
  custom:video-decoder-webm-vp8: 9c59270c3fd7afecdb556c50c9e8de78 -> 
  custom:scripting/monoscript/fileName/EcsMask.cs: c7032164440c4d6e79eaef7871e350a0 -> 71a9ebdefefd85f00a63f4791a1ea3d1
  custom:scripting/monoscript/fileName/EcsTypeCode.cs: 10f78a56829fa79a2c926bb06b832e7c -> 51c186a230106c5e5caae5f4debb522f
  custom:SearchIndexIgnoredProperties: e643bd26f0fe6173181afceb89e7c659 -> 
  custom:AudioImporter_EditorPlatform: d09bf68614088b80899f8185d706f6e7 -> 
  custom:scripting/monoscript/fileName/EcsMetaAttribute.cs: 4681b49ca5ea899cb64dfc809ca3a8ea -> fd3ea90bde2894a0f0de9ba2a9ee1175
  custom:scripting/monoscript/fileName/ReflectionUtility.cs: 058ada316ffb2af4349828c12d73f05f -> 12b2c0079659a56c89e37a6035957749
  custom:scripting/monoscript/fileName/SparseArray.cs: e0a51e584485b56d9971a06b4f70ecb4 -> a53f96815da50de15010b1c479bc70cf
  custom:scripting/monoscript/fileName/MetaNameAttribute.cs: b18e144d46cb3e237061620a54a5c5b3 -> 5e226a78b91fbab58bf42b88813abd57
  custom:scripting/monoscript/fileName/Worlds.cs: 2095c64d03c345b28301088b270fc226 -> a519624c388a13e47405c0a2dabe03d9
  custom:scripting/monoscript/fileName/TypeMeta.cs: d699924ce717772f7c2cd77e38d71192 -> 24f705c5cf4437ab23e98a5be362a486
  custom:scripting/monoscript/fileName/BaseProcesses.cs: 80e3d614c7158c082908397fef1e317d -> 0a3575435ba216831ce2d6aa80f68677
  custom:scripting/monoscript/fileName/ArraySortHalperX.cs: 34c6ff9cf0aa0d720e612550af5c5d26 -> 849ed7f5b11c9db237ef61b01c5a5104
  custom:scripting/monoscript/fileName/IdDispenser.cs: bef711bcf3a1c70877f3acc0d83f608a -> 6b91817103880c6300d5bbc0a80dee89
  custom:scripting/monoscript/fileName/UncheckedCoreUtility.cs: aa37da10340101a351c8f424e4a43f12 -> 09fccf4854a9f3d55ae4968719f5f130
  custom:scripting/monoscript/fileName/EcsWhereExecutor.cs: 8f6297df34271fdb1ce2d9607ec6261d -> 90647cc400823b41df847a6cbfc29026
  custom:scripting/monoscript/fileName/Exceptions.cs: e7350dd3f4b1c79c9fcc1da058ddd1dd -> 5a99b6c5dbdfe99f70e6110b9053674e
  custom:scripting/monoscript/fileName/EcsPipeline.cs: 20e3b45874106257d644cc4ae0f33185 -> 36e23495764e4bec4ffd55587fa9bce0
  custom:scripting/monoscript/fileName/Interfaces.cs: 681918feb06dbc142788871f8a6610d3 -> fc983f43e88a1e2383a87bd1535543fc
  custom:scripting/monoscript/fileName/UnsafeArray.cs: 34c6ff9cf0aa0d720e612550af5c5d26 -> 849ed7f5b11c9db237ef61b01c5a5104
  custom:video-encoder-webm-vp8: eb34c28f22e8b96e1ab97ce403110664 -> 
  custom:audio-decoder-ogg-vorbis: bf7c407c2cedff20999df2af8eb42d56 -> 
  custom:scripting/monoscript/fileName/Aspects.cs: 1bb7690008a48009fa7704e7d80ce115 -> 5d6713079a073ac4c50170617f2cbbdd
  custom:scripting/monoscript/fileName/EcsGroup.cs: d28e68a8e3335e3ff75090b24d219185 -> 07228ccef216f15bc3f56e47b32f26f0
  custom:scripting/monoscript/fileName/InjectionNode.cs: a7d92609dd9cfc813f9dccdefcda74cf -> 7d6c6f255293ac7ab881de6eb1e69df7
  custom:audio-encoder-webm-vorbis: bf7c407c2cedff20999df2af8eb42d56 -> 
  custom:scripting/monoscript/fileName/EcsDebug.cs: ad23832bbeaf496a3eba629cd3080a70 -> 8eea15508cf5695757b725dea1725cc6
  custom:scripting/monoscript/fileName/EcsWorld.static.cs: f85c16838859d07970713c1de49a3eef -> ee995408255e09566032e690e1f3317f
  custom:scripting/monoscript/fileName/EcsSpan.cs: 15f074769c3fa58382bc0456b3014117 -> 5396e8906f65d637e3c12326ff4a7ea8
  custom:scripting/monoscript/fileName/IConfigContainer.cs: ee47ea4eb3954f388b1065d58a23985a -> 30fa438da5de3948b7e37a4c6c6e4b4f
  custom:scripting/monoscript/fileName/EcsPipelineExtensions.cs: 597578e060d6d93abc2e740705b386d0 -> 1fbf402bff11f45c5350e88723859228
  custom:scripting/monoscript/fileName/EcsPool.cs: 40748e41624ef0b0c2cadcd56b76135d -> a404ad22ede0b7d8f576df1bedbf538c
  custom:scripting/precompiled-assembly-types:Assembly-CSharp: 74b0757fb3195a67641f972151e709da -> fe1f0beb764a7a3c5a0667557268a853
  custom:scripting/monoscript/fileName/GameFieldGeneratedPlaneAlgorithmAudioConfig.cs: dd76a1cfcc30cf141d185d00260c3c11 -> 
========================================================================
Received Prepare
Caller must complete domain reload
Begin MonoManager ReloadAssembly
- Loaded All Assemblies, in  1.998 seconds
Native extension for WindowsStandalone target not found
Native extension for Android target not found
Native extension for WebGL target not found
[Package Manager] Server::EnsureServerProcessIsRunning -- launch failed, reason: Unity was launched with the -noUpm command-line argument
[Package Manager] UpmClient::Send -- Unable to send message (not connected to UPM process).
[Package Manager] Cannot connect to Unity Package Manager local server
Mono: successfully reloaded assembly
[Package Manager] Server::EnsureServerProcessIsRunning -- launch failed, reason: Unity was launched with the -noUpm command-line argument
[Package Manager] UpmClient::Send -- Unable to send message (not connected to UPM process).
[Package Manager] Cannot connect to Unity Package Manager local server
- Finished resetting the current domain, in  1.437 seconds
Domain Reload Profiling: 3437ms
	BeginReloadAssembly (280ms)
		ExecutionOrderSort (0ms)
		DisableScriptedObjects (6ms)
		BackupInstance (0ms)
		ReleaseScriptingObjects (1ms)
		CreateAndSetChildDomain (65ms)
	RebuildCommonClasses (49ms)
	RebuildNativeTypeToScriptingClass (12ms)
	initialDomainReloadingComplete (36ms)
	LoadAllAssembliesAndSetupDomain (1622ms)
		LoadAssemblies (1685ms)
		RebuildTransferFunctionScriptingTraits (0ms)
		AnalyzeDomain (104ms)
			TypeCache.Refresh (68ms)
				TypeCache.ScanAssembly (12ms)
			ScanForSourceGeneratedMonoScriptInfo (22ms)
			ResolveRequiredComponents (12ms)
	FinalizeReload (1438ms)
		ReleaseScriptCaches (0ms)
		RebuildScriptCaches (0ms)
		SetupLoadedEditorAssemblies (758ms)
			LogAssemblyErrors (0ms)
			InitializePlatformSupportModulesInManaged (43ms)
			SetLoadedEditorAssemblies (4ms)
			RefreshPlugins (0ms)
			BeforeProcessingInitializeOnLoad (78ms)
			ProcessInitializeOnLoadAttributes (377ms)
			ProcessInitializeOnLoadMethodAttributes (253ms)
			AfterProcessingInitializeOnLoad (3ms)
			EditorAssembliesLoaded (1ms)
		ExecutionOrderSort2 (0ms)
		AwakeInstancesAfterBackupRestoration (6ms)
Refreshing native plugins compatible for Editor in 13.04 ms, found 3 plugins.
Preloading 0 native plugins for Editor in 0.00 ms.
Unloading 4336 Unused Serialized files (Serialized files now loaded: 0)
Unloading 31 unused Assets / (66.1 KB). Loaded Objects now: 5023.
Memory consumption went from 188.5 MB to 188.4 MB.
Total: 24.630600 ms (FindLiveObjects: 0.872300 ms CreateObjectMapping: 0.428500 ms MarkObjects: 23.054800 ms  DeleteObjects: 0.272500 ms)

Prepare: number of updated asset objects reloaded= 0
AssetImportParameters requested are different than current active one (requested -> active):
  custom:scripting/monoscript/fileName/EcsPoolBase.cs: 31ac56193ae6d54339748acda32ec94d -> 13578c1186811575128a81ef58458158
  custom:container-demuxer-ogg: 62fdf1f143b41e24485cea50d1cbac27 -> 
  custom:scripting/monoscript/fileName/EcsWorld.cs: 22c9529b696807804c45b49aecb240e4 -> b5398d9e0d6d44b0656dfb9e069bdcb7
  custom:scripting/monoscript/fileName/EcsRunner.cs: 888da8f511430c4063b6409b3d58672b -> 71d2a3bda53ca5b6050345a489bc2623
  custom:scripting/monoscript/fileName/Injector.cs: 497aaabc2940aa3aa01d252fd8a0c47b -> 1c175fcff5ec2c8fc7a965114f3f7d7d
  custom:scripting/monoscript/fileName/EcsWorld.cache.cs: 6b1449c23a40962b50a2e08eb04ae9e6 -> 6f387c7e66db371630ef2a0a5fc22850
  custom:scripting/monoscript/fileName/InjectionBranch.cs: 4279a377faef040bb62fb4a633533f04 -> 7d84b04d553f6e4071360c20ba45080a
  custom:video-decoder-ogg-theora: a1e56fd34408186e4bbccfd4996cb3dc -> 
  custom:scripting/monoscript/fileName/EcsAspect.cs: 379ac680ffd19ab4b9f61502a7a6eff8 -> 226bdda0feb135d8ad2f56ec6d899a1d
  custom:framework-win-MediaFoundation: 216162199b28c13a410421893ffa2e32 -> 
  custom:scripting/monoscript/fileName/entlong.cs: fb737a2ecf18e5cd642c1cb50dfe46b8 -> de9b060f0b3358bb6a05d89bc42f0791
  custom:scripting/monoscript/fileName/MetaTagsAttribute.cs: f816c95d973588aac5587e0cf7b12543 -> 48654cba762b6d27f4b1d46fcf914471
  custom:scripting/monoscript/fileName/GameFieldGeneratedPlaneAlgorithmMarker.cs: 505be8ba7cc43f00ae1cc5b5ce71b559 -> 
  custom:scripting/monoscript/fileName/MetaGroupAttribute.cs: f6b3a56866565312640e6eda2030408e -> 41562d763411caf327dc60de94f75855
  custom:scripting/monoscript/fileName/BitsUtility.cs: 9d0da9e734b986fb4c879c4d944d8b14 -> c92cf35016096013ce0c38bf263e4405
  custom:CustomObjectIndexerAttribute: 9a22284fe3817be447336de3de66b15e -> 
  custom:scripting/monoscript/fileName/EcsWhereToGroupExecutor.cs: 8f6297df34271fdb1ce2d9607ec6261d -> 90647cc400823b41df847a6cbfc29026
  custom:scripting/monoscript/fileName/EcsWorld.pools.cs: 47beb563def6082bb4ad79bf75bb6a66 -> 2c8c92e9dae1546ac82eb30ddc32f89b
  custom:container-demuxer-webm: 4f35f7cbe854078d1ac9338744f61a02 -> 
  custom:scripting/monoscript/fileName/EcsTagPool.cs: d63c9283c9f0dc9a65cfcb4d6f3f406e -> 292012435f767377dfa5c5d9463011fc
  custom:scripting/monoscript/fileName/Queries.cs: 7ec416f24bbc2b3f63ed5485791e3250 -> 58afa85ab125f099ef201a63b191b316
  custom:scripting/monoscript/fileName/ArrayUtility.cs: b8c011a6edd79b211f0955ed46d60df1 -> 7ba2d4a9c78178d723b9d885f5f1af2e
  custom:scripting/monoscript/fileName/ITemplateNode.cs: cd6fd998d6867619a5c48da87fcf5a14 -> f5da816ed0ca7c34ef03789101f9d2a7
  custom:scripting/monoscript/fileName/PurchaseAnimalTag.cs: 8f794ad5afbe806dfef508ff0dc3725b -> 
  custom:scripting/monoscript/fileName/MetaDescriptionAttribute.cs: e311fd002cc0dc6e7dfd746e1f56fa4d -> db593401a601951b4b3fe210d2e6ac30
  custom:scripting/monoscript/fileName/EcsQueryExecutor.cs: cb7218d8ec00ef6dcd4958fea7556d82 -> 92321aad84d8490e6222233ad957067f
  custom:scripting/monoscript/fileName/IEcsTypeMetaProvider.cs: e76830a8fd8170d850ac464a370b8916 -> 03184fa6c59932ed538cbd8addf6fe48
  custom:scripting/monoscript/fileName/DataInterfaces.cs: 40735d631d366c73ff47fb097c329025 -> 4a32470493a767702519176ca1433fe7
  custom:scripting/monoscript/fileName/MetaColorAttribute.cs: 8a7fbcfd4a3ecc0628d8afb69765dc7d -> b291fc4e51b18e37e62b8c2cd9aedc86
  custom:scripting/monoscript/fileName/EcsDebugUtility.cs: 2be076fcf1f1c707a9eaee7da01b5c57 -> e6bcd67ac51126e8c5afedefba8d71da
  custom:scripting/monoscript/fileName/Consts.cs: 6eb20adfff3eee69e75faf4b73a2ddd6 -> a82fb62194155ef6154e1bce01fd9ff8
  custom:container-muxer-webm: aa71ff27fc2769a1b78a27578f13a17b -> 
  custom:video-decoder-webm-vp8: 9c59270c3fd7afecdb556c50c9e8de78 -> 
  custom:scripting/monoscript/fileName/EcsMask.cs: c7032164440c4d6e79eaef7871e350a0 -> 71a9ebdefefd85f00a63f4791a1ea3d1
  custom:scripting/monoscript/fileName/EcsTypeCode.cs: 10f78a56829fa79a2c926bb06b832e7c -> 51c186a230106c5e5caae5f4debb522f
  custom:SearchIndexIgnoredProperties: e643bd26f0fe6173181afceb89e7c659 -> 
  custom:AudioImporter_EditorPlatform: d09bf68614088b80899f8185d706f6e7 -> 
  custom:scripting/monoscript/fileName/EcsMetaAttribute.cs: 4681b49ca5ea899cb64dfc809ca3a8ea -> fd3ea90bde2894a0f0de9ba2a9ee1175
  custom:scripting/monoscript/fileName/ReflectionUtility.cs: 058ada316ffb2af4349828c12d73f05f -> 12b2c0079659a56c89e37a6035957749
  custom:scripting/monoscript/fileName/SparseArray.cs: e0a51e584485b56d9971a06b4f70ecb4 -> a53f96815da50de15010b1c479bc70cf
  custom:scripting/monoscript/fileName/MetaNameAttribute.cs: b18e144d46cb3e237061620a54a5c5b3 -> 5e226a78b91fbab58bf42b88813abd57
  custom:scripting/monoscript/fileName/Worlds.cs: 2095c64d03c345b28301088b270fc226 -> a519624c388a13e47405c0a2dabe03d9
  custom:scripting/monoscript/fileName/TypeMeta.cs: d699924ce717772f7c2cd77e38d71192 -> 24f705c5cf4437ab23e98a5be362a486
  custom:scripting/monoscript/fileName/BaseProcesses.cs: 80e3d614c7158c082908397fef1e317d -> 0a3575435ba216831ce2d6aa80f68677
  custom:scripting/monoscript/fileName/ArraySortHalperX.cs: 34c6ff9cf0aa0d720e612550af5c5d26 -> 849ed7f5b11c9db237ef61b01c5a5104
  custom:scripting/monoscript/fileName/IdDispenser.cs: bef711bcf3a1c70877f3acc0d83f608a -> 6b91817103880c6300d5bbc0a80dee89
  custom:scripting/monoscript/fileName/UncheckedCoreUtility.cs: aa37da10340101a351c8f424e4a43f12 -> 09fccf4854a9f3d55ae4968719f5f130
  custom:scripting/monoscript/fileName/EcsWhereExecutor.cs: 8f6297df34271fdb1ce2d9607ec6261d -> 90647cc400823b41df847a6cbfc29026
  custom:scripting/monoscript/fileName/Exceptions.cs: e7350dd3f4b1c79c9fcc1da058ddd1dd -> 5a99b6c5dbdfe99f70e6110b9053674e
  custom:scripting/monoscript/fileName/EcsPipeline.cs: 20e3b45874106257d644cc4ae0f33185 -> 36e23495764e4bec4ffd55587fa9bce0
  custom:scripting/monoscript/fileName/Interfaces.cs: 681918feb06dbc142788871f8a6610d3 -> fc983f43e88a1e2383a87bd1535543fc
  custom:scripting/monoscript/fileName/UnsafeArray.cs: 34c6ff9cf0aa0d720e612550af5c5d26 -> 849ed7f5b11c9db237ef61b01c5a5104
  custom:video-encoder-webm-vp8: eb34c28f22e8b96e1ab97ce403110664 -> 
  custom:audio-decoder-ogg-vorbis: bf7c407c2cedff20999df2af8eb42d56 -> 
  custom:scripting/monoscript/fileName/Aspects.cs: 1bb7690008a48009fa7704e7d80ce115 -> 5d6713079a073ac4c50170617f2cbbdd
  custom:scripting/monoscript/fileName/EcsGroup.cs: d28e68a8e3335e3ff75090b24d219185 -> 07228ccef216f15bc3f56e47b32f26f0
  custom:scripting/monoscript/fileName/InjectionNode.cs: a7d92609dd9cfc813f9dccdefcda74cf -> 7d6c6f255293ac7ab881de6eb1e69df7
  custom:audio-encoder-webm-vorbis: bf7c407c2cedff20999df2af8eb42d56 -> 
  custom:scripting/monoscript/fileName/EcsDebug.cs: ad23832bbeaf496a3eba629cd3080a70 -> 8eea15508cf5695757b725dea1725cc6
  custom:scripting/monoscript/fileName/EcsWorld.static.cs: f85c16838859d07970713c1de49a3eef -> ee995408255e09566032e690e1f3317f
  custom:scripting/monoscript/fileName/EcsSpan.cs: 15f074769c3fa58382bc0456b3014117 -> 5396e8906f65d637e3c12326ff4a7ea8
  custom:scripting/monoscript/fileName/IConfigContainer.cs: ee47ea4eb3954f388b1065d58a23985a -> 30fa438da5de3948b7e37a4c6c6e4b4f
  custom:scripting/monoscript/fileName/EcsPipelineExtensions.cs: 597578e060d6d93abc2e740705b386d0 -> 1fbf402bff11f45c5350e88723859228
  custom:scripting/monoscript/fileName/EcsPool.cs: 40748e41624ef0b0c2cadcd56b76135d -> a404ad22ede0b7d8f576df1bedbf538c
  custom:scripting/precompiled-assembly-types:Assembly-CSharp: 74b0757fb3195a67641f972151e709da -> fe1f0beb764a7a3c5a0667557268a853
  custom:scripting/monoscript/fileName/GameFieldGeneratedPlaneAlgorithmAudioConfig.cs: dd76a1cfcc30cf141d185d00260c3c11 -> 
========================================================================
Received Prepare
Caller must complete domain reload
Begin MonoManager ReloadAssembly
- Loaded All Assemblies, in  0.619 seconds
Native extension for WindowsStandalone target not found
Native extension for Android target not found
Native extension for WebGL target not found
[Package Manager] Server::EnsureServerProcessIsRunning -- launch failed, reason: Unity was launched with the -noUpm command-line argument
[Package Manager] UpmClient::Send -- Unable to send message (not connected to UPM process).
[Package Manager] Cannot connect to Unity Package Manager local server
Mono: successfully reloaded assembly
[Package Manager] Server::EnsureServerProcessIsRunning -- launch failed, reason: Unity was launched with the -noUpm command-line argument
[Package Manager] UpmClient::Send -- Unable to send message (not connected to UPM process).
[Package Manager] Cannot connect to Unity Package Manager local server
- Finished resetting the current domain, in  1.669 seconds
Domain Reload Profiling: 2288ms
	BeginReloadAssembly (164ms)
		ExecutionOrderSort (0ms)
		DisableScriptedObjects (6ms)
		BackupInstance (0ms)
		ReleaseScriptingObjects (0ms)
		CreateAndSetChildDomain (54ms)
	RebuildCommonClasses (28ms)
	RebuildNativeTypeToScriptingClass (9ms)
	initialDomainReloadingComplete (30ms)
	LoadAllAssembliesAndSetupDomain (387ms)
		LoadAssemblies (424ms)
		RebuildTransferFunctionScriptingTraits (0ms)
		AnalyzeDomain (36ms)
			TypeCache.Refresh (19ms)
				TypeCache.ScanAssembly (7ms)
			ScanForSourceGeneratedMonoScriptInfo (9ms)
			ResolveRequiredComponents (6ms)
	FinalizeReload (1670ms)
		ReleaseScriptCaches (0ms)
		RebuildScriptCaches (0ms)
		SetupLoadedEditorAssemblies (866ms)
			LogAssemblyErrors (0ms)
			InitializePlatformSupportModulesInManaged (22ms)
			SetLoadedEditorAssemblies (4ms)
			RefreshPlugins (0ms)
			BeforeProcessingInitializeOnLoad (64ms)
			ProcessInitializeOnLoadAttributes (417ms)
			ProcessInitializeOnLoadMethodAttributes (356ms)
			AfterProcessingInitializeOnLoad (3ms)
			EditorAssembliesLoaded (0ms)
		ExecutionOrderSort2 (0ms)
		AwakeInstancesAfterBackupRestoration (6ms)
Refreshing native plugins compatible for Editor in 15.33 ms, found 3 plugins.
Preloading 0 native plugins for Editor in 0.00 ms.
Unloading 4336 Unused Serialized files (Serialized files now loaded: 0)
Unloading 31 unused Assets / (66.2 KB). Loaded Objects now: 5026.
Memory consumption went from 188.5 MB to 188.4 MB.
Total: 29.273600 ms (FindLiveObjects: 1.308100 ms CreateObjectMapping: 0.354500 ms MarkObjects: 27.134100 ms  DeleteObjects: 0.473800 ms)

Prepare: number of updated asset objects reloaded= 0
AssetImportParameters requested are different than current active one (requested -> active):
  custom:scripting/monoscript/fileName/EcsPoolBase.cs: 31ac56193ae6d54339748acda32ec94d -> 13578c1186811575128a81ef58458158
  custom:container-demuxer-ogg: 62fdf1f143b41e24485cea50d1cbac27 -> 
  custom:scripting/monoscript/fileName/EcsWorld.cs: 22c9529b696807804c45b49aecb240e4 -> b5398d9e0d6d44b0656dfb9e069bdcb7
  custom:scripting/monoscript/fileName/EcsRunner.cs: 888da8f511430c4063b6409b3d58672b -> 71d2a3bda53ca5b6050345a489bc2623
  custom:scripting/monoscript/fileName/Injector.cs: 497aaabc2940aa3aa01d252fd8a0c47b -> 1c175fcff5ec2c8fc7a965114f3f7d7d
  custom:scripting/monoscript/fileName/EcsWorld.cache.cs: 6b1449c23a40962b50a2e08eb04ae9e6 -> 6f387c7e66db371630ef2a0a5fc22850
  custom:scripting/monoscript/fileName/InjectionBranch.cs: 4279a377faef040bb62fb4a633533f04 -> 7d84b04d553f6e4071360c20ba45080a
  custom:video-decoder-ogg-theora: a1e56fd34408186e4bbccfd4996cb3dc -> 
  custom:scripting/monoscript/fileName/EcsAspect.cs: 379ac680ffd19ab4b9f61502a7a6eff8 -> 226bdda0feb135d8ad2f56ec6d899a1d
  custom:framework-win-MediaFoundation: 216162199b28c13a410421893ffa2e32 -> 
  custom:scripting/monoscript/fileName/entlong.cs: fb737a2ecf18e5cd642c1cb50dfe46b8 -> de9b060f0b3358bb6a05d89bc42f0791
  custom:scripting/monoscript/fileName/MetaTagsAttribute.cs: f816c95d973588aac5587e0cf7b12543 -> 48654cba762b6d27f4b1d46fcf914471
  custom:scripting/monoscript/fileName/GameFieldGeneratedPlaneAlgorithmMarker.cs: 505be8ba7cc43f00ae1cc5b5ce71b559 -> 
  custom:scripting/monoscript/fileName/MetaGroupAttribute.cs: f6b3a56866565312640e6eda2030408e -> 41562d763411caf327dc60de94f75855
  custom:scripting/monoscript/fileName/BitsUtility.cs: 9d0da9e734b986fb4c879c4d944d8b14 -> c92cf35016096013ce0c38bf263e4405
  custom:CustomObjectIndexerAttribute: 9a22284fe3817be447336de3de66b15e -> 
  custom:scripting/monoscript/fileName/EcsWhereToGroupExecutor.cs: 8f6297df34271fdb1ce2d9607ec6261d -> 90647cc400823b41df847a6cbfc29026
  custom:scripting/monoscript/fileName/EcsWorld.pools.cs: 47beb563def6082bb4ad79bf75bb6a66 -> 2c8c92e9dae1546ac82eb30ddc32f89b
  custom:container-demuxer-webm: 4f35f7cbe854078d1ac9338744f61a02 -> 
  custom:scripting/monoscript/fileName/EcsTagPool.cs: d63c9283c9f0dc9a65cfcb4d6f3f406e -> 292012435f767377dfa5c5d9463011fc
  custom:scripting/monoscript/fileName/Queries.cs: 7ec416f24bbc2b3f63ed5485791e3250 -> 58afa85ab125f099ef201a63b191b316
  custom:scripting/monoscript/fileName/ArrayUtility.cs: b8c011a6edd79b211f0955ed46d60df1 -> 7ba2d4a9c78178d723b9d885f5f1af2e
  custom:scripting/monoscript/fileName/ITemplateNode.cs: cd6fd998d6867619a5c48da87fcf5a14 -> f5da816ed0ca7c34ef03789101f9d2a7
  custom:scripting/monoscript/fileName/PurchaseAnimalTag.cs: 8f794ad5afbe806dfef508ff0dc3725b -> 
  custom:scripting/monoscript/fileName/MetaDescriptionAttribute.cs: e311fd002cc0dc6e7dfd746e1f56fa4d -> db593401a601951b4b3fe210d2e6ac30
  custom:scripting/monoscript/fileName/EcsQueryExecutor.cs: cb7218d8ec00ef6dcd4958fea7556d82 -> 92321aad84d8490e6222233ad957067f
  custom:scripting/monoscript/fileName/IEcsTypeMetaProvider.cs: e76830a8fd8170d850ac464a370b8916 -> 03184fa6c59932ed538cbd8addf6fe48
  custom:scripting/monoscript/fileName/DataInterfaces.cs: 40735d631d366c73ff47fb097c329025 -> 4a32470493a767702519176ca1433fe7
  custom:scripting/monoscript/fileName/MetaColorAttribute.cs: 8a7fbcfd4a3ecc0628d8afb69765dc7d -> b291fc4e51b18e37e62b8c2cd9aedc86
  custom:scripting/monoscript/fileName/EcsDebugUtility.cs: 2be076fcf1f1c707a9eaee7da01b5c57 -> e6bcd67ac51126e8c5afedefba8d71da
  custom:scripting/monoscript/fileName/Consts.cs: 6eb20adfff3eee69e75faf4b73a2ddd6 -> a82fb62194155ef6154e1bce01fd9ff8
  custom:container-muxer-webm: aa71ff27fc2769a1b78a27578f13a17b -> 
  custom:video-decoder-webm-vp8: 9c59270c3fd7afecdb556c50c9e8de78 -> 
  custom:scripting/monoscript/fileName/EcsMask.cs: c7032164440c4d6e79eaef7871e350a0 -> 71a9ebdefefd85f00a63f4791a1ea3d1
  custom:scripting/monoscript/fileName/EcsTypeCode.cs: 10f78a56829fa79a2c926bb06b832e7c -> 51c186a230106c5e5caae5f4debb522f
  custom:SearchIndexIgnoredProperties: e643bd26f0fe6173181afceb89e7c659 -> 
  custom:AudioImporter_EditorPlatform: d09bf68614088b80899f8185d706f6e7 -> 
  custom:scripting/monoscript/fileName/EcsMetaAttribute.cs: 4681b49ca5ea899cb64dfc809ca3a8ea -> fd3ea90bde2894a0f0de9ba2a9ee1175
  custom:scripting/monoscript/fileName/ReflectionUtility.cs: 058ada316ffb2af4349828c12d73f05f -> 12b2c0079659a56c89e37a6035957749
  custom:scripting/monoscript/fileName/SparseArray.cs: e0a51e584485b56d9971a06b4f70ecb4 -> a53f96815da50de15010b1c479bc70cf
  custom:scripting/monoscript/fileName/MetaNameAttribute.cs: b18e144d46cb3e237061620a54a5c5b3 -> 5e226a78b91fbab58bf42b88813abd57
  custom:scripting/monoscript/fileName/Worlds.cs: 2095c64d03c345b28301088b270fc226 -> a519624c388a13e47405c0a2dabe03d9
  custom:scripting/monoscript/fileName/TypeMeta.cs: d699924ce717772f7c2cd77e38d71192 -> 24f705c5cf4437ab23e98a5be362a486
  custom:scripting/monoscript/fileName/BaseProcesses.cs: 80e3d614c7158c082908397fef1e317d -> 0a3575435ba216831ce2d6aa80f68677
  custom:scripting/monoscript/fileName/ArraySortHalperX.cs: 34c6ff9cf0aa0d720e612550af5c5d26 -> 849ed7f5b11c9db237ef61b01c5a5104
  custom:scripting/monoscript/fileName/IdDispenser.cs: bef711bcf3a1c70877f3acc0d83f608a -> 6b91817103880c6300d5bbc0a80dee89
  custom:scripting/monoscript/fileName/UncheckedCoreUtility.cs: aa37da10340101a351c8f424e4a43f12 -> 09fccf4854a9f3d55ae4968719f5f130
  custom:scripting/monoscript/fileName/EcsWhereExecutor.cs: 8f6297df34271fdb1ce2d9607ec6261d -> 90647cc400823b41df847a6cbfc29026
  custom:scripting/monoscript/fileName/Exceptions.cs: e7350dd3f4b1c79c9fcc1da058ddd1dd -> 5a99b6c5dbdfe99f70e6110b9053674e
  custom:scripting/monoscript/fileName/EcsPipeline.cs: 20e3b45874106257d644cc4ae0f33185 -> 36e23495764e4bec4ffd55587fa9bce0
  custom:scripting/monoscript/fileName/Interfaces.cs: 681918feb06dbc142788871f8a6610d3 -> fc983f43e88a1e2383a87bd1535543fc
  custom:scripting/monoscript/fileName/UnsafeArray.cs: 34c6ff9cf0aa0d720e612550af5c5d26 -> 849ed7f5b11c9db237ef61b01c5a5104
  custom:video-encoder-webm-vp8: eb34c28f22e8b96e1ab97ce403110664 -> 
  custom:audio-decoder-ogg-vorbis: bf7c407c2cedff20999df2af8eb42d56 -> 
  custom:scripting/monoscript/fileName/Aspects.cs: 1bb7690008a48009fa7704e7d80ce115 -> 5d6713079a073ac4c50170617f2cbbdd
  custom:scripting/monoscript/fileName/EcsGroup.cs: d28e68a8e3335e3ff75090b24d219185 -> 07228ccef216f15bc3f56e47b32f26f0
  custom:scripting/monoscript/fileName/InjectionNode.cs: a7d92609dd9cfc813f9dccdefcda74cf -> 7d6c6f255293ac7ab881de6eb1e69df7
  custom:audio-encoder-webm-vorbis: bf7c407c2cedff20999df2af8eb42d56 -> 
  custom:scripting/monoscript/fileName/EcsDebug.cs: ad23832bbeaf496a3eba629cd3080a70 -> 8eea15508cf5695757b725dea1725cc6
  custom:scripting/monoscript/fileName/EcsWorld.static.cs: f85c16838859d07970713c1de49a3eef -> ee995408255e09566032e690e1f3317f
  custom:scripting/monoscript/fileName/EcsSpan.cs: 15f074769c3fa58382bc0456b3014117 -> 5396e8906f65d637e3c12326ff4a7ea8
  custom:scripting/monoscript/fileName/IConfigContainer.cs: ee47ea4eb3954f388b1065d58a23985a -> 30fa438da5de3948b7e37a4c6c6e4b4f
  custom:scripting/monoscript/fileName/EcsPipelineExtensions.cs: 597578e060d6d93abc2e740705b386d0 -> 1fbf402bff11f45c5350e88723859228
  custom:scripting/monoscript/fileName/EcsPool.cs: 40748e41624ef0b0c2cadcd56b76135d -> a404ad22ede0b7d8f576df1bedbf538c
  custom:scripting/precompiled-assembly-types:Assembly-CSharp: 74b0757fb3195a67641f972151e709da -> fe1f0beb764a7a3c5a0667557268a853
  custom:scripting/monoscript/fileName/GameFieldGeneratedPlaneAlgorithmAudioConfig.cs: dd76a1cfcc30cf141d185d00260c3c11 -> 
========================================================================
Received Prepare
Caller must complete domain reload
Begin MonoManager ReloadAssembly
- Loaded All Assemblies, in  4.532 seconds
Native extension for WindowsStandalone target not found
Native extension for Android target not found
Native extension for WebGL target not found
[Package Manager] Server::EnsureServerProcessIsRunning -- launch failed, reason: Unity was launched with the -noUpm command-line argument
[Package Manager] UpmClient::Send -- Unable to send message (not connected to UPM process).
[Package Manager] Cannot connect to Unity Package Manager local server
Mono: successfully reloaded assembly
[Package Manager] Server::EnsureServerProcessIsRunning -- launch failed, reason: Unity was launched with the -noUpm command-line argument
[Package Manager] UpmClient::Send -- Unable to send message (not connected to UPM process).
[Package Manager] Cannot connect to Unity Package Manager local server
- Finished resetting the current domain, in  4.925 seconds
Domain Reload Profiling: 9463ms
	BeginReloadAssembly (1511ms)
		ExecutionOrderSort (0ms)
		DisableScriptedObjects (186ms)
		BackupInstance (0ms)
		ReleaseScriptingObjects (4ms)
		CreateAndSetChildDomain (674ms)
	RebuildCommonClasses (36ms)
	RebuildNativeTypeToScriptingClass (9ms)
	initialDomainReloadingComplete (63ms)
	LoadAllAssembliesAndSetupDomain (2917ms)
		LoadAssemblies (3150ms)
		RebuildTransferFunctionScriptingTraits (0ms)
		AnalyzeDomain (152ms)
			TypeCache.Refresh (85ms)
				TypeCache.ScanAssembly (13ms)
			ScanForSourceGeneratedMonoScriptInfo (48ms)
			ResolveRequiredComponents (17ms)
	FinalizeReload (4928ms)
		ReleaseScriptCaches (0ms)
		RebuildScriptCaches (0ms)
		SetupLoadedEditorAssemblies (2019ms)
			LogAssemblyErrors (0ms)
			InitializePlatformSupportModulesInManaged (233ms)
			SetLoadedEditorAssemblies (12ms)
			RefreshPlugins (0ms)
			BeforeProcessingInitializeOnLoad (192ms)
			ProcessInitializeOnLoadAttributes (823ms)
			ProcessInitializeOnLoadMethodAttributes (746ms)
			AfterProcessingInitializeOnLoad (3ms)
			EditorAssembliesLoaded (11ms)
		ExecutionOrderSort2 (0ms)
		AwakeInstancesAfterBackupRestoration (9ms)
Script is not up to date after domain reload: guid(80368d97148645a8b82eb7a2930d545a) path("Assets/_Project/Scripts/Gameplay/Features/UIFeature/Systems/DisplayAnimalPurchaseWindowSystem.cs") state(2)
Refreshing native plugins compatible for Editor in 12.67 ms, found 3 plugins.
Preloading 0 native plugins for Editor in 0.00 ms.
Unloading 4335 Unused Serialized files (Serialized files now loaded: 0)
Unloading 31 unused Assets / (66.2 KB). Loaded Objects now: 5028.
Memory consumption went from 188.5 MB to 188.4 MB.
Total: 40.209500 ms (FindLiveObjects: 2.175900 ms CreateObjectMapping: 0.343700 ms MarkObjects: 36.418100 ms  DeleteObjects: 1.270000 ms)

Prepare: number of updated asset objects reloaded= 0
AssetImportParameters requested are different than current active one (requested -> active):
  custom:scripting/monoscript/fileName/EcsPoolBase.cs: 31ac56193ae6d54339748acda32ec94d -> 13578c1186811575128a81ef58458158
  custom:container-demuxer-ogg: 62fdf1f143b41e24485cea50d1cbac27 -> 
  custom:scripting/monoscript/fileName/EcsWorld.cs: 22c9529b696807804c45b49aecb240e4 -> b5398d9e0d6d44b0656dfb9e069bdcb7
  custom:scripting/monoscript/fileName/EcsRunner.cs: 888da8f511430c4063b6409b3d58672b -> 71d2a3bda53ca5b6050345a489bc2623
  custom:scripting/monoscript/fileName/Injector.cs: 497aaabc2940aa3aa01d252fd8a0c47b -> 1c175fcff5ec2c8fc7a965114f3f7d7d
  custom:scripting/monoscript/fileName/EcsWorld.cache.cs: 6b1449c23a40962b50a2e08eb04ae9e6 -> 6f387c7e66db371630ef2a0a5fc22850
  custom:scripting/monoscript/fileName/InjectionBranch.cs: 4279a377faef040bb62fb4a633533f04 -> 7d84b04d553f6e4071360c20ba45080a
  custom:video-decoder-ogg-theora: a1e56fd34408186e4bbccfd4996cb3dc -> 
  custom:scripting/monoscript/fileName/EcsAspect.cs: 379ac680ffd19ab4b9f61502a7a6eff8 -> 226bdda0feb135d8ad2f56ec6d899a1d
  custom:framework-win-MediaFoundation: 216162199b28c13a410421893ffa2e32 -> 
  custom:scripting/monoscript/fileName/entlong.cs: fb737a2ecf18e5cd642c1cb50dfe46b8 -> de9b060f0b3358bb6a05d89bc42f0791
  custom:scripting/monoscript/fileName/MetaTagsAttribute.cs: f816c95d973588aac5587e0cf7b12543 -> 48654cba762b6d27f4b1d46fcf914471
  custom:scripting/monoscript/fileName/GameFieldGeneratedPlaneAlgorithmMarker.cs: 505be8ba7cc43f00ae1cc5b5ce71b559 -> 
  custom:scripting/monoscript/fileName/MetaGroupAttribute.cs: f6b3a56866565312640e6eda2030408e -> 41562d763411caf327dc60de94f75855
  custom:scripting/monoscript/fileName/BitsUtility.cs: 9d0da9e734b986fb4c879c4d944d8b14 -> c92cf35016096013ce0c38bf263e4405
  custom:CustomObjectIndexerAttribute: 9a22284fe3817be447336de3de66b15e -> 
  custom:scripting/monoscript/fileName/EcsWhereToGroupExecutor.cs: 8f6297df34271fdb1ce2d9607ec6261d -> 90647cc400823b41df847a6cbfc29026
  custom:scripting/monoscript/fileName/EcsWorld.pools.cs: 47beb563def6082bb4ad79bf75bb6a66 -> 2c8c92e9dae1546ac82eb30ddc32f89b
  custom:container-demuxer-webm: 4f35f7cbe854078d1ac9338744f61a02 -> 
  custom:scripting/monoscript/fileName/EcsTagPool.cs: d63c9283c9f0dc9a65cfcb4d6f3f406e -> 292012435f767377dfa5c5d9463011fc
  custom:scripting/monoscript/fileName/Queries.cs: 7ec416f24bbc2b3f63ed5485791e3250 -> 58afa85ab125f099ef201a63b191b316
  custom:scripting/monoscript/fileName/ArrayUtility.cs: b8c011a6edd79b211f0955ed46d60df1 -> 7ba2d4a9c78178d723b9d885f5f1af2e
  custom:scripting/monoscript/fileName/ITemplateNode.cs: cd6fd998d6867619a5c48da87fcf5a14 -> f5da816ed0ca7c34ef03789101f9d2a7
  custom:scripting/monoscript/fileName/PurchaseAnimalTag.cs: 8f794ad5afbe806dfef508ff0dc3725b -> 
  custom:scripting/monoscript/fileName/MetaDescriptionAttribute.cs: e311fd002cc0dc6e7dfd746e1f56fa4d -> db593401a601951b4b3fe210d2e6ac30
  custom:scripting/monoscript/fileName/EcsQueryExecutor.cs: cb7218d8ec00ef6dcd4958fea7556d82 -> 92321aad84d8490e6222233ad957067f
  custom:scripting/monoscript/fileName/IEcsTypeMetaProvider.cs: e76830a8fd8170d850ac464a370b8916 -> 03184fa6c59932ed538cbd8addf6fe48
  custom:scripting/monoscript/fileName/DataInterfaces.cs: 40735d631d366c73ff47fb097c329025 -> 4a32470493a767702519176ca1433fe7
  custom:scripting/monoscript/fileName/MetaColorAttribute.cs: 8a7fbcfd4a3ecc0628d8afb69765dc7d -> b291fc4e51b18e37e62b8c2cd9aedc86
  custom:scripting/monoscript/fileName/EcsDebugUtility.cs: 2be076fcf1f1c707a9eaee7da01b5c57 -> e6bcd67ac51126e8c5afedefba8d71da
  custom:scripting/monoscript/fileName/Consts.cs: 6eb20adfff3eee69e75faf4b73a2ddd6 -> a82fb62194155ef6154e1bce01fd9ff8
  custom:container-muxer-webm: aa71ff27fc2769a1b78a27578f13a17b -> 
  custom:video-decoder-webm-vp8: 9c59270c3fd7afecdb556c50c9e8de78 -> 
  custom:scripting/monoscript/fileName/EcsMask.cs: c7032164440c4d6e79eaef7871e350a0 -> 71a9ebdefefd85f00a63f4791a1ea3d1
  custom:scripting/monoscript/fileName/EcsTypeCode.cs: 10f78a56829fa79a2c926bb06b832e7c -> 51c186a230106c5e5caae5f4debb522f
  custom:SearchIndexIgnoredProperties: e643bd26f0fe6173181afceb89e7c659 -> 
  custom:AudioImporter_EditorPlatform: d09bf68614088b80899f8185d706f6e7 -> 
  custom:scripting/monoscript/fileName/EcsMetaAttribute.cs: 4681b49ca5ea899cb64dfc809ca3a8ea -> fd3ea90bde2894a0f0de9ba2a9ee1175
  custom:scripting/monoscript/fileName/ReflectionUtility.cs: 058ada316ffb2af4349828c12d73f05f -> 12b2c0079659a56c89e37a6035957749
  custom:scripting/monoscript/fileName/SparseArray.cs: e0a51e584485b56d9971a06b4f70ecb4 -> a53f96815da50de15010b1c479bc70cf
  custom:scripting/monoscript/fileName/MetaNameAttribute.cs: b18e144d46cb3e237061620a54a5c5b3 -> 5e226a78b91fbab58bf42b88813abd57
  custom:scripting/monoscript/fileName/Worlds.cs: 2095c64d03c345b28301088b270fc226 -> a519624c388a13e47405c0a2dabe03d9
  custom:scripting/monoscript/fileName/TypeMeta.cs: d699924ce717772f7c2cd77e38d71192 -> 24f705c5cf4437ab23e98a5be362a486
  custom:scripting/monoscript/fileName/BaseProcesses.cs: 80e3d614c7158c082908397fef1e317d -> 0a3575435ba216831ce2d6aa80f68677
  custom:scripting/monoscript/fileName/ArraySortHalperX.cs: 34c6ff9cf0aa0d720e612550af5c5d26 -> 849ed7f5b11c9db237ef61b01c5a5104
  custom:scripting/monoscript/fileName/IdDispenser.cs: bef711bcf3a1c70877f3acc0d83f608a -> 6b91817103880c6300d5bbc0a80dee89
  custom:scripting/monoscript/fileName/UncheckedCoreUtility.cs: aa37da10340101a351c8f424e4a43f12 -> 09fccf4854a9f3d55ae4968719f5f130
  custom:scripting/monoscript/fileName/EcsWhereExecutor.cs: 8f6297df34271fdb1ce2d9607ec6261d -> 90647cc400823b41df847a6cbfc29026
  custom:scripting/monoscript/fileName/Exceptions.cs: e7350dd3f4b1c79c9fcc1da058ddd1dd -> 5a99b6c5dbdfe99f70e6110b9053674e
  custom:scripting/monoscript/fileName/EcsPipeline.cs: 20e3b45874106257d644cc4ae0f33185 -> 36e23495764e4bec4ffd55587fa9bce0
  custom:scripting/monoscript/fileName/Interfaces.cs: 681918feb06dbc142788871f8a6610d3 -> fc983f43e88a1e2383a87bd1535543fc
  custom:scripting/monoscript/fileName/UnsafeArray.cs: 34c6ff9cf0aa0d720e612550af5c5d26 -> 849ed7f5b11c9db237ef61b01c5a5104
  custom:video-encoder-webm-vp8: eb34c28f22e8b96e1ab97ce403110664 -> 
  custom:audio-decoder-ogg-vorbis: bf7c407c2cedff20999df2af8eb42d56 -> 
  custom:scripting/monoscript/fileName/Aspects.cs: 1bb7690008a48009fa7704e7d80ce115 -> 5d6713079a073ac4c50170617f2cbbdd
  custom:scripting/monoscript/fileName/EcsGroup.cs: d28e68a8e3335e3ff75090b24d219185 -> 07228ccef216f15bc3f56e47b32f26f0
  custom:scripting/monoscript/fileName/InjectionNode.cs: a7d92609dd9cfc813f9dccdefcda74cf -> 7d6c6f255293ac7ab881de6eb1e69df7
  custom:audio-encoder-webm-vorbis: bf7c407c2cedff20999df2af8eb42d56 -> 
  custom:scripting/monoscript/fileName/EcsDebug.cs: ad23832bbeaf496a3eba629cd3080a70 -> 8eea15508cf5695757b725dea1725cc6
  custom:scripting/monoscript/fileName/EcsWorld.static.cs: f85c16838859d07970713c1de49a3eef -> ee995408255e09566032e690e1f3317f
  custom:scripting/monoscript/fileName/EcsSpan.cs: 15f074769c3fa58382bc0456b3014117 -> 5396e8906f65d637e3c12326ff4a7ea8
  custom:scripting/monoscript/fileName/IConfigContainer.cs: ee47ea4eb3954f388b1065d58a23985a -> 30fa438da5de3948b7e37a4c6c6e4b4f
  custom:scripting/monoscript/fileName/EcsPipelineExtensions.cs: 597578e060d6d93abc2e740705b386d0 -> 1fbf402bff11f45c5350e88723859228
  custom:scripting/monoscript/fileName/EcsPool.cs: 40748e41624ef0b0c2cadcd56b76135d -> a404ad22ede0b7d8f576df1bedbf538c
  custom:scripting/precompiled-assembly-types:Assembly-CSharp: 74b0757fb3195a67641f972151e709da -> fe1f0beb764a7a3c5a0667557268a853
  custom:scripting/monoscript/fileName/GameFieldGeneratedPlaneAlgorithmAudioConfig.cs: dd76a1cfcc30cf141d185d00260c3c11 -> 
========================================================================
Received Prepare
Caller must complete domain reload
Begin MonoManager ReloadAssembly
- Loaded All Assemblies, in  0.609 seconds
Native extension for WindowsStandalone target not found
Native extension for Android target not found
Native extension for WebGL target not found
[Package Manager] Server::EnsureServerProcessIsRunning -- launch failed, reason: Unity was launched with the -noUpm command-line argument
[Package Manager] UpmClient::Send -- Unable to send message (not connected to UPM process).
[Package Manager] Cannot connect to Unity Package Manager local server
Mono: successfully reloaded assembly
[Package Manager] Server::EnsureServerProcessIsRunning -- launch failed, reason: Unity was launched with the -noUpm command-line argument
[Package Manager] UpmClient::Send -- Unable to send message (not connected to UPM process).
[Package Manager] Cannot connect to Unity Package Manager local server
- Finished resetting the current domain, in  1.673 seconds
Domain Reload Profiling: 2282ms
	BeginReloadAssembly (178ms)
		ExecutionOrderSort (0ms)
		DisableScriptedObjects (6ms)
		BackupInstance (0ms)
		ReleaseScriptingObjects (0ms)
		CreateAndSetChildDomain (63ms)
	RebuildCommonClasses (30ms)
	RebuildNativeTypeToScriptingClass (9ms)
	initialDomainReloadingComplete (29ms)
	LoadAllAssembliesAndSetupDomain (362ms)
		LoadAssemblies (403ms)
		RebuildTransferFunctionScriptingTraits (0ms)
		AnalyzeDomain (39ms)
			TypeCache.Refresh (19ms)
				TypeCache.ScanAssembly (6ms)
			ScanForSourceGeneratedMonoScriptInfo (12ms)
			ResolveRequiredComponents (6ms)
	FinalizeReload (1674ms)
		ReleaseScriptCaches (0ms)
		RebuildScriptCaches (0ms)
		SetupLoadedEditorAssemblies (802ms)
			LogAssemblyErrors (0ms)
			InitializePlatformSupportModulesInManaged (26ms)
			SetLoadedEditorAssemblies (3ms)
			RefreshPlugins (0ms)
			BeforeProcessingInitializeOnLoad (73ms)
			ProcessInitializeOnLoadAttributes (391ms)
			ProcessInitializeOnLoadMethodAttributes (305ms)
			AfterProcessingInitializeOnLoad (3ms)
			EditorAssembliesLoaded (0ms)
		ExecutionOrderSort2 (0ms)
		AwakeInstancesAfterBackupRestoration (5ms)
Refreshing native plugins compatible for Editor in 5.08 ms, found 3 plugins.
Preloading 0 native plugins for Editor in 0.00 ms.
Unloading 4336 Unused Serialized files (Serialized files now loaded: 0)
Unloading 31 unused Assets / (66.3 KB). Loaded Objects now: 5032.
Memory consumption went from 188.5 MB to 188.4 MB.
Total: 15.263300 ms (FindLiveObjects: 0.356500 ms CreateObjectMapping: 0.306300 ms MarkObjects: 14.437800 ms  DeleteObjects: 0.160900 ms)

Prepare: number of updated asset objects reloaded= 0
AssetImportParameters requested are different than current active one (requested -> active):
  custom:scripting/monoscript/fileName/EcsPoolBase.cs: 31ac56193ae6d54339748acda32ec94d -> 13578c1186811575128a81ef58458158
  custom:container-demuxer-ogg: 62fdf1f143b41e24485cea50d1cbac27 -> 
  custom:scripting/monoscript/fileName/EcsWorld.cs: 22c9529b696807804c45b49aecb240e4 -> b5398d9e0d6d44b0656dfb9e069bdcb7
  custom:scripting/monoscript/fileName/EcsRunner.cs: 888da8f511430c4063b6409b3d58672b -> 71d2a3bda53ca5b6050345a489bc2623
  custom:scripting/monoscript/fileName/Injector.cs: 497aaabc2940aa3aa01d252fd8a0c47b -> 1c175fcff5ec2c8fc7a965114f3f7d7d
  custom:scripting/monoscript/fileName/EcsWorld.cache.cs: 6b1449c23a40962b50a2e08eb04ae9e6 -> 6f387c7e66db371630ef2a0a5fc22850
  custom:scripting/monoscript/fileName/InjectionBranch.cs: 4279a377faef040bb62fb4a633533f04 -> 7d84b04d553f6e4071360c20ba45080a
  custom:video-decoder-ogg-theora: a1e56fd34408186e4bbccfd4996cb3dc -> 
  custom:scripting/monoscript/fileName/EcsAspect.cs: 379ac680ffd19ab4b9f61502a7a6eff8 -> 226bdda0feb135d8ad2f56ec6d899a1d
  custom:framework-win-MediaFoundation: 216162199b28c13a410421893ffa2e32 -> 
  custom:scripting/monoscript/fileName/entlong.cs: fb737a2ecf18e5cd642c1cb50dfe46b8 -> de9b060f0b3358bb6a05d89bc42f0791
  custom:scripting/monoscript/fileName/MetaTagsAttribute.cs: f816c95d973588aac5587e0cf7b12543 -> 48654cba762b6d27f4b1d46fcf914471
  custom:scripting/monoscript/fileName/GameFieldGeneratedPlaneAlgorithmMarker.cs: 505be8ba7cc43f00ae1cc5b5ce71b559 -> 
  custom:scripting/monoscript/fileName/MetaGroupAttribute.cs: f6b3a56866565312640e6eda2030408e -> 41562d763411caf327dc60de94f75855
  custom:scripting/monoscript/fileName/BitsUtility.cs: 9d0da9e734b986fb4c879c4d944d8b14 -> c92cf35016096013ce0c38bf263e4405
  custom:CustomObjectIndexerAttribute: 9a22284fe3817be447336de3de66b15e -> 
  custom:scripting/monoscript/fileName/EcsWhereToGroupExecutor.cs: 8f6297df34271fdb1ce2d9607ec6261d -> 90647cc400823b41df847a6cbfc29026
  custom:scripting/monoscript/fileName/EcsWorld.pools.cs: 47beb563def6082bb4ad79bf75bb6a66 -> 2c8c92e9dae1546ac82eb30ddc32f89b
  custom:container-demuxer-webm: 4f35f7cbe854078d1ac9338744f61a02 -> 
  custom:scripting/monoscript/fileName/EcsTagPool.cs: d63c9283c9f0dc9a65cfcb4d6f3f406e -> 292012435f767377dfa5c5d9463011fc
  custom:scripting/monoscript/fileName/Queries.cs: 7ec416f24bbc2b3f63ed5485791e3250 -> 58afa85ab125f099ef201a63b191b316
  custom:scripting/monoscript/fileName/ArrayUtility.cs: b8c011a6edd79b211f0955ed46d60df1 -> 7ba2d4a9c78178d723b9d885f5f1af2e
  custom:scripting/monoscript/fileName/ITemplateNode.cs: cd6fd998d6867619a5c48da87fcf5a14 -> f5da816ed0ca7c34ef03789101f9d2a7
  custom:scripting/monoscript/fileName/PurchaseAnimalTag.cs: 8f794ad5afbe806dfef508ff0dc3725b -> 
  custom:scripting/monoscript/fileName/MetaDescriptionAttribute.cs: e311fd002cc0dc6e7dfd746e1f56fa4d -> db593401a601951b4b3fe210d2e6ac30
  custom:scripting/monoscript/fileName/EcsQueryExecutor.cs: cb7218d8ec00ef6dcd4958fea7556d82 -> 92321aad84d8490e6222233ad957067f
  custom:scripting/monoscript/fileName/IEcsTypeMetaProvider.cs: e76830a8fd8170d850ac464a370b8916 -> 03184fa6c59932ed538cbd8addf6fe48
  custom:scripting/monoscript/fileName/DataInterfaces.cs: 40735d631d366c73ff47fb097c329025 -> 4a32470493a767702519176ca1433fe7
  custom:scripting/monoscript/fileName/MetaColorAttribute.cs: 8a7fbcfd4a3ecc0628d8afb69765dc7d -> b291fc4e51b18e37e62b8c2cd9aedc86
  custom:scripting/monoscript/fileName/EcsDebugUtility.cs: 2be076fcf1f1c707a9eaee7da01b5c57 -> e6bcd67ac51126e8c5afedefba8d71da
  custom:scripting/monoscript/fileName/Consts.cs: 6eb20adfff3eee69e75faf4b73a2ddd6 -> a82fb62194155ef6154e1bce01fd9ff8
  custom:container-muxer-webm: aa71ff27fc2769a1b78a27578f13a17b -> 
  custom:video-decoder-webm-vp8: 9c59270c3fd7afecdb556c50c9e8de78 -> 
  custom:scripting/monoscript/fileName/EcsMask.cs: c7032164440c4d6e79eaef7871e350a0 -> 71a9ebdefefd85f00a63f4791a1ea3d1
  custom:scripting/monoscript/fileName/EcsTypeCode.cs: 10f78a56829fa79a2c926bb06b832e7c -> 51c186a230106c5e5caae5f4debb522f
  custom:SearchIndexIgnoredProperties: e643bd26f0fe6173181afceb89e7c659 -> 
  custom:AudioImporter_EditorPlatform: d09bf68614088b80899f8185d706f6e7 -> 
  custom:scripting/monoscript/fileName/EcsMetaAttribute.cs: 4681b49ca5ea899cb64dfc809ca3a8ea -> fd3ea90bde2894a0f0de9ba2a9ee1175
  custom:scripting/monoscript/fileName/ReflectionUtility.cs: 058ada316ffb2af4349828c12d73f05f -> 12b2c0079659a56c89e37a6035957749
  custom:scripting/monoscript/fileName/SparseArray.cs: e0a51e584485b56d9971a06b4f70ecb4 -> a53f96815da50de15010b1c479bc70cf
  custom:scripting/monoscript/fileName/MetaNameAttribute.cs: b18e144d46cb3e237061620a54a5c5b3 -> 5e226a78b91fbab58bf42b88813abd57
  custom:scripting/monoscript/fileName/Worlds.cs: 2095c64d03c345b28301088b270fc226 -> a519624c388a13e47405c0a2dabe03d9
  custom:scripting/monoscript/fileName/TypeMeta.cs: d699924ce717772f7c2cd77e38d71192 -> 24f705c5cf4437ab23e98a5be362a486
  custom:scripting/monoscript/fileName/BaseProcesses.cs: 80e3d614c7158c082908397fef1e317d -> 0a3575435ba216831ce2d6aa80f68677
  custom:scripting/monoscript/fileName/ArraySortHalperX.cs: 34c6ff9cf0aa0d720e612550af5c5d26 -> 849ed7f5b11c9db237ef61b01c5a5104
  custom:scripting/monoscript/fileName/IdDispenser.cs: bef711bcf3a1c70877f3acc0d83f608a -> 6b91817103880c6300d5bbc0a80dee89
  custom:scripting/monoscript/fileName/UncheckedCoreUtility.cs: aa37da10340101a351c8f424e4a43f12 -> 09fccf4854a9f3d55ae4968719f5f130
  custom:scripting/monoscript/fileName/EcsWhereExecutor.cs: 8f6297df34271fdb1ce2d9607ec6261d -> 90647cc400823b41df847a6cbfc29026
  custom:scripting/monoscript/fileName/Exceptions.cs: e7350dd3f4b1c79c9fcc1da058ddd1dd -> 5a99b6c5dbdfe99f70e6110b9053674e
  custom:scripting/monoscript/fileName/EcsPipeline.cs: 20e3b45874106257d644cc4ae0f33185 -> 36e23495764e4bec4ffd55587fa9bce0
  custom:scripting/monoscript/fileName/Interfaces.cs: 681918feb06dbc142788871f8a6610d3 -> fc983f43e88a1e2383a87bd1535543fc
  custom:scripting/monoscript/fileName/UnsafeArray.cs: 34c6ff9cf0aa0d720e612550af5c5d26 -> 849ed7f5b11c9db237ef61b01c5a5104
  custom:video-encoder-webm-vp8: eb34c28f22e8b96e1ab97ce403110664 -> 
  custom:audio-decoder-ogg-vorbis: bf7c407c2cedff20999df2af8eb42d56 -> 
  custom:scripting/monoscript/fileName/Aspects.cs: 1bb7690008a48009fa7704e7d80ce115 -> 5d6713079a073ac4c50170617f2cbbdd
  custom:scripting/monoscript/fileName/EcsGroup.cs: d28e68a8e3335e3ff75090b24d219185 -> 07228ccef216f15bc3f56e47b32f26f0
  custom:scripting/monoscript/fileName/InjectionNode.cs: a7d92609dd9cfc813f9dccdefcda74cf -> 7d6c6f255293ac7ab881de6eb1e69df7
  custom:audio-encoder-webm-vorbis: bf7c407c2cedff20999df2af8eb42d56 -> 
  custom:scripting/monoscript/fileName/EcsDebug.cs: ad23832bbeaf496a3eba629cd3080a70 -> 8eea15508cf5695757b725dea1725cc6
  custom:scripting/monoscript/fileName/EcsWorld.static.cs: f85c16838859d07970713c1de49a3eef -> ee995408255e09566032e690e1f3317f
  custom:scripting/monoscript/fileName/EcsSpan.cs: 15f074769c3fa58382bc0456b3014117 -> 5396e8906f65d637e3c12326ff4a7ea8
  custom:scripting/monoscript/fileName/IConfigContainer.cs: ee47ea4eb3954f388b1065d58a23985a -> 30fa438da5de3948b7e37a4c6c6e4b4f
  custom:scripting/monoscript/fileName/EcsPipelineExtensions.cs: 597578e060d6d93abc2e740705b386d0 -> 1fbf402bff11f45c5350e88723859228
  custom:scripting/monoscript/fileName/EcsPool.cs: 40748e41624ef0b0c2cadcd56b76135d -> a404ad22ede0b7d8f576df1bedbf538c
  custom:scripting/precompiled-assembly-types:Assembly-CSharp: 74b0757fb3195a67641f972151e709da -> fe1f0beb764a7a3c5a0667557268a853
  custom:scripting/monoscript/fileName/GameFieldGeneratedPlaneAlgorithmAudioConfig.cs: dd76a1cfcc30cf141d185d00260c3c11 -> 
========================================================================
Received Prepare
Caller must complete domain reload
Begin MonoManager ReloadAssembly
- Loaded All Assemblies, in  2.729 seconds
Native extension for WindowsStandalone target not found
Native extension for Android target not found
Native extension for WebGL target not found
[Package Manager] Server::EnsureServerProcessIsRunning -- launch failed, reason: Unity was launched with the -noUpm command-line argument
[Package Manager] UpmClient::Send -- Unable to send message (not connected to UPM process).
[Package Manager] Cannot connect to Unity Package Manager local server
Mono: successfully reloaded assembly
[Package Manager] Server::EnsureServerProcessIsRunning -- launch failed, reason: Unity was launched with the -noUpm command-line argument
[Package Manager] UpmClient::Send -- Unable to send message (not connected to UPM process).
[Package Manager] Cannot connect to Unity Package Manager local server
- Finished resetting the current domain, in  2.143 seconds
Domain Reload Profiling: 4879ms
	BeginReloadAssembly (1295ms)
		ExecutionOrderSort (0ms)
		DisableScriptedObjects (37ms)
		BackupInstance (0ms)
		ReleaseScriptingObjects (1ms)
		CreateAndSetChildDomain (812ms)
	RebuildCommonClasses (43ms)
	RebuildNativeTypeToScriptingClass (11ms)
	initialDomainReloadingComplete (55ms)
	LoadAllAssembliesAndSetupDomain (1330ms)
		LoadAssemblies (1527ms)
		RebuildTransferFunctionScriptingTraits (0ms)
		AnalyzeDomain (115ms)
			TypeCache.Refresh (59ms)
				TypeCache.ScanAssembly (8ms)
			ScanForSourceGeneratedMonoScriptInfo (33ms)
			ResolveRequiredComponents (21ms)
	FinalizeReload (2145ms)
		ReleaseScriptCaches (0ms)
		RebuildScriptCaches (0ms)
		SetupLoadedEditorAssemblies (916ms)
			LogAssemblyErrors (0ms)
			InitializePlatformSupportModulesInManaged (47ms)
			SetLoadedEditorAssemblies (5ms)
			RefreshPlugins (0ms)
			BeforeProcessingInitializeOnLoad (82ms)
			ProcessInitializeOnLoadAttributes (417ms)
			ProcessInitializeOnLoadMethodAttributes (359ms)
			AfterProcessingInitializeOnLoad (4ms)
			EditorAssembliesLoaded (2ms)
		ExecutionOrderSort2 (0ms)
		AwakeInstancesAfterBackupRestoration (10ms)
Refreshing native plugins compatible for Editor in 7.93 ms, found 3 plugins.
Preloading 0 native plugins for Editor in 0.00 ms.
Unloading 4336 Unused Serialized files (Serialized files now loaded: 0)
Unloading 31 unused Assets / (67.2 KB). Loaded Objects now: 5035.
Memory consumption went from 188.5 MB to 188.5 MB.
Total: 23.571400 ms (FindLiveObjects: 1.105000 ms CreateObjectMapping: 0.321300 ms MarkObjects: 21.660500 ms  DeleteObjects: 0.483000 ms)

Prepare: number of updated asset objects reloaded= 0
AssetImportParameters requested are different than current active one (requested -> active):
  custom:scripting/monoscript/fileName/EcsPoolBase.cs: 31ac56193ae6d54339748acda32ec94d -> 13578c1186811575128a81ef58458158
  custom:container-demuxer-ogg: 62fdf1f143b41e24485cea50d1cbac27 -> 
  custom:scripting/monoscript/fileName/EcsWorld.cs: 22c9529b696807804c45b49aecb240e4 -> b5398d9e0d6d44b0656dfb9e069bdcb7
  custom:scripting/monoscript/fileName/EcsRunner.cs: 888da8f511430c4063b6409b3d58672b -> 71d2a3bda53ca5b6050345a489bc2623
  custom:scripting/monoscript/fileName/Injector.cs: 497aaabc2940aa3aa01d252fd8a0c47b -> 1c175fcff5ec2c8fc7a965114f3f7d7d
  custom:scripting/monoscript/fileName/EcsWorld.cache.cs: 6b1449c23a40962b50a2e08eb04ae9e6 -> 6f387c7e66db371630ef2a0a5fc22850
  custom:scripting/monoscript/fileName/InjectionBranch.cs: 4279a377faef040bb62fb4a633533f04 -> 7d84b04d553f6e4071360c20ba45080a
  custom:video-decoder-ogg-theora: a1e56fd34408186e4bbccfd4996cb3dc -> 
  custom:scripting/monoscript/fileName/EcsAspect.cs: 379ac680ffd19ab4b9f61502a7a6eff8 -> 226bdda0feb135d8ad2f56ec6d899a1d
  custom:framework-win-MediaFoundation: 216162199b28c13a410421893ffa2e32 -> 
  custom:scripting/monoscript/fileName/entlong.cs: fb737a2ecf18e5cd642c1cb50dfe46b8 -> de9b060f0b3358bb6a05d89bc42f0791
  custom:scripting/monoscript/fileName/MetaTagsAttribute.cs: f816c95d973588aac5587e0cf7b12543 -> 48654cba762b6d27f4b1d46fcf914471
  custom:scripting/monoscript/fileName/GameFieldGeneratedPlaneAlgorithmMarker.cs: 505be8ba7cc43f00ae1cc5b5ce71b559 -> 
  custom:scripting/monoscript/fileName/MetaGroupAttribute.cs: f6b3a56866565312640e6eda2030408e -> 41562d763411caf327dc60de94f75855
  custom:scripting/monoscript/fileName/BitsUtility.cs: 9d0da9e734b986fb4c879c4d944d8b14 -> c92cf35016096013ce0c38bf263e4405
  custom:CustomObjectIndexerAttribute: 9a22284fe3817be447336de3de66b15e -> 
  custom:scripting/monoscript/fileName/EcsWhereToGroupExecutor.cs: 8f6297df34271fdb1ce2d9607ec6261d -> 90647cc400823b41df847a6cbfc29026
  custom:scripting/monoscript/fileName/EcsWorld.pools.cs: 47beb563def6082bb4ad79bf75bb6a66 -> 2c8c92e9dae1546ac82eb30ddc32f89b
  custom:container-demuxer-webm: 4f35f7cbe854078d1ac9338744f61a02 -> 
  custom:scripting/monoscript/fileName/EcsTagPool.cs: d63c9283c9f0dc9a65cfcb4d6f3f406e -> 292012435f767377dfa5c5d9463011fc
  custom:scripting/monoscript/fileName/Queries.cs: 7ec416f24bbc2b3f63ed5485791e3250 -> 58afa85ab125f099ef201a63b191b316
  custom:scripting/monoscript/fileName/ArrayUtility.cs: b8c011a6edd79b211f0955ed46d60df1 -> 7ba2d4a9c78178d723b9d885f5f1af2e
  custom:scripting/monoscript/fileName/ITemplateNode.cs: cd6fd998d6867619a5c48da87fcf5a14 -> f5da816ed0ca7c34ef03789101f9d2a7
  custom:scripting/monoscript/fileName/PurchaseAnimalTag.cs: 8f794ad5afbe806dfef508ff0dc3725b -> 
  custom:scripting/monoscript/fileName/MetaDescriptionAttribute.cs: e311fd002cc0dc6e7dfd746e1f56fa4d -> db593401a601951b4b3fe210d2e6ac30
  custom:scripting/monoscript/fileName/EcsQueryExecutor.cs: cb7218d8ec00ef6dcd4958fea7556d82 -> 92321aad84d8490e6222233ad957067f
  custom:scripting/monoscript/fileName/IEcsTypeMetaProvider.cs: e76830a8fd8170d850ac464a370b8916 -> 03184fa6c59932ed538cbd8addf6fe48
  custom:scripting/monoscript/fileName/DataInterfaces.cs: 40735d631d366c73ff47fb097c329025 -> 4a32470493a767702519176ca1433fe7
  custom:scripting/monoscript/fileName/MetaColorAttribute.cs: 8a7fbcfd4a3ecc0628d8afb69765dc7d -> b291fc4e51b18e37e62b8c2cd9aedc86
  custom:scripting/monoscript/fileName/EcsDebugUtility.cs: 2be076fcf1f1c707a9eaee7da01b5c57 -> e6bcd67ac51126e8c5afedefba8d71da
  custom:scripting/monoscript/fileName/Consts.cs: 6eb20adfff3eee69e75faf4b73a2ddd6 -> a82fb62194155ef6154e1bce01fd9ff8
  custom:container-muxer-webm: aa71ff27fc2769a1b78a27578f13a17b -> 
  custom:video-decoder-webm-vp8: 9c59270c3fd7afecdb556c50c9e8de78 -> 
  custom:scripting/monoscript/fileName/EcsMask.cs: c7032164440c4d6e79eaef7871e350a0 -> 71a9ebdefefd85f00a63f4791a1ea3d1
  custom:scripting/monoscript/fileName/EcsTypeCode.cs: 10f78a56829fa79a2c926bb06b832e7c -> 51c186a230106c5e5caae5f4debb522f
  custom:SearchIndexIgnoredProperties: e643bd26f0fe6173181afceb89e7c659 -> 
  custom:AudioImporter_EditorPlatform: d09bf68614088b80899f8185d706f6e7 -> 
  custom:scripting/monoscript/fileName/EcsMetaAttribute.cs: 4681b49ca5ea899cb64dfc809ca3a8ea -> fd3ea90bde2894a0f0de9ba2a9ee1175
  custom:scripting/monoscript/fileName/ReflectionUtility.cs: 058ada316ffb2af4349828c12d73f05f -> 12b2c0079659a56c89e37a6035957749
  custom:scripting/monoscript/fileName/SparseArray.cs: e0a51e584485b56d9971a06b4f70ecb4 -> a53f96815da50de15010b1c479bc70cf
  custom:scripting/monoscript/fileName/MetaNameAttribute.cs: b18e144d46cb3e237061620a54a5c5b3 -> 5e226a78b91fbab58bf42b88813abd57
  custom:scripting/monoscript/fileName/Worlds.cs: 2095c64d03c345b28301088b270fc226 -> a519624c388a13e47405c0a2dabe03d9
  custom:scripting/monoscript/fileName/TypeMeta.cs: d699924ce717772f7c2cd77e38d71192 -> 24f705c5cf4437ab23e98a5be362a486
  custom:scripting/monoscript/fileName/BaseProcesses.cs: 80e3d614c7158c082908397fef1e317d -> 0a3575435ba216831ce2d6aa80f68677
  custom:scripting/monoscript/fileName/ArraySortHalperX.cs: 34c6ff9cf0aa0d720e612550af5c5d26 -> 849ed7f5b11c9db237ef61b01c5a5104
  custom:scripting/monoscript/fileName/IdDispenser.cs: bef711bcf3a1c70877f3acc0d83f608a -> 6b91817103880c6300d5bbc0a80dee89
  custom:scripting/monoscript/fileName/UncheckedCoreUtility.cs: aa37da10340101a351c8f424e4a43f12 -> 09fccf4854a9f3d55ae4968719f5f130
  custom:scripting/monoscript/fileName/EcsWhereExecutor.cs: 8f6297df34271fdb1ce2d9607ec6261d -> 90647cc400823b41df847a6cbfc29026
  custom:scripting/monoscript/fileName/Exceptions.cs: e7350dd3f4b1c79c9fcc1da058ddd1dd -> 5a99b6c5dbdfe99f70e6110b9053674e
  custom:scripting/monoscript/fileName/EcsPipeline.cs: 20e3b45874106257d644cc4ae0f33185 -> 36e23495764e4bec4ffd55587fa9bce0
  custom:scripting/monoscript/fileName/Interfaces.cs: 681918feb06dbc142788871f8a6610d3 -> fc983f43e88a1e2383a87bd1535543fc
  custom:scripting/monoscript/fileName/UnsafeArray.cs: 34c6ff9cf0aa0d720e612550af5c5d26 -> 849ed7f5b11c9db237ef61b01c5a5104
  custom:video-encoder-webm-vp8: eb34c28f22e8b96e1ab97ce403110664 -> 
  custom:audio-decoder-ogg-vorbis: bf7c407c2cedff20999df2af8eb42d56 -> 
  custom:scripting/monoscript/fileName/Aspects.cs: 1bb7690008a48009fa7704e7d80ce115 -> 5d6713079a073ac4c50170617f2cbbdd
  custom:scripting/monoscript/fileName/EcsGroup.cs: d28e68a8e3335e3ff75090b24d219185 -> 07228ccef216f15bc3f56e47b32f26f0
  custom:scripting/monoscript/fileName/InjectionNode.cs: a7d92609dd9cfc813f9dccdefcda74cf -> 7d6c6f255293ac7ab881de6eb1e69df7
  custom:audio-encoder-webm-vorbis: bf7c407c2cedff20999df2af8eb42d56 -> 
  custom:scripting/monoscript/fileName/EcsDebug.cs: ad23832bbeaf496a3eba629cd3080a70 -> 8eea15508cf5695757b725dea1725cc6
  custom:scripting/monoscript/fileName/EcsWorld.static.cs: f85c16838859d07970713c1de49a3eef -> ee995408255e09566032e690e1f3317f
  custom:scripting/monoscript/fileName/EcsSpan.cs: 15f074769c3fa58382bc0456b3014117 -> 5396e8906f65d637e3c12326ff4a7ea8
  custom:scripting/monoscript/fileName/IConfigContainer.cs: ee47ea4eb3954f388b1065d58a23985a -> 30fa438da5de3948b7e37a4c6c6e4b4f
  custom:scripting/monoscript/fileName/EcsPipelineExtensions.cs: 597578e060d6d93abc2e740705b386d0 -> 1fbf402bff11f45c5350e88723859228
  custom:scripting/monoscript/fileName/EcsPool.cs: 40748e41624ef0b0c2cadcd56b76135d -> a404ad22ede0b7d8f576df1bedbf538c
  custom:scripting/precompiled-assembly-types:Assembly-CSharp: 74b0757fb3195a67641f972151e709da -> fe1f0beb764a7a3c5a0667557268a853
  custom:scripting/monoscript/fileName/GameFieldGeneratedPlaneAlgorithmAudioConfig.cs: dd76a1cfcc30cf141d185d00260c3c11 -> 
========================================================================
Received Prepare
Caller must complete domain reload
Begin MonoManager ReloadAssembly
- Loaded All Assemblies, in  1.432 seconds
Native extension for WindowsStandalone target not found
Native extension for Android target not found
Native extension for WebGL target not found
[Package Manager] Server::EnsureServerProcessIsRunning -- launch failed, reason: Unity was launched with the -noUpm command-line argument
[Package Manager] UpmClient::Send -- Unable to send message (not connected to UPM process).
[Package Manager] Cannot connect to Unity Package Manager local server
Mono: successfully reloaded assembly
[Package Manager] Server::EnsureServerProcessIsRunning -- launch failed, reason: Unity was launched with the -noUpm command-line argument
[Package Manager] UpmClient::Send -- Unable to send message (not connected to UPM process).
[Package Manager] Cannot connect to Unity Package Manager local server
- Finished resetting the current domain, in  1.826 seconds
Domain Reload Profiling: 3261ms
	BeginReloadAssembly (325ms)
		ExecutionOrderSort (0ms)
		DisableScriptedObjects (10ms)
		BackupInstance (0ms)
		ReleaseScriptingObjects (2ms)
		CreateAndSetChildDomain (90ms)
	RebuildCommonClasses (58ms)
	RebuildNativeTypeToScriptingClass (12ms)
	initialDomainReloadingComplete (45ms)
	LoadAllAssembliesAndSetupDomain (993ms)
		LoadAssemblies (1056ms)
		RebuildTransferFunctionScriptingTraits (0ms)
		AnalyzeDomain (96ms)
			TypeCache.Refresh (40ms)
				TypeCache.ScanAssembly (6ms)
			ScanForSourceGeneratedMonoScriptInfo (30ms)
			ResolveRequiredComponents (25ms)
	FinalizeReload (1827ms)
		ReleaseScriptCaches (0ms)
		RebuildScriptCaches (0ms)
		SetupLoadedEditorAssemblies (813ms)
			LogAssemblyErrors (0ms)
			InitializePlatformSupportModulesInManaged (47ms)
			SetLoadedEditorAssemblies (4ms)
			RefreshPlugins (0ms)
			BeforeProcessingInitializeOnLoad (82ms)
			ProcessInitializeOnLoadAttributes (395ms)
			ProcessInitializeOnLoadMethodAttributes (280ms)
			AfterProcessingInitializeOnLoad (3ms)
			EditorAssembliesLoaded (1ms)
		ExecutionOrderSort2 (0ms)
		AwakeInstancesAfterBackupRestoration (5ms)
Refreshing native plugins compatible for Editor in 11.78 ms, found 3 plugins.
Preloading 0 native plugins for Editor in 0.00 ms.
Unloading 4336 Unused Serialized files (Serialized files now loaded: 0)
Unloading 31 unused Assets / (66.2 KB). Loaded Objects now: 5038.
Memory consumption went from 188.5 MB to 188.5 MB.
Total: 26.317400 ms (FindLiveObjects: 0.799200 ms CreateObjectMapping: 0.338600 ms MarkObjects: 24.906200 ms  DeleteObjects: 0.272100 ms)

Prepare: number of updated asset objects reloaded= 0
AssetImportParameters requested are different than current active one (requested -> active):
  custom:scripting/monoscript/fileName/EcsPoolBase.cs: 31ac56193ae6d54339748acda32ec94d -> 13578c1186811575128a81ef58458158
  custom:container-demuxer-ogg: 62fdf1f143b41e24485cea50d1cbac27 -> 
  custom:scripting/monoscript/fileName/EcsWorld.cs: 22c9529b696807804c45b49aecb240e4 -> b5398d9e0d6d44b0656dfb9e069bdcb7
  custom:scripting/monoscript/fileName/EcsRunner.cs: 888da8f511430c4063b6409b3d58672b -> 71d2a3bda53ca5b6050345a489bc2623
  custom:scripting/monoscript/fileName/Injector.cs: 497aaabc2940aa3aa01d252fd8a0c47b -> 1c175fcff5ec2c8fc7a965114f3f7d7d
  custom:scripting/monoscript/fileName/EcsWorld.cache.cs: 6b1449c23a40962b50a2e08eb04ae9e6 -> 6f387c7e66db371630ef2a0a5fc22850
  custom:scripting/monoscript/fileName/InjectionBranch.cs: 4279a377faef040bb62fb4a633533f04 -> 7d84b04d553f6e4071360c20ba45080a
  custom:video-decoder-ogg-theora: a1e56fd34408186e4bbccfd4996cb3dc -> 
  custom:scripting/monoscript/fileName/EcsAspect.cs: 379ac680ffd19ab4b9f61502a7a6eff8 -> 226bdda0feb135d8ad2f56ec6d899a1d
  custom:framework-win-MediaFoundation: 216162199b28c13a410421893ffa2e32 -> 
  custom:scripting/monoscript/fileName/entlong.cs: fb737a2ecf18e5cd642c1cb50dfe46b8 -> de9b060f0b3358bb6a05d89bc42f0791
  custom:scripting/monoscript/fileName/MetaTagsAttribute.cs: f816c95d973588aac5587e0cf7b12543 -> 48654cba762b6d27f4b1d46fcf914471
  custom:scripting/monoscript/fileName/GameFieldGeneratedPlaneAlgorithmMarker.cs: 505be8ba7cc43f00ae1cc5b5ce71b559 -> 
  custom:scripting/monoscript/fileName/MetaGroupAttribute.cs: f6b3a56866565312640e6eda2030408e -> 41562d763411caf327dc60de94f75855
  custom:scripting/monoscript/fileName/BitsUtility.cs: 9d0da9e734b986fb4c879c4d944d8b14 -> c92cf35016096013ce0c38bf263e4405
  custom:CustomObjectIndexerAttribute: 9a22284fe3817be447336de3de66b15e -> 
  custom:scripting/monoscript/fileName/EcsWhereToGroupExecutor.cs: 8f6297df34271fdb1ce2d9607ec6261d -> 90647cc400823b41df847a6cbfc29026
  custom:scripting/monoscript/fileName/EcsWorld.pools.cs: 47beb563def6082bb4ad79bf75bb6a66 -> 2c8c92e9dae1546ac82eb30ddc32f89b
  custom:container-demuxer-webm: 4f35f7cbe854078d1ac9338744f61a02 -> 
  custom:scripting/monoscript/fileName/EcsTagPool.cs: d63c9283c9f0dc9a65cfcb4d6f3f406e -> 292012435f767377dfa5c5d9463011fc
  custom:scripting/monoscript/fileName/Queries.cs: 7ec416f24bbc2b3f63ed5485791e3250 -> 58afa85ab125f099ef201a63b191b316
  custom:scripting/monoscript/fileName/ArrayUtility.cs: b8c011a6edd79b211f0955ed46d60df1 -> 7ba2d4a9c78178d723b9d885f5f1af2e
  custom:scripting/monoscript/fileName/ITemplateNode.cs: cd6fd998d6867619a5c48da87fcf5a14 -> f5da816ed0ca7c34ef03789101f9d2a7
  custom:scripting/monoscript/fileName/PurchaseAnimalTag.cs: 8f794ad5afbe806dfef508ff0dc3725b -> 
  custom:scripting/monoscript/fileName/MetaDescriptionAttribute.cs: e311fd002cc0dc6e7dfd746e1f56fa4d -> db593401a601951b4b3fe210d2e6ac30
  custom:scripting/monoscript/fileName/EcsQueryExecutor.cs: cb7218d8ec00ef6dcd4958fea7556d82 -> 92321aad84d8490e6222233ad957067f
  custom:scripting/monoscript/fileName/IEcsTypeMetaProvider.cs: e76830a8fd8170d850ac464a370b8916 -> 03184fa6c59932ed538cbd8addf6fe48
  custom:scripting/monoscript/fileName/DataInterfaces.cs: 40735d631d366c73ff47fb097c329025 -> 4a32470493a767702519176ca1433fe7
  custom:scripting/monoscript/fileName/MetaColorAttribute.cs: 8a7fbcfd4a3ecc0628d8afb69765dc7d -> b291fc4e51b18e37e62b8c2cd9aedc86
  custom:scripting/monoscript/fileName/EcsDebugUtility.cs: 2be076fcf1f1c707a9eaee7da01b5c57 -> e6bcd67ac51126e8c5afedefba8d71da
  custom:scripting/monoscript/fileName/Consts.cs: 6eb20adfff3eee69e75faf4b73a2ddd6 -> a82fb62194155ef6154e1bce01fd9ff8
  custom:container-muxer-webm: aa71ff27fc2769a1b78a27578f13a17b -> 
  custom:video-decoder-webm-vp8: 9c59270c3fd7afecdb556c50c9e8de78 -> 
  custom:scripting/monoscript/fileName/EcsMask.cs: c7032164440c4d6e79eaef7871e350a0 -> 71a9ebdefefd85f00a63f4791a1ea3d1
  custom:scripting/monoscript/fileName/EcsTypeCode.cs: 10f78a56829fa79a2c926bb06b832e7c -> 51c186a230106c5e5caae5f4debb522f
  custom:SearchIndexIgnoredProperties: e643bd26f0fe6173181afceb89e7c659 -> 
  custom:AudioImporter_EditorPlatform: d09bf68614088b80899f8185d706f6e7 -> 
  custom:scripting/monoscript/fileName/EcsMetaAttribute.cs: 4681b49ca5ea899cb64dfc809ca3a8ea -> fd3ea90bde2894a0f0de9ba2a9ee1175
  custom:scripting/monoscript/fileName/ReflectionUtility.cs: 058ada316ffb2af4349828c12d73f05f -> 12b2c0079659a56c89e37a6035957749
  custom:scripting/monoscript/fileName/SparseArray.cs: e0a51e584485b56d9971a06b4f70ecb4 -> a53f96815da50de15010b1c479bc70cf
  custom:scripting/monoscript/fileName/MetaNameAttribute.cs: b18e144d46cb3e237061620a54a5c5b3 -> 5e226a78b91fbab58bf42b88813abd57
  custom:scripting/monoscript/fileName/Worlds.cs: 2095c64d03c345b28301088b270fc226 -> a519624c388a13e47405c0a2dabe03d9
  custom:scripting/monoscript/fileName/TypeMeta.cs: d699924ce717772f7c2cd77e38d71192 -> 24f705c5cf4437ab23e98a5be362a486
  custom:scripting/monoscript/fileName/BaseProcesses.cs: 80e3d614c7158c082908397fef1e317d -> 0a3575435ba216831ce2d6aa80f68677
  custom:scripting/monoscript/fileName/ArraySortHalperX.cs: 34c6ff9cf0aa0d720e612550af5c5d26 -> 849ed7f5b11c9db237ef61b01c5a5104
  custom:scripting/monoscript/fileName/IdDispenser.cs: bef711bcf3a1c70877f3acc0d83f608a -> 6b91817103880c6300d5bbc0a80dee89
  custom:scripting/monoscript/fileName/UncheckedCoreUtility.cs: aa37da10340101a351c8f424e4a43f12 -> 09fccf4854a9f3d55ae4968719f5f130
  custom:scripting/monoscript/fileName/EcsWhereExecutor.cs: 8f6297df34271fdb1ce2d9607ec6261d -> 90647cc400823b41df847a6cbfc29026
  custom:scripting/monoscript/fileName/Exceptions.cs: e7350dd3f4b1c79c9fcc1da058ddd1dd -> 5a99b6c5dbdfe99f70e6110b9053674e
  custom:scripting/monoscript/fileName/EcsPipeline.cs: 20e3b45874106257d644cc4ae0f33185 -> 36e23495764e4bec4ffd55587fa9bce0
  custom:scripting/monoscript/fileName/Interfaces.cs: 681918feb06dbc142788871f8a6610d3 -> fc983f43e88a1e2383a87bd1535543fc
  custom:scripting/monoscript/fileName/UnsafeArray.cs: 34c6ff9cf0aa0d720e612550af5c5d26 -> 849ed7f5b11c9db237ef61b01c5a5104
  custom:video-encoder-webm-vp8: eb34c28f22e8b96e1ab97ce403110664 -> 
  custom:audio-decoder-ogg-vorbis: bf7c407c2cedff20999df2af8eb42d56 -> 
  custom:scripting/monoscript/fileName/Aspects.cs: 1bb7690008a48009fa7704e7d80ce115 -> 5d6713079a073ac4c50170617f2cbbdd
  custom:scripting/monoscript/fileName/EcsGroup.cs: d28e68a8e3335e3ff75090b24d219185 -> 07228ccef216f15bc3f56e47b32f26f0
  custom:scripting/monoscript/fileName/InjectionNode.cs: a7d92609dd9cfc813f9dccdefcda74cf -> 7d6c6f255293ac7ab881de6eb1e69df7
  custom:audio-encoder-webm-vorbis: bf7c407c2cedff20999df2af8eb42d56 -> 
  custom:scripting/monoscript/fileName/EcsDebug.cs: ad23832bbeaf496a3eba629cd3080a70 -> 8eea15508cf5695757b725dea1725cc6
  custom:scripting/monoscript/fileName/EcsWorld.static.cs: f85c16838859d07970713c1de49a3eef -> ee995408255e09566032e690e1f3317f
  custom:scripting/monoscript/fileName/EcsSpan.cs: 15f074769c3fa58382bc0456b3014117 -> 5396e8906f65d637e3c12326ff4a7ea8
  custom:scripting/monoscript/fileName/IConfigContainer.cs: ee47ea4eb3954f388b1065d58a23985a -> 30fa438da5de3948b7e37a4c6c6e4b4f
  custom:scripting/monoscript/fileName/EcsPipelineExtensions.cs: 597578e060d6d93abc2e740705b386d0 -> 1fbf402bff11f45c5350e88723859228
  custom:scripting/monoscript/fileName/EcsPool.cs: 40748e41624ef0b0c2cadcd56b76135d -> a404ad22ede0b7d8f576df1bedbf538c
  custom:scripting/precompiled-assembly-types:Assembly-CSharp: 74b0757fb3195a67641f972151e709da -> fe1f0beb764a7a3c5a0667557268a853
  custom:scripting/monoscript/fileName/GameFieldGeneratedPlaneAlgorithmAudioConfig.cs: dd76a1cfcc30cf141d185d00260c3c11 -> 
========================================================================
Received Prepare
Caller must complete domain reload
Begin MonoManager ReloadAssembly
- Loaded All Assemblies, in  2.148 seconds
Native extension for WindowsStandalone target not found
Native extension for Android target not found
Native extension for WebGL target not found
[Package Manager] Server::EnsureServerProcessIsRunning -- launch failed, reason: Unity was launched with the -noUpm command-line argument
[Package Manager] UpmClient::Send -- Unable to send message (not connected to UPM process).
[Package Manager] Cannot connect to Unity Package Manager local server
Mono: successfully reloaded assembly
[Package Manager] Server::EnsureServerProcessIsRunning -- launch failed, reason: Unity was launched with the -noUpm command-line argument
[Package Manager] UpmClient::Send -- Unable to send message (not connected to UPM process).
[Package Manager] Cannot connect to Unity Package Manager local server
- Finished resetting the current domain, in  2.051 seconds
Domain Reload Profiling: 4203ms
	BeginReloadAssembly (558ms)
		ExecutionOrderSort (0ms)
		DisableScriptedObjects (22ms)
		BackupInstance (0ms)
		ReleaseScriptingObjects (1ms)
		CreateAndSetChildDomain (288ms)
	RebuildCommonClasses (44ms)
	RebuildNativeTypeToScriptingClass (11ms)
	initialDomainReloadingComplete (47ms)
	LoadAllAssembliesAndSetupDomain (1492ms)
		LoadAssemblies (1527ms)
		RebuildTransferFunctionScriptingTraits (0ms)
		AnalyzeDomain (116ms)
			TypeCache.Refresh (65ms)
				TypeCache.ScanAssembly (9ms)
			ScanForSourceGeneratedMonoScriptInfo (29ms)
			ResolveRequiredComponents (20ms)
	FinalizeReload (2051ms)
		ReleaseScriptCaches (0ms)
		RebuildScriptCaches (0ms)
		SetupLoadedEditorAssemblies (839ms)
			LogAssemblyErrors (0ms)
			InitializePlatformSupportModulesInManaged (46ms)
			SetLoadedEditorAssemblies (6ms)
			RefreshPlugins (0ms)
			BeforeProcessingInitializeOnLoad (80ms)
			ProcessInitializeOnLoadAttributes (423ms)
			ProcessInitializeOnLoadMethodAttributes (280ms)
			AfterProcessingInitializeOnLoad (2ms)
			EditorAssembliesLoaded (1ms)
		ExecutionOrderSort2 (0ms)
		AwakeInstancesAfterBackupRestoration (5ms)
Refreshing native plugins compatible for Editor in 10.26 ms, found 3 plugins.
Preloading 0 native plugins for Editor in 0.00 ms.
Unloading 4336 Unused Serialized files (Serialized files now loaded: 0)
Unloading 31 unused Assets / (67.2 KB). Loaded Objects now: 5041.
Memory consumption went from 188.5 MB to 188.5 MB.
Total: 22.231500 ms (FindLiveObjects: 0.501800 ms CreateObjectMapping: 0.272500 ms MarkObjects: 21.079300 ms  DeleteObjects: 0.376900 ms)

Prepare: number of updated asset objects reloaded= 0
AssetImportParameters requested are different than current active one (requested -> active):
  custom:scripting/monoscript/fileName/EcsPoolBase.cs: 31ac56193ae6d54339748acda32ec94d -> 13578c1186811575128a81ef58458158
  custom:container-demuxer-ogg: 62fdf1f143b41e24485cea50d1cbac27 -> 
  custom:scripting/monoscript/fileName/EcsWorld.cs: 22c9529b696807804c45b49aecb240e4 -> b5398d9e0d6d44b0656dfb9e069bdcb7
  custom:scripting/monoscript/fileName/EcsRunner.cs: 888da8f511430c4063b6409b3d58672b -> 71d2a3bda53ca5b6050345a489bc2623
  custom:scripting/monoscript/fileName/Injector.cs: 497aaabc2940aa3aa01d252fd8a0c47b -> 1c175fcff5ec2c8fc7a965114f3f7d7d
  custom:scripting/monoscript/fileName/EcsWorld.cache.cs: 6b1449c23a40962b50a2e08eb04ae9e6 -> 6f387c7e66db371630ef2a0a5fc22850
  custom:scripting/monoscript/fileName/InjectionBranch.cs: 4279a377faef040bb62fb4a633533f04 -> 7d84b04d553f6e4071360c20ba45080a
  custom:video-decoder-ogg-theora: a1e56fd34408186e4bbccfd4996cb3dc -> 
  custom:scripting/monoscript/fileName/EcsAspect.cs: 379ac680ffd19ab4b9f61502a7a6eff8 -> 226bdda0feb135d8ad2f56ec6d899a1d
  custom:framework-win-MediaFoundation: 216162199b28c13a410421893ffa2e32 -> 
  custom:scripting/monoscript/fileName/entlong.cs: fb737a2ecf18e5cd642c1cb50dfe46b8 -> de9b060f0b3358bb6a05d89bc42f0791
  custom:scripting/monoscript/fileName/MetaTagsAttribute.cs: f816c95d973588aac5587e0cf7b12543 -> 48654cba762b6d27f4b1d46fcf914471
  custom:scripting/monoscript/fileName/GameFieldGeneratedPlaneAlgorithmMarker.cs: 505be8ba7cc43f00ae1cc5b5ce71b559 -> 
  custom:scripting/monoscript/fileName/MetaGroupAttribute.cs: f6b3a56866565312640e6eda2030408e -> 41562d763411caf327dc60de94f75855
  custom:scripting/monoscript/fileName/BitsUtility.cs: 9d0da9e734b986fb4c879c4d944d8b14 -> c92cf35016096013ce0c38bf263e4405
  custom:CustomObjectIndexerAttribute: 9a22284fe3817be447336de3de66b15e -> 
  custom:scripting/monoscript/fileName/EcsWhereToGroupExecutor.cs: 8f6297df34271fdb1ce2d9607ec6261d -> 90647cc400823b41df847a6cbfc29026
  custom:scripting/monoscript/fileName/EcsWorld.pools.cs: 47beb563def6082bb4ad79bf75bb6a66 -> 2c8c92e9dae1546ac82eb30ddc32f89b
  custom:container-demuxer-webm: 4f35f7cbe854078d1ac9338744f61a02 -> 
  custom:scripting/monoscript/fileName/EcsTagPool.cs: d63c9283c9f0dc9a65cfcb4d6f3f406e -> 292012435f767377dfa5c5d9463011fc
  custom:scripting/monoscript/fileName/Queries.cs: 7ec416f24bbc2b3f63ed5485791e3250 -> 58afa85ab125f099ef201a63b191b316
  custom:scripting/monoscript/fileName/ArrayUtility.cs: b8c011a6edd79b211f0955ed46d60df1 -> 7ba2d4a9c78178d723b9d885f5f1af2e
  custom:scripting/monoscript/fileName/ITemplateNode.cs: cd6fd998d6867619a5c48da87fcf5a14 -> f5da816ed0ca7c34ef03789101f9d2a7
  custom:scripting/monoscript/fileName/PurchaseAnimalTag.cs: 8f794ad5afbe806dfef508ff0dc3725b -> 
  custom:scripting/monoscript/fileName/MetaDescriptionAttribute.cs: e311fd002cc0dc6e7dfd746e1f56fa4d -> db593401a601951b4b3fe210d2e6ac30
  custom:scripting/monoscript/fileName/EcsQueryExecutor.cs: cb7218d8ec00ef6dcd4958fea7556d82 -> 92321aad84d8490e6222233ad957067f
  custom:scripting/monoscript/fileName/IEcsTypeMetaProvider.cs: e76830a8fd8170d850ac464a370b8916 -> 03184fa6c59932ed538cbd8addf6fe48
  custom:scripting/monoscript/fileName/DataInterfaces.cs: 40735d631d366c73ff47fb097c329025 -> 4a32470493a767702519176ca1433fe7
  custom:scripting/monoscript/fileName/MetaColorAttribute.cs: 8a7fbcfd4a3ecc0628d8afb69765dc7d -> b291fc4e51b18e37e62b8c2cd9aedc86
  custom:scripting/monoscript/fileName/EcsDebugUtility.cs: 2be076fcf1f1c707a9eaee7da01b5c57 -> e6bcd67ac51126e8c5afedefba8d71da
  custom:scripting/monoscript/fileName/Consts.cs: 6eb20adfff3eee69e75faf4b73a2ddd6 -> a82fb62194155ef6154e1bce01fd9ff8
  custom:container-muxer-webm: aa71ff27fc2769a1b78a27578f13a17b -> 
  custom:video-decoder-webm-vp8: 9c59270c3fd7afecdb556c50c9e8de78 -> 
  custom:scripting/monoscript/fileName/EcsMask.cs: c7032164440c4d6e79eaef7871e350a0 -> 71a9ebdefefd85f00a63f4791a1ea3d1
  custom:scripting/monoscript/fileName/EcsTypeCode.cs: 10f78a56829fa79a2c926bb06b832e7c -> 51c186a230106c5e5caae5f4debb522f
  custom:SearchIndexIgnoredProperties: e643bd26f0fe6173181afceb89e7c659 -> 
  custom:AudioImporter_EditorPlatform: d09bf68614088b80899f8185d706f6e7 -> 
  custom:scripting/monoscript/fileName/EcsMetaAttribute.cs: 4681b49ca5ea899cb64dfc809ca3a8ea -> fd3ea90bde2894a0f0de9ba2a9ee1175
  custom:scripting/monoscript/fileName/ReflectionUtility.cs: 058ada316ffb2af4349828c12d73f05f -> 12b2c0079659a56c89e37a6035957749
  custom:scripting/monoscript/fileName/SparseArray.cs: e0a51e584485b56d9971a06b4f70ecb4 -> a53f96815da50de15010b1c479bc70cf
  custom:scripting/monoscript/fileName/MetaNameAttribute.cs: b18e144d46cb3e237061620a54a5c5b3 -> 5e226a78b91fbab58bf42b88813abd57
  custom:scripting/monoscript/fileName/Worlds.cs: 2095c64d03c345b28301088b270fc226 -> a519624c388a13e47405c0a2dabe03d9
  custom:scripting/monoscript/fileName/TypeMeta.cs: d699924ce717772f7c2cd77e38d71192 -> 24f705c5cf4437ab23e98a5be362a486
  custom:scripting/monoscript/fileName/BaseProcesses.cs: 80e3d614c7158c082908397fef1e317d -> 0a3575435ba216831ce2d6aa80f68677
  custom:scripting/monoscript/fileName/ArraySortHalperX.cs: 34c6ff9cf0aa0d720e612550af5c5d26 -> 849ed7f5b11c9db237ef61b01c5a5104
  custom:scripting/monoscript/fileName/IdDispenser.cs: bef711bcf3a1c70877f3acc0d83f608a -> 6b91817103880c6300d5bbc0a80dee89
  custom:scripting/monoscript/fileName/UncheckedCoreUtility.cs: aa37da10340101a351c8f424e4a43f12 -> 09fccf4854a9f3d55ae4968719f5f130
  custom:scripting/monoscript/fileName/EcsWhereExecutor.cs: 8f6297df34271fdb1ce2d9607ec6261d -> 90647cc400823b41df847a6cbfc29026
  custom:scripting/monoscript/fileName/Exceptions.cs: e7350dd3f4b1c79c9fcc1da058ddd1dd -> 5a99b6c5dbdfe99f70e6110b9053674e
  custom:scripting/monoscript/fileName/EcsPipeline.cs: 20e3b45874106257d644cc4ae0f33185 -> 36e23495764e4bec4ffd55587fa9bce0
  custom:scripting/monoscript/fileName/Interfaces.cs: 681918feb06dbc142788871f8a6610d3 -> fc983f43e88a1e2383a87bd1535543fc
  custom:scripting/monoscript/fileName/UnsafeArray.cs: 34c6ff9cf0aa0d720e612550af5c5d26 -> 849ed7f5b11c9db237ef61b01c5a5104
  custom:video-encoder-webm-vp8: eb34c28f22e8b96e1ab97ce403110664 -> 
  custom:audio-decoder-ogg-vorbis: bf7c407c2cedff20999df2af8eb42d56 -> 
  custom:scripting/monoscript/fileName/Aspects.cs: 1bb7690008a48009fa7704e7d80ce115 -> 5d6713079a073ac4c50170617f2cbbdd
  custom:scripting/monoscript/fileName/EcsGroup.cs: d28e68a8e3335e3ff75090b24d219185 -> 07228ccef216f15bc3f56e47b32f26f0
  custom:scripting/monoscript/fileName/InjectionNode.cs: a7d92609dd9cfc813f9dccdefcda74cf -> 7d6c6f255293ac7ab881de6eb1e69df7
  custom:audio-encoder-webm-vorbis: bf7c407c2cedff20999df2af8eb42d56 -> 
  custom:scripting/monoscript/fileName/EcsDebug.cs: ad23832bbeaf496a3eba629cd3080a70 -> 8eea15508cf5695757b725dea1725cc6
  custom:scripting/monoscript/fileName/EcsWorld.static.cs: f85c16838859d07970713c1de49a3eef -> ee995408255e09566032e690e1f3317f
  custom:scripting/monoscript/fileName/EcsSpan.cs: 15f074769c3fa58382bc0456b3014117 -> 5396e8906f65d637e3c12326ff4a7ea8
  custom:scripting/monoscript/fileName/IConfigContainer.cs: ee47ea4eb3954f388b1065d58a23985a -> 30fa438da5de3948b7e37a4c6c6e4b4f
  custom:scripting/monoscript/fileName/EcsPipelineExtensions.cs: 597578e060d6d93abc2e740705b386d0 -> 1fbf402bff11f45c5350e88723859228
  custom:scripting/monoscript/fileName/EcsPool.cs: 40748e41624ef0b0c2cadcd56b76135d -> a404ad22ede0b7d8f576df1bedbf538c
  custom:scripting/precompiled-assembly-types:Assembly-CSharp: 74b0757fb3195a67641f972151e709da -> fe1f0beb764a7a3c5a0667557268a853
  custom:scripting/monoscript/fileName/GameFieldGeneratedPlaneAlgorithmAudioConfig.cs: dd76a1cfcc30cf141d185d00260c3c11 -> 
========================================================================
Received Prepare
Caller must complete domain reload
Begin MonoManager ReloadAssembly
- Loaded All Assemblies, in  3.527 seconds
Native extension for WindowsStandalone target not found
Native extension for Android target not found
Native extension for WebGL target not found
[Package Manager] Server::EnsureServerProcessIsRunning -- launch failed, reason: Unity was launched with the -noUpm command-line argument
[Package Manager] UpmClient::Send -- Unable to send message (not connected to UPM process).
[Package Manager] Cannot connect to Unity Package Manager local server
Mono: successfully reloaded assembly
[Package Manager] Server::EnsureServerProcessIsRunning -- launch failed, reason: Unity was launched with the -noUpm command-line argument
[Package Manager] UpmClient::Send -- Unable to send message (not connected to UPM process).
[Package Manager] Cannot connect to Unity Package Manager local server
- Finished resetting the current domain, in  2.749 seconds
Domain Reload Profiling: 6283ms
	BeginReloadAssembly (1885ms)
		ExecutionOrderSort (0ms)
		DisableScriptedObjects (89ms)
		BackupInstance (0ms)
		ReleaseScriptingObjects (3ms)
		CreateAndSetChildDomain (1001ms)
	RebuildCommonClasses (94ms)
	RebuildNativeTypeToScriptingClass (13ms)
	initialDomainReloadingComplete (45ms)
	LoadAllAssembliesAndSetupDomain (1495ms)
		LoadAssemblies (1856ms)
		RebuildTransferFunctionScriptingTraits (0ms)
		AnalyzeDomain (127ms)
			TypeCache.Refresh (68ms)
				TypeCache.ScanAssembly (11ms)
			ScanForSourceGeneratedMonoScriptInfo (28ms)
			ResolveRequiredComponents (30ms)
	FinalizeReload (2750ms)
		ReleaseScriptCaches (0ms)
		RebuildScriptCaches (0ms)
		SetupLoadedEditorAssemblies (1088ms)
			LogAssemblyErrors (0ms)
			InitializePlatformSupportModulesInManaged (81ms)
			SetLoadedEditorAssemblies (8ms)
			RefreshPlugins (0ms)
			BeforeProcessingInitializeOnLoad (177ms)
			ProcessInitializeOnLoadAttributes (431ms)
			ProcessInitializeOnLoadMethodAttributes (388ms)
			AfterProcessingInitializeOnLoad (3ms)
			EditorAssembliesLoaded (1ms)
		ExecutionOrderSort2 (0ms)
		AwakeInstancesAfterBackupRestoration (7ms)
Refreshing native plugins compatible for Editor in 29.75 ms, found 3 plugins.
Preloading 0 native plugins for Editor in 0.00 ms.
Unloading 4336 Unused Serialized files (Serialized files now loaded: 0)
Unloading 31 unused Assets / (66.4 KB). Loaded Objects now: 5044.
Memory consumption went from 188.5 MB to 188.5 MB.
Total: 28.034600 ms (FindLiveObjects: 0.875300 ms CreateObjectMapping: 0.116500 ms MarkObjects: 25.651600 ms  DeleteObjects: 1.389500 ms)

Prepare: number of updated asset objects reloaded= 0
AssetImportParameters requested are different than current active one (requested -> active):
  custom:scripting/monoscript/fileName/EcsPoolBase.cs: 31ac56193ae6d54339748acda32ec94d -> 13578c1186811575128a81ef58458158
  custom:container-demuxer-ogg: 62fdf1f143b41e24485cea50d1cbac27 -> 
  custom:scripting/monoscript/fileName/EcsWorld.cs: 22c9529b696807804c45b49aecb240e4 -> b5398d9e0d6d44b0656dfb9e069bdcb7
  custom:scripting/monoscript/fileName/EcsRunner.cs: 888da8f511430c4063b6409b3d58672b -> 71d2a3bda53ca5b6050345a489bc2623
  custom:scripting/monoscript/fileName/Injector.cs: 497aaabc2940aa3aa01d252fd8a0c47b -> 1c175fcff5ec2c8fc7a965114f3f7d7d
  custom:scripting/monoscript/fileName/EcsWorld.cache.cs: 6b1449c23a40962b50a2e08eb04ae9e6 -> 6f387c7e66db371630ef2a0a5fc22850
  custom:scripting/monoscript/fileName/InjectionBranch.cs: 4279a377faef040bb62fb4a633533f04 -> 7d84b04d553f6e4071360c20ba45080a
  custom:video-decoder-ogg-theora: a1e56fd34408186e4bbccfd4996cb3dc -> 
  custom:scripting/monoscript/fileName/EcsAspect.cs: 379ac680ffd19ab4b9f61502a7a6eff8 -> 226bdda0feb135d8ad2f56ec6d899a1d
  custom:framework-win-MediaFoundation: 216162199b28c13a410421893ffa2e32 -> 
  custom:scripting/monoscript/fileName/entlong.cs: fb737a2ecf18e5cd642c1cb50dfe46b8 -> de9b060f0b3358bb6a05d89bc42f0791
  custom:scripting/monoscript/fileName/MetaTagsAttribute.cs: f816c95d973588aac5587e0cf7b12543 -> 48654cba762b6d27f4b1d46fcf914471
  custom:scripting/monoscript/fileName/GameFieldGeneratedPlaneAlgorithmMarker.cs: 505be8ba7cc43f00ae1cc5b5ce71b559 -> 
  custom:scripting/monoscript/fileName/MetaGroupAttribute.cs: f6b3a56866565312640e6eda2030408e -> 41562d763411caf327dc60de94f75855
  custom:scripting/monoscript/fileName/BitsUtility.cs: 9d0da9e734b986fb4c879c4d944d8b14 -> c92cf35016096013ce0c38bf263e4405
  custom:CustomObjectIndexerAttribute: 9a22284fe3817be447336de3de66b15e -> 
  custom:scripting/monoscript/fileName/EcsWhereToGroupExecutor.cs: 8f6297df34271fdb1ce2d9607ec6261d -> 90647cc400823b41df847a6cbfc29026
  custom:scripting/monoscript/fileName/EcsWorld.pools.cs: 47beb563def6082bb4ad79bf75bb6a66 -> 2c8c92e9dae1546ac82eb30ddc32f89b
  custom:container-demuxer-webm: 4f35f7cbe854078d1ac9338744f61a02 -> 
  custom:scripting/monoscript/fileName/EcsTagPool.cs: d63c9283c9f0dc9a65cfcb4d6f3f406e -> 292012435f767377dfa5c5d9463011fc
  custom:scripting/monoscript/fileName/Queries.cs: 7ec416f24bbc2b3f63ed5485791e3250 -> 58afa85ab125f099ef201a63b191b316
  custom:scripting/monoscript/fileName/ArrayUtility.cs: b8c011a6edd79b211f0955ed46d60df1 -> 7ba2d4a9c78178d723b9d885f5f1af2e
  custom:scripting/monoscript/fileName/ITemplateNode.cs: cd6fd998d6867619a5c48da87fcf5a14 -> f5da816ed0ca7c34ef03789101f9d2a7
  custom:scripting/monoscript/fileName/PurchaseAnimalTag.cs: 8f794ad5afbe806dfef508ff0dc3725b -> 
  custom:scripting/monoscript/fileName/MetaDescriptionAttribute.cs: e311fd002cc0dc6e7dfd746e1f56fa4d -> db593401a601951b4b3fe210d2e6ac30
  custom:scripting/monoscript/fileName/EcsQueryExecutor.cs: cb7218d8ec00ef6dcd4958fea7556d82 -> 92321aad84d8490e6222233ad957067f
  custom:scripting/monoscript/fileName/IEcsTypeMetaProvider.cs: e76830a8fd8170d850ac464a370b8916 -> 03184fa6c59932ed538cbd8addf6fe48
  custom:scripting/monoscript/fileName/DataInterfaces.cs: 40735d631d366c73ff47fb097c329025 -> 4a32470493a767702519176ca1433fe7
  custom:scripting/monoscript/fileName/MetaColorAttribute.cs: 8a7fbcfd4a3ecc0628d8afb69765dc7d -> b291fc4e51b18e37e62b8c2cd9aedc86
  custom:scripting/monoscript/fileName/EcsDebugUtility.cs: 2be076fcf1f1c707a9eaee7da01b5c57 -> e6bcd67ac51126e8c5afedefba8d71da
  custom:scripting/monoscript/fileName/Consts.cs: 6eb20adfff3eee69e75faf4b73a2ddd6 -> a82fb62194155ef6154e1bce01fd9ff8
  custom:container-muxer-webm: aa71ff27fc2769a1b78a27578f13a17b -> 
  custom:video-decoder-webm-vp8: 9c59270c3fd7afecdb556c50c9e8de78 -> 
  custom:scripting/monoscript/fileName/EcsMask.cs: c7032164440c4d6e79eaef7871e350a0 -> 71a9ebdefefd85f00a63f4791a1ea3d1
  custom:scripting/monoscript/fileName/EcsTypeCode.cs: 10f78a56829fa79a2c926bb06b832e7c -> 51c186a230106c5e5caae5f4debb522f
  custom:SearchIndexIgnoredProperties: e643bd26f0fe6173181afceb89e7c659 -> 
  custom:AudioImporter_EditorPlatform: d09bf68614088b80899f8185d706f6e7 -> 
  custom:scripting/monoscript/fileName/EcsMetaAttribute.cs: 4681b49ca5ea899cb64dfc809ca3a8ea -> fd3ea90bde2894a0f0de9ba2a9ee1175
  custom:scripting/monoscript/fileName/ReflectionUtility.cs: 058ada316ffb2af4349828c12d73f05f -> 12b2c0079659a56c89e37a6035957749
  custom:scripting/monoscript/fileName/SparseArray.cs: e0a51e584485b56d9971a06b4f70ecb4 -> a53f96815da50de15010b1c479bc70cf
  custom:scripting/monoscript/fileName/MetaNameAttribute.cs: b18e144d46cb3e237061620a54a5c5b3 -> 5e226a78b91fbab58bf42b88813abd57
  custom:scripting/monoscript/fileName/Worlds.cs: 2095c64d03c345b28301088b270fc226 -> a519624c388a13e47405c0a2dabe03d9
  custom:scripting/monoscript/fileName/TypeMeta.cs: d699924ce717772f7c2cd77e38d71192 -> 24f705c5cf4437ab23e98a5be362a486
  custom:scripting/monoscript/fileName/BaseProcesses.cs: 80e3d614c7158c082908397fef1e317d -> 0a3575435ba216831ce2d6aa80f68677
  custom:scripting/monoscript/fileName/ArraySortHalperX.cs: 34c6ff9cf0aa0d720e612550af5c5d26 -> 849ed7f5b11c9db237ef61b01c5a5104
  custom:scripting/monoscript/fileName/IdDispenser.cs: bef711bcf3a1c70877f3acc0d83f608a -> 6b91817103880c6300d5bbc0a80dee89
  custom:scripting/monoscript/fileName/UncheckedCoreUtility.cs: aa37da10340101a351c8f424e4a43f12 -> 09fccf4854a9f3d55ae4968719f5f130
  custom:scripting/monoscript/fileName/EcsWhereExecutor.cs: 8f6297df34271fdb1ce2d9607ec6261d -> 90647cc400823b41df847a6cbfc29026
  custom:scripting/monoscript/fileName/Exceptions.cs: e7350dd3f4b1c79c9fcc1da058ddd1dd -> 5a99b6c5dbdfe99f70e6110b9053674e
  custom:scripting/monoscript/fileName/EcsPipeline.cs: 20e3b45874106257d644cc4ae0f33185 -> 36e23495764e4bec4ffd55587fa9bce0
  custom:scripting/monoscript/fileName/Interfaces.cs: 681918feb06dbc142788871f8a6610d3 -> fc983f43e88a1e2383a87bd1535543fc
  custom:scripting/monoscript/fileName/UnsafeArray.cs: 34c6ff9cf0aa0d720e612550af5c5d26 -> 849ed7f5b11c9db237ef61b01c5a5104
  custom:video-encoder-webm-vp8: eb34c28f22e8b96e1ab97ce403110664 -> 
  custom:audio-decoder-ogg-vorbis: bf7c407c2cedff20999df2af8eb42d56 -> 
  custom:scripting/monoscript/fileName/Aspects.cs: 1bb7690008a48009fa7704e7d80ce115 -> 5d6713079a073ac4c50170617f2cbbdd
  custom:scripting/monoscript/fileName/EcsGroup.cs: d28e68a8e3335e3ff75090b24d219185 -> 07228ccef216f15bc3f56e47b32f26f0
  custom:scripting/monoscript/fileName/InjectionNode.cs: a7d92609dd9cfc813f9dccdefcda74cf -> 7d6c6f255293ac7ab881de6eb1e69df7
  custom:audio-encoder-webm-vorbis: bf7c407c2cedff20999df2af8eb42d56 -> 
  custom:scripting/monoscript/fileName/EcsDebug.cs: ad23832bbeaf496a3eba629cd3080a70 -> 8eea15508cf5695757b725dea1725cc6
  custom:scripting/monoscript/fileName/EcsWorld.static.cs: f85c16838859d07970713c1de49a3eef -> ee995408255e09566032e690e1f3317f
  custom:scripting/monoscript/fileName/EcsSpan.cs: 15f074769c3fa58382bc0456b3014117 -> 5396e8906f65d637e3c12326ff4a7ea8
  custom:scripting/monoscript/fileName/IConfigContainer.cs: ee47ea4eb3954f388b1065d58a23985a -> 30fa438da5de3948b7e37a4c6c6e4b4f
  custom:scripting/monoscript/fileName/EcsPipelineExtensions.cs: 597578e060d6d93abc2e740705b386d0 -> 1fbf402bff11f45c5350e88723859228
  custom:scripting/monoscript/fileName/EcsPool.cs: 40748e41624ef0b0c2cadcd56b76135d -> a404ad22ede0b7d8f576df1bedbf538c
  custom:scripting/precompiled-assembly-types:Assembly-CSharp: 74b0757fb3195a67641f972151e709da -> fe1f0beb764a7a3c5a0667557268a853
  custom:scripting/monoscript/fileName/GameFieldGeneratedPlaneAlgorithmAudioConfig.cs: dd76a1cfcc30cf141d185d00260c3c11 -> 
========================================================================
Received Prepare
Caller must complete domain reload
Begin MonoManager ReloadAssembly
- Loaded All Assemblies, in  1.997 seconds
Native extension for WindowsStandalone target not found
Native extension for Android target not found
Native extension for WebGL target not found
[Package Manager] Server::EnsureServerProcessIsRunning -- launch failed, reason: Unity was launched with the -noUpm command-line argument
[Package Manager] UpmClient::Send -- Unable to send message (not connected to UPM process).
[Package Manager] Cannot connect to Unity Package Manager local server
Mono: successfully reloaded assembly
[Package Manager] Server::EnsureServerProcessIsRunning -- launch failed, reason: Unity was launched with the -noUpm command-line argument
[Package Manager] UpmClient::Send -- Unable to send message (not connected to UPM process).
[Package Manager] Cannot connect to Unity Package Manager local server
- Finished resetting the current domain, in  2.058 seconds
Domain Reload Profiling: 4059ms
	BeginReloadAssembly (581ms)
		ExecutionOrderSort (0ms)
		DisableScriptedObjects (21ms)
		BackupInstance (0ms)
		ReleaseScriptingObjects (1ms)
		CreateAndSetChildDomain (318ms)
	RebuildCommonClasses (29ms)
	RebuildNativeTypeToScriptingClass (9ms)
	initialDomainReloadingComplete (36ms)
	LoadAllAssembliesAndSetupDomain (1345ms)
		LoadAssemblies (1375ms)
		RebuildTransferFunctionScriptingTraits (0ms)
		AnalyzeDomain (114ms)
			TypeCache.Refresh (67ms)
				TypeCache.ScanAssembly (8ms)
			ScanForSourceGeneratedMonoScriptInfo (22ms)
			ResolveRequiredComponents (23ms)
	FinalizeReload (2060ms)
		ReleaseScriptCaches (0ms)
		RebuildScriptCaches (0ms)
		SetupLoadedEditorAssemblies (1136ms)
			LogAssemblyErrors (0ms)
			InitializePlatformSupportModulesInManaged (53ms)
			SetLoadedEditorAssemblies (4ms)
			RefreshPlugins (0ms)
			BeforeProcessingInitializeOnLoad (109ms)
			ProcessInitializeOnLoadAttributes (512ms)
			ProcessInitializeOnLoadMethodAttributes (452ms)
			AfterProcessingInitializeOnLoad (3ms)
			EditorAssembliesLoaded (2ms)
		ExecutionOrderSort2 (0ms)
		AwakeInstancesAfterBackupRestoration (6ms)
Refreshing native plugins compatible for Editor in 15.57 ms, found 3 plugins.
Preloading 0 native plugins for Editor in 0.00 ms.
Unloading 4336 Unused Serialized files (Serialized files now loaded: 0)
Unloading 31 unused Assets / (66.3 KB). Loaded Objects now: 5047.
Memory consumption went from 188.5 MB to 188.5 MB.
Total: 32.128900 ms (FindLiveObjects: 3.610700 ms CreateObjectMapping: 0.152600 ms MarkObjects: 26.879000 ms  DeleteObjects: 1.485100 ms)

Prepare: number of updated asset objects reloaded= 0
AssetImportParameters requested are different than current active one (requested -> active):
  custom:scripting/monoscript/fileName/EcsPoolBase.cs: 31ac56193ae6d54339748acda32ec94d -> 13578c1186811575128a81ef58458158
  custom:container-demuxer-ogg: 62fdf1f143b41e24485cea50d1cbac27 -> 
  custom:scripting/monoscript/fileName/EcsWorld.cs: 22c9529b696807804c45b49aecb240e4 -> b5398d9e0d6d44b0656dfb9e069bdcb7
  custom:scripting/monoscript/fileName/EcsRunner.cs: 888da8f511430c4063b6409b3d58672b -> 71d2a3bda53ca5b6050345a489bc2623
  custom:scripting/monoscript/fileName/Injector.cs: 497aaabc2940aa3aa01d252fd8a0c47b -> 1c175fcff5ec2c8fc7a965114f3f7d7d
  custom:scripting/monoscript/fileName/EcsWorld.cache.cs: 6b1449c23a40962b50a2e08eb04ae9e6 -> 6f387c7e66db371630ef2a0a5fc22850
  custom:scripting/monoscript/fileName/InjectionBranch.cs: 4279a377faef040bb62fb4a633533f04 -> 7d84b04d553f6e4071360c20ba45080a
  custom:video-decoder-ogg-theora: a1e56fd34408186e4bbccfd4996cb3dc -> 
  custom:scripting/monoscript/fileName/EcsAspect.cs: 379ac680ffd19ab4b9f61502a7a6eff8 -> 226bdda0feb135d8ad2f56ec6d899a1d
  custom:framework-win-MediaFoundation: 216162199b28c13a410421893ffa2e32 -> 
  custom:scripting/monoscript/fileName/entlong.cs: fb737a2ecf18e5cd642c1cb50dfe46b8 -> de9b060f0b3358bb6a05d89bc42f0791
  custom:scripting/monoscript/fileName/MetaTagsAttribute.cs: f816c95d973588aac5587e0cf7b12543 -> 48654cba762b6d27f4b1d46fcf914471
  custom:scripting/monoscript/fileName/GameFieldGeneratedPlaneAlgorithmMarker.cs: 505be8ba7cc43f00ae1cc5b5ce71b559 -> 
  custom:scripting/monoscript/fileName/MetaGroupAttribute.cs: f6b3a56866565312640e6eda2030408e -> 41562d763411caf327dc60de94f75855
  custom:scripting/monoscript/fileName/BitsUtility.cs: 9d0da9e734b986fb4c879c4d944d8b14 -> c92cf35016096013ce0c38bf263e4405
  custom:CustomObjectIndexerAttribute: 9a22284fe3817be447336de3de66b15e -> 
  custom:scripting/monoscript/fileName/EcsWhereToGroupExecutor.cs: 8f6297df34271fdb1ce2d9607ec6261d -> 90647cc400823b41df847a6cbfc29026
  custom:scripting/monoscript/fileName/EcsWorld.pools.cs: 47beb563def6082bb4ad79bf75bb6a66 -> 2c8c92e9dae1546ac82eb30ddc32f89b
  custom:container-demuxer-webm: 4f35f7cbe854078d1ac9338744f61a02 -> 
  custom:scripting/monoscript/fileName/EcsTagPool.cs: d63c9283c9f0dc9a65cfcb4d6f3f406e -> 292012435f767377dfa5c5d9463011fc
  custom:scripting/monoscript/fileName/Queries.cs: 7ec416f24bbc2b3f63ed5485791e3250 -> 58afa85ab125f099ef201a63b191b316
  custom:scripting/monoscript/fileName/ArrayUtility.cs: b8c011a6edd79b211f0955ed46d60df1 -> 7ba2d4a9c78178d723b9d885f5f1af2e
  custom:scripting/monoscript/fileName/ITemplateNode.cs: cd6fd998d6867619a5c48da87fcf5a14 -> f5da816ed0ca7c34ef03789101f9d2a7
  custom:scripting/monoscript/fileName/PurchaseAnimalTag.cs: 8f794ad5afbe806dfef508ff0dc3725b -> 
  custom:scripting/monoscript/fileName/MetaDescriptionAttribute.cs: e311fd002cc0dc6e7dfd746e1f56fa4d -> db593401a601951b4b3fe210d2e6ac30
  custom:scripting/monoscript/fileName/EcsQueryExecutor.cs: cb7218d8ec00ef6dcd4958fea7556d82 -> 92321aad84d8490e6222233ad957067f
  custom:scripting/monoscript/fileName/IEcsTypeMetaProvider.cs: e76830a8fd8170d850ac464a370b8916 -> 03184fa6c59932ed538cbd8addf6fe48
  custom:scripting/monoscript/fileName/DataInterfaces.cs: 40735d631d366c73ff47fb097c329025 -> 4a32470493a767702519176ca1433fe7
  custom:scripting/monoscript/fileName/MetaColorAttribute.cs: 8a7fbcfd4a3ecc0628d8afb69765dc7d -> b291fc4e51b18e37e62b8c2cd9aedc86
  custom:scripting/monoscript/fileName/EcsDebugUtility.cs: 2be076fcf1f1c707a9eaee7da01b5c57 -> e6bcd67ac51126e8c5afedefba8d71da
  custom:scripting/monoscript/fileName/Consts.cs: 6eb20adfff3eee69e75faf4b73a2ddd6 -> a82fb62194155ef6154e1bce01fd9ff8
  custom:container-muxer-webm: aa71ff27fc2769a1b78a27578f13a17b -> 
  custom:video-decoder-webm-vp8: 9c59270c3fd7afecdb556c50c9e8de78 -> 
  custom:scripting/monoscript/fileName/EcsMask.cs: c7032164440c4d6e79eaef7871e350a0 -> 71a9ebdefefd85f00a63f4791a1ea3d1
  custom:scripting/monoscript/fileName/EcsTypeCode.cs: 10f78a56829fa79a2c926bb06b832e7c -> 51c186a230106c5e5caae5f4debb522f
  custom:SearchIndexIgnoredProperties: e643bd26f0fe6173181afceb89e7c659 -> 
  custom:AudioImporter_EditorPlatform: d09bf68614088b80899f8185d706f6e7 -> 
  custom:scripting/monoscript/fileName/EcsMetaAttribute.cs: 4681b49ca5ea899cb64dfc809ca3a8ea -> fd3ea90bde2894a0f0de9ba2a9ee1175
  custom:scripting/monoscript/fileName/ReflectionUtility.cs: 058ada316ffb2af4349828c12d73f05f -> 12b2c0079659a56c89e37a6035957749
  custom:scripting/monoscript/fileName/SparseArray.cs: e0a51e584485b56d9971a06b4f70ecb4 -> a53f96815da50de15010b1c479bc70cf
  custom:scripting/monoscript/fileName/MetaNameAttribute.cs: b18e144d46cb3e237061620a54a5c5b3 -> 5e226a78b91fbab58bf42b88813abd57
  custom:scripting/monoscript/fileName/Worlds.cs: 2095c64d03c345b28301088b270fc226 -> a519624c388a13e47405c0a2dabe03d9
  custom:scripting/monoscript/fileName/TypeMeta.cs: d699924ce717772f7c2cd77e38d71192 -> 24f705c5cf4437ab23e98a5be362a486
  custom:scripting/monoscript/fileName/BaseProcesses.cs: 80e3d614c7158c082908397fef1e317d -> 0a3575435ba216831ce2d6aa80f68677
  custom:scripting/monoscript/fileName/ArraySortHalperX.cs: 34c6ff9cf0aa0d720e612550af5c5d26 -> 849ed7f5b11c9db237ef61b01c5a5104
  custom:scripting/monoscript/fileName/IdDispenser.cs: bef711bcf3a1c70877f3acc0d83f608a -> 6b91817103880c6300d5bbc0a80dee89
  custom:scripting/monoscript/fileName/UncheckedCoreUtility.cs: aa37da10340101a351c8f424e4a43f12 -> 09fccf4854a9f3d55ae4968719f5f130
  custom:scripting/monoscript/fileName/EcsWhereExecutor.cs: 8f6297df34271fdb1ce2d9607ec6261d -> 90647cc400823b41df847a6cbfc29026
  custom:scripting/monoscript/fileName/Exceptions.cs: e7350dd3f4b1c79c9fcc1da058ddd1dd -> 5a99b6c5dbdfe99f70e6110b9053674e
  custom:scripting/monoscript/fileName/EcsPipeline.cs: 20e3b45874106257d644cc4ae0f33185 -> 36e23495764e4bec4ffd55587fa9bce0
  custom:scripting/monoscript/fileName/Interfaces.cs: 681918feb06dbc142788871f8a6610d3 -> fc983f43e88a1e2383a87bd1535543fc
  custom:scripting/monoscript/fileName/UnsafeArray.cs: 34c6ff9cf0aa0d720e612550af5c5d26 -> 849ed7f5b11c9db237ef61b01c5a5104
  custom:video-encoder-webm-vp8: eb34c28f22e8b96e1ab97ce403110664 -> 
  custom:audio-decoder-ogg-vorbis: bf7c407c2cedff20999df2af8eb42d56 -> 
  custom:scripting/monoscript/fileName/Aspects.cs: 1bb7690008a48009fa7704e7d80ce115 -> 5d6713079a073ac4c50170617f2cbbdd
  custom:scripting/monoscript/fileName/EcsGroup.cs: d28e68a8e3335e3ff75090b24d219185 -> 07228ccef216f15bc3f56e47b32f26f0
  custom:scripting/monoscript/fileName/InjectionNode.cs: a7d92609dd9cfc813f9dccdefcda74cf -> 7d6c6f255293ac7ab881de6eb1e69df7
  custom:audio-encoder-webm-vorbis: bf7c407c2cedff20999df2af8eb42d56 -> 
  custom:scripting/monoscript/fileName/EcsDebug.cs: ad23832bbeaf496a3eba629cd3080a70 -> 8eea15508cf5695757b725dea1725cc6
  custom:scripting/monoscript/fileName/EcsWorld.static.cs: f85c16838859d07970713c1de49a3eef -> ee995408255e09566032e690e1f3317f
  custom:scripting/monoscript/fileName/EcsSpan.cs: 15f074769c3fa58382bc0456b3014117 -> 5396e8906f65d637e3c12326ff4a7ea8
  custom:scripting/monoscript/fileName/IConfigContainer.cs: ee47ea4eb3954f388b1065d58a23985a -> 30fa438da5de3948b7e37a4c6c6e4b4f
  custom:scripting/monoscript/fileName/EcsPipelineExtensions.cs: 597578e060d6d93abc2e740705b386d0 -> 1fbf402bff11f45c5350e88723859228
  custom:scripting/monoscript/fileName/EcsPool.cs: 40748e41624ef0b0c2cadcd56b76135d -> a404ad22ede0b7d8f576df1bedbf538c
  custom:scripting/precompiled-assembly-types:Assembly-CSharp: 74b0757fb3195a67641f972151e709da -> fe1f0beb764a7a3c5a0667557268a853
  custom:scripting/monoscript/fileName/GameFieldGeneratedPlaneAlgorithmAudioConfig.cs: dd76a1cfcc30cf141d185d00260c3c11 -> 
========================================================================
Received Prepare
Caller must complete domain reload
Begin MonoManager ReloadAssembly
- Loaded All Assemblies, in  2.566 seconds
Native extension for WindowsStandalone target not found
Native extension for Android target not found
Native extension for WebGL target not found
[Package Manager] Server::EnsureServerProcessIsRunning -- launch failed, reason: Unity was launched with the -noUpm command-line argument
[Package Manager] UpmClient::Send -- Unable to send message (not connected to UPM process).
[Package Manager] Cannot connect to Unity Package Manager local server
Mono: successfully reloaded assembly
[Package Manager] Server::EnsureServerProcessIsRunning -- launch failed, reason: Unity was launched with the -noUpm command-line argument
[Package Manager] UpmClient::Send -- Unable to send message (not connected to UPM process).
[Package Manager] Cannot connect to Unity Package Manager local server
- Finished resetting the current domain, in  2.840 seconds
Domain Reload Profiling: 5412ms
	BeginReloadAssembly (515ms)
		ExecutionOrderSort (0ms)
		DisableScriptedObjects (17ms)
		BackupInstance (0ms)
		ReleaseScriptingObjects (3ms)
		CreateAndSetChildDomain (209ms)
	RebuildCommonClasses (39ms)
	RebuildNativeTypeToScriptingClass (10ms)
	initialDomainReloadingComplete (47ms)
	LoadAllAssembliesAndSetupDomain (1959ms)
		LoadAssemblies (2033ms)
		RebuildTransferFunctionScriptingTraits (0ms)
		AnalyzeDomain (126ms)
			TypeCache.Refresh (61ms)
				TypeCache.ScanAssembly (8ms)
			ScanForSourceGeneratedMonoScriptInfo (35ms)
			ResolveRequiredComponents (29ms)
	FinalizeReload (2841ms)
		ReleaseScriptCaches (0ms)
		RebuildScriptCaches (0ms)
		SetupLoadedEditorAssemblies (1293ms)
			LogAssemblyErrors (0ms)
			InitializePlatformSupportModulesInManaged (68ms)
			SetLoadedEditorAssemblies (7ms)
			RefreshPlugins (0ms)
			BeforeProcessingInitializeOnLoad (114ms)
			ProcessInitializeOnLoadAttributes (728ms)
			ProcessInitializeOnLoadMethodAttributes (371ms)
			AfterProcessingInitializeOnLoad (3ms)
			EditorAssembliesLoaded (2ms)
		ExecutionOrderSort2 (0ms)
		AwakeInstancesAfterBackupRestoration (7ms)
Script is not up to date after domain reload: guid(cb17f07c4f79457294218a46149d72f8) path("Assets/_Project/Scripts/Gameplay/Features/GameWorldCreationFeature/Systems/GameScreenSystem.cs") state(2)
Refreshing native plugins compatible for Editor in 16.22 ms, found 3 plugins.
Preloading 0 native plugins for Editor in 0.00 ms.
Unloading 4335 Unused Serialized files (Serialized files now loaded: 0)
Unloading 31 unused Assets / (67.3 KB). Loaded Objects now: 5049.
Memory consumption went from 188.5 MB to 188.5 MB.
Total: 34.711500 ms (FindLiveObjects: 1.529500 ms CreateObjectMapping: 0.151100 ms MarkObjects: 31.710800 ms  DeleteObjects: 1.318100 ms)

Prepare: number of updated asset objects reloaded= 0
AssetImportParameters requested are different than current active one (requested -> active):
  custom:scripting/monoscript/fileName/EcsPoolBase.cs: 31ac56193ae6d54339748acda32ec94d -> 13578c1186811575128a81ef58458158
  custom:container-demuxer-ogg: 62fdf1f143b41e24485cea50d1cbac27 -> 
  custom:scripting/monoscript/fileName/EcsWorld.cs: 22c9529b696807804c45b49aecb240e4 -> b5398d9e0d6d44b0656dfb9e069bdcb7
  custom:scripting/monoscript/fileName/EcsRunner.cs: 888da8f511430c4063b6409b3d58672b -> 71d2a3bda53ca5b6050345a489bc2623
  custom:scripting/monoscript/fileName/Injector.cs: 497aaabc2940aa3aa01d252fd8a0c47b -> 1c175fcff5ec2c8fc7a965114f3f7d7d
  custom:scripting/monoscript/fileName/EcsWorld.cache.cs: 6b1449c23a40962b50a2e08eb04ae9e6 -> 6f387c7e66db371630ef2a0a5fc22850
  custom:scripting/monoscript/fileName/InjectionBranch.cs: 4279a377faef040bb62fb4a633533f04 -> 7d84b04d553f6e4071360c20ba45080a
  custom:video-decoder-ogg-theora: a1e56fd34408186e4bbccfd4996cb3dc -> 
  custom:scripting/monoscript/fileName/EcsAspect.cs: 379ac680ffd19ab4b9f61502a7a6eff8 -> 226bdda0feb135d8ad2f56ec6d899a1d
  custom:framework-win-MediaFoundation: 216162199b28c13a410421893ffa2e32 -> 
  custom:scripting/monoscript/fileName/entlong.cs: fb737a2ecf18e5cd642c1cb50dfe46b8 -> de9b060f0b3358bb6a05d89bc42f0791
  custom:scripting/monoscript/fileName/MetaTagsAttribute.cs: f816c95d973588aac5587e0cf7b12543 -> 48654cba762b6d27f4b1d46fcf914471
  custom:scripting/monoscript/fileName/GameFieldGeneratedPlaneAlgorithmMarker.cs: 505be8ba7cc43f00ae1cc5b5ce71b559 -> 
  custom:scripting/monoscript/fileName/MetaGroupAttribute.cs: f6b3a56866565312640e6eda2030408e -> 41562d763411caf327dc60de94f75855
  custom:scripting/monoscript/fileName/BitsUtility.cs: 9d0da9e734b986fb4c879c4d944d8b14 -> c92cf35016096013ce0c38bf263e4405
  custom:CustomObjectIndexerAttribute: 9a22284fe3817be447336de3de66b15e -> 
  custom:scripting/monoscript/fileName/EcsWhereToGroupExecutor.cs: 8f6297df34271fdb1ce2d9607ec6261d -> 90647cc400823b41df847a6cbfc29026
  custom:scripting/monoscript/fileName/EcsWorld.pools.cs: 47beb563def6082bb4ad79bf75bb6a66 -> 2c8c92e9dae1546ac82eb30ddc32f89b
  custom:container-demuxer-webm: 4f35f7cbe854078d1ac9338744f61a02 -> 
  custom:scripting/monoscript/fileName/EcsTagPool.cs: d63c9283c9f0dc9a65cfcb4d6f3f406e -> 292012435f767377dfa5c5d9463011fc
  custom:scripting/monoscript/fileName/Queries.cs: 7ec416f24bbc2b3f63ed5485791e3250 -> 58afa85ab125f099ef201a63b191b316
  custom:scripting/monoscript/fileName/ArrayUtility.cs: b8c011a6edd79b211f0955ed46d60df1 -> 7ba2d4a9c78178d723b9d885f5f1af2e
  custom:scripting/monoscript/fileName/ITemplateNode.cs: cd6fd998d6867619a5c48da87fcf5a14 -> f5da816ed0ca7c34ef03789101f9d2a7
  custom:scripting/monoscript/fileName/PurchaseAnimalTag.cs: 8f794ad5afbe806dfef508ff0dc3725b -> 
  custom:scripting/monoscript/fileName/MetaDescriptionAttribute.cs: e311fd002cc0dc6e7dfd746e1f56fa4d -> db593401a601951b4b3fe210d2e6ac30
  custom:scripting/monoscript/fileName/EcsQueryExecutor.cs: cb7218d8ec00ef6dcd4958fea7556d82 -> 92321aad84d8490e6222233ad957067f
  custom:scripting/monoscript/fileName/IEcsTypeMetaProvider.cs: e76830a8fd8170d850ac464a370b8916 -> 03184fa6c59932ed538cbd8addf6fe48
  custom:scripting/monoscript/fileName/DataInterfaces.cs: 40735d631d366c73ff47fb097c329025 -> 4a32470493a767702519176ca1433fe7
  custom:scripting/monoscript/fileName/MetaColorAttribute.cs: 8a7fbcfd4a3ecc0628d8afb69765dc7d -> b291fc4e51b18e37e62b8c2cd9aedc86
  custom:scripting/monoscript/fileName/EcsDebugUtility.cs: 2be076fcf1f1c707a9eaee7da01b5c57 -> e6bcd67ac51126e8c5afedefba8d71da
  custom:scripting/monoscript/fileName/Consts.cs: 6eb20adfff3eee69e75faf4b73a2ddd6 -> a82fb62194155ef6154e1bce01fd9ff8
  custom:container-muxer-webm: aa71ff27fc2769a1b78a27578f13a17b -> 
  custom:video-decoder-webm-vp8: 9c59270c3fd7afecdb556c50c9e8de78 -> 
  custom:scripting/monoscript/fileName/EcsMask.cs: c7032164440c4d6e79eaef7871e350a0 -> 71a9ebdefefd85f00a63f4791a1ea3d1
  custom:scripting/monoscript/fileName/EcsTypeCode.cs: 10f78a56829fa79a2c926bb06b832e7c -> 51c186a230106c5e5caae5f4debb522f
  custom:SearchIndexIgnoredProperties: e643bd26f0fe6173181afceb89e7c659 -> 
  custom:AudioImporter_EditorPlatform: d09bf68614088b80899f8185d706f6e7 -> 
  custom:scripting/monoscript/fileName/EcsMetaAttribute.cs: 4681b49ca5ea899cb64dfc809ca3a8ea -> fd3ea90bde2894a0f0de9ba2a9ee1175
  custom:scripting/monoscript/fileName/ReflectionUtility.cs: 058ada316ffb2af4349828c12d73f05f -> 12b2c0079659a56c89e37a6035957749
  custom:scripting/monoscript/fileName/SparseArray.cs: e0a51e584485b56d9971a06b4f70ecb4 -> a53f96815da50de15010b1c479bc70cf
  custom:scripting/monoscript/fileName/MetaNameAttribute.cs: b18e144d46cb3e237061620a54a5c5b3 -> 5e226a78b91fbab58bf42b88813abd57
  custom:scripting/monoscript/fileName/Worlds.cs: 2095c64d03c345b28301088b270fc226 -> a519624c388a13e47405c0a2dabe03d9
  custom:scripting/monoscript/fileName/TypeMeta.cs: d699924ce717772f7c2cd77e38d71192 -> 24f705c5cf4437ab23e98a5be362a486
  custom:scripting/monoscript/fileName/BaseProcesses.cs: 80e3d614c7158c082908397fef1e317d -> 0a3575435ba216831ce2d6aa80f68677
  custom:scripting/monoscript/fileName/ArraySortHalperX.cs: 34c6ff9cf0aa0d720e612550af5c5d26 -> 849ed7f5b11c9db237ef61b01c5a5104
  custom:scripting/monoscript/fileName/IdDispenser.cs: bef711bcf3a1c70877f3acc0d83f608a -> 6b91817103880c6300d5bbc0a80dee89
  custom:scripting/monoscript/fileName/UncheckedCoreUtility.cs: aa37da10340101a351c8f424e4a43f12 -> 09fccf4854a9f3d55ae4968719f5f130
  custom:scripting/monoscript/fileName/EcsWhereExecutor.cs: 8f6297df34271fdb1ce2d9607ec6261d -> 90647cc400823b41df847a6cbfc29026
  custom:scripting/monoscript/fileName/Exceptions.cs: e7350dd3f4b1c79c9fcc1da058ddd1dd -> 5a99b6c5dbdfe99f70e6110b9053674e
  custom:scripting/monoscript/fileName/EcsPipeline.cs: 20e3b45874106257d644cc4ae0f33185 -> 36e23495764e4bec4ffd55587fa9bce0
  custom:scripting/monoscript/fileName/Interfaces.cs: 681918feb06dbc142788871f8a6610d3 -> fc983f43e88a1e2383a87bd1535543fc
  custom:scripting/monoscript/fileName/UnsafeArray.cs: 34c6ff9cf0aa0d720e612550af5c5d26 -> 849ed7f5b11c9db237ef61b01c5a5104
  custom:video-encoder-webm-vp8: eb34c28f22e8b96e1ab97ce403110664 -> 
  custom:audio-decoder-ogg-vorbis: bf7c407c2cedff20999df2af8eb42d56 -> 
  custom:scripting/monoscript/fileName/Aspects.cs: 1bb7690008a48009fa7704e7d80ce115 -> 5d6713079a073ac4c50170617f2cbbdd
  custom:scripting/monoscript/fileName/EcsGroup.cs: d28e68a8e3335e3ff75090b24d219185 -> 07228ccef216f15bc3f56e47b32f26f0
  custom:scripting/monoscript/fileName/InjectionNode.cs: a7d92609dd9cfc813f9dccdefcda74cf -> 7d6c6f255293ac7ab881de6eb1e69df7
  custom:audio-encoder-webm-vorbis: bf7c407c2cedff20999df2af8eb42d56 -> 
  custom:scripting/monoscript/fileName/EcsDebug.cs: ad23832bbeaf496a3eba629cd3080a70 -> 8eea15508cf5695757b725dea1725cc6
  custom:scripting/monoscript/fileName/EcsWorld.static.cs: f85c16838859d07970713c1de49a3eef -> ee995408255e09566032e690e1f3317f
  custom:scripting/monoscript/fileName/EcsSpan.cs: 15f074769c3fa58382bc0456b3014117 -> 5396e8906f65d637e3c12326ff4a7ea8
  custom:scripting/monoscript/fileName/IConfigContainer.cs: ee47ea4eb3954f388b1065d58a23985a -> 30fa438da5de3948b7e37a4c6c6e4b4f
  custom:scripting/monoscript/fileName/EcsPipelineExtensions.cs: 597578e060d6d93abc2e740705b386d0 -> 1fbf402bff11f45c5350e88723859228
  custom:scripting/monoscript/fileName/EcsPool.cs: 40748e41624ef0b0c2cadcd56b76135d -> a404ad22ede0b7d8f576df1bedbf538c
  custom:scripting/precompiled-assembly-types:Assembly-CSharp: 74b0757fb3195a67641f972151e709da -> fe1f0beb764a7a3c5a0667557268a853
  custom:scripting/monoscript/fileName/GameFieldGeneratedPlaneAlgorithmAudioConfig.cs: dd76a1cfcc30cf141d185d00260c3c11 -> 
========================================================================
Received Prepare
Caller must complete domain reload
Begin MonoManager ReloadAssembly
- Loaded All Assemblies, in  1.776 seconds
Native extension for WindowsStandalone target not found
Native extension for Android target not found
Native extension for WebGL target not found
[Package Manager] Server::EnsureServerProcessIsRunning -- launch failed, reason: Unity was launched with the -noUpm command-line argument
[Package Manager] UpmClient::Send -- Unable to send message (not connected to UPM process).
[Package Manager] Cannot connect to Unity Package Manager local server
Mono: successfully reloaded assembly
[Package Manager] Server::EnsureServerProcessIsRunning -- launch failed, reason: Unity was launched with the -noUpm command-line argument
[Package Manager] UpmClient::Send -- Unable to send message (not connected to UPM process).
[Package Manager] Cannot connect to Unity Package Manager local server
- Finished resetting the current domain, in  1.616 seconds
Domain Reload Profiling: 3392ms
	BeginReloadAssembly (332ms)
		ExecutionOrderSort (0ms)
		DisableScriptedObjects (7ms)
		BackupInstance (0ms)
		ReleaseScriptingObjects (7ms)
		CreateAndSetChildDomain (109ms)
	RebuildCommonClasses (47ms)
	RebuildNativeTypeToScriptingClass (14ms)
	initialDomainReloadingComplete (47ms)
	LoadAllAssembliesAndSetupDomain (1336ms)
		LoadAssemblies (1378ms)
		RebuildTransferFunctionScriptingTraits (0ms)
		AnalyzeDomain (125ms)
			TypeCache.Refresh (67ms)
				TypeCache.ScanAssembly (14ms)
			ScanForSourceGeneratedMonoScriptInfo (30ms)
			ResolveRequiredComponents (26ms)
	FinalizeReload (1616ms)
		ReleaseScriptCaches (0ms)
		RebuildScriptCaches (0ms)
		SetupLoadedEditorAssemblies (780ms)
			LogAssemblyErrors (0ms)
			InitializePlatformSupportModulesInManaged (42ms)
			SetLoadedEditorAssemblies (3ms)
			RefreshPlugins (0ms)
			BeforeProcessingInitializeOnLoad (70ms)
			ProcessInitializeOnLoadAttributes (384ms)
			ProcessInitializeOnLoadMethodAttributes (275ms)
			AfterProcessingInitializeOnLoad (3ms)
			EditorAssembliesLoaded (1ms)
		ExecutionOrderSort2 (0ms)
		AwakeInstancesAfterBackupRestoration (6ms)
Refreshing native plugins compatible for Editor in 10.19 ms, found 3 plugins.
Preloading 0 native plugins for Editor in 0.00 ms.
Unloading 4336 Unused Serialized files (Serialized files now loaded: 0)
Unloading 31 unused Assets / (66.2 KB). Loaded Objects now: 5053.
Memory consumption went from 188.5 MB to 188.5 MB.
Total: 33.006300 ms (FindLiveObjects: 1.291800 ms CreateObjectMapping: 0.335900 ms MarkObjects: 30.229200 ms  DeleteObjects: 1.146300 ms)

Prepare: number of updated asset objects reloaded= 0
AssetImportParameters requested are different than current active one (requested -> active):
  custom:scripting/monoscript/fileName/EcsPoolBase.cs: 31ac56193ae6d54339748acda32ec94d -> 13578c1186811575128a81ef58458158
  custom:container-demuxer-ogg: 62fdf1f143b41e24485cea50d1cbac27 -> 
  custom:scripting/monoscript/fileName/EcsWorld.cs: 22c9529b696807804c45b49aecb240e4 -> b5398d9e0d6d44b0656dfb9e069bdcb7
  custom:scripting/monoscript/fileName/EcsRunner.cs: 888da8f511430c4063b6409b3d58672b -> 71d2a3bda53ca5b6050345a489bc2623
  custom:scripting/monoscript/fileName/Injector.cs: 497aaabc2940aa3aa01d252fd8a0c47b -> 1c175fcff5ec2c8fc7a965114f3f7d7d
  custom:scripting/monoscript/fileName/EcsWorld.cache.cs: 6b1449c23a40962b50a2e08eb04ae9e6 -> 6f387c7e66db371630ef2a0a5fc22850
  custom:scripting/monoscript/fileName/InjectionBranch.cs: 4279a377faef040bb62fb4a633533f04 -> 7d84b04d553f6e4071360c20ba45080a
  custom:video-decoder-ogg-theora: a1e56fd34408186e4bbccfd4996cb3dc -> 
  custom:scripting/monoscript/fileName/EcsAspect.cs: 379ac680ffd19ab4b9f61502a7a6eff8 -> 226bdda0feb135d8ad2f56ec6d899a1d
  custom:framework-win-MediaFoundation: 216162199b28c13a410421893ffa2e32 -> 
  custom:scripting/monoscript/fileName/entlong.cs: fb737a2ecf18e5cd642c1cb50dfe46b8 -> de9b060f0b3358bb6a05d89bc42f0791
  custom:scripting/monoscript/fileName/MetaTagsAttribute.cs: f816c95d973588aac5587e0cf7b12543 -> 48654cba762b6d27f4b1d46fcf914471
  custom:scripting/monoscript/fileName/GameFieldGeneratedPlaneAlgorithmMarker.cs: 505be8ba7cc43f00ae1cc5b5ce71b559 -> 
  custom:scripting/monoscript/fileName/MetaGroupAttribute.cs: f6b3a56866565312640e6eda2030408e -> 41562d763411caf327dc60de94f75855
  custom:scripting/monoscript/fileName/BitsUtility.cs: 9d0da9e734b986fb4c879c4d944d8b14 -> c92cf35016096013ce0c38bf263e4405
  custom:CustomObjectIndexerAttribute: 9a22284fe3817be447336de3de66b15e -> 
  custom:scripting/monoscript/fileName/EcsWhereToGroupExecutor.cs: 8f6297df34271fdb1ce2d9607ec6261d -> 90647cc400823b41df847a6cbfc29026
  custom:scripting/monoscript/fileName/EcsWorld.pools.cs: 47beb563def6082bb4ad79bf75bb6a66 -> 2c8c92e9dae1546ac82eb30ddc32f89b
  custom:container-demuxer-webm: 4f35f7cbe854078d1ac9338744f61a02 -> 
  custom:scripting/monoscript/fileName/EcsTagPool.cs: d63c9283c9f0dc9a65cfcb4d6f3f406e -> 292012435f767377dfa5c5d9463011fc
  custom:scripting/monoscript/fileName/Queries.cs: 7ec416f24bbc2b3f63ed5485791e3250 -> 58afa85ab125f099ef201a63b191b316
  custom:scripting/monoscript/fileName/ArrayUtility.cs: b8c011a6edd79b211f0955ed46d60df1 -> 7ba2d4a9c78178d723b9d885f5f1af2e
  custom:scripting/monoscript/fileName/ITemplateNode.cs: cd6fd998d6867619a5c48da87fcf5a14 -> f5da816ed0ca7c34ef03789101f9d2a7
  custom:scripting/monoscript/fileName/PurchaseAnimalTag.cs: 8f794ad5afbe806dfef508ff0dc3725b -> 
  custom:scripting/monoscript/fileName/MetaDescriptionAttribute.cs: e311fd002cc0dc6e7dfd746e1f56fa4d -> db593401a601951b4b3fe210d2e6ac30
  custom:scripting/monoscript/fileName/EcsQueryExecutor.cs: cb7218d8ec00ef6dcd4958fea7556d82 -> 92321aad84d8490e6222233ad957067f
  custom:scripting/monoscript/fileName/IEcsTypeMetaProvider.cs: e76830a8fd8170d850ac464a370b8916 -> 03184fa6c59932ed538cbd8addf6fe48
  custom:scripting/monoscript/fileName/DataInterfaces.cs: 40735d631d366c73ff47fb097c329025 -> 4a32470493a767702519176ca1433fe7
  custom:scripting/monoscript/fileName/MetaColorAttribute.cs: 8a7fbcfd4a3ecc0628d8afb69765dc7d -> b291fc4e51b18e37e62b8c2cd9aedc86
  custom:scripting/monoscript/fileName/EcsDebugUtility.cs: 2be076fcf1f1c707a9eaee7da01b5c57 -> e6bcd67ac51126e8c5afedefba8d71da
  custom:scripting/monoscript/fileName/Consts.cs: 6eb20adfff3eee69e75faf4b73a2ddd6 -> a82fb62194155ef6154e1bce01fd9ff8
  custom:container-muxer-webm: aa71ff27fc2769a1b78a27578f13a17b -> 
  custom:video-decoder-webm-vp8: 9c59270c3fd7afecdb556c50c9e8de78 -> 
  custom:scripting/monoscript/fileName/EcsMask.cs: c7032164440c4d6e79eaef7871e350a0 -> 71a9ebdefefd85f00a63f4791a1ea3d1
  custom:scripting/monoscript/fileName/EcsTypeCode.cs: 10f78a56829fa79a2c926bb06b832e7c -> 51c186a230106c5e5caae5f4debb522f
  custom:SearchIndexIgnoredProperties: e643bd26f0fe6173181afceb89e7c659 -> 
  custom:AudioImporter_EditorPlatform: d09bf68614088b80899f8185d706f6e7 -> 
  custom:scripting/monoscript/fileName/EcsMetaAttribute.cs: 4681b49ca5ea899cb64dfc809ca3a8ea -> fd3ea90bde2894a0f0de9ba2a9ee1175
  custom:scripting/monoscript/fileName/ReflectionUtility.cs: 058ada316ffb2af4349828c12d73f05f -> 12b2c0079659a56c89e37a6035957749
  custom:scripting/monoscript/fileName/SparseArray.cs: e0a51e584485b56d9971a06b4f70ecb4 -> a53f96815da50de15010b1c479bc70cf
  custom:scripting/monoscript/fileName/MetaNameAttribute.cs: b18e144d46cb3e237061620a54a5c5b3 -> 5e226a78b91fbab58bf42b88813abd57
  custom:scripting/monoscript/fileName/Worlds.cs: 2095c64d03c345b28301088b270fc226 -> a519624c388a13e47405c0a2dabe03d9
  custom:scripting/monoscript/fileName/TypeMeta.cs: d699924ce717772f7c2cd77e38d71192 -> 24f705c5cf4437ab23e98a5be362a486
  custom:scripting/monoscript/fileName/BaseProcesses.cs: 80e3d614c7158c082908397fef1e317d -> 0a3575435ba216831ce2d6aa80f68677
  custom:scripting/monoscript/fileName/ArraySortHalperX.cs: 34c6ff9cf0aa0d720e612550af5c5d26 -> 849ed7f5b11c9db237ef61b01c5a5104
  custom:scripting/monoscript/fileName/IdDispenser.cs: bef711bcf3a1c70877f3acc0d83f608a -> 6b91817103880c6300d5bbc0a80dee89
  custom:scripting/monoscript/fileName/UncheckedCoreUtility.cs: aa37da10340101a351c8f424e4a43f12 -> 09fccf4854a9f3d55ae4968719f5f130
  custom:scripting/monoscript/fileName/EcsWhereExecutor.cs: 8f6297df34271fdb1ce2d9607ec6261d -> 90647cc400823b41df847a6cbfc29026
  custom:scripting/monoscript/fileName/Exceptions.cs: e7350dd3f4b1c79c9fcc1da058ddd1dd -> 5a99b6c5dbdfe99f70e6110b9053674e
  custom:scripting/monoscript/fileName/EcsPipeline.cs: 20e3b45874106257d644cc4ae0f33185 -> 36e23495764e4bec4ffd55587fa9bce0
  custom:scripting/monoscript/fileName/Interfaces.cs: 681918feb06dbc142788871f8a6610d3 -> fc983f43e88a1e2383a87bd1535543fc
  custom:scripting/monoscript/fileName/UnsafeArray.cs: 34c6ff9cf0aa0d720e612550af5c5d26 -> 849ed7f5b11c9db237ef61b01c5a5104
  custom:video-encoder-webm-vp8: eb34c28f22e8b96e1ab97ce403110664 -> 
  custom:audio-decoder-ogg-vorbis: bf7c407c2cedff20999df2af8eb42d56 -> 
  custom:scripting/monoscript/fileName/Aspects.cs: 1bb7690008a48009fa7704e7d80ce115 -> 5d6713079a073ac4c50170617f2cbbdd
  custom:scripting/monoscript/fileName/EcsGroup.cs: d28e68a8e3335e3ff75090b24d219185 -> 07228ccef216f15bc3f56e47b32f26f0
  custom:scripting/monoscript/fileName/InjectionNode.cs: a7d92609dd9cfc813f9dccdefcda74cf -> 7d6c6f255293ac7ab881de6eb1e69df7
  custom:audio-encoder-webm-vorbis: bf7c407c2cedff20999df2af8eb42d56 -> 
  custom:scripting/monoscript/fileName/EcsDebug.cs: ad23832bbeaf496a3eba629cd3080a70 -> 8eea15508cf5695757b725dea1725cc6
  custom:scripting/monoscript/fileName/EcsWorld.static.cs: f85c16838859d07970713c1de49a3eef -> ee995408255e09566032e690e1f3317f
  custom:scripting/monoscript/fileName/EcsSpan.cs: 15f074769c3fa58382bc0456b3014117 -> 5396e8906f65d637e3c12326ff4a7ea8
  custom:scripting/monoscript/fileName/IConfigContainer.cs: ee47ea4eb3954f388b1065d58a23985a -> 30fa438da5de3948b7e37a4c6c6e4b4f
  custom:scripting/monoscript/fileName/EcsPipelineExtensions.cs: 597578e060d6d93abc2e740705b386d0 -> 1fbf402bff11f45c5350e88723859228
  custom:scripting/monoscript/fileName/EcsPool.cs: 40748e41624ef0b0c2cadcd56b76135d -> a404ad22ede0b7d8f576df1bedbf538c
  custom:scripting/precompiled-assembly-types:Assembly-CSharp: 74b0757fb3195a67641f972151e709da -> fe1f0beb764a7a3c5a0667557268a853
  custom:scripting/monoscript/fileName/GameFieldGeneratedPlaneAlgorithmAudioConfig.cs: dd76a1cfcc30cf141d185d00260c3c11 -> 
========================================================================
Received Prepare
Caller must complete domain reload
Begin MonoManager ReloadAssembly
- Loaded All Assemblies, in  3.727 seconds
Native extension for WindowsStandalone target not found
Native extension for Android target not found
Native extension for WebGL target not found
[Package Manager] Server::EnsureServerProcessIsRunning -- launch failed, reason: Unity was launched with the -noUpm command-line argument
[Package Manager] UpmClient::Send -- Unable to send message (not connected to UPM process).
[Package Manager] Cannot connect to Unity Package Manager local server
Mono: successfully reloaded assembly
[Package Manager] Server::EnsureServerProcessIsRunning -- launch failed, reason: Unity was launched with the -noUpm command-line argument
[Package Manager] UpmClient::Send -- Unable to send message (not connected to UPM process).
[Package Manager] Cannot connect to Unity Package Manager local server
- Finished resetting the current domain, in  3.002 seconds
Domain Reload Profiling: 6730ms
	BeginReloadAssembly (971ms)
		ExecutionOrderSort (0ms)
		DisableScriptedObjects (58ms)
		BackupInstance (0ms)
		ReleaseScriptingObjects (2ms)
		CreateAndSetChildDomain (403ms)
	RebuildCommonClasses (53ms)
	RebuildNativeTypeToScriptingClass (21ms)
	initialDomainReloadingComplete (108ms)
	LoadAllAssembliesAndSetupDomain (2574ms)
		LoadAssemblies (2669ms)
		RebuildTransferFunctionScriptingTraits (0ms)
		AnalyzeDomain (161ms)
			TypeCache.Refresh (89ms)
				TypeCache.ScanAssembly (10ms)
			ScanForSourceGeneratedMonoScriptInfo (34ms)
			ResolveRequiredComponents (36ms)
	FinalizeReload (3003ms)
		ReleaseScriptCaches (0ms)
		RebuildScriptCaches (0ms)
		SetupLoadedEditorAssemblies (1379ms)
			LogAssemblyErrors (0ms)
			InitializePlatformSupportModulesInManaged (113ms)
			SetLoadedEditorAssemblies (9ms)
			RefreshPlugins (0ms)
			BeforeProcessingInitializeOnLoad (244ms)
			ProcessInitializeOnLoadAttributes (702ms)
			ProcessInitializeOnLoadMethodAttributes (308ms)
			AfterProcessingInitializeOnLoad (2ms)
			EditorAssembliesLoaded (1ms)
		ExecutionOrderSort2 (0ms)
		AwakeInstancesAfterBackupRestoration (5ms)
Script is not up to date after domain reload: guid(061b07f3852e420a98dc8e894ca63507) path("Assets/_Project/Scripts/Gameplay/Features/GameWorldCreationFeature/GameFlowFeature.cs") state(2)
Script is not up to date after domain reload: guid(75deeaeea1b940d599056ba372db2554) path("Assets/_Project/Scripts/Gameplay/Features/GameWorldCreationFeature/Systems/AnimalCreationChainStrategySystem.cs") state(2)
Refreshing native plugins compatible for Editor in 8.24 ms, found 3 plugins.
Preloading 0 native plugins for Editor in 0.00 ms.
Unloading 4333 Unused Serialized files (Serialized files now loaded: 0)
Unloading 31 unused Assets / (66.3 KB). Loaded Objects now: 5053.
Memory consumption went from 188.5 MB to 188.4 MB.
Total: 23.645500 ms (FindLiveObjects: 1.082200 ms CreateObjectMapping: 0.395600 ms MarkObjects: 21.938000 ms  DeleteObjects: 0.228400 ms)

Prepare: number of updated asset objects reloaded= 0
AssetImportParameters requested are different than current active one (requested -> active):
  custom:scripting/monoscript/fileName/EcsPoolBase.cs: 31ac56193ae6d54339748acda32ec94d -> 13578c1186811575128a81ef58458158
  custom:container-demuxer-ogg: 62fdf1f143b41e24485cea50d1cbac27 -> 
  custom:scripting/monoscript/fileName/EcsWorld.cs: 22c9529b696807804c45b49aecb240e4 -> b5398d9e0d6d44b0656dfb9e069bdcb7
  custom:scripting/monoscript/fileName/EcsRunner.cs: 888da8f511430c4063b6409b3d58672b -> 71d2a3bda53ca5b6050345a489bc2623
  custom:scripting/monoscript/fileName/Injector.cs: 497aaabc2940aa3aa01d252fd8a0c47b -> 1c175fcff5ec2c8fc7a965114f3f7d7d
  custom:scripting/monoscript/fileName/EcsWorld.cache.cs: 6b1449c23a40962b50a2e08eb04ae9e6 -> 6f387c7e66db371630ef2a0a5fc22850
  custom:scripting/monoscript/fileName/InjectionBranch.cs: 4279a377faef040bb62fb4a633533f04 -> 7d84b04d553f6e4071360c20ba45080a
  custom:video-decoder-ogg-theora: a1e56fd34408186e4bbccfd4996cb3dc -> 
  custom:scripting/monoscript/fileName/EcsAspect.cs: 379ac680ffd19ab4b9f61502a7a6eff8 -> 226bdda0feb135d8ad2f56ec6d899a1d
  custom:framework-win-MediaFoundation: 216162199b28c13a410421893ffa2e32 -> 
  custom:scripting/monoscript/fileName/entlong.cs: fb737a2ecf18e5cd642c1cb50dfe46b8 -> de9b060f0b3358bb6a05d89bc42f0791
  custom:scripting/monoscript/fileName/MetaTagsAttribute.cs: f816c95d973588aac5587e0cf7b12543 -> 48654cba762b6d27f4b1d46fcf914471
  custom:scripting/monoscript/fileName/GameFieldGeneratedPlaneAlgorithmMarker.cs: 505be8ba7cc43f00ae1cc5b5ce71b559 -> 
  custom:scripting/monoscript/fileName/MetaGroupAttribute.cs: f6b3a56866565312640e6eda2030408e -> 41562d763411caf327dc60de94f75855
  custom:scripting/monoscript/fileName/BitsUtility.cs: 9d0da9e734b986fb4c879c4d944d8b14 -> c92cf35016096013ce0c38bf263e4405
  custom:CustomObjectIndexerAttribute: 9a22284fe3817be447336de3de66b15e -> 
  custom:scripting/monoscript/fileName/EcsWhereToGroupExecutor.cs: 8f6297df34271fdb1ce2d9607ec6261d -> 90647cc400823b41df847a6cbfc29026
  custom:scripting/monoscript/fileName/EcsWorld.pools.cs: 47beb563def6082bb4ad79bf75bb6a66 -> 2c8c92e9dae1546ac82eb30ddc32f89b
  custom:container-demuxer-webm: 4f35f7cbe854078d1ac9338744f61a02 -> 
  custom:scripting/monoscript/fileName/EcsTagPool.cs: d63c9283c9f0dc9a65cfcb4d6f3f406e -> 292012435f767377dfa5c5d9463011fc
  custom:scripting/monoscript/fileName/Queries.cs: 7ec416f24bbc2b3f63ed5485791e3250 -> 58afa85ab125f099ef201a63b191b316
  custom:scripting/monoscript/fileName/ArrayUtility.cs: b8c011a6edd79b211f0955ed46d60df1 -> 7ba2d4a9c78178d723b9d885f5f1af2e
  custom:scripting/monoscript/fileName/ITemplateNode.cs: cd6fd998d6867619a5c48da87fcf5a14 -> f5da816ed0ca7c34ef03789101f9d2a7
  custom:scripting/monoscript/fileName/PurchaseAnimalTag.cs: 8f794ad5afbe806dfef508ff0dc3725b -> 
  custom:scripting/monoscript/fileName/MetaDescriptionAttribute.cs: e311fd002cc0dc6e7dfd746e1f56fa4d -> db593401a601951b4b3fe210d2e6ac30
  custom:scripting/monoscript/fileName/EcsQueryExecutor.cs: cb7218d8ec00ef6dcd4958fea7556d82 -> 92321aad84d8490e6222233ad957067f
  custom:scripting/monoscript/fileName/IEcsTypeMetaProvider.cs: e76830a8fd8170d850ac464a370b8916 -> 03184fa6c59932ed538cbd8addf6fe48
  custom:scripting/monoscript/fileName/DataInterfaces.cs: 40735d631d366c73ff47fb097c329025 -> 4a32470493a767702519176ca1433fe7
  custom:scripting/monoscript/fileName/MetaColorAttribute.cs: 8a7fbcfd4a3ecc0628d8afb69765dc7d -> b291fc4e51b18e37e62b8c2cd9aedc86
  custom:scripting/monoscript/fileName/EcsDebugUtility.cs: 2be076fcf1f1c707a9eaee7da01b5c57 -> e6bcd67ac51126e8c5afedefba8d71da
  custom:scripting/monoscript/fileName/Consts.cs: 6eb20adfff3eee69e75faf4b73a2ddd6 -> a82fb62194155ef6154e1bce01fd9ff8
  custom:container-muxer-webm: aa71ff27fc2769a1b78a27578f13a17b -> 
  custom:video-decoder-webm-vp8: 9c59270c3fd7afecdb556c50c9e8de78 -> 
  custom:scripting/monoscript/fileName/EcsMask.cs: c7032164440c4d6e79eaef7871e350a0 -> 71a9ebdefefd85f00a63f4791a1ea3d1
  custom:scripting/monoscript/fileName/EcsTypeCode.cs: 10f78a56829fa79a2c926bb06b832e7c -> 51c186a230106c5e5caae5f4debb522f
  custom:SearchIndexIgnoredProperties: e643bd26f0fe6173181afceb89e7c659 -> 
  custom:AudioImporter_EditorPlatform: d09bf68614088b80899f8185d706f6e7 -> 
  custom:scripting/monoscript/fileName/EcsMetaAttribute.cs: 4681b49ca5ea899cb64dfc809ca3a8ea -> fd3ea90bde2894a0f0de9ba2a9ee1175
  custom:scripting/monoscript/fileName/ReflectionUtility.cs: 058ada316ffb2af4349828c12d73f05f -> 12b2c0079659a56c89e37a6035957749
  custom:scripting/monoscript/fileName/SparseArray.cs: e0a51e584485b56d9971a06b4f70ecb4 -> a53f96815da50de15010b1c479bc70cf
  custom:scripting/monoscript/fileName/MetaNameAttribute.cs: b18e144d46cb3e237061620a54a5c5b3 -> 5e226a78b91fbab58bf42b88813abd57
  custom:scripting/monoscript/fileName/Worlds.cs: 2095c64d03c345b28301088b270fc226 -> a519624c388a13e47405c0a2dabe03d9
  custom:scripting/monoscript/fileName/TypeMeta.cs: d699924ce717772f7c2cd77e38d71192 -> 24f705c5cf4437ab23e98a5be362a486
  custom:scripting/monoscript/fileName/BaseProcesses.cs: 80e3d614c7158c082908397fef1e317d -> 0a3575435ba216831ce2d6aa80f68677
  custom:scripting/monoscript/fileName/ArraySortHalperX.cs: 34c6ff9cf0aa0d720e612550af5c5d26 -> 849ed7f5b11c9db237ef61b01c5a5104
  custom:scripting/monoscript/fileName/IdDispenser.cs: bef711bcf3a1c70877f3acc0d83f608a -> 6b91817103880c6300d5bbc0a80dee89
  custom:scripting/monoscript/fileName/UncheckedCoreUtility.cs: aa37da10340101a351c8f424e4a43f12 -> 09fccf4854a9f3d55ae4968719f5f130
  custom:scripting/monoscript/fileName/EcsWhereExecutor.cs: 8f6297df34271fdb1ce2d9607ec6261d -> 90647cc400823b41df847a6cbfc29026
  custom:scripting/monoscript/fileName/Exceptions.cs: e7350dd3f4b1c79c9fcc1da058ddd1dd -> 5a99b6c5dbdfe99f70e6110b9053674e
  custom:scripting/monoscript/fileName/EcsPipeline.cs: 20e3b45874106257d644cc4ae0f33185 -> 36e23495764e4bec4ffd55587fa9bce0
  custom:scripting/monoscript/fileName/Interfaces.cs: 681918feb06dbc142788871f8a6610d3 -> fc983f43e88a1e2383a87bd1535543fc
  custom:scripting/monoscript/fileName/UnsafeArray.cs: 34c6ff9cf0aa0d720e612550af5c5d26 -> 849ed7f5b11c9db237ef61b01c5a5104
  custom:video-encoder-webm-vp8: eb34c28f22e8b96e1ab97ce403110664 -> 
  custom:audio-decoder-ogg-vorbis: bf7c407c2cedff20999df2af8eb42d56 -> 
  custom:scripting/monoscript/fileName/Aspects.cs: 1bb7690008a48009fa7704e7d80ce115 -> 5d6713079a073ac4c50170617f2cbbdd
  custom:scripting/monoscript/fileName/EcsGroup.cs: d28e68a8e3335e3ff75090b24d219185 -> 07228ccef216f15bc3f56e47b32f26f0
  custom:scripting/monoscript/fileName/InjectionNode.cs: a7d92609dd9cfc813f9dccdefcda74cf -> 7d6c6f255293ac7ab881de6eb1e69df7
  custom:audio-encoder-webm-vorbis: bf7c407c2cedff20999df2af8eb42d56 -> 
  custom:scripting/monoscript/fileName/EcsDebug.cs: ad23832bbeaf496a3eba629cd3080a70 -> 8eea15508cf5695757b725dea1725cc6
  custom:scripting/monoscript/fileName/EcsWorld.static.cs: f85c16838859d07970713c1de49a3eef -> ee995408255e09566032e690e1f3317f
  custom:scripting/monoscript/fileName/EcsSpan.cs: 15f074769c3fa58382bc0456b3014117 -> 5396e8906f65d637e3c12326ff4a7ea8
  custom:scripting/monoscript/fileName/IConfigContainer.cs: ee47ea4eb3954f388b1065d58a23985a -> 30fa438da5de3948b7e37a4c6c6e4b4f
  custom:scripting/monoscript/fileName/EcsPipelineExtensions.cs: 597578e060d6d93abc2e740705b386d0 -> 1fbf402bff11f45c5350e88723859228
  custom:scripting/monoscript/fileName/EcsPool.cs: 40748e41624ef0b0c2cadcd56b76135d -> a404ad22ede0b7d8f576df1bedbf538c
  custom:scripting/precompiled-assembly-types:Assembly-CSharp: 74b0757fb3195a67641f972151e709da -> fe1f0beb764a7a3c5a0667557268a853
  custom:scripting/monoscript/fileName/GameFieldGeneratedPlaneAlgorithmAudioConfig.cs: dd76a1cfcc30cf141d185d00260c3c11 -> 
========================================================================
Received Prepare
Caller must complete domain reload
Begin MonoManager ReloadAssembly
- Loaded All Assemblies, in  0.617 seconds
Native extension for WindowsStandalone target not found
Native extension for Android target not found
Native extension for WebGL target not found
[Package Manager] Server::EnsureServerProcessIsRunning -- launch failed, reason: Unity was launched with the -noUpm command-line argument
[Package Manager] UpmClient::Send -- Unable to send message (not connected to UPM process).
[Package Manager] Cannot connect to Unity Package Manager local server
Mono: successfully reloaded assembly
[Package Manager] Server::EnsureServerProcessIsRunning -- launch failed, reason: Unity was launched with the -noUpm command-line argument
[Package Manager] UpmClient::Send -- Unable to send message (not connected to UPM process).
[Package Manager] Cannot connect to Unity Package Manager local server
- Finished resetting the current domain, in  1.410 seconds
Domain Reload Profiling: 2026ms
	BeginReloadAssembly (178ms)
		ExecutionOrderSort (0ms)
		DisableScriptedObjects (5ms)
		BackupInstance (0ms)
		ReleaseScriptingObjects (1ms)
		CreateAndSetChildDomain (67ms)
	RebuildCommonClasses (28ms)
	RebuildNativeTypeToScriptingClass (9ms)
	initialDomainReloadingComplete (31ms)
	LoadAllAssembliesAndSetupDomain (369ms)
		LoadAssemblies (409ms)
		RebuildTransferFunctionScriptingTraits (0ms)
		AnalyzeDomain (34ms)
			TypeCache.Refresh (16ms)
				TypeCache.ScanAssembly (5ms)
			ScanForSourceGeneratedMonoScriptInfo (9ms)
			ResolveRequiredComponents (8ms)
	FinalizeReload (1411ms)
		ReleaseScriptCaches (0ms)
		RebuildScriptCaches (0ms)
		SetupLoadedEditorAssemblies (690ms)
			LogAssemblyErrors (0ms)
			InitializePlatformSupportModulesInManaged (24ms)
			SetLoadedEditorAssemblies (3ms)
			RefreshPlugins (0ms)
			BeforeProcessingInitializeOnLoad (68ms)
			ProcessInitializeOnLoadAttributes (347ms)
			ProcessInitializeOnLoadMethodAttributes (246ms)
			AfterProcessingInitializeOnLoad (3ms)
			EditorAssembliesLoaded (0ms)
		ExecutionOrderSort2 (0ms)
		AwakeInstancesAfterBackupRestoration (5ms)
Refreshing native plugins compatible for Editor in 5.40 ms, found 3 plugins.
Preloading 0 native plugins for Editor in 0.00 ms.
Unloading 4335 Unused Serialized files (Serialized files now loaded: 0)
Unloading 31 unused Assets / (66.2 KB). Loaded Objects now: 5058.
Memory consumption went from 188.5 MB to 188.5 MB.
Total: 17.664500 ms (FindLiveObjects: 0.367400 ms CreateObjectMapping: 0.528100 ms MarkObjects: 16.614600 ms  DeleteObjects: 0.152900 ms)

Prepare: number of updated asset objects reloaded= 0
AssetImportParameters requested are different than current active one (requested -> active):
  custom:scripting/monoscript/fileName/EcsPoolBase.cs: 31ac56193ae6d54339748acda32ec94d -> 13578c1186811575128a81ef58458158
  custom:container-demuxer-ogg: 62fdf1f143b41e24485cea50d1cbac27 -> 
  custom:scripting/monoscript/fileName/EcsWorld.cs: 22c9529b696807804c45b49aecb240e4 -> b5398d9e0d6d44b0656dfb9e069bdcb7
  custom:scripting/monoscript/fileName/EcsRunner.cs: 888da8f511430c4063b6409b3d58672b -> 71d2a3bda53ca5b6050345a489bc2623
  custom:scripting/monoscript/fileName/Injector.cs: 497aaabc2940aa3aa01d252fd8a0c47b -> 1c175fcff5ec2c8fc7a965114f3f7d7d
  custom:scripting/monoscript/fileName/EcsWorld.cache.cs: 6b1449c23a40962b50a2e08eb04ae9e6 -> 6f387c7e66db371630ef2a0a5fc22850
  custom:scripting/monoscript/fileName/InjectionBranch.cs: 4279a377faef040bb62fb4a633533f04 -> 7d84b04d553f6e4071360c20ba45080a
  custom:video-decoder-ogg-theora: a1e56fd34408186e4bbccfd4996cb3dc -> 
  custom:scripting/monoscript/fileName/EcsAspect.cs: 379ac680ffd19ab4b9f61502a7a6eff8 -> 226bdda0feb135d8ad2f56ec6d899a1d
  custom:framework-win-MediaFoundation: 216162199b28c13a410421893ffa2e32 -> 
  custom:scripting/monoscript/fileName/entlong.cs: fb737a2ecf18e5cd642c1cb50dfe46b8 -> de9b060f0b3358bb6a05d89bc42f0791
  custom:scripting/monoscript/fileName/MetaTagsAttribute.cs: f816c95d973588aac5587e0cf7b12543 -> 48654cba762b6d27f4b1d46fcf914471
  custom:scripting/monoscript/fileName/GameFieldGeneratedPlaneAlgorithmMarker.cs: 505be8ba7cc43f00ae1cc5b5ce71b559 -> 
  custom:scripting/monoscript/fileName/MetaGroupAttribute.cs: f6b3a56866565312640e6eda2030408e -> 41562d763411caf327dc60de94f75855
  custom:scripting/monoscript/fileName/BitsUtility.cs: 9d0da9e734b986fb4c879c4d944d8b14 -> c92cf35016096013ce0c38bf263e4405
  custom:CustomObjectIndexerAttribute: 9a22284fe3817be447336de3de66b15e -> 
  custom:scripting/monoscript/fileName/EcsWhereToGroupExecutor.cs: 8f6297df34271fdb1ce2d9607ec6261d -> 90647cc400823b41df847a6cbfc29026
  custom:scripting/monoscript/fileName/EcsWorld.pools.cs: 47beb563def6082bb4ad79bf75bb6a66 -> 2c8c92e9dae1546ac82eb30ddc32f89b
  custom:container-demuxer-webm: 4f35f7cbe854078d1ac9338744f61a02 -> 
  custom:scripting/monoscript/fileName/EcsTagPool.cs: d63c9283c9f0dc9a65cfcb4d6f3f406e -> 292012435f767377dfa5c5d9463011fc
  custom:scripting/monoscript/fileName/Queries.cs: 7ec416f24bbc2b3f63ed5485791e3250 -> 58afa85ab125f099ef201a63b191b316
  custom:scripting/monoscript/fileName/ArrayUtility.cs: b8c011a6edd79b211f0955ed46d60df1 -> 7ba2d4a9c78178d723b9d885f5f1af2e
  custom:scripting/monoscript/fileName/ITemplateNode.cs: cd6fd998d6867619a5c48da87fcf5a14 -> f5da816ed0ca7c34ef03789101f9d2a7
  custom:scripting/monoscript/fileName/PurchaseAnimalTag.cs: 8f794ad5afbe806dfef508ff0dc3725b -> 
  custom:scripting/monoscript/fileName/MetaDescriptionAttribute.cs: e311fd002cc0dc6e7dfd746e1f56fa4d -> db593401a601951b4b3fe210d2e6ac30
  custom:scripting/monoscript/fileName/EcsQueryExecutor.cs: cb7218d8ec00ef6dcd4958fea7556d82 -> 92321aad84d8490e6222233ad957067f
  custom:scripting/monoscript/fileName/IEcsTypeMetaProvider.cs: e76830a8fd8170d850ac464a370b8916 -> 03184fa6c59932ed538cbd8addf6fe48
  custom:scripting/monoscript/fileName/DataInterfaces.cs: 40735d631d366c73ff47fb097c329025 -> 4a32470493a767702519176ca1433fe7
  custom:scripting/monoscript/fileName/MetaColorAttribute.cs: 8a7fbcfd4a3ecc0628d8afb69765dc7d -> b291fc4e51b18e37e62b8c2cd9aedc86
  custom:scripting/monoscript/fileName/EcsDebugUtility.cs: 2be076fcf1f1c707a9eaee7da01b5c57 -> e6bcd67ac51126e8c5afedefba8d71da
  custom:scripting/monoscript/fileName/Consts.cs: 6eb20adfff3eee69e75faf4b73a2ddd6 -> a82fb62194155ef6154e1bce01fd9ff8
  custom:container-muxer-webm: aa71ff27fc2769a1b78a27578f13a17b -> 
  custom:video-decoder-webm-vp8: 9c59270c3fd7afecdb556c50c9e8de78 -> 
  custom:scripting/monoscript/fileName/EcsMask.cs: c7032164440c4d6e79eaef7871e350a0 -> 71a9ebdefefd85f00a63f4791a1ea3d1
  custom:scripting/monoscript/fileName/EcsTypeCode.cs: 10f78a56829fa79a2c926bb06b832e7c -> 51c186a230106c5e5caae5f4debb522f
  custom:SearchIndexIgnoredProperties: e643bd26f0fe6173181afceb89e7c659 -> 
  custom:AudioImporter_EditorPlatform: d09bf68614088b80899f8185d706f6e7 -> 
  custom:scripting/monoscript/fileName/EcsMetaAttribute.cs: 4681b49ca5ea899cb64dfc809ca3a8ea -> fd3ea90bde2894a0f0de9ba2a9ee1175
  custom:scripting/monoscript/fileName/ReflectionUtility.cs: 058ada316ffb2af4349828c12d73f05f -> 12b2c0079659a56c89e37a6035957749
  custom:scripting/monoscript/fileName/SparseArray.cs: e0a51e584485b56d9971a06b4f70ecb4 -> a53f96815da50de15010b1c479bc70cf
  custom:scripting/monoscript/fileName/MetaNameAttribute.cs: b18e144d46cb3e237061620a54a5c5b3 -> 5e226a78b91fbab58bf42b88813abd57
  custom:scripting/monoscript/fileName/Worlds.cs: 2095c64d03c345b28301088b270fc226 -> a519624c388a13e47405c0a2dabe03d9
  custom:scripting/monoscript/fileName/TypeMeta.cs: d699924ce717772f7c2cd77e38d71192 -> 24f705c5cf4437ab23e98a5be362a486
  custom:scripting/monoscript/fileName/BaseProcesses.cs: 80e3d614c7158c082908397fef1e317d -> 0a3575435ba216831ce2d6aa80f68677
  custom:scripting/monoscript/fileName/ArraySortHalperX.cs: 34c6ff9cf0aa0d720e612550af5c5d26 -> 849ed7f5b11c9db237ef61b01c5a5104
  custom:scripting/monoscript/fileName/IdDispenser.cs: bef711bcf3a1c70877f3acc0d83f608a -> 6b91817103880c6300d5bbc0a80dee89
  custom:scripting/monoscript/fileName/UncheckedCoreUtility.cs: aa37da10340101a351c8f424e4a43f12 -> 09fccf4854a9f3d55ae4968719f5f130
  custom:scripting/monoscript/fileName/EcsWhereExecutor.cs: 8f6297df34271fdb1ce2d9607ec6261d -> 90647cc400823b41df847a6cbfc29026
  custom:scripting/monoscript/fileName/Exceptions.cs: e7350dd3f4b1c79c9fcc1da058ddd1dd -> 5a99b6c5dbdfe99f70e6110b9053674e
  custom:scripting/monoscript/fileName/EcsPipeline.cs: 20e3b45874106257d644cc4ae0f33185 -> 36e23495764e4bec4ffd55587fa9bce0
  custom:scripting/monoscript/fileName/Interfaces.cs: 681918feb06dbc142788871f8a6610d3 -> fc983f43e88a1e2383a87bd1535543fc
  custom:scripting/monoscript/fileName/UnsafeArray.cs: 34c6ff9cf0aa0d720e612550af5c5d26 -> 849ed7f5b11c9db237ef61b01c5a5104
  custom:video-encoder-webm-vp8: eb34c28f22e8b96e1ab97ce403110664 -> 
  custom:audio-decoder-ogg-vorbis: bf7c407c2cedff20999df2af8eb42d56 -> 
  custom:scripting/monoscript/fileName/Aspects.cs: 1bb7690008a48009fa7704e7d80ce115 -> 5d6713079a073ac4c50170617f2cbbdd
  custom:scripting/monoscript/fileName/EcsGroup.cs: d28e68a8e3335e3ff75090b24d219185 -> 07228ccef216f15bc3f56e47b32f26f0
  custom:scripting/monoscript/fileName/InjectionNode.cs: a7d92609dd9cfc813f9dccdefcda74cf -> 7d6c6f255293ac7ab881de6eb1e69df7
  custom:audio-encoder-webm-vorbis: bf7c407c2cedff20999df2af8eb42d56 -> 
  custom:scripting/monoscript/fileName/EcsDebug.cs: ad23832bbeaf496a3eba629cd3080a70 -> 8eea15508cf5695757b725dea1725cc6
  custom:scripting/monoscript/fileName/EcsWorld.static.cs: f85c16838859d07970713c1de49a3eef -> ee995408255e09566032e690e1f3317f
  custom:scripting/monoscript/fileName/EcsSpan.cs: 15f074769c3fa58382bc0456b3014117 -> 5396e8906f65d637e3c12326ff4a7ea8
  custom:scripting/monoscript/fileName/IConfigContainer.cs: ee47ea4eb3954f388b1065d58a23985a -> 30fa438da5de3948b7e37a4c6c6e4b4f
  custom:scripting/monoscript/fileName/EcsPipelineExtensions.cs: 597578e060d6d93abc2e740705b386d0 -> 1fbf402bff11f45c5350e88723859228
  custom:scripting/monoscript/fileName/EcsPool.cs: 40748e41624ef0b0c2cadcd56b76135d -> a404ad22ede0b7d8f576df1bedbf538c
  custom:scripting/precompiled-assembly-types:Assembly-CSharp: 278ff515ec5dd6d0441113636282b7d9 -> fe1f0beb764a7a3c5a0667557268a853
  custom:scripting/monoscript/fileName/GameFieldGeneratedPlaneAlgorithmAudioConfig.cs: dd76a1cfcc30cf141d185d00260c3c11 -> 
========================================================================
Received Prepare
Caller must complete domain reload
Begin MonoManager ReloadAssembly
- Loaded All Assemblies, in  1.960 seconds
Native extension for WindowsStandalone target not found
Native extension for Android target not found
Native extension for WebGL target not found
[Package Manager] Server::EnsureServerProcessIsRunning -- launch failed, reason: Unity was launched with the -noUpm command-line argument
[Package Manager] UpmClient::Send -- Unable to send message (not connected to UPM process).
[Package Manager] Cannot connect to Unity Package Manager local server
Mono: successfully reloaded assembly
[Package Manager] Server::EnsureServerProcessIsRunning -- launch failed, reason: Unity was launched with the -noUpm command-line argument
[Package Manager] UpmClient::Send -- Unable to send message (not connected to UPM process).
[Package Manager] Cannot connect to Unity Package Manager local server
- Finished resetting the current domain, in  2.786 seconds
Domain Reload Profiling: 4747ms
	BeginReloadAssembly (727ms)
		ExecutionOrderSort (0ms)
		DisableScriptedObjects (35ms)
		BackupInstance (0ms)
		ReleaseScriptingObjects (2ms)
		CreateAndSetChildDomain (416ms)
	RebuildCommonClasses (48ms)
	RebuildNativeTypeToScriptingClass (12ms)
	initialDomainReloadingComplete (73ms)
	LoadAllAssembliesAndSetupDomain (1099ms)
		LoadAssemblies (1125ms)
		RebuildTransferFunctionScriptingTraits (0ms)
		AnalyzeDomain (126ms)
			TypeCache.Refresh (51ms)
				TypeCache.ScanAssembly (7ms)
			ScanForSourceGeneratedMonoScriptInfo (41ms)
			ResolveRequiredComponents (32ms)
	FinalizeReload (2787ms)
		ReleaseScriptCaches (0ms)
		RebuildScriptCaches (0ms)
		SetupLoadedEditorAssemblies (1288ms)
			LogAssemblyErrors (0ms)
			InitializePlatformSupportModulesInManaged (75ms)
			SetLoadedEditorAssemblies (5ms)
			RefreshPlugins (0ms)
			BeforeProcessingInitializeOnLoad (145ms)
			ProcessInitializeOnLoadAttributes (595ms)
			ProcessInitializeOnLoadMethodAttributes (463ms)
			AfterProcessingInitializeOnLoad (3ms)
			EditorAssembliesLoaded (1ms)
		ExecutionOrderSort2 (0ms)
		AwakeInstancesAfterBackupRestoration (7ms)
Refreshing native plugins compatible for Editor in 13.38 ms, found 3 plugins.
Preloading 0 native plugins for Editor in 0.00 ms.
Unloading 4335 Unused Serialized files (Serialized files now loaded: 0)
Unloading 31 unused Assets / (66.1 KB). Loaded Objects now: 5061.
Memory consumption went from 188.5 MB to 188.5 MB.
Total: 22.939200 ms (FindLiveObjects: 0.807600 ms CreateObjectMapping: 0.247500 ms MarkObjects: 21.375800 ms  DeleteObjects: 0.507000 ms)

Prepare: number of updated asset objects reloaded= 0
AssetImportParameters requested are different than current active one (requested -> active):
  custom:scripting/monoscript/fileName/EcsPoolBase.cs: 31ac56193ae6d54339748acda32ec94d -> 13578c1186811575128a81ef58458158
  custom:container-demuxer-ogg: 62fdf1f143b41e24485cea50d1cbac27 -> 
  custom:scripting/monoscript/fileName/EcsWorld.cs: 22c9529b696807804c45b49aecb240e4 -> b5398d9e0d6d44b0656dfb9e069bdcb7
  custom:scripting/monoscript/fileName/EcsRunner.cs: 888da8f511430c4063b6409b3d58672b -> 71d2a3bda53ca5b6050345a489bc2623
  custom:scripting/monoscript/fileName/Injector.cs: 497aaabc2940aa3aa01d252fd8a0c47b -> 1c175fcff5ec2c8fc7a965114f3f7d7d
  custom:scripting/monoscript/fileName/EcsWorld.cache.cs: 6b1449c23a40962b50a2e08eb04ae9e6 -> 6f387c7e66db371630ef2a0a5fc22850
  custom:scripting/monoscript/fileName/InjectionBranch.cs: 4279a377faef040bb62fb4a633533f04 -> 7d84b04d553f6e4071360c20ba45080a
  custom:video-decoder-ogg-theora: a1e56fd34408186e4bbccfd4996cb3dc -> 
  custom:scripting/monoscript/fileName/EcsAspect.cs: 379ac680ffd19ab4b9f61502a7a6eff8 -> 226bdda0feb135d8ad2f56ec6d899a1d
  custom:framework-win-MediaFoundation: 216162199b28c13a410421893ffa2e32 -> 
  custom:scripting/monoscript/fileName/entlong.cs: fb737a2ecf18e5cd642c1cb50dfe46b8 -> de9b060f0b3358bb6a05d89bc42f0791
  custom:scripting/monoscript/fileName/MetaTagsAttribute.cs: f816c95d973588aac5587e0cf7b12543 -> 48654cba762b6d27f4b1d46fcf914471
  custom:scripting/monoscript/fileName/GameFieldGeneratedPlaneAlgorithmMarker.cs: 505be8ba7cc43f00ae1cc5b5ce71b559 -> 
  custom:scripting/monoscript/fileName/MetaGroupAttribute.cs: f6b3a56866565312640e6eda2030408e -> 41562d763411caf327dc60de94f75855
  custom:scripting/monoscript/fileName/BitsUtility.cs: 9d0da9e734b986fb4c879c4d944d8b14 -> c92cf35016096013ce0c38bf263e4405
  custom:CustomObjectIndexerAttribute: 9a22284fe3817be447336de3de66b15e -> 
  custom:scripting/monoscript/fileName/EcsWhereToGroupExecutor.cs: 8f6297df34271fdb1ce2d9607ec6261d -> 90647cc400823b41df847a6cbfc29026
  custom:scripting/monoscript/fileName/EcsWorld.pools.cs: 47beb563def6082bb4ad79bf75bb6a66 -> 2c8c92e9dae1546ac82eb30ddc32f89b
  custom:container-demuxer-webm: 4f35f7cbe854078d1ac9338744f61a02 -> 
  custom:scripting/monoscript/fileName/EcsTagPool.cs: d63c9283c9f0dc9a65cfcb4d6f3f406e -> 292012435f767377dfa5c5d9463011fc
  custom:scripting/monoscript/fileName/Queries.cs: 7ec416f24bbc2b3f63ed5485791e3250 -> 58afa85ab125f099ef201a63b191b316
  custom:scripting/monoscript/fileName/ArrayUtility.cs: b8c011a6edd79b211f0955ed46d60df1 -> 7ba2d4a9c78178d723b9d885f5f1af2e
  custom:scripting/monoscript/fileName/ITemplateNode.cs: cd6fd998d6867619a5c48da87fcf5a14 -> f5da816ed0ca7c34ef03789101f9d2a7
  custom:scripting/monoscript/fileName/PurchaseAnimalTag.cs: 8f794ad5afbe806dfef508ff0dc3725b -> 
  custom:scripting/monoscript/fileName/MetaDescriptionAttribute.cs: e311fd002cc0dc6e7dfd746e1f56fa4d -> db593401a601951b4b3fe210d2e6ac30
  custom:scripting/monoscript/fileName/EcsQueryExecutor.cs: cb7218d8ec00ef6dcd4958fea7556d82 -> 92321aad84d8490e6222233ad957067f
  custom:scripting/monoscript/fileName/IEcsTypeMetaProvider.cs: e76830a8fd8170d850ac464a370b8916 -> 03184fa6c59932ed538cbd8addf6fe48
  custom:scripting/monoscript/fileName/DataInterfaces.cs: 40735d631d366c73ff47fb097c329025 -> 4a32470493a767702519176ca1433fe7
  custom:scripting/monoscript/fileName/MetaColorAttribute.cs: 8a7fbcfd4a3ecc0628d8afb69765dc7d -> b291fc4e51b18e37e62b8c2cd9aedc86
  custom:scripting/monoscript/fileName/EcsDebugUtility.cs: 2be076fcf1f1c707a9eaee7da01b5c57 -> e6bcd67ac51126e8c5afedefba8d71da
  custom:scripting/monoscript/fileName/Consts.cs: 6eb20adfff3eee69e75faf4b73a2ddd6 -> a82fb62194155ef6154e1bce01fd9ff8
  custom:container-muxer-webm: aa71ff27fc2769a1b78a27578f13a17b -> 
  custom:video-decoder-webm-vp8: 9c59270c3fd7afecdb556c50c9e8de78 -> 
  custom:scripting/monoscript/fileName/EcsMask.cs: c7032164440c4d6e79eaef7871e350a0 -> 71a9ebdefefd85f00a63f4791a1ea3d1
  custom:scripting/monoscript/fileName/EcsTypeCode.cs: 10f78a56829fa79a2c926bb06b832e7c -> 51c186a230106c5e5caae5f4debb522f
  custom:SearchIndexIgnoredProperties: e643bd26f0fe6173181afceb89e7c659 -> 
  custom:AudioImporter_EditorPlatform: d09bf68614088b80899f8185d706f6e7 -> 
  custom:scripting/monoscript/fileName/EcsMetaAttribute.cs: 4681b49ca5ea899cb64dfc809ca3a8ea -> fd3ea90bde2894a0f0de9ba2a9ee1175
  custom:scripting/monoscript/fileName/ReflectionUtility.cs: 058ada316ffb2af4349828c12d73f05f -> 12b2c0079659a56c89e37a6035957749
  custom:scripting/monoscript/fileName/SparseArray.cs: e0a51e584485b56d9971a06b4f70ecb4 -> a53f96815da50de15010b1c479bc70cf
  custom:scripting/monoscript/fileName/MetaNameAttribute.cs: b18e144d46cb3e237061620a54a5c5b3 -> 5e226a78b91fbab58bf42b88813abd57
  custom:scripting/monoscript/fileName/Worlds.cs: 2095c64d03c345b28301088b270fc226 -> a519624c388a13e47405c0a2dabe03d9
  custom:scripting/monoscript/fileName/TypeMeta.cs: d699924ce717772f7c2cd77e38d71192 -> 24f705c5cf4437ab23e98a5be362a486
  custom:scripting/monoscript/fileName/BaseProcesses.cs: 80e3d614c7158c082908397fef1e317d -> 0a3575435ba216831ce2d6aa80f68677
  custom:scripting/monoscript/fileName/ArraySortHalperX.cs: 34c6ff9cf0aa0d720e612550af5c5d26 -> 849ed7f5b11c9db237ef61b01c5a5104
  custom:scripting/monoscript/fileName/IdDispenser.cs: bef711bcf3a1c70877f3acc0d83f608a -> 6b91817103880c6300d5bbc0a80dee89
  custom:scripting/monoscript/fileName/UncheckedCoreUtility.cs: aa37da10340101a351c8f424e4a43f12 -> 09fccf4854a9f3d55ae4968719f5f130
  custom:scripting/monoscript/fileName/EcsWhereExecutor.cs: 8f6297df34271fdb1ce2d9607ec6261d -> 90647cc400823b41df847a6cbfc29026
  custom:scripting/monoscript/fileName/Exceptions.cs: e7350dd3f4b1c79c9fcc1da058ddd1dd -> 5a99b6c5dbdfe99f70e6110b9053674e
  custom:scripting/monoscript/fileName/EcsPipeline.cs: 20e3b45874106257d644cc4ae0f33185 -> 36e23495764e4bec4ffd55587fa9bce0
  custom:scripting/monoscript/fileName/Interfaces.cs: 681918feb06dbc142788871f8a6610d3 -> fc983f43e88a1e2383a87bd1535543fc
  custom:scripting/monoscript/fileName/UnsafeArray.cs: 34c6ff9cf0aa0d720e612550af5c5d26 -> 849ed7f5b11c9db237ef61b01c5a5104
  custom:video-encoder-webm-vp8: eb34c28f22e8b96e1ab97ce403110664 -> 
  custom:audio-decoder-ogg-vorbis: bf7c407c2cedff20999df2af8eb42d56 -> 
  custom:scripting/monoscript/fileName/Aspects.cs: 1bb7690008a48009fa7704e7d80ce115 -> 5d6713079a073ac4c50170617f2cbbdd
  custom:scripting/monoscript/fileName/EcsGroup.cs: d28e68a8e3335e3ff75090b24d219185 -> 07228ccef216f15bc3f56e47b32f26f0
  custom:scripting/monoscript/fileName/InjectionNode.cs: a7d92609dd9cfc813f9dccdefcda74cf -> 7d6c6f255293ac7ab881de6eb1e69df7
  custom:audio-encoder-webm-vorbis: bf7c407c2cedff20999df2af8eb42d56 -> 
  custom:scripting/monoscript/fileName/EcsDebug.cs: ad23832bbeaf496a3eba629cd3080a70 -> 8eea15508cf5695757b725dea1725cc6
  custom:scripting/monoscript/fileName/EcsWorld.static.cs: f85c16838859d07970713c1de49a3eef -> ee995408255e09566032e690e1f3317f
  custom:scripting/monoscript/fileName/EcsSpan.cs: 15f074769c3fa58382bc0456b3014117 -> 5396e8906f65d637e3c12326ff4a7ea8
  custom:scripting/monoscript/fileName/IConfigContainer.cs: ee47ea4eb3954f388b1065d58a23985a -> 30fa438da5de3948b7e37a4c6c6e4b4f
  custom:scripting/monoscript/fileName/EcsPipelineExtensions.cs: 597578e060d6d93abc2e740705b386d0 -> 1fbf402bff11f45c5350e88723859228
  custom:scripting/monoscript/fileName/EcsPool.cs: 40748e41624ef0b0c2cadcd56b76135d -> a404ad22ede0b7d8f576df1bedbf538c
  custom:scripting/precompiled-assembly-types:Assembly-CSharp: 278ff515ec5dd6d0441113636282b7d9 -> fe1f0beb764a7a3c5a0667557268a853
  custom:scripting/monoscript/fileName/GameFieldGeneratedPlaneAlgorithmAudioConfig.cs: dd76a1cfcc30cf141d185d00260c3c11 -> 
========================================================================
Received Prepare
Caller must complete domain reload
Begin MonoManager ReloadAssembly
- Loaded All Assemblies, in  1.440 seconds
Native extension for WindowsStandalone target not found
Native extension for Android target not found
Native extension for WebGL target not found
[Package Manager] Server::EnsureServerProcessIsRunning -- launch failed, reason: Unity was launched with the -noUpm command-line argument
[Package Manager] UpmClient::Send -- Unable to send message (not connected to UPM process).
[Package Manager] Cannot connect to Unity Package Manager local server
Mono: successfully reloaded assembly
[Package Manager] Server::EnsureServerProcessIsRunning -- launch failed, reason: Unity was launched with the -noUpm command-line argument
[Package Manager] UpmClient::Send -- Unable to send message (not connected to UPM process).
[Package Manager] Cannot connect to Unity Package Manager local server
- Finished resetting the current domain, in  1.583 seconds
Domain Reload Profiling: 3024ms
	BeginReloadAssembly (269ms)
		ExecutionOrderSort (0ms)
		DisableScriptedObjects (9ms)
		BackupInstance (0ms)
		ReleaseScriptingObjects (1ms)
		CreateAndSetChildDomain (107ms)
	RebuildCommonClasses (31ms)
	RebuildNativeTypeToScriptingClass (10ms)
	initialDomainReloadingComplete (32ms)
	LoadAllAssembliesAndSetupDomain (1098ms)
		LoadAssemblies (1049ms)
		RebuildTransferFunctionScriptingTraits (0ms)
		AnalyzeDomain (142ms)
			TypeCache.Refresh (52ms)
				TypeCache.ScanAssembly (9ms)
			ScanForSourceGeneratedMonoScriptInfo (49ms)
			ResolveRequiredComponents (40ms)
	FinalizeReload (1584ms)
		ReleaseScriptCaches (0ms)
		RebuildScriptCaches (0ms)
		SetupLoadedEditorAssemblies (966ms)
			LogAssemblyErrors (0ms)
			InitializePlatformSupportModulesInManaged (56ms)
			SetLoadedEditorAssemblies (5ms)
			RefreshPlugins (0ms)
			BeforeProcessingInitializeOnLoad (131ms)
			ProcessInitializeOnLoadAttributes (492ms)
			ProcessInitializeOnLoadMethodAttributes (279ms)
			AfterProcessingInitializeOnLoad (2ms)
			EditorAssembliesLoaded (1ms)
		ExecutionOrderSort2 (0ms)
		AwakeInstancesAfterBackupRestoration (5ms)
Refreshing native plugins compatible for Editor in 8.17 ms, found 3 plugins.
Preloading 0 native plugins for Editor in 0.00 ms.
Unloading 4335 Unused Serialized files (Serialized files now loaded: 0)
Unloading 31 unused Assets / (67.1 KB). Loaded Objects now: 5064.
Memory consumption went from 188.5 MB to 188.5 MB.
Total: 23.875400 ms (FindLiveObjects: 1.056700 ms CreateObjectMapping: 0.380100 ms MarkObjects: 22.179700 ms  DeleteObjects: 0.257200 ms)

Prepare: number of updated asset objects reloaded= 0
AssetImportParameters requested are different than current active one (requested -> active):
  custom:scripting/monoscript/fileName/EcsPoolBase.cs: 31ac56193ae6d54339748acda32ec94d -> 13578c1186811575128a81ef58458158
  custom:container-demuxer-ogg: 62fdf1f143b41e24485cea50d1cbac27 -> 
  custom:scripting/monoscript/fileName/EcsWorld.cs: 22c9529b696807804c45b49aecb240e4 -> b5398d9e0d6d44b0656dfb9e069bdcb7
  custom:scripting/monoscript/fileName/EcsRunner.cs: 888da8f511430c4063b6409b3d58672b -> 71d2a3bda53ca5b6050345a489bc2623
  custom:scripting/monoscript/fileName/Injector.cs: 497aaabc2940aa3aa01d252fd8a0c47b -> 1c175fcff5ec2c8fc7a965114f3f7d7d
  custom:scripting/monoscript/fileName/EcsWorld.cache.cs: 6b1449c23a40962b50a2e08eb04ae9e6 -> 6f387c7e66db371630ef2a0a5fc22850
  custom:scripting/monoscript/fileName/InjectionBranch.cs: 4279a377faef040bb62fb4a633533f04 -> 7d84b04d553f6e4071360c20ba45080a
  custom:video-decoder-ogg-theora: a1e56fd34408186e4bbccfd4996cb3dc -> 
  custom:scripting/monoscript/fileName/EcsAspect.cs: 379ac680ffd19ab4b9f61502a7a6eff8 -> 226bdda0feb135d8ad2f56ec6d899a1d
  custom:framework-win-MediaFoundation: 216162199b28c13a410421893ffa2e32 -> 
  custom:scripting/monoscript/fileName/entlong.cs: fb737a2ecf18e5cd642c1cb50dfe46b8 -> de9b060f0b3358bb6a05d89bc42f0791
  custom:scripting/monoscript/fileName/MetaTagsAttribute.cs: f816c95d973588aac5587e0cf7b12543 -> 48654cba762b6d27f4b1d46fcf914471
  custom:scripting/monoscript/fileName/GameFieldGeneratedPlaneAlgorithmMarker.cs: 505be8ba7cc43f00ae1cc5b5ce71b559 -> 
  custom:scripting/monoscript/fileName/MetaGroupAttribute.cs: f6b3a56866565312640e6eda2030408e -> 41562d763411caf327dc60de94f75855
  custom:scripting/monoscript/fileName/BitsUtility.cs: 9d0da9e734b986fb4c879c4d944d8b14 -> c92cf35016096013ce0c38bf263e4405
  custom:CustomObjectIndexerAttribute: 9a22284fe3817be447336de3de66b15e -> 
  custom:scripting/monoscript/fileName/EcsWhereToGroupExecutor.cs: 8f6297df34271fdb1ce2d9607ec6261d -> 90647cc400823b41df847a6cbfc29026
  custom:scripting/monoscript/fileName/EcsWorld.pools.cs: 47beb563def6082bb4ad79bf75bb6a66 -> 2c8c92e9dae1546ac82eb30ddc32f89b
  custom:container-demuxer-webm: 4f35f7cbe854078d1ac9338744f61a02 -> 
  custom:scripting/monoscript/fileName/EcsTagPool.cs: d63c9283c9f0dc9a65cfcb4d6f3f406e -> 292012435f767377dfa5c5d9463011fc
  custom:scripting/monoscript/fileName/Queries.cs: 7ec416f24bbc2b3f63ed5485791e3250 -> 58afa85ab125f099ef201a63b191b316
  custom:scripting/monoscript/fileName/ArrayUtility.cs: b8c011a6edd79b211f0955ed46d60df1 -> 7ba2d4a9c78178d723b9d885f5f1af2e
  custom:scripting/monoscript/fileName/ITemplateNode.cs: cd6fd998d6867619a5c48da87fcf5a14 -> f5da816ed0ca7c34ef03789101f9d2a7
  custom:scripting/monoscript/fileName/PurchaseAnimalTag.cs: 8f794ad5afbe806dfef508ff0dc3725b -> 
  custom:scripting/monoscript/fileName/MetaDescriptionAttribute.cs: e311fd002cc0dc6e7dfd746e1f56fa4d -> db593401a601951b4b3fe210d2e6ac30
  custom:scripting/monoscript/fileName/EcsQueryExecutor.cs: cb7218d8ec00ef6dcd4958fea7556d82 -> 92321aad84d8490e6222233ad957067f
  custom:scripting/monoscript/fileName/IEcsTypeMetaProvider.cs: e76830a8fd8170d850ac464a370b8916 -> 03184fa6c59932ed538cbd8addf6fe48
  custom:scripting/monoscript/fileName/DataInterfaces.cs: 40735d631d366c73ff47fb097c329025 -> 4a32470493a767702519176ca1433fe7
  custom:scripting/monoscript/fileName/MetaColorAttribute.cs: 8a7fbcfd4a3ecc0628d8afb69765dc7d -> b291fc4e51b18e37e62b8c2cd9aedc86
  custom:scripting/monoscript/fileName/EcsDebugUtility.cs: 2be076fcf1f1c707a9eaee7da01b5c57 -> e6bcd67ac51126e8c5afedefba8d71da
  custom:scripting/monoscript/fileName/Consts.cs: 6eb20adfff3eee69e75faf4b73a2ddd6 -> a82fb62194155ef6154e1bce01fd9ff8
  custom:container-muxer-webm: aa71ff27fc2769a1b78a27578f13a17b -> 
  custom:video-decoder-webm-vp8: 9c59270c3fd7afecdb556c50c9e8de78 -> 
  custom:scripting/monoscript/fileName/EcsMask.cs: c7032164440c4d6e79eaef7871e350a0 -> 71a9ebdefefd85f00a63f4791a1ea3d1
  custom:scripting/monoscript/fileName/EcsTypeCode.cs: 10f78a56829fa79a2c926bb06b832e7c -> 51c186a230106c5e5caae5f4debb522f
  custom:SearchIndexIgnoredProperties: e643bd26f0fe6173181afceb89e7c659 -> 
  custom:AudioImporter_EditorPlatform: d09bf68614088b80899f8185d706f6e7 -> 
  custom:scripting/monoscript/fileName/EcsMetaAttribute.cs: 4681b49ca5ea899cb64dfc809ca3a8ea -> fd3ea90bde2894a0f0de9ba2a9ee1175
  custom:scripting/monoscript/fileName/ReflectionUtility.cs: 058ada316ffb2af4349828c12d73f05f -> 12b2c0079659a56c89e37a6035957749
  custom:scripting/monoscript/fileName/SparseArray.cs: e0a51e584485b56d9971a06b4f70ecb4 -> a53f96815da50de15010b1c479bc70cf
  custom:scripting/monoscript/fileName/MetaNameAttribute.cs: b18e144d46cb3e237061620a54a5c5b3 -> 5e226a78b91fbab58bf42b88813abd57
  custom:scripting/monoscript/fileName/Worlds.cs: 2095c64d03c345b28301088b270fc226 -> a519624c388a13e47405c0a2dabe03d9
  custom:scripting/monoscript/fileName/TypeMeta.cs: d699924ce717772f7c2cd77e38d71192 -> 24f705c5cf4437ab23e98a5be362a486
  custom:scripting/monoscript/fileName/BaseProcesses.cs: 80e3d614c7158c082908397fef1e317d -> 0a3575435ba216831ce2d6aa80f68677
  custom:scripting/monoscript/fileName/ArraySortHalperX.cs: 34c6ff9cf0aa0d720e612550af5c5d26 -> 849ed7f5b11c9db237ef61b01c5a5104
  custom:scripting/monoscript/fileName/IdDispenser.cs: bef711bcf3a1c70877f3acc0d83f608a -> 6b91817103880c6300d5bbc0a80dee89
  custom:scripting/monoscript/fileName/UncheckedCoreUtility.cs: aa37da10340101a351c8f424e4a43f12 -> 09fccf4854a9f3d55ae4968719f5f130
  custom:scripting/monoscript/fileName/EcsWhereExecutor.cs: 8f6297df34271fdb1ce2d9607ec6261d -> 90647cc400823b41df847a6cbfc29026
  custom:scripting/monoscript/fileName/Exceptions.cs: e7350dd3f4b1c79c9fcc1da058ddd1dd -> 5a99b6c5dbdfe99f70e6110b9053674e
  custom:scripting/monoscript/fileName/EcsPipeline.cs: 20e3b45874106257d644cc4ae0f33185 -> 36e23495764e4bec4ffd55587fa9bce0
  custom:scripting/monoscript/fileName/Interfaces.cs: 681918feb06dbc142788871f8a6610d3 -> fc983f43e88a1e2383a87bd1535543fc
  custom:scripting/monoscript/fileName/UnsafeArray.cs: 34c6ff9cf0aa0d720e612550af5c5d26 -> 849ed7f5b11c9db237ef61b01c5a5104
  custom:video-encoder-webm-vp8: eb34c28f22e8b96e1ab97ce403110664 -> 
  custom:audio-decoder-ogg-vorbis: bf7c407c2cedff20999df2af8eb42d56 -> 
  custom:scripting/monoscript/fileName/Aspects.cs: 1bb7690008a48009fa7704e7d80ce115 -> 5d6713079a073ac4c50170617f2cbbdd
  custom:scripting/monoscript/fileName/EcsGroup.cs: d28e68a8e3335e3ff75090b24d219185 -> 07228ccef216f15bc3f56e47b32f26f0
  custom:scripting/monoscript/fileName/InjectionNode.cs: a7d92609dd9cfc813f9dccdefcda74cf -> 7d6c6f255293ac7ab881de6eb1e69df7
  custom:audio-encoder-webm-vorbis: bf7c407c2cedff20999df2af8eb42d56 -> 
  custom:scripting/monoscript/fileName/EcsDebug.cs: ad23832bbeaf496a3eba629cd3080a70 -> 8eea15508cf5695757b725dea1725cc6
  custom:scripting/monoscript/fileName/EcsWorld.static.cs: f85c16838859d07970713c1de49a3eef -> ee995408255e09566032e690e1f3317f
  custom:scripting/monoscript/fileName/EcsSpan.cs: 15f074769c3fa58382bc0456b3014117 -> 5396e8906f65d637e3c12326ff4a7ea8
  custom:scripting/monoscript/fileName/IConfigContainer.cs: ee47ea4eb3954f388b1065d58a23985a -> 30fa438da5de3948b7e37a4c6c6e4b4f
  custom:scripting/monoscript/fileName/EcsPipelineExtensions.cs: 597578e060d6d93abc2e740705b386d0 -> 1fbf402bff11f45c5350e88723859228
  custom:scripting/monoscript/fileName/EcsPool.cs: 40748e41624ef0b0c2cadcd56b76135d -> a404ad22ede0b7d8f576df1bedbf538c
  custom:scripting/precompiled-assembly-types:Assembly-CSharp: 278ff515ec5dd6d0441113636282b7d9 -> fe1f0beb764a7a3c5a0667557268a853
  custom:scripting/monoscript/fileName/GameFieldGeneratedPlaneAlgorithmAudioConfig.cs: dd76a1cfcc30cf141d185d00260c3c11 -> 
========================================================================
Received Prepare
Caller must complete domain reload
Begin MonoManager ReloadAssembly
- Loaded All Assemblies, in  1.994 seconds
Native extension for WindowsStandalone target not found
Native extension for Android target not found
Native extension for WebGL target not found
[Package Manager] Server::EnsureServerProcessIsRunning -- launch failed, reason: Unity was launched with the -noUpm command-line argument
[Package Manager] UpmClient::Send -- Unable to send message (not connected to UPM process).
[Package Manager] Cannot connect to Unity Package Manager local server
Mono: successfully reloaded assembly
[Package Manager] Server::EnsureServerProcessIsRunning -- launch failed, reason: Unity was launched with the -noUpm command-line argument
[Package Manager] UpmClient::Send -- Unable to send message (not connected to UPM process).
[Package Manager] Cannot connect to Unity Package Manager local server
- Finished resetting the current domain, in  1.574 seconds
Domain Reload Profiling: 3571ms
	BeginReloadAssembly (301ms)
		ExecutionOrderSort (0ms)
		DisableScriptedObjects (8ms)
		BackupInstance (0ms)
		ReleaseScriptingObjects (1ms)
		CreateAndSetChildDomain (131ms)
	RebuildCommonClasses (32ms)
	RebuildNativeTypeToScriptingClass (14ms)
	initialDomainReloadingComplete (36ms)
	LoadAllAssembliesAndSetupDomain (1611ms)
		LoadAssemblies (1645ms)
		RebuildTransferFunctionScriptingTraits (0ms)
		AnalyzeDomain (85ms)
			TypeCache.Refresh (45ms)
				TypeCache.ScanAssembly (6ms)
			ScanForSourceGeneratedMonoScriptInfo (17ms)
			ResolveRequiredComponents (21ms)
	FinalizeReload (1577ms)
		ReleaseScriptCaches (0ms)
		RebuildScriptCaches (0ms)
		SetupLoadedEditorAssemblies (945ms)
			LogAssemblyErrors (0ms)
			InitializePlatformSupportModulesInManaged (60ms)
			SetLoadedEditorAssemblies (6ms)
			RefreshPlugins (0ms)
			BeforeProcessingInitializeOnLoad (115ms)
			ProcessInitializeOnLoadAttributes (442ms)
			ProcessInitializeOnLoadMethodAttributes (319ms)
			AfterProcessingInitializeOnLoad (3ms)
			EditorAssembliesLoaded (1ms)
		ExecutionOrderSort2 (0ms)
		AwakeInstancesAfterBackupRestoration (5ms)
Refreshing native plugins compatible for Editor in 20.08 ms, found 3 plugins.
Preloading 0 native plugins for Editor in 0.00 ms.
Unloading 4335 Unused Serialized files (Serialized files now loaded: 0)
Unloading 31 unused Assets / (73.4 KB). Loaded Objects now: 5067.
Memory consumption went from 188.5 MB to 188.5 MB.
Total: 46.222900 ms (FindLiveObjects: 3.267600 ms CreateObjectMapping: 0.585300 ms MarkObjects: 41.154400 ms  DeleteObjects: 1.209500 ms)

Prepare: number of updated asset objects reloaded= 0
AssetImportParameters requested are different than current active one (requested -> active):
  custom:scripting/monoscript/fileName/EcsPoolBase.cs: 31ac56193ae6d54339748acda32ec94d -> 13578c1186811575128a81ef58458158
  custom:container-demuxer-ogg: 62fdf1f143b41e24485cea50d1cbac27 -> 
  custom:scripting/monoscript/fileName/EcsWorld.cs: 22c9529b696807804c45b49aecb240e4 -> b5398d9e0d6d44b0656dfb9e069bdcb7
  custom:scripting/monoscript/fileName/EcsRunner.cs: 888da8f511430c4063b6409b3d58672b -> 71d2a3bda53ca5b6050345a489bc2623
  custom:scripting/monoscript/fileName/Injector.cs: 497aaabc2940aa3aa01d252fd8a0c47b -> 1c175fcff5ec2c8fc7a965114f3f7d7d
  custom:scripting/monoscript/fileName/EcsWorld.cache.cs: 6b1449c23a40962b50a2e08eb04ae9e6 -> 6f387c7e66db371630ef2a0a5fc22850
  custom:scripting/monoscript/fileName/InjectionBranch.cs: 4279a377faef040bb62fb4a633533f04 -> 7d84b04d553f6e4071360c20ba45080a
  custom:video-decoder-ogg-theora: a1e56fd34408186e4bbccfd4996cb3dc -> 
  custom:scripting/monoscript/fileName/EcsAspect.cs: 379ac680ffd19ab4b9f61502a7a6eff8 -> 226bdda0feb135d8ad2f56ec6d899a1d
  custom:framework-win-MediaFoundation: 216162199b28c13a410421893ffa2e32 -> 
  custom:scripting/monoscript/fileName/entlong.cs: fb737a2ecf18e5cd642c1cb50dfe46b8 -> de9b060f0b3358bb6a05d89bc42f0791
  custom:scripting/monoscript/fileName/MetaTagsAttribute.cs: f816c95d973588aac5587e0cf7b12543 -> 48654cba762b6d27f4b1d46fcf914471
  custom:scripting/monoscript/fileName/GameFieldGeneratedPlaneAlgorithmMarker.cs: 505be8ba7cc43f00ae1cc5b5ce71b559 -> 
  custom:scripting/monoscript/fileName/MetaGroupAttribute.cs: f6b3a56866565312640e6eda2030408e -> 41562d763411caf327dc60de94f75855
  custom:scripting/monoscript/fileName/BitsUtility.cs: 9d0da9e734b986fb4c879c4d944d8b14 -> c92cf35016096013ce0c38bf263e4405
  custom:CustomObjectIndexerAttribute: 9a22284fe3817be447336de3de66b15e -> 
  custom:scripting/monoscript/fileName/EcsWhereToGroupExecutor.cs: 8f6297df34271fdb1ce2d9607ec6261d -> 90647cc400823b41df847a6cbfc29026
  custom:scripting/monoscript/fileName/EcsWorld.pools.cs: 47beb563def6082bb4ad79bf75bb6a66 -> 2c8c92e9dae1546ac82eb30ddc32f89b
  custom:container-demuxer-webm: 4f35f7cbe854078d1ac9338744f61a02 -> 
  custom:scripting/monoscript/fileName/EcsTagPool.cs: d63c9283c9f0dc9a65cfcb4d6f3f406e -> 292012435f767377dfa5c5d9463011fc
  custom:scripting/monoscript/fileName/Queries.cs: 7ec416f24bbc2b3f63ed5485791e3250 -> 58afa85ab125f099ef201a63b191b316
  custom:scripting/monoscript/fileName/ArrayUtility.cs: b8c011a6edd79b211f0955ed46d60df1 -> 7ba2d4a9c78178d723b9d885f5f1af2e
  custom:scripting/monoscript/fileName/ITemplateNode.cs: cd6fd998d6867619a5c48da87fcf5a14 -> f5da816ed0ca7c34ef03789101f9d2a7
  custom:scripting/monoscript/fileName/PurchaseAnimalTag.cs: 8f794ad5afbe806dfef508ff0dc3725b -> 
  custom:scripting/monoscript/fileName/MetaDescriptionAttribute.cs: e311fd002cc0dc6e7dfd746e1f56fa4d -> db593401a601951b4b3fe210d2e6ac30
  custom:scripting/monoscript/fileName/EcsQueryExecutor.cs: cb7218d8ec00ef6dcd4958fea7556d82 -> 92321aad84d8490e6222233ad957067f
  custom:scripting/monoscript/fileName/IEcsTypeMetaProvider.cs: e76830a8fd8170d850ac464a370b8916 -> 03184fa6c59932ed538cbd8addf6fe48
  custom:scripting/monoscript/fileName/DataInterfaces.cs: 40735d631d366c73ff47fb097c329025 -> 4a32470493a767702519176ca1433fe7
  custom:scripting/monoscript/fileName/MetaColorAttribute.cs: 8a7fbcfd4a3ecc0628d8afb69765dc7d -> b291fc4e51b18e37e62b8c2cd9aedc86
  custom:scripting/monoscript/fileName/EcsDebugUtility.cs: 2be076fcf1f1c707a9eaee7da01b5c57 -> e6bcd67ac51126e8c5afedefba8d71da
  custom:scripting/monoscript/fileName/Consts.cs: 6eb20adfff3eee69e75faf4b73a2ddd6 -> a82fb62194155ef6154e1bce01fd9ff8
  custom:container-muxer-webm: aa71ff27fc2769a1b78a27578f13a17b -> 
  custom:video-decoder-webm-vp8: 9c59270c3fd7afecdb556c50c9e8de78 -> 
  custom:scripting/monoscript/fileName/EcsMask.cs: c7032164440c4d6e79eaef7871e350a0 -> 71a9ebdefefd85f00a63f4791a1ea3d1
  custom:scripting/monoscript/fileName/EcsTypeCode.cs: 10f78a56829fa79a2c926bb06b832e7c -> 51c186a230106c5e5caae5f4debb522f
  custom:SearchIndexIgnoredProperties: e643bd26f0fe6173181afceb89e7c659 -> 
  custom:AudioImporter_EditorPlatform: d09bf68614088b80899f8185d706f6e7 -> 
  custom:scripting/monoscript/fileName/EcsMetaAttribute.cs: 4681b49ca5ea899cb64dfc809ca3a8ea -> fd3ea90bde2894a0f0de9ba2a9ee1175
  custom:scripting/monoscript/fileName/ReflectionUtility.cs: 058ada316ffb2af4349828c12d73f05f -> 12b2c0079659a56c89e37a6035957749
  custom:scripting/monoscript/fileName/SparseArray.cs: e0a51e584485b56d9971a06b4f70ecb4 -> a53f96815da50de15010b1c479bc70cf
  custom:scripting/monoscript/fileName/MetaNameAttribute.cs: b18e144d46cb3e237061620a54a5c5b3 -> 5e226a78b91fbab58bf42b88813abd57
  custom:scripting/monoscript/fileName/Worlds.cs: 2095c64d03c345b28301088b270fc226 -> a519624c388a13e47405c0a2dabe03d9
  custom:scripting/monoscript/fileName/TypeMeta.cs: d699924ce717772f7c2cd77e38d71192 -> 24f705c5cf4437ab23e98a5be362a486
  custom:scripting/monoscript/fileName/BaseProcesses.cs: 80e3d614c7158c082908397fef1e317d -> 0a3575435ba216831ce2d6aa80f68677
  custom:scripting/monoscript/fileName/ArraySortHalperX.cs: 34c6ff9cf0aa0d720e612550af5c5d26 -> 849ed7f5b11c9db237ef61b01c5a5104
  custom:scripting/monoscript/fileName/IdDispenser.cs: bef711bcf3a1c70877f3acc0d83f608a -> 6b91817103880c6300d5bbc0a80dee89
  custom:scripting/monoscript/fileName/UncheckedCoreUtility.cs: aa37da10340101a351c8f424e4a43f12 -> 09fccf4854a9f3d55ae4968719f5f130
  custom:scripting/monoscript/fileName/EcsWhereExecutor.cs: 8f6297df34271fdb1ce2d9607ec6261d -> 90647cc400823b41df847a6cbfc29026
  custom:scripting/monoscript/fileName/Exceptions.cs: e7350dd3f4b1c79c9fcc1da058ddd1dd -> 5a99b6c5dbdfe99f70e6110b9053674e
  custom:scripting/monoscript/fileName/EcsPipeline.cs: 20e3b45874106257d644cc4ae0f33185 -> 36e23495764e4bec4ffd55587fa9bce0
  custom:scripting/monoscript/fileName/Interfaces.cs: 681918feb06dbc142788871f8a6610d3 -> fc983f43e88a1e2383a87bd1535543fc
  custom:scripting/monoscript/fileName/UnsafeArray.cs: 34c6ff9cf0aa0d720e612550af5c5d26 -> 849ed7f5b11c9db237ef61b01c5a5104
  custom:video-encoder-webm-vp8: eb34c28f22e8b96e1ab97ce403110664 -> 
  custom:audio-decoder-ogg-vorbis: bf7c407c2cedff20999df2af8eb42d56 -> 
  custom:scripting/monoscript/fileName/Aspects.cs: 1bb7690008a48009fa7704e7d80ce115 -> 5d6713079a073ac4c50170617f2cbbdd
  custom:scripting/monoscript/fileName/EcsGroup.cs: d28e68a8e3335e3ff75090b24d219185 -> 07228ccef216f15bc3f56e47b32f26f0
  custom:scripting/monoscript/fileName/InjectionNode.cs: a7d92609dd9cfc813f9dccdefcda74cf -> 7d6c6f255293ac7ab881de6eb1e69df7
  custom:audio-encoder-webm-vorbis: bf7c407c2cedff20999df2af8eb42d56 -> 
  custom:scripting/monoscript/fileName/EcsDebug.cs: ad23832bbeaf496a3eba629cd3080a70 -> 8eea15508cf5695757b725dea1725cc6
  custom:scripting/monoscript/fileName/EcsWorld.static.cs: f85c16838859d07970713c1de49a3eef -> ee995408255e09566032e690e1f3317f
  custom:scripting/monoscript/fileName/EcsSpan.cs: 15f074769c3fa58382bc0456b3014117 -> 5396e8906f65d637e3c12326ff4a7ea8
  custom:scripting/monoscript/fileName/IConfigContainer.cs: ee47ea4eb3954f388b1065d58a23985a -> 30fa438da5de3948b7e37a4c6c6e4b4f
  custom:scripting/monoscript/fileName/EcsPipelineExtensions.cs: 597578e060d6d93abc2e740705b386d0 -> 1fbf402bff11f45c5350e88723859228
  custom:scripting/monoscript/fileName/EcsPool.cs: 40748e41624ef0b0c2cadcd56b76135d -> a404ad22ede0b7d8f576df1bedbf538c
  custom:scripting/precompiled-assembly-types:Assembly-CSharp: 278ff515ec5dd6d0441113636282b7d9 -> fe1f0beb764a7a3c5a0667557268a853
  custom:scripting/monoscript/fileName/GameFieldGeneratedPlaneAlgorithmAudioConfig.cs: dd76a1cfcc30cf141d185d00260c3c11 -> 
========================================================================
Received Prepare
Caller must complete domain reload
Begin MonoManager ReloadAssembly
- Loaded All Assemblies, in  1.731 seconds
Native extension for WindowsStandalone target not found
Native extension for Android target not found
Native extension for WebGL target not found
[Package Manager] Server::EnsureServerProcessIsRunning -- launch failed, reason: Unity was launched with the -noUpm command-line argument
[Package Manager] UpmClient::Send -- Unable to send message (not connected to UPM process).
[Package Manager] Cannot connect to Unity Package Manager local server
Mono: successfully reloaded assembly
[Package Manager] Server::EnsureServerProcessIsRunning -- launch failed, reason: Unity was launched with the -noUpm command-line argument
[Package Manager] UpmClient::Send -- Unable to send message (not connected to UPM process).
[Package Manager] Cannot connect to Unity Package Manager local server
- Finished resetting the current domain, in  2.077 seconds
Domain Reload Profiling: 3812ms
	BeginReloadAssembly (414ms)
		ExecutionOrderSort (0ms)
		DisableScriptedObjects (18ms)
		BackupInstance (0ms)
		ReleaseScriptingObjects (3ms)
		CreateAndSetChildDomain (185ms)
	RebuildCommonClasses (32ms)
	RebuildNativeTypeToScriptingClass (10ms)
	initialDomainReloadingComplete (41ms)
	LoadAllAssembliesAndSetupDomain (1235ms)
		LoadAssemblies (1245ms)
		RebuildTransferFunctionScriptingTraits (0ms)
		AnalyzeDomain (94ms)
			TypeCache.Refresh (51ms)
				TypeCache.ScanAssembly (7ms)
			ScanForSourceGeneratedMonoScriptInfo (19ms)
			ResolveRequiredComponents (23ms)
	FinalizeReload (2080ms)
		ReleaseScriptCaches (0ms)
		RebuildScriptCaches (0ms)
		SetupLoadedEditorAssemblies (1025ms)
			LogAssemblyErrors (0ms)
			InitializePlatformSupportModulesInManaged (56ms)
			SetLoadedEditorAssemblies (6ms)
			RefreshPlugins (0ms)
			BeforeProcessingInitializeOnLoad (89ms)
			ProcessInitializeOnLoadAttributes (464ms)
			ProcessInitializeOnLoadMethodAttributes (406ms)
			AfterProcessingInitializeOnLoad (3ms)
			EditorAssembliesLoaded (1ms)
		ExecutionOrderSort2 (0ms)
		AwakeInstancesAfterBackupRestoration (6ms)
Refreshing native plugins compatible for Editor in 13.30 ms, found 3 plugins.
Preloading 0 native plugins for Editor in 0.00 ms.
Unloading 4335 Unused Serialized files (Serialized files now loaded: 0)
Unloading 31 unused Assets / (66.2 KB). Loaded Objects now: 5070.
Memory consumption went from 188.5 MB to 188.5 MB.
Total: 23.098100 ms (FindLiveObjects: 1.810500 ms CreateObjectMapping: 0.146000 ms MarkObjects: 20.677800 ms  DeleteObjects: 0.462800 ms)

Prepare: number of updated asset objects reloaded= 0
AssetImportParameters requested are different than current active one (requested -> active):
  custom:scripting/monoscript/fileName/EcsPoolBase.cs: 31ac56193ae6d54339748acda32ec94d -> 13578c1186811575128a81ef58458158
  custom:container-demuxer-ogg: 62fdf1f143b41e24485cea50d1cbac27 -> 
  custom:scripting/monoscript/fileName/EcsWorld.cs: 22c9529b696807804c45b49aecb240e4 -> b5398d9e0d6d44b0656dfb9e069bdcb7
  custom:scripting/monoscript/fileName/EcsRunner.cs: 888da8f511430c4063b6409b3d58672b -> 71d2a3bda53ca5b6050345a489bc2623
  custom:scripting/monoscript/fileName/Injector.cs: 497aaabc2940aa3aa01d252fd8a0c47b -> 1c175fcff5ec2c8fc7a965114f3f7d7d
  custom:scripting/monoscript/fileName/EcsWorld.cache.cs: 6b1449c23a40962b50a2e08eb04ae9e6 -> 6f387c7e66db371630ef2a0a5fc22850
  custom:scripting/monoscript/fileName/InjectionBranch.cs: 4279a377faef040bb62fb4a633533f04 -> 7d84b04d553f6e4071360c20ba45080a
  custom:video-decoder-ogg-theora: a1e56fd34408186e4bbccfd4996cb3dc -> 
  custom:scripting/monoscript/fileName/EcsAspect.cs: 379ac680ffd19ab4b9f61502a7a6eff8 -> 226bdda0feb135d8ad2f56ec6d899a1d
  custom:framework-win-MediaFoundation: 216162199b28c13a410421893ffa2e32 -> 
  custom:scripting/monoscript/fileName/entlong.cs: fb737a2ecf18e5cd642c1cb50dfe46b8 -> de9b060f0b3358bb6a05d89bc42f0791
  custom:scripting/monoscript/fileName/MetaTagsAttribute.cs: f816c95d973588aac5587e0cf7b12543 -> 48654cba762b6d27f4b1d46fcf914471
  custom:scripting/monoscript/fileName/GameFieldGeneratedPlaneAlgorithmMarker.cs: 505be8ba7cc43f00ae1cc5b5ce71b559 -> 
  custom:scripting/monoscript/fileName/MetaGroupAttribute.cs: f6b3a56866565312640e6eda2030408e -> 41562d763411caf327dc60de94f75855
  custom:scripting/monoscript/fileName/BitsUtility.cs: 9d0da9e734b986fb4c879c4d944d8b14 -> c92cf35016096013ce0c38bf263e4405
  custom:CustomObjectIndexerAttribute: 9a22284fe3817be447336de3de66b15e -> 
  custom:scripting/monoscript/fileName/EcsWhereToGroupExecutor.cs: 8f6297df34271fdb1ce2d9607ec6261d -> 90647cc400823b41df847a6cbfc29026
  custom:scripting/monoscript/fileName/AnimalCreationChainStrategySystem.cs: ecbd11dd0c336ecf9f8575e3e4d3ece0 -> c0e686f4717d71e12954b8f0f3a26a06
  custom:scripting/monoscript/fileName/EcsWorld.pools.cs: 47beb563def6082bb4ad79bf75bb6a66 -> 2c8c92e9dae1546ac82eb30ddc32f89b
  custom:container-demuxer-webm: 4f35f7cbe854078d1ac9338744f61a02 -> 
  custom:scripting/monoscript/fileName/EcsTagPool.cs: d63c9283c9f0dc9a65cfcb4d6f3f406e -> 292012435f767377dfa5c5d9463011fc
  custom:scripting/monoscript/fileName/Queries.cs: 7ec416f24bbc2b3f63ed5485791e3250 -> 58afa85ab125f099ef201a63b191b316
  custom:scripting/monoscript/fileName/ArrayUtility.cs: b8c011a6edd79b211f0955ed46d60df1 -> 7ba2d4a9c78178d723b9d885f5f1af2e
  custom:scripting/monoscript/fileName/ITemplateNode.cs: cd6fd998d6867619a5c48da87fcf5a14 -> f5da816ed0ca7c34ef03789101f9d2a7
  custom:scripting/monoscript/fileName/PurchaseAnimalTag.cs: 8f794ad5afbe806dfef508ff0dc3725b -> 
  custom:scripting/monoscript/fileName/MetaDescriptionAttribute.cs: e311fd002cc0dc6e7dfd746e1f56fa4d -> db593401a601951b4b3fe210d2e6ac30
  custom:scripting/monoscript/fileName/EcsQueryExecutor.cs: cb7218d8ec00ef6dcd4958fea7556d82 -> 92321aad84d8490e6222233ad957067f
  custom:scripting/monoscript/fileName/IEcsTypeMetaProvider.cs: e76830a8fd8170d850ac464a370b8916 -> 03184fa6c59932ed538cbd8addf6fe48
  custom:scripting/monoscript/fileName/DataInterfaces.cs: 40735d631d366c73ff47fb097c329025 -> 4a32470493a767702519176ca1433fe7
  custom:scripting/monoscript/fileName/MetaColorAttribute.cs: 8a7fbcfd4a3ecc0628d8afb69765dc7d -> b291fc4e51b18e37e62b8c2cd9aedc86
  custom:scripting/monoscript/fileName/EcsDebugUtility.cs: 2be076fcf1f1c707a9eaee7da01b5c57 -> e6bcd67ac51126e8c5afedefba8d71da
  custom:scripting/monoscript/fileName/Consts.cs: 6eb20adfff3eee69e75faf4b73a2ddd6 -> a82fb62194155ef6154e1bce01fd9ff8
  custom:container-muxer-webm: aa71ff27fc2769a1b78a27578f13a17b -> 
  custom:video-decoder-webm-vp8: 9c59270c3fd7afecdb556c50c9e8de78 -> 
  custom:scripting/monoscript/fileName/EcsMask.cs: c7032164440c4d6e79eaef7871e350a0 -> 71a9ebdefefd85f00a63f4791a1ea3d1
  custom:scripting/monoscript/fileName/EcsTypeCode.cs: 10f78a56829fa79a2c926bb06b832e7c -> 51c186a230106c5e5caae5f4debb522f
  custom:SearchIndexIgnoredProperties: e643bd26f0fe6173181afceb89e7c659 -> 
  custom:AudioImporter_EditorPlatform: d09bf68614088b80899f8185d706f6e7 -> 
  custom:scripting/monoscript/fileName/EcsMetaAttribute.cs: 4681b49ca5ea899cb64dfc809ca3a8ea -> fd3ea90bde2894a0f0de9ba2a9ee1175
  custom:scripting/monoscript/fileName/ReflectionUtility.cs: 058ada316ffb2af4349828c12d73f05f -> 12b2c0079659a56c89e37a6035957749
  custom:scripting/monoscript/fileName/SparseArray.cs: e0a51e584485b56d9971a06b4f70ecb4 -> a53f96815da50de15010b1c479bc70cf
  custom:scripting/monoscript/fileName/MetaNameAttribute.cs: b18e144d46cb3e237061620a54a5c5b3 -> 5e226a78b91fbab58bf42b88813abd57
  custom:scripting/monoscript/fileName/Worlds.cs: 2095c64d03c345b28301088b270fc226 -> a519624c388a13e47405c0a2dabe03d9
  custom:scripting/monoscript/fileName/TypeMeta.cs: d699924ce717772f7c2cd77e38d71192 -> 24f705c5cf4437ab23e98a5be362a486
  custom:scripting/monoscript/fileName/BaseProcesses.cs: 80e3d614c7158c082908397fef1e317d -> 0a3575435ba216831ce2d6aa80f68677
  custom:scripting/monoscript/fileName/ArraySortHalperX.cs: 34c6ff9cf0aa0d720e612550af5c5d26 -> 849ed7f5b11c9db237ef61b01c5a5104
  custom:scripting/monoscript/fileName/IdDispenser.cs: bef711bcf3a1c70877f3acc0d83f608a -> 6b91817103880c6300d5bbc0a80dee89
  custom:scripting/monoscript/fileName/UncheckedCoreUtility.cs: aa37da10340101a351c8f424e4a43f12 -> 09fccf4854a9f3d55ae4968719f5f130
  custom:scripting/monoscript/fileName/EcsWhereExecutor.cs: 8f6297df34271fdb1ce2d9607ec6261d -> 90647cc400823b41df847a6cbfc29026
  custom:scripting/monoscript/fileName/Exceptions.cs: e7350dd3f4b1c79c9fcc1da058ddd1dd -> 5a99b6c5dbdfe99f70e6110b9053674e
  custom:scripting/monoscript/fileName/EcsPipeline.cs: 20e3b45874106257d644cc4ae0f33185 -> 36e23495764e4bec4ffd55587fa9bce0
  custom:scripting/monoscript/fileName/Interfaces.cs: 681918feb06dbc142788871f8a6610d3 -> fc983f43e88a1e2383a87bd1535543fc
  custom:scripting/monoscript/fileName/UnsafeArray.cs: 34c6ff9cf0aa0d720e612550af5c5d26 -> 849ed7f5b11c9db237ef61b01c5a5104
  custom:video-encoder-webm-vp8: eb34c28f22e8b96e1ab97ce403110664 -> 
  custom:audio-decoder-ogg-vorbis: bf7c407c2cedff20999df2af8eb42d56 -> 
  custom:scripting/monoscript/fileName/Aspects.cs: 1bb7690008a48009fa7704e7d80ce115 -> 5d6713079a073ac4c50170617f2cbbdd
  custom:scripting/monoscript/fileName/EcsGroup.cs: d28e68a8e3335e3ff75090b24d219185 -> 07228ccef216f15bc3f56e47b32f26f0
  custom:scripting/monoscript/fileName/InjectionNode.cs: a7d92609dd9cfc813f9dccdefcda74cf -> 7d6c6f255293ac7ab881de6eb1e69df7
  custom:audio-encoder-webm-vorbis: bf7c407c2cedff20999df2af8eb42d56 -> 
  custom:scripting/monoscript/fileName/EcsDebug.cs: ad23832bbeaf496a3eba629cd3080a70 -> 8eea15508cf5695757b725dea1725cc6
  custom:scripting/monoscript/fileName/EcsWorld.static.cs: f85c16838859d07970713c1de49a3eef -> ee995408255e09566032e690e1f3317f
  custom:scripting/monoscript/fileName/EcsSpan.cs: 15f074769c3fa58382bc0456b3014117 -> 5396e8906f65d637e3c12326ff4a7ea8
  custom:scripting/monoscript/fileName/IConfigContainer.cs: ee47ea4eb3954f388b1065d58a23985a -> 30fa438da5de3948b7e37a4c6c6e4b4f
  custom:scripting/monoscript/fileName/EcsPipelineExtensions.cs: 597578e060d6d93abc2e740705b386d0 -> 1fbf402bff11f45c5350e88723859228
  custom:scripting/monoscript/fileName/EcsPool.cs: 40748e41624ef0b0c2cadcd56b76135d -> a404ad22ede0b7d8f576df1bedbf538c
  custom:scripting/precompiled-assembly-types:Assembly-CSharp: 8435028061c095cf214df896a177a378 -> fe1f0beb764a7a3c5a0667557268a853
  custom:scripting/monoscript/fileName/GameFieldGeneratedPlaneAlgorithmAudioConfig.cs: dd76a1cfcc30cf141d185d00260c3c11 -> 
========================================================================
Received Prepare
Caller must complete domain reload
Begin MonoManager ReloadAssembly
- Loaded All Assemblies, in  1.584 seconds
Native extension for WindowsStandalone target not found
Native extension for Android target not found
Native extension for WebGL target not found
[Package Manager] Server::EnsureServerProcessIsRunning -- launch failed, reason: Unity was launched with the -noUpm command-line argument
[Package Manager] UpmClient::Send -- Unable to send message (not connected to UPM process).
[Package Manager] Cannot connect to Unity Package Manager local server
Mono: successfully reloaded assembly
[Package Manager] Server::EnsureServerProcessIsRunning -- launch failed, reason: Unity was launched with the -noUpm command-line argument
[Package Manager] UpmClient::Send -- Unable to send message (not connected to UPM process).
[Package Manager] Cannot connect to Unity Package Manager local server
- Finished resetting the current domain, in  2.402 seconds
Domain Reload Profiling: 3993ms
	BeginReloadAssembly (310ms)
		ExecutionOrderSort (0ms)
		DisableScriptedObjects (9ms)
		BackupInstance (0ms)
		ReleaseScriptingObjects (1ms)
		CreateAndSetChildDomain (101ms)
	RebuildCommonClasses (34ms)
	RebuildNativeTypeToScriptingClass (10ms)
	initialDomainReloadingComplete (66ms)
	LoadAllAssembliesAndSetupDomain (1167ms)
		LoadAssemblies (1152ms)
		RebuildTransferFunctionScriptingTraits (0ms)
		AnalyzeDomain (169ms)
			TypeCache.Refresh (76ms)
				TypeCache.ScanAssembly (9ms)
			ScanForSourceGeneratedMonoScriptInfo (37ms)
			ResolveRequiredComponents (54ms)
	FinalizeReload (2407ms)
		ReleaseScriptCaches (0ms)
		RebuildScriptCaches (0ms)
		SetupLoadedEditorAssemblies (1324ms)
			LogAssemblyErrors (0ms)
			InitializePlatformSupportModulesInManaged (50ms)
			SetLoadedEditorAssemblies (5ms)
			RefreshPlugins (0ms)
			BeforeProcessingInitializeOnLoad (82ms)
			ProcessInitializeOnLoadAttributes (847ms)
			ProcessInitializeOnLoadMethodAttributes (337ms)
			AfterProcessingInitializeOnLoad (2ms)
			EditorAssembliesLoaded (1ms)
		ExecutionOrderSort2 (0ms)
		AwakeInstancesAfterBackupRestoration (6ms)
Refreshing native plugins compatible for Editor in 11.94 ms, found 3 plugins.
Preloading 0 native plugins for Editor in 0.00 ms.
Unloading 4335 Unused Serialized files (Serialized files now loaded: 0)
Unloading 31 unused Assets / (66.1 KB). Loaded Objects now: 5073.
Memory consumption went from 188.5 MB to 188.5 MB.
Total: 21.638200 ms (FindLiveObjects: 0.913700 ms CreateObjectMapping: 0.134900 ms MarkObjects: 20.352400 ms  DeleteObjects: 0.235700 ms)

Prepare: number of updated asset objects reloaded= 0
AssetImportParameters requested are different than current active one (requested -> active):
  custom:scripting/monoscript/fileName/EcsPoolBase.cs: 31ac56193ae6d54339748acda32ec94d -> 13578c1186811575128a81ef58458158
  custom:container-demuxer-ogg: 62fdf1f143b41e24485cea50d1cbac27 -> 
  custom:scripting/monoscript/fileName/EcsWorld.cs: 22c9529b696807804c45b49aecb240e4 -> b5398d9e0d6d44b0656dfb9e069bdcb7
  custom:scripting/monoscript/fileName/EcsRunner.cs: 888da8f511430c4063b6409b3d58672b -> 71d2a3bda53ca5b6050345a489bc2623
  custom:scripting/monoscript/fileName/Injector.cs: 497aaabc2940aa3aa01d252fd8a0c47b -> 1c175fcff5ec2c8fc7a965114f3f7d7d
  custom:scripting/monoscript/fileName/EcsWorld.cache.cs: 6b1449c23a40962b50a2e08eb04ae9e6 -> 6f387c7e66db371630ef2a0a5fc22850
  custom:scripting/monoscript/fileName/InjectionBranch.cs: 4279a377faef040bb62fb4a633533f04 -> 7d84b04d553f6e4071360c20ba45080a
  custom:video-decoder-ogg-theora: a1e56fd34408186e4bbccfd4996cb3dc -> 
  custom:scripting/monoscript/fileName/EcsAspect.cs: 379ac680ffd19ab4b9f61502a7a6eff8 -> 226bdda0feb135d8ad2f56ec6d899a1d
  custom:framework-win-MediaFoundation: 216162199b28c13a410421893ffa2e32 -> 
  custom:scripting/monoscript/fileName/entlong.cs: fb737a2ecf18e5cd642c1cb50dfe46b8 -> de9b060f0b3358bb6a05d89bc42f0791
  custom:scripting/monoscript/fileName/MetaTagsAttribute.cs: f816c95d973588aac5587e0cf7b12543 -> 48654cba762b6d27f4b1d46fcf914471
  custom:scripting/monoscript/fileName/GameFieldGeneratedPlaneAlgorithmMarker.cs: 505be8ba7cc43f00ae1cc5b5ce71b559 -> 
  custom:scripting/monoscript/fileName/MetaGroupAttribute.cs: f6b3a56866565312640e6eda2030408e -> 41562d763411caf327dc60de94f75855
  custom:scripting/monoscript/fileName/BitsUtility.cs: 9d0da9e734b986fb4c879c4d944d8b14 -> c92cf35016096013ce0c38bf263e4405
  custom:CustomObjectIndexerAttribute: 9a22284fe3817be447336de3de66b15e -> 
  custom:scripting/monoscript/fileName/EcsWhereToGroupExecutor.cs: 8f6297df34271fdb1ce2d9607ec6261d -> 90647cc400823b41df847a6cbfc29026
  custom:scripting/monoscript/fileName/AnimalCreationChainStrategySystem.cs: ecbd11dd0c336ecf9f8575e3e4d3ece0 -> c0e686f4717d71e12954b8f0f3a26a06
  custom:scripting/monoscript/fileName/EcsWorld.pools.cs: 47beb563def6082bb4ad79bf75bb6a66 -> 2c8c92e9dae1546ac82eb30ddc32f89b
  custom:container-demuxer-webm: 4f35f7cbe854078d1ac9338744f61a02 -> 
  custom:scripting/monoscript/fileName/EcsTagPool.cs: d63c9283c9f0dc9a65cfcb4d6f3f406e -> 292012435f767377dfa5c5d9463011fc
  custom:scripting/monoscript/fileName/Queries.cs: 7ec416f24bbc2b3f63ed5485791e3250 -> 58afa85ab125f099ef201a63b191b316
  custom:scripting/monoscript/fileName/ArrayUtility.cs: b8c011a6edd79b211f0955ed46d60df1 -> 7ba2d4a9c78178d723b9d885f5f1af2e
  custom:scripting/monoscript/fileName/ITemplateNode.cs: cd6fd998d6867619a5c48da87fcf5a14 -> f5da816ed0ca7c34ef03789101f9d2a7
  custom:scripting/monoscript/fileName/PurchaseAnimalTag.cs: 8f794ad5afbe806dfef508ff0dc3725b -> 
  custom:scripting/monoscript/fileName/MetaDescriptionAttribute.cs: e311fd002cc0dc6e7dfd746e1f56fa4d -> db593401a601951b4b3fe210d2e6ac30
  custom:scripting/monoscript/fileName/EcsQueryExecutor.cs: cb7218d8ec00ef6dcd4958fea7556d82 -> 92321aad84d8490e6222233ad957067f
  custom:scripting/monoscript/fileName/IEcsTypeMetaProvider.cs: e76830a8fd8170d850ac464a370b8916 -> 03184fa6c59932ed538cbd8addf6fe48
  custom:scripting/monoscript/fileName/DataInterfaces.cs: 40735d631d366c73ff47fb097c329025 -> 4a32470493a767702519176ca1433fe7
  custom:scripting/monoscript/fileName/MetaColorAttribute.cs: 8a7fbcfd4a3ecc0628d8afb69765dc7d -> b291fc4e51b18e37e62b8c2cd9aedc86
  custom:scripting/monoscript/fileName/EcsDebugUtility.cs: 2be076fcf1f1c707a9eaee7da01b5c57 -> e6bcd67ac51126e8c5afedefba8d71da
  custom:scripting/monoscript/fileName/Consts.cs: 6eb20adfff3eee69e75faf4b73a2ddd6 -> a82fb62194155ef6154e1bce01fd9ff8
  custom:container-muxer-webm: aa71ff27fc2769a1b78a27578f13a17b -> 
  custom:video-decoder-webm-vp8: 9c59270c3fd7afecdb556c50c9e8de78 -> 
  custom:scripting/monoscript/fileName/EcsMask.cs: c7032164440c4d6e79eaef7871e350a0 -> 71a9ebdefefd85f00a63f4791a1ea3d1
  custom:scripting/monoscript/fileName/EcsTypeCode.cs: 10f78a56829fa79a2c926bb06b832e7c -> 51c186a230106c5e5caae5f4debb522f
  custom:SearchIndexIgnoredProperties: e643bd26f0fe6173181afceb89e7c659 -> 
  custom:AudioImporter_EditorPlatform: d09bf68614088b80899f8185d706f6e7 -> 
  custom:scripting/monoscript/fileName/EcsMetaAttribute.cs: 4681b49ca5ea899cb64dfc809ca3a8ea -> fd3ea90bde2894a0f0de9ba2a9ee1175
  custom:scripting/monoscript/fileName/ReflectionUtility.cs: 058ada316ffb2af4349828c12d73f05f -> 12b2c0079659a56c89e37a6035957749
  custom:scripting/monoscript/fileName/SparseArray.cs: e0a51e584485b56d9971a06b4f70ecb4 -> a53f96815da50de15010b1c479bc70cf
  custom:scripting/monoscript/fileName/MetaNameAttribute.cs: b18e144d46cb3e237061620a54a5c5b3 -> 5e226a78b91fbab58bf42b88813abd57
  custom:scripting/monoscript/fileName/Worlds.cs: 2095c64d03c345b28301088b270fc226 -> a519624c388a13e47405c0a2dabe03d9
  custom:scripting/monoscript/fileName/TypeMeta.cs: d699924ce717772f7c2cd77e38d71192 -> 24f705c5cf4437ab23e98a5be362a486
  custom:scripting/monoscript/fileName/BaseProcesses.cs: 80e3d614c7158c082908397fef1e317d -> 0a3575435ba216831ce2d6aa80f68677
  custom:scripting/monoscript/fileName/ArraySortHalperX.cs: 34c6ff9cf0aa0d720e612550af5c5d26 -> 849ed7f5b11c9db237ef61b01c5a5104
  custom:scripting/monoscript/fileName/IdDispenser.cs: bef711bcf3a1c70877f3acc0d83f608a -> 6b91817103880c6300d5bbc0a80dee89
  custom:scripting/monoscript/fileName/UncheckedCoreUtility.cs: aa37da10340101a351c8f424e4a43f12 -> 09fccf4854a9f3d55ae4968719f5f130
  custom:scripting/monoscript/fileName/EcsWhereExecutor.cs: 8f6297df34271fdb1ce2d9607ec6261d -> 90647cc400823b41df847a6cbfc29026
  custom:scripting/monoscript/fileName/Exceptions.cs: e7350dd3f4b1c79c9fcc1da058ddd1dd -> 5a99b6c5dbdfe99f70e6110b9053674e
  custom:scripting/monoscript/fileName/EcsPipeline.cs: 20e3b45874106257d644cc4ae0f33185 -> 36e23495764e4bec4ffd55587fa9bce0
  custom:scripting/monoscript/fileName/Interfaces.cs: 681918feb06dbc142788871f8a6610d3 -> fc983f43e88a1e2383a87bd1535543fc
  custom:scripting/monoscript/fileName/UnsafeArray.cs: 34c6ff9cf0aa0d720e612550af5c5d26 -> 849ed7f5b11c9db237ef61b01c5a5104
  custom:video-encoder-webm-vp8: eb34c28f22e8b96e1ab97ce403110664 -> 
  custom:audio-decoder-ogg-vorbis: bf7c407c2cedff20999df2af8eb42d56 -> 
  custom:scripting/monoscript/fileName/Aspects.cs: 1bb7690008a48009fa7704e7d80ce115 -> 5d6713079a073ac4c50170617f2cbbdd
  custom:scripting/monoscript/fileName/EcsGroup.cs: d28e68a8e3335e3ff75090b24d219185 -> 07228ccef216f15bc3f56e47b32f26f0
  custom:scripting/monoscript/fileName/InjectionNode.cs: a7d92609dd9cfc813f9dccdefcda74cf -> 7d6c6f255293ac7ab881de6eb1e69df7
  custom:audio-encoder-webm-vorbis: bf7c407c2cedff20999df2af8eb42d56 -> 
  custom:scripting/monoscript/fileName/EcsDebug.cs: ad23832bbeaf496a3eba629cd3080a70 -> 8eea15508cf5695757b725dea1725cc6
  custom:scripting/monoscript/fileName/EcsWorld.static.cs: f85c16838859d07970713c1de49a3eef -> ee995408255e09566032e690e1f3317f
  custom:scripting/monoscript/fileName/EcsSpan.cs: 15f074769c3fa58382bc0456b3014117 -> 5396e8906f65d637e3c12326ff4a7ea8
  custom:scripting/monoscript/fileName/IConfigContainer.cs: ee47ea4eb3954f388b1065d58a23985a -> 30fa438da5de3948b7e37a4c6c6e4b4f
  custom:scripting/monoscript/fileName/EcsPipelineExtensions.cs: 597578e060d6d93abc2e740705b386d0 -> 1fbf402bff11f45c5350e88723859228
  custom:scripting/monoscript/fileName/EcsPool.cs: 40748e41624ef0b0c2cadcd56b76135d -> a404ad22ede0b7d8f576df1bedbf538c
  custom:scripting/precompiled-assembly-types:Assembly-CSharp: 8435028061c095cf214df896a177a378 -> fe1f0beb764a7a3c5a0667557268a853
  custom:scripting/monoscript/fileName/GameFieldGeneratedPlaneAlgorithmAudioConfig.cs: dd76a1cfcc30cf141d185d00260c3c11 -> 
========================================================================
Received Prepare
Caller must complete domain reload
Begin MonoManager ReloadAssembly
- Loaded All Assemblies, in  2.295 seconds
Native extension for WindowsStandalone target not found
Native extension for Android target not found
Native extension for WebGL target not found
[Package Manager] Server::EnsureServerProcessIsRunning -- launch failed, reason: Unity was launched with the -noUpm command-line argument
[Package Manager] UpmClient::Send -- Unable to send message (not connected to UPM process).
[Package Manager] Cannot connect to Unity Package Manager local server
Mono: successfully reloaded assembly
[Package Manager] Server::EnsureServerProcessIsRunning -- launch failed, reason: Unity was launched with the -noUpm command-line argument
[Package Manager] UpmClient::Send -- Unable to send message (not connected to UPM process).
[Package Manager] Cannot connect to Unity Package Manager local server
- Finished resetting the current domain, in  1.942 seconds
Domain Reload Profiling: 4241ms
	BeginReloadAssembly (517ms)
		ExecutionOrderSort (0ms)
		DisableScriptedObjects (16ms)
		BackupInstance (0ms)
		ReleaseScriptingObjects (3ms)
		CreateAndSetChildDomain (270ms)
	RebuildCommonClasses (33ms)
	RebuildNativeTypeToScriptingClass (9ms)
	initialDomainReloadingComplete (35ms)
	LoadAllAssembliesAndSetupDomain (1703ms)
		LoadAssemblies (1748ms)
		RebuildTransferFunctionScriptingTraits (0ms)
		AnalyzeDomain (103ms)
			TypeCache.Refresh (47ms)
				TypeCache.ScanAssembly (6ms)
			ScanForSourceGeneratedMonoScriptInfo (31ms)
			ResolveRequiredComponents (24ms)
	FinalizeReload (1943ms)
		ReleaseScriptCaches (0ms)
		RebuildScriptCaches (0ms)
		SetupLoadedEditorAssemblies (903ms)
			LogAssemblyErrors (0ms)
			InitializePlatformSupportModulesInManaged (78ms)
			SetLoadedEditorAssemblies (4ms)
			RefreshPlugins (0ms)
			BeforeProcessingInitializeOnLoad (93ms)
			ProcessInitializeOnLoadAttributes (430ms)
			ProcessInitializeOnLoadMethodAttributes (294ms)
			AfterProcessingInitializeOnLoad (2ms)
			EditorAssembliesLoaded (1ms)
		ExecutionOrderSort2 (0ms)
		AwakeInstancesAfterBackupRestoration (5ms)
Refreshing native plugins compatible for Editor in 24.27 ms, found 3 plugins.
Preloading 0 native plugins for Editor in 0.00 ms.
Unloading 4335 Unused Serialized files (Serialized files now loaded: 0)
Unloading 31 unused Assets / (66.2 KB). Loaded Objects now: 5076.
Memory consumption went from 188.5 MB to 188.5 MB.
Total: 45.028000 ms (FindLiveObjects: 2.161700 ms CreateObjectMapping: 0.767200 ms MarkObjects: 40.509800 ms  DeleteObjects: 1.587200 ms)

Prepare: number of updated asset objects reloaded= 0
AssetImportParameters requested are different than current active one (requested -> active):
  custom:scripting/monoscript/fileName/EcsPoolBase.cs: 31ac56193ae6d54339748acda32ec94d -> 13578c1186811575128a81ef58458158
  custom:container-demuxer-ogg: 62fdf1f143b41e24485cea50d1cbac27 -> 
  custom:scripting/monoscript/fileName/EcsWorld.cs: 22c9529b696807804c45b49aecb240e4 -> b5398d9e0d6d44b0656dfb9e069bdcb7
  custom:scripting/monoscript/fileName/EcsRunner.cs: 888da8f511430c4063b6409b3d58672b -> 71d2a3bda53ca5b6050345a489bc2623
  custom:scripting/monoscript/fileName/Injector.cs: 497aaabc2940aa3aa01d252fd8a0c47b -> 1c175fcff5ec2c8fc7a965114f3f7d7d
  custom:scripting/monoscript/fileName/EcsWorld.cache.cs: 6b1449c23a40962b50a2e08eb04ae9e6 -> 6f387c7e66db371630ef2a0a5fc22850
  custom:scripting/monoscript/fileName/InjectionBranch.cs: 4279a377faef040bb62fb4a633533f04 -> 7d84b04d553f6e4071360c20ba45080a
  custom:video-decoder-ogg-theora: a1e56fd34408186e4bbccfd4996cb3dc -> 
  custom:scripting/monoscript/fileName/EcsAspect.cs: 379ac680ffd19ab4b9f61502a7a6eff8 -> 226bdda0feb135d8ad2f56ec6d899a1d
  custom:framework-win-MediaFoundation: 216162199b28c13a410421893ffa2e32 -> 
  custom:scripting/monoscript/fileName/entlong.cs: fb737a2ecf18e5cd642c1cb50dfe46b8 -> de9b060f0b3358bb6a05d89bc42f0791
  custom:scripting/monoscript/fileName/MetaTagsAttribute.cs: f816c95d973588aac5587e0cf7b12543 -> 48654cba762b6d27f4b1d46fcf914471
  custom:scripting/monoscript/fileName/GameFieldGeneratedPlaneAlgorithmMarker.cs: 505be8ba7cc43f00ae1cc5b5ce71b559 -> 
  custom:scripting/monoscript/fileName/MetaGroupAttribute.cs: f6b3a56866565312640e6eda2030408e -> 41562d763411caf327dc60de94f75855
  custom:scripting/monoscript/fileName/BitsUtility.cs: 9d0da9e734b986fb4c879c4d944d8b14 -> c92cf35016096013ce0c38bf263e4405
  custom:CustomObjectIndexerAttribute: 9a22284fe3817be447336de3de66b15e -> 
  custom:scripting/monoscript/fileName/EcsWhereToGroupExecutor.cs: 8f6297df34271fdb1ce2d9607ec6261d -> 90647cc400823b41df847a6cbfc29026
  custom:scripting/monoscript/fileName/AnimalCreationChainStrategySystem.cs: ecbd11dd0c336ecf9f8575e3e4d3ece0 -> c0e686f4717d71e12954b8f0f3a26a06
  custom:scripting/monoscript/fileName/EcsWorld.pools.cs: 47beb563def6082bb4ad79bf75bb6a66 -> 2c8c92e9dae1546ac82eb30ddc32f89b
  custom:container-demuxer-webm: 4f35f7cbe854078d1ac9338744f61a02 -> 
  custom:scripting/monoscript/fileName/EcsTagPool.cs: d63c9283c9f0dc9a65cfcb4d6f3f406e -> 292012435f767377dfa5c5d9463011fc
  custom:scripting/monoscript/fileName/Queries.cs: 7ec416f24bbc2b3f63ed5485791e3250 -> 58afa85ab125f099ef201a63b191b316
  custom:scripting/monoscript/fileName/ArrayUtility.cs: b8c011a6edd79b211f0955ed46d60df1 -> 7ba2d4a9c78178d723b9d885f5f1af2e
  custom:scripting/monoscript/fileName/ITemplateNode.cs: cd6fd998d6867619a5c48da87fcf5a14 -> f5da816ed0ca7c34ef03789101f9d2a7
  custom:scripting/monoscript/fileName/PurchaseAnimalTag.cs: 8f794ad5afbe806dfef508ff0dc3725b -> 
  custom:scripting/monoscript/fileName/MetaDescriptionAttribute.cs: e311fd002cc0dc6e7dfd746e1f56fa4d -> db593401a601951b4b3fe210d2e6ac30
  custom:scripting/monoscript/fileName/EcsQueryExecutor.cs: cb7218d8ec00ef6dcd4958fea7556d82 -> 92321aad84d8490e6222233ad957067f
  custom:scripting/monoscript/fileName/IEcsTypeMetaProvider.cs: e76830a8fd8170d850ac464a370b8916 -> 03184fa6c59932ed538cbd8addf6fe48
  custom:scripting/monoscript/fileName/DataInterfaces.cs: 40735d631d366c73ff47fb097c329025 -> 4a32470493a767702519176ca1433fe7
  custom:scripting/monoscript/fileName/MetaColorAttribute.cs: 8a7fbcfd4a3ecc0628d8afb69765dc7d -> b291fc4e51b18e37e62b8c2cd9aedc86
  custom:scripting/monoscript/fileName/EcsDebugUtility.cs: 2be076fcf1f1c707a9eaee7da01b5c57 -> e6bcd67ac51126e8c5afedefba8d71da
  custom:scripting/monoscript/fileName/Consts.cs: 6eb20adfff3eee69e75faf4b73a2ddd6 -> a82fb62194155ef6154e1bce01fd9ff8
  custom:container-muxer-webm: aa71ff27fc2769a1b78a27578f13a17b -> 
  custom:video-decoder-webm-vp8: 9c59270c3fd7afecdb556c50c9e8de78 -> 
  custom:scripting/monoscript/fileName/EcsMask.cs: c7032164440c4d6e79eaef7871e350a0 -> 71a9ebdefefd85f00a63f4791a1ea3d1
  custom:scripting/monoscript/fileName/EcsTypeCode.cs: 10f78a56829fa79a2c926bb06b832e7c -> 51c186a230106c5e5caae5f4debb522f
  custom:SearchIndexIgnoredProperties: e643bd26f0fe6173181afceb89e7c659 -> 
  custom:AudioImporter_EditorPlatform: d09bf68614088b80899f8185d706f6e7 -> 
  custom:scripting/monoscript/fileName/EcsMetaAttribute.cs: 4681b49ca5ea899cb64dfc809ca3a8ea -> fd3ea90bde2894a0f0de9ba2a9ee1175
  custom:scripting/monoscript/fileName/ReflectionUtility.cs: 058ada316ffb2af4349828c12d73f05f -> 12b2c0079659a56c89e37a6035957749
  custom:scripting/monoscript/fileName/SparseArray.cs: e0a51e584485b56d9971a06b4f70ecb4 -> a53f96815da50de15010b1c479bc70cf
  custom:scripting/monoscript/fileName/MetaNameAttribute.cs: b18e144d46cb3e237061620a54a5c5b3 -> 5e226a78b91fbab58bf42b88813abd57
  custom:scripting/monoscript/fileName/Worlds.cs: 2095c64d03c345b28301088b270fc226 -> a519624c388a13e47405c0a2dabe03d9
  custom:scripting/monoscript/fileName/TypeMeta.cs: d699924ce717772f7c2cd77e38d71192 -> 24f705c5cf4437ab23e98a5be362a486
  custom:scripting/monoscript/fileName/BaseProcesses.cs: 80e3d614c7158c082908397fef1e317d -> 0a3575435ba216831ce2d6aa80f68677
  custom:scripting/monoscript/fileName/ArraySortHalperX.cs: 34c6ff9cf0aa0d720e612550af5c5d26 -> 849ed7f5b11c9db237ef61b01c5a5104
  custom:scripting/monoscript/fileName/IdDispenser.cs: bef711bcf3a1c70877f3acc0d83f608a -> 6b91817103880c6300d5bbc0a80dee89
  custom:scripting/monoscript/fileName/UncheckedCoreUtility.cs: aa37da10340101a351c8f424e4a43f12 -> 09fccf4854a9f3d55ae4968719f5f130
  custom:scripting/monoscript/fileName/EcsWhereExecutor.cs: 8f6297df34271fdb1ce2d9607ec6261d -> 90647cc400823b41df847a6cbfc29026
  custom:scripting/monoscript/fileName/Exceptions.cs: e7350dd3f4b1c79c9fcc1da058ddd1dd -> 5a99b6c5dbdfe99f70e6110b9053674e
  custom:scripting/monoscript/fileName/EcsPipeline.cs: 20e3b45874106257d644cc4ae0f33185 -> 36e23495764e4bec4ffd55587fa9bce0
  custom:scripting/monoscript/fileName/Interfaces.cs: 681918feb06dbc142788871f8a6610d3 -> fc983f43e88a1e2383a87bd1535543fc
  custom:scripting/monoscript/fileName/UnsafeArray.cs: 34c6ff9cf0aa0d720e612550af5c5d26 -> 849ed7f5b11c9db237ef61b01c5a5104
  custom:video-encoder-webm-vp8: eb34c28f22e8b96e1ab97ce403110664 -> 
  custom:audio-decoder-ogg-vorbis: bf7c407c2cedff20999df2af8eb42d56 -> 
  custom:scripting/monoscript/fileName/Aspects.cs: 1bb7690008a48009fa7704e7d80ce115 -> 5d6713079a073ac4c50170617f2cbbdd
  custom:scripting/monoscript/fileName/EcsGroup.cs: d28e68a8e3335e3ff75090b24d219185 -> 07228ccef216f15bc3f56e47b32f26f0
  custom:scripting/monoscript/fileName/InjectionNode.cs: a7d92609dd9cfc813f9dccdefcda74cf -> 7d6c6f255293ac7ab881de6eb1e69df7
  custom:audio-encoder-webm-vorbis: bf7c407c2cedff20999df2af8eb42d56 -> 
  custom:scripting/monoscript/fileName/EcsDebug.cs: ad23832bbeaf496a3eba629cd3080a70 -> 8eea15508cf5695757b725dea1725cc6
  custom:scripting/monoscript/fileName/EcsWorld.static.cs: f85c16838859d07970713c1de49a3eef -> ee995408255e09566032e690e1f3317f
  custom:scripting/monoscript/fileName/EcsSpan.cs: 15f074769c3fa58382bc0456b3014117 -> 5396e8906f65d637e3c12326ff4a7ea8
  custom:scripting/monoscript/fileName/IConfigContainer.cs: ee47ea4eb3954f388b1065d58a23985a -> 30fa438da5de3948b7e37a4c6c6e4b4f
  custom:scripting/monoscript/fileName/EcsPipelineExtensions.cs: 597578e060d6d93abc2e740705b386d0 -> 1fbf402bff11f45c5350e88723859228
  custom:scripting/monoscript/fileName/EcsPool.cs: 40748e41624ef0b0c2cadcd56b76135d -> a404ad22ede0b7d8f576df1bedbf538c
  custom:scripting/precompiled-assembly-types:Assembly-CSharp: 8435028061c095cf214df896a177a378 -> fe1f0beb764a7a3c5a0667557268a853
  custom:scripting/monoscript/fileName/GameFieldGeneratedPlaneAlgorithmAudioConfig.cs: dd76a1cfcc30cf141d185d00260c3c11 -> 
========================================================================
Received Prepare
Caller must complete domain reload
Begin MonoManager ReloadAssembly
- Loaded All Assemblies, in  2.842 seconds
Native extension for WindowsStandalone target not found
Native extension for Android target not found
Native extension for WebGL target not found
[Package Manager] Server::EnsureServerProcessIsRunning -- launch failed, reason: Unity was launched with the -noUpm command-line argument
[Package Manager] UpmClient::Send -- Unable to send message (not connected to UPM process).
[Package Manager] Cannot connect to Unity Package Manager local server
Mono: successfully reloaded assembly
[Package Manager] Server::EnsureServerProcessIsRunning -- launch failed, reason: Unity was launched with the -noUpm command-line argument
[Package Manager] UpmClient::Send -- Unable to send message (not connected to UPM process).
[Package Manager] Cannot connect to Unity Package Manager local server
- Finished resetting the current domain, in  1.987 seconds
Domain Reload Profiling: 4835ms
	BeginReloadAssembly (997ms)
		ExecutionOrderSort (0ms)
		DisableScriptedObjects (43ms)
		BackupInstance (0ms)
		ReleaseScriptingObjects (2ms)
		CreateAndSetChildDomain (445ms)
	RebuildCommonClasses (35ms)
	RebuildNativeTypeToScriptingClass (10ms)
	initialDomainReloadingComplete (56ms)
	LoadAllAssembliesAndSetupDomain (1749ms)
		LoadAssemblies (1863ms)
		RebuildTransferFunctionScriptingTraits (0ms)
		AnalyzeDomain (118ms)
			TypeCache.Refresh (61ms)
				TypeCache.ScanAssembly (8ms)
			ScanForSourceGeneratedMonoScriptInfo (31ms)
			ResolveRequiredComponents (24ms)
	FinalizeReload (1988ms)
		ReleaseScriptCaches (0ms)
		RebuildScriptCaches (0ms)
		SetupLoadedEditorAssemblies (1016ms)
			LogAssemblyErrors (0ms)
			InitializePlatformSupportModulesInManaged (57ms)
			SetLoadedEditorAssemblies (4ms)
			RefreshPlugins (0ms)
			BeforeProcessingInitializeOnLoad (86ms)
			ProcessInitializeOnLoadAttributes (497ms)
			ProcessInitializeOnLoadMethodAttributes (367ms)
			AfterProcessingInitializeOnLoad (3ms)
			EditorAssembliesLoaded (1ms)
		ExecutionOrderSort2 (0ms)
		AwakeInstancesAfterBackupRestoration (5ms)
Refreshing native plugins compatible for Editor in 17.44 ms, found 3 plugins.
Preloading 0 native plugins for Editor in 0.00 ms.
Unloading 4335 Unused Serialized files (Serialized files now loaded: 0)
Unloading 31 unused Assets / (66.1 KB). Loaded Objects now: 5079.
Memory consumption went from 188.5 MB to 188.5 MB.
Total: 41.337000 ms (FindLiveObjects: 1.185400 ms CreateObjectMapping: 0.158700 ms MarkObjects: 39.004100 ms  DeleteObjects: 0.987300 ms)

Prepare: number of updated asset objects reloaded= 0
AssetImportParameters requested are different than current active one (requested -> active):
  custom:scripting/monoscript/fileName/EcsPoolBase.cs: 31ac56193ae6d54339748acda32ec94d -> 13578c1186811575128a81ef58458158
  custom:container-demuxer-ogg: 62fdf1f143b41e24485cea50d1cbac27 -> 
  custom:scripting/monoscript/fileName/EcsWorld.cs: 22c9529b696807804c45b49aecb240e4 -> b5398d9e0d6d44b0656dfb9e069bdcb7
  custom:scripting/monoscript/fileName/EcsRunner.cs: 888da8f511430c4063b6409b3d58672b -> 71d2a3bda53ca5b6050345a489bc2623
  custom:scripting/monoscript/fileName/Injector.cs: 497aaabc2940aa3aa01d252fd8a0c47b -> 1c175fcff5ec2c8fc7a965114f3f7d7d
  custom:scripting/monoscript/fileName/EcsWorld.cache.cs: 6b1449c23a40962b50a2e08eb04ae9e6 -> 6f387c7e66db371630ef2a0a5fc22850
  custom:scripting/monoscript/fileName/InjectionBranch.cs: 4279a377faef040bb62fb4a633533f04 -> 7d84b04d553f6e4071360c20ba45080a
  custom:video-decoder-ogg-theora: a1e56fd34408186e4bbccfd4996cb3dc -> 
  custom:scripting/monoscript/fileName/EcsAspect.cs: 379ac680ffd19ab4b9f61502a7a6eff8 -> 226bdda0feb135d8ad2f56ec6d899a1d
  custom:framework-win-MediaFoundation: 216162199b28c13a410421893ffa2e32 -> 
  custom:scripting/monoscript/fileName/entlong.cs: fb737a2ecf18e5cd642c1cb50dfe46b8 -> de9b060f0b3358bb6a05d89bc42f0791
  custom:scripting/monoscript/fileName/MetaTagsAttribute.cs: f816c95d973588aac5587e0cf7b12543 -> 48654cba762b6d27f4b1d46fcf914471
  custom:scripting/monoscript/fileName/GameFieldGeneratedPlaneAlgorithmMarker.cs: 505be8ba7cc43f00ae1cc5b5ce71b559 -> 
  custom:scripting/monoscript/fileName/MetaGroupAttribute.cs: f6b3a56866565312640e6eda2030408e -> 41562d763411caf327dc60de94f75855
  custom:scripting/monoscript/fileName/BitsUtility.cs: 9d0da9e734b986fb4c879c4d944d8b14 -> c92cf35016096013ce0c38bf263e4405
  custom:CustomObjectIndexerAttribute: 9a22284fe3817be447336de3de66b15e -> 
  custom:scripting/monoscript/fileName/EcsWhereToGroupExecutor.cs: 8f6297df34271fdb1ce2d9607ec6261d -> 90647cc400823b41df847a6cbfc29026
  custom:scripting/monoscript/fileName/AnimalCreationChainStrategySystem.cs: ecbd11dd0c336ecf9f8575e3e4d3ece0 -> c0e686f4717d71e12954b8f0f3a26a06
  custom:scripting/monoscript/fileName/EcsWorld.pools.cs: 47beb563def6082bb4ad79bf75bb6a66 -> 2c8c92e9dae1546ac82eb30ddc32f89b
  custom:container-demuxer-webm: 4f35f7cbe854078d1ac9338744f61a02 -> 
  custom:scripting/monoscript/fileName/EcsTagPool.cs: d63c9283c9f0dc9a65cfcb4d6f3f406e -> 292012435f767377dfa5c5d9463011fc
  custom:scripting/monoscript/fileName/Queries.cs: 7ec416f24bbc2b3f63ed5485791e3250 -> 58afa85ab125f099ef201a63b191b316
  custom:scripting/monoscript/fileName/ArrayUtility.cs: b8c011a6edd79b211f0955ed46d60df1 -> 7ba2d4a9c78178d723b9d885f5f1af2e
  custom:scripting/monoscript/fileName/ITemplateNode.cs: cd6fd998d6867619a5c48da87fcf5a14 -> f5da816ed0ca7c34ef03789101f9d2a7
  custom:scripting/monoscript/fileName/PurchaseAnimalTag.cs: 8f794ad5afbe806dfef508ff0dc3725b -> 
  custom:scripting/monoscript/fileName/MetaDescriptionAttribute.cs: e311fd002cc0dc6e7dfd746e1f56fa4d -> db593401a601951b4b3fe210d2e6ac30
  custom:scripting/monoscript/fileName/EcsQueryExecutor.cs: cb7218d8ec00ef6dcd4958fea7556d82 -> 92321aad84d8490e6222233ad957067f
  custom:scripting/monoscript/fileName/IEcsTypeMetaProvider.cs: e76830a8fd8170d850ac464a370b8916 -> 03184fa6c59932ed538cbd8addf6fe48
  custom:scripting/monoscript/fileName/DataInterfaces.cs: 40735d631d366c73ff47fb097c329025 -> 4a32470493a767702519176ca1433fe7
  custom:scripting/monoscript/fileName/MetaColorAttribute.cs: 8a7fbcfd4a3ecc0628d8afb69765dc7d -> b291fc4e51b18e37e62b8c2cd9aedc86
  custom:scripting/monoscript/fileName/EcsDebugUtility.cs: 2be076fcf1f1c707a9eaee7da01b5c57 -> e6bcd67ac51126e8c5afedefba8d71da
  custom:scripting/monoscript/fileName/Consts.cs: 6eb20adfff3eee69e75faf4b73a2ddd6 -> a82fb62194155ef6154e1bce01fd9ff8
  custom:container-muxer-webm: aa71ff27fc2769a1b78a27578f13a17b -> 
  custom:video-decoder-webm-vp8: 9c59270c3fd7afecdb556c50c9e8de78 -> 
  custom:scripting/monoscript/fileName/EcsMask.cs: c7032164440c4d6e79eaef7871e350a0 -> 71a9ebdefefd85f00a63f4791a1ea3d1
  custom:scripting/monoscript/fileName/EcsTypeCode.cs: 10f78a56829fa79a2c926bb06b832e7c -> 51c186a230106c5e5caae5f4debb522f
  custom:SearchIndexIgnoredProperties: e643bd26f0fe6173181afceb89e7c659 -> 
  custom:AudioImporter_EditorPlatform: d09bf68614088b80899f8185d706f6e7 -> 
  custom:scripting/monoscript/fileName/EcsMetaAttribute.cs: 4681b49ca5ea899cb64dfc809ca3a8ea -> fd3ea90bde2894a0f0de9ba2a9ee1175
  custom:scripting/monoscript/fileName/ReflectionUtility.cs: 058ada316ffb2af4349828c12d73f05f -> 12b2c0079659a56c89e37a6035957749
  custom:scripting/monoscript/fileName/SparseArray.cs: e0a51e584485b56d9971a06b4f70ecb4 -> a53f96815da50de15010b1c479bc70cf
  custom:scripting/monoscript/fileName/MetaNameAttribute.cs: b18e144d46cb3e237061620a54a5c5b3 -> 5e226a78b91fbab58bf42b88813abd57
  custom:scripting/monoscript/fileName/Worlds.cs: 2095c64d03c345b28301088b270fc226 -> a519624c388a13e47405c0a2dabe03d9
  custom:scripting/monoscript/fileName/TypeMeta.cs: d699924ce717772f7c2cd77e38d71192 -> 24f705c5cf4437ab23e98a5be362a486
  custom:scripting/monoscript/fileName/BaseProcesses.cs: 80e3d614c7158c082908397fef1e317d -> 0a3575435ba216831ce2d6aa80f68677
  custom:scripting/monoscript/fileName/ArraySortHalperX.cs: 34c6ff9cf0aa0d720e612550af5c5d26 -> 849ed7f5b11c9db237ef61b01c5a5104
  custom:scripting/monoscript/fileName/IdDispenser.cs: bef711bcf3a1c70877f3acc0d83f608a -> 6b91817103880c6300d5bbc0a80dee89
  custom:scripting/monoscript/fileName/UncheckedCoreUtility.cs: aa37da10340101a351c8f424e4a43f12 -> 09fccf4854a9f3d55ae4968719f5f130
  custom:scripting/monoscript/fileName/EcsWhereExecutor.cs: 8f6297df34271fdb1ce2d9607ec6261d -> 90647cc400823b41df847a6cbfc29026
  custom:scripting/monoscript/fileName/Exceptions.cs: e7350dd3f4b1c79c9fcc1da058ddd1dd -> 5a99b6c5dbdfe99f70e6110b9053674e
  custom:scripting/monoscript/fileName/EcsPipeline.cs: 20e3b45874106257d644cc4ae0f33185 -> 36e23495764e4bec4ffd55587fa9bce0
  custom:scripting/monoscript/fileName/Interfaces.cs: 681918feb06dbc142788871f8a6610d3 -> fc983f43e88a1e2383a87bd1535543fc
  custom:scripting/monoscript/fileName/UnsafeArray.cs: 34c6ff9cf0aa0d720e612550af5c5d26 -> 849ed7f5b11c9db237ef61b01c5a5104
  custom:video-encoder-webm-vp8: eb34c28f22e8b96e1ab97ce403110664 -> 
  custom:audio-decoder-ogg-vorbis: bf7c407c2cedff20999df2af8eb42d56 -> 
  custom:scripting/monoscript/fileName/Aspects.cs: 1bb7690008a48009fa7704e7d80ce115 -> 5d6713079a073ac4c50170617f2cbbdd
  custom:scripting/monoscript/fileName/EcsGroup.cs: d28e68a8e3335e3ff75090b24d219185 -> 07228ccef216f15bc3f56e47b32f26f0
  custom:scripting/monoscript/fileName/InjectionNode.cs: a7d92609dd9cfc813f9dccdefcda74cf -> 7d6c6f255293ac7ab881de6eb1e69df7
  custom:audio-encoder-webm-vorbis: bf7c407c2cedff20999df2af8eb42d56 -> 
  custom:scripting/monoscript/fileName/EcsDebug.cs: ad23832bbeaf496a3eba629cd3080a70 -> 8eea15508cf5695757b725dea1725cc6
  custom:scripting/monoscript/fileName/EcsWorld.static.cs: f85c16838859d07970713c1de49a3eef -> ee995408255e09566032e690e1f3317f
  custom:scripting/monoscript/fileName/EcsSpan.cs: 15f074769c3fa58382bc0456b3014117 -> 5396e8906f65d637e3c12326ff4a7ea8
  custom:scripting/monoscript/fileName/IConfigContainer.cs: ee47ea4eb3954f388b1065d58a23985a -> 30fa438da5de3948b7e37a4c6c6e4b4f
  custom:scripting/monoscript/fileName/EcsPipelineExtensions.cs: 597578e060d6d93abc2e740705b386d0 -> 1fbf402bff11f45c5350e88723859228
  custom:scripting/monoscript/fileName/EcsPool.cs: 40748e41624ef0b0c2cadcd56b76135d -> a404ad22ede0b7d8f576df1bedbf538c
  custom:scripting/precompiled-assembly-types:Assembly-CSharp: 8435028061c095cf214df896a177a378 -> fe1f0beb764a7a3c5a0667557268a853
  custom:scripting/monoscript/fileName/GameFieldGeneratedPlaneAlgorithmAudioConfig.cs: dd76a1cfcc30cf141d185d00260c3c11 -> 
========================================================================
Received Prepare
Caller must complete domain reload
Begin MonoManager ReloadAssembly
- Loaded All Assemblies, in  1.960 seconds
Native extension for WindowsStandalone target not found
Native extension for Android target not found
Native extension for WebGL target not found
[Package Manager] Server::EnsureServerProcessIsRunning -- launch failed, reason: Unity was launched with the -noUpm command-line argument
[Package Manager] UpmClient::Send -- Unable to send message (not connected to UPM process).
[Package Manager] Cannot connect to Unity Package Manager local server
Mono: successfully reloaded assembly
[Package Manager] Server::EnsureServerProcessIsRunning -- launch failed, reason: Unity was launched with the -noUpm command-line argument
[Package Manager] UpmClient::Send -- Unable to send message (not connected to UPM process).
[Package Manager] Cannot connect to Unity Package Manager local server
- Finished resetting the current domain, in  1.796 seconds
Domain Reload Profiling: 3758ms
	BeginReloadAssembly (270ms)
		ExecutionOrderSort (0ms)
		DisableScriptedObjects (7ms)
		BackupInstance (0ms)
		ReleaseScriptingObjects (1ms)
		CreateAndSetChildDomain (103ms)
	RebuildCommonClasses (31ms)
	RebuildNativeTypeToScriptingClass (14ms)
	initialDomainReloadingComplete (38ms)
	LoadAllAssembliesAndSetupDomain (1608ms)
		LoadAssemblies (1615ms)
		RebuildTransferFunctionScriptingTraits (0ms)
		AnalyzeDomain (113ms)
			TypeCache.Refresh (49ms)
				TypeCache.ScanAssembly (8ms)
			ScanForSourceGeneratedMonoScriptInfo (36ms)
			ResolveRequiredComponents (26ms)
	FinalizeReload (1797ms)
		ReleaseScriptCaches (0ms)
		RebuildScriptCaches (0ms)
		SetupLoadedEditorAssemblies (906ms)
			LogAssemblyErrors (0ms)
			InitializePlatformSupportModulesInManaged (55ms)
			SetLoadedEditorAssemblies (6ms)
			RefreshPlugins (0ms)
			BeforeProcessingInitializeOnLoad (77ms)
			ProcessInitializeOnLoadAttributes (437ms)
			ProcessInitializeOnLoadMethodAttributes (321ms)
			AfterProcessingInitializeOnLoad (5ms)
			EditorAssembliesLoaded (4ms)
		ExecutionOrderSort2 (0ms)
		AwakeInstancesAfterBackupRestoration (9ms)
Refreshing native plugins compatible for Editor in 12.39 ms, found 3 plugins.
Preloading 0 native plugins for Editor in 0.00 ms.
Unloading 4335 Unused Serialized files (Serialized files now loaded: 0)
Unloading 31 unused Assets / (66.2 KB). Loaded Objects now: 5082.
Memory consumption went from 190.5 MB to 190.4 MB.
Total: 18.564700 ms (FindLiveObjects: 1.297800 ms CreateObjectMapping: 0.335800 ms MarkObjects: 16.634600 ms  DeleteObjects: 0.294300 ms)

Prepare: number of updated asset objects reloaded= 0
AssetImportParameters requested are different than current active one (requested -> active):
  custom:scripting/monoscript/fileName/EcsPoolBase.cs: 31ac56193ae6d54339748acda32ec94d -> 13578c1186811575128a81ef58458158
  custom:container-demuxer-ogg: 62fdf1f143b41e24485cea50d1cbac27 -> 
  custom:scripting/monoscript/fileName/EcsWorld.cs: 22c9529b696807804c45b49aecb240e4 -> b5398d9e0d6d44b0656dfb9e069bdcb7
  custom:scripting/monoscript/fileName/EcsRunner.cs: 888da8f511430c4063b6409b3d58672b -> 71d2a3bda53ca5b6050345a489bc2623
  custom:scripting/monoscript/fileName/Injector.cs: 497aaabc2940aa3aa01d252fd8a0c47b -> 1c175fcff5ec2c8fc7a965114f3f7d7d
  custom:scripting/monoscript/fileName/EcsWorld.cache.cs: 6b1449c23a40962b50a2e08eb04ae9e6 -> 6f387c7e66db371630ef2a0a5fc22850
  custom:scripting/monoscript/fileName/InjectionBranch.cs: 4279a377faef040bb62fb4a633533f04 -> 7d84b04d553f6e4071360c20ba45080a
  custom:video-decoder-ogg-theora: a1e56fd34408186e4bbccfd4996cb3dc -> 
  custom:scripting/monoscript/fileName/EcsAspect.cs: 379ac680ffd19ab4b9f61502a7a6eff8 -> 226bdda0feb135d8ad2f56ec6d899a1d
  custom:framework-win-MediaFoundation: 216162199b28c13a410421893ffa2e32 -> 
  custom:scripting/monoscript/fileName/entlong.cs: fb737a2ecf18e5cd642c1cb50dfe46b8 -> de9b060f0b3358bb6a05d89bc42f0791
  custom:scripting/monoscript/fileName/MetaTagsAttribute.cs: f816c95d973588aac5587e0cf7b12543 -> 48654cba762b6d27f4b1d46fcf914471
  custom:scripting/monoscript/fileName/GameFieldGeneratedPlaneAlgorithmMarker.cs: 505be8ba7cc43f00ae1cc5b5ce71b559 -> 
  custom:scripting/monoscript/fileName/MetaGroupAttribute.cs: f6b3a56866565312640e6eda2030408e -> 41562d763411caf327dc60de94f75855
  custom:scripting/monoscript/fileName/BitsUtility.cs: 9d0da9e734b986fb4c879c4d944d8b14 -> c92cf35016096013ce0c38bf263e4405
  custom:CustomObjectIndexerAttribute: 9a22284fe3817be447336de3de66b15e -> 
  custom:scripting/monoscript/fileName/EcsWhereToGroupExecutor.cs: 8f6297df34271fdb1ce2d9607ec6261d -> 90647cc400823b41df847a6cbfc29026
  custom:scripting/monoscript/fileName/AnimalCreationChainStrategySystem.cs: ecbd11dd0c336ecf9f8575e3e4d3ece0 -> c0e686f4717d71e12954b8f0f3a26a06
  custom:scripting/monoscript/fileName/EcsWorld.pools.cs: 47beb563def6082bb4ad79bf75bb6a66 -> 2c8c92e9dae1546ac82eb30ddc32f89b
  custom:container-demuxer-webm: 4f35f7cbe854078d1ac9338744f61a02 -> 
  custom:scripting/monoscript/fileName/EcsTagPool.cs: d63c9283c9f0dc9a65cfcb4d6f3f406e -> 292012435f767377dfa5c5d9463011fc
  custom:scripting/monoscript/fileName/Queries.cs: 7ec416f24bbc2b3f63ed5485791e3250 -> 58afa85ab125f099ef201a63b191b316
  custom:scripting/monoscript/fileName/ArrayUtility.cs: b8c011a6edd79b211f0955ed46d60df1 -> 7ba2d4a9c78178d723b9d885f5f1af2e
  custom:scripting/monoscript/fileName/ITemplateNode.cs: cd6fd998d6867619a5c48da87fcf5a14 -> f5da816ed0ca7c34ef03789101f9d2a7
  custom:scripting/monoscript/fileName/PurchaseAnimalTag.cs: 8f794ad5afbe806dfef508ff0dc3725b -> 
  custom:scripting/monoscript/fileName/MetaDescriptionAttribute.cs: e311fd002cc0dc6e7dfd746e1f56fa4d -> db593401a601951b4b3fe210d2e6ac30
  custom:scripting/monoscript/fileName/EcsQueryExecutor.cs: cb7218d8ec00ef6dcd4958fea7556d82 -> 92321aad84d8490e6222233ad957067f
  custom:scripting/monoscript/fileName/IEcsTypeMetaProvider.cs: e76830a8fd8170d850ac464a370b8916 -> 03184fa6c59932ed538cbd8addf6fe48
  custom:scripting/monoscript/fileName/DataInterfaces.cs: 40735d631d366c73ff47fb097c329025 -> 4a32470493a767702519176ca1433fe7
  custom:scripting/monoscript/fileName/MetaColorAttribute.cs: 8a7fbcfd4a3ecc0628d8afb69765dc7d -> b291fc4e51b18e37e62b8c2cd9aedc86
  custom:scripting/monoscript/fileName/EcsDebugUtility.cs: 2be076fcf1f1c707a9eaee7da01b5c57 -> e6bcd67ac51126e8c5afedefba8d71da
  custom:scripting/monoscript/fileName/Consts.cs: 6eb20adfff3eee69e75faf4b73a2ddd6 -> a82fb62194155ef6154e1bce01fd9ff8
  custom:container-muxer-webm: aa71ff27fc2769a1b78a27578f13a17b -> 
  custom:video-decoder-webm-vp8: 9c59270c3fd7afecdb556c50c9e8de78 -> 
  custom:scripting/monoscript/fileName/EcsMask.cs: c7032164440c4d6e79eaef7871e350a0 -> 71a9ebdefefd85f00a63f4791a1ea3d1
  custom:scripting/monoscript/fileName/EcsTypeCode.cs: 10f78a56829fa79a2c926bb06b832e7c -> 51c186a230106c5e5caae5f4debb522f
  custom:SearchIndexIgnoredProperties: e643bd26f0fe6173181afceb89e7c659 -> 
  custom:AudioImporter_EditorPlatform: d09bf68614088b80899f8185d706f6e7 -> 
  custom:scripting/monoscript/fileName/EcsMetaAttribute.cs: 4681b49ca5ea899cb64dfc809ca3a8ea -> fd3ea90bde2894a0f0de9ba2a9ee1175
  custom:scripting/monoscript/fileName/ReflectionUtility.cs: 058ada316ffb2af4349828c12d73f05f -> 12b2c0079659a56c89e37a6035957749
  custom:scripting/monoscript/fileName/SparseArray.cs: e0a51e584485b56d9971a06b4f70ecb4 -> a53f96815da50de15010b1c479bc70cf
  custom:scripting/monoscript/fileName/MetaNameAttribute.cs: b18e144d46cb3e237061620a54a5c5b3 -> 5e226a78b91fbab58bf42b88813abd57
  custom:scripting/monoscript/fileName/Worlds.cs: 2095c64d03c345b28301088b270fc226 -> a519624c388a13e47405c0a2dabe03d9
  custom:scripting/monoscript/fileName/TypeMeta.cs: d699924ce717772f7c2cd77e38d71192 -> 24f705c5cf4437ab23e98a5be362a486
  custom:scripting/monoscript/fileName/BaseProcesses.cs: 80e3d614c7158c082908397fef1e317d -> 0a3575435ba216831ce2d6aa80f68677
  custom:scripting/monoscript/fileName/ArraySortHalperX.cs: 34c6ff9cf0aa0d720e612550af5c5d26 -> 849ed7f5b11c9db237ef61b01c5a5104
  custom:scripting/monoscript/fileName/IdDispenser.cs: bef711bcf3a1c70877f3acc0d83f608a -> 6b91817103880c6300d5bbc0a80dee89
  custom:scripting/monoscript/fileName/UncheckedCoreUtility.cs: aa37da10340101a351c8f424e4a43f12 -> 09fccf4854a9f3d55ae4968719f5f130
  custom:scripting/monoscript/fileName/EcsWhereExecutor.cs: 8f6297df34271fdb1ce2d9607ec6261d -> 90647cc400823b41df847a6cbfc29026
  custom:scripting/monoscript/fileName/Exceptions.cs: e7350dd3f4b1c79c9fcc1da058ddd1dd -> 5a99b6c5dbdfe99f70e6110b9053674e
  custom:scripting/monoscript/fileName/EcsPipeline.cs: 20e3b45874106257d644cc4ae0f33185 -> 36e23495764e4bec4ffd55587fa9bce0
  custom:scripting/monoscript/fileName/Interfaces.cs: 681918feb06dbc142788871f8a6610d3 -> fc983f43e88a1e2383a87bd1535543fc
  custom:scripting/monoscript/fileName/UnsafeArray.cs: 34c6ff9cf0aa0d720e612550af5c5d26 -> 849ed7f5b11c9db237ef61b01c5a5104
  custom:video-encoder-webm-vp8: eb34c28f22e8b96e1ab97ce403110664 -> 
  custom:audio-decoder-ogg-vorbis: bf7c407c2cedff20999df2af8eb42d56 -> 
  custom:scripting/monoscript/fileName/Aspects.cs: 1bb7690008a48009fa7704e7d80ce115 -> 5d6713079a073ac4c50170617f2cbbdd
  custom:scripting/monoscript/fileName/EcsGroup.cs: d28e68a8e3335e3ff75090b24d219185 -> 07228ccef216f15bc3f56e47b32f26f0
  custom:scripting/monoscript/fileName/InjectionNode.cs: a7d92609dd9cfc813f9dccdefcda74cf -> 7d6c6f255293ac7ab881de6eb1e69df7
  custom:audio-encoder-webm-vorbis: bf7c407c2cedff20999df2af8eb42d56 -> 
  custom:scripting/monoscript/fileName/EcsDebug.cs: ad23832bbeaf496a3eba629cd3080a70 -> 8eea15508cf5695757b725dea1725cc6
  custom:scripting/monoscript/fileName/EcsWorld.static.cs: f85c16838859d07970713c1de49a3eef -> ee995408255e09566032e690e1f3317f
  custom:scripting/monoscript/fileName/EcsSpan.cs: 15f074769c3fa58382bc0456b3014117 -> 5396e8906f65d637e3c12326ff4a7ea8
  custom:scripting/monoscript/fileName/IConfigContainer.cs: ee47ea4eb3954f388b1065d58a23985a -> 30fa438da5de3948b7e37a4c6c6e4b4f
  custom:scripting/monoscript/fileName/EcsPipelineExtensions.cs: 597578e060d6d93abc2e740705b386d0 -> 1fbf402bff11f45c5350e88723859228
  custom:scripting/monoscript/fileName/EcsPool.cs: 40748e41624ef0b0c2cadcd56b76135d -> a404ad22ede0b7d8f576df1bedbf538c
  custom:scripting/precompiled-assembly-types:Assembly-CSharp: 8435028061c095cf214df896a177a378 -> fe1f0beb764a7a3c5a0667557268a853
  custom:scripting/monoscript/fileName/GameFieldGeneratedPlaneAlgorithmAudioConfig.cs: dd76a1cfcc30cf141d185d00260c3c11 -> 
========================================================================
Received Import Request.
  Time since last request: 8948.441641 seconds.
  path: Assets/_Project/GameScreen.prefab
  artifactKey: Guid(414af5587425f08428ab122766844dad) Importer(815301076,1909f56bfc062723c751e8b465ee728b)
Start importing Assets/_Project/GameScreen.prefab using Guid(414af5587425f08428ab122766844dad) Importer(815301076,1909f56bfc062723c751e8b465ee728b) [PhysX] Initialized MultithreadedTaskDispatcher with 12 workers.
 -> (artifact id: '078dfd61681a55639650e75445feb438') in 0.011422 seconds
Number of updated asset objects reloaded before import = 0
Number of asset objects unloaded after import = 0
========================================================================
Received Import Request.
  Time since last request: 96.873657 seconds.
  path: Assets/_Project/LowpollyGameAssets/Prefabs/Animals/Animal.prefab
  artifactKey: Guid(851b84b3d3622cd48a8df6387b7d22f6) Importer(815301076,1909f56bfc062723c751e8b465ee728b)
Start importing Assets/_Project/LowpollyGameAssets/Prefabs/Animals/Animal.prefab using Guid(851b84b3d3622cd48a8df6387b7d22f6) Importer(815301076,1909f56bfc062723c751e8b465ee728b) [PhysX] Initialized MultithreadedTaskDispatcher with 12 workers.
 -> (artifact id: '9de2ffafdd724070c1df9073319ee4f8') in 0.001682 seconds
Number of updated asset objects reloaded before import = 0
Number of asset objects unloaded after import = 0
========================================================================
Received Import Request.
  Time since last request: 9.197327 seconds.
  path: Assets/_Project/LowpollyGameAssets/Prefabs/Button.prefab
  artifactKey: Guid(261de00eb0358724ea491f0c065012bb) Importer(815301076,1909f56bfc062723c751e8b465ee728b)
Start importing Assets/_Project/LowpollyGameAssets/Prefabs/Button.prefab using Guid(261de00eb0358724ea491f0c065012bb) Importer(815301076,1909f56bfc062723c751e8b465ee728b) [PhysX] Initialized MultithreadedTaskDispatcher with 12 workers.
 -> (artifact id: '436fc5f4385a8793d7e13bef1c780d7c') in 0.004226 seconds
Number of updated asset objects reloaded before import = 0
Number of asset objects unloaded after import = 0
========================================================================
Received Prepare
Caller must complete domain reload
Begin MonoManager ReloadAssembly
- Loaded All Assemblies, in  2.604 seconds
Native extension for WindowsStandalone target not found
Native extension for Android target not found
Native extension for WebGL target not found
[Package Manager] Server::EnsureServerProcessIsRunning -- launch failed, reason: Unity was launched with the -noUpm command-line argument
[Package Manager] UpmClient::Send -- Unable to send message (not connected to UPM process).
[Package Manager] Cannot connect to Unity Package Manager local server
Mono: successfully reloaded assembly
[Package Manager] Server::EnsureServerProcessIsRunning -- launch failed, reason: Unity was launched with the -noUpm command-line argument
[Package Manager] UpmClient::Send -- Unable to send message (not connected to UPM process).
[Package Manager] Cannot connect to Unity Package Manager local server
- Finished resetting the current domain, in  2.500 seconds
Domain Reload Profiling: 5113ms
	BeginReloadAssembly (1075ms)
		ExecutionOrderSort (1ms)
		DisableScriptedObjects (40ms)
		BackupInstance (0ms)
		ReleaseScriptingObjects (1ms)
		CreateAndSetChildDomain (621ms)
	RebuildCommonClasses (34ms)
	RebuildNativeTypeToScriptingClass (10ms)
	initialDomainReloadingComplete (46ms)
	LoadAllAssembliesAndSetupDomain (1446ms)
		LoadAssemblies (1522ms)
		RebuildTransferFunctionScriptingTraits (0ms)
		AnalyzeDomain (158ms)
			TypeCache.Refresh (89ms)
				TypeCache.ScanAssembly (9ms)
			ScanForSourceGeneratedMonoScriptInfo (41ms)
			ResolveRequiredComponents (26ms)
	FinalizeReload (2501ms)
		ReleaseScriptCaches (0ms)
		RebuildScriptCaches (0ms)
		SetupLoadedEditorAssemblies (957ms)
			LogAssemblyErrors (0ms)
			InitializePlatformSupportModulesInManaged (54ms)
			SetLoadedEditorAssemblies (7ms)
			RefreshPlugins (0ms)
			BeforeProcessingInitializeOnLoad (112ms)
			ProcessInitializeOnLoadAttributes (463ms)
			ProcessInitializeOnLoadMethodAttributes (318ms)
			AfterProcessingInitializeOnLoad (2ms)
			EditorAssembliesLoaded (1ms)
		ExecutionOrderSort2 (0ms)
		AwakeInstancesAfterBackupRestoration (5ms)
Refreshing native plugins compatible for Editor in 12.18 ms, found 3 plugins.
Preloading 0 native plugins for Editor in 0.00 ms.
Unloading 4334 Unused Serialized files (Serialized files now loaded: 0)
Unloading 31 unused Assets / (66.1 KB). Loaded Objects now: 5085.
Memory consumption went from 190.2 MB to 190.1 MB.
Total: 24.462600 ms (FindLiveObjects: 0.550200 ms CreateObjectMapping: 0.453300 ms MarkObjects: 22.968200 ms  DeleteObjects: 0.489600 ms)

Prepare: number of updated asset objects reloaded= 0
AssetImportParameters requested are different than current active one (requested -> active):
  custom:scripting/monoscript/fileName/EcsPoolBase.cs: 31ac56193ae6d54339748acda32ec94d -> 13578c1186811575128a81ef58458158
  custom:container-demuxer-ogg: 62fdf1f143b41e24485cea50d1cbac27 -> 
  custom:scripting/monoscript/fileName/EcsWorld.cs: 22c9529b696807804c45b49aecb240e4 -> b5398d9e0d6d44b0656dfb9e069bdcb7
  custom:scripting/monoscript/fileName/EcsRunner.cs: 888da8f511430c4063b6409b3d58672b -> 71d2a3bda53ca5b6050345a489bc2623
  custom:scripting/monoscript/fileName/Injector.cs: 497aaabc2940aa3aa01d252fd8a0c47b -> 1c175fcff5ec2c8fc7a965114f3f7d7d
  custom:scripting/monoscript/fileName/EcsWorld.cache.cs: 6b1449c23a40962b50a2e08eb04ae9e6 -> 6f387c7e66db371630ef2a0a5fc22850
  custom:scripting/monoscript/fileName/InjectionBranch.cs: 4279a377faef040bb62fb4a633533f04 -> 7d84b04d553f6e4071360c20ba45080a
  custom:video-decoder-ogg-theora: a1e56fd34408186e4bbccfd4996cb3dc -> 
  custom:scripting/monoscript/fileName/EcsAspect.cs: 379ac680ffd19ab4b9f61502a7a6eff8 -> 226bdda0feb135d8ad2f56ec6d899a1d
  custom:framework-win-MediaFoundation: 216162199b28c13a410421893ffa2e32 -> 
  custom:scripting/monoscript/fileName/entlong.cs: fb737a2ecf18e5cd642c1cb50dfe46b8 -> de9b060f0b3358bb6a05d89bc42f0791
  custom:scripting/monoscript/fileName/MetaTagsAttribute.cs: f816c95d973588aac5587e0cf7b12543 -> 48654cba762b6d27f4b1d46fcf914471
  custom:scripting/monoscript/fileName/GameFieldGeneratedPlaneAlgorithmMarker.cs: 505be8ba7cc43f00ae1cc5b5ce71b559 -> 
  custom:scripting/monoscript/fileName/MetaGroupAttribute.cs: f6b3a56866565312640e6eda2030408e -> 41562d763411caf327dc60de94f75855
  custom:scripting/monoscript/fileName/BitsUtility.cs: 9d0da9e734b986fb4c879c4d944d8b14 -> c92cf35016096013ce0c38bf263e4405
  custom:CustomObjectIndexerAttribute: 9a22284fe3817be447336de3de66b15e -> 
  custom:scripting/monoscript/fileName/EcsWhereToGroupExecutor.cs: 8f6297df34271fdb1ce2d9607ec6261d -> 90647cc400823b41df847a6cbfc29026
  custom:scripting/monoscript/fileName/AnimalCreationChainStrategySystem.cs: ecbd11dd0c336ecf9f8575e3e4d3ece0 -> c0e686f4717d71e12954b8f0f3a26a06
  custom:scripting/monoscript/fileName/EcsWorld.pools.cs: 47beb563def6082bb4ad79bf75bb6a66 -> 2c8c92e9dae1546ac82eb30ddc32f89b
  custom:container-demuxer-webm: 4f35f7cbe854078d1ac9338744f61a02 -> 
  custom:scripting/monoscript/fileName/EcsTagPool.cs: d63c9283c9f0dc9a65cfcb4d6f3f406e -> 292012435f767377dfa5c5d9463011fc
  custom:scripting/monoscript/fileName/Queries.cs: 7ec416f24bbc2b3f63ed5485791e3250 -> 58afa85ab125f099ef201a63b191b316
  custom:scripting/monoscript/fileName/ArrayUtility.cs: b8c011a6edd79b211f0955ed46d60df1 -> 7ba2d4a9c78178d723b9d885f5f1af2e
  custom:scripting/monoscript/fileName/ITemplateNode.cs: cd6fd998d6867619a5c48da87fcf5a14 -> f5da816ed0ca7c34ef03789101f9d2a7
  custom:scripting/monoscript/fileName/PurchaseAnimalTag.cs: 8f794ad5afbe806dfef508ff0dc3725b -> 
  custom:scripting/monoscript/fileName/MetaDescriptionAttribute.cs: e311fd002cc0dc6e7dfd746e1f56fa4d -> db593401a601951b4b3fe210d2e6ac30
  custom:scripting/monoscript/fileName/EcsQueryExecutor.cs: cb7218d8ec00ef6dcd4958fea7556d82 -> 92321aad84d8490e6222233ad957067f
  custom:scripting/monoscript/fileName/IEcsTypeMetaProvider.cs: e76830a8fd8170d850ac464a370b8916 -> 03184fa6c59932ed538cbd8addf6fe48
  custom:scripting/monoscript/fileName/DataInterfaces.cs: 40735d631d366c73ff47fb097c329025 -> 4a32470493a767702519176ca1433fe7
  custom:scripting/monoscript/fileName/MetaColorAttribute.cs: 8a7fbcfd4a3ecc0628d8afb69765dc7d -> b291fc4e51b18e37e62b8c2cd9aedc86
  custom:scripting/monoscript/fileName/EcsDebugUtility.cs: 2be076fcf1f1c707a9eaee7da01b5c57 -> e6bcd67ac51126e8c5afedefba8d71da
  custom:scripting/monoscript/fileName/Consts.cs: 6eb20adfff3eee69e75faf4b73a2ddd6 -> a82fb62194155ef6154e1bce01fd9ff8
  custom:container-muxer-webm: aa71ff27fc2769a1b78a27578f13a17b -> 
  custom:video-decoder-webm-vp8: 9c59270c3fd7afecdb556c50c9e8de78 -> 
  custom:scripting/monoscript/fileName/EcsMask.cs: c7032164440c4d6e79eaef7871e350a0 -> 71a9ebdefefd85f00a63f4791a1ea3d1
  custom:scripting/monoscript/fileName/EcsTypeCode.cs: 10f78a56829fa79a2c926bb06b832e7c -> 51c186a230106c5e5caae5f4debb522f
  custom:SearchIndexIgnoredProperties: e643bd26f0fe6173181afceb89e7c659 -> 
  custom:AudioImporter_EditorPlatform: d09bf68614088b80899f8185d706f6e7 -> 
  custom:scripting/monoscript/fileName/EcsMetaAttribute.cs: 4681b49ca5ea899cb64dfc809ca3a8ea -> fd3ea90bde2894a0f0de9ba2a9ee1175
  custom:scripting/monoscript/fileName/ReflectionUtility.cs: 058ada316ffb2af4349828c12d73f05f -> 12b2c0079659a56c89e37a6035957749
  custom:scripting/monoscript/fileName/SparseArray.cs: e0a51e584485b56d9971a06b4f70ecb4 -> a53f96815da50de15010b1c479bc70cf
  custom:scripting/monoscript/fileName/MetaNameAttribute.cs: b18e144d46cb3e237061620a54a5c5b3 -> 5e226a78b91fbab58bf42b88813abd57
  custom:scripting/monoscript/fileName/Worlds.cs: 2095c64d03c345b28301088b270fc226 -> a519624c388a13e47405c0a2dabe03d9
  custom:scripting/monoscript/fileName/TypeMeta.cs: d699924ce717772f7c2cd77e38d71192 -> 24f705c5cf4437ab23e98a5be362a486
  custom:scripting/monoscript/fileName/BaseProcesses.cs: 80e3d614c7158c082908397fef1e317d -> 0a3575435ba216831ce2d6aa80f68677
  custom:scripting/monoscript/fileName/ArraySortHalperX.cs: 34c6ff9cf0aa0d720e612550af5c5d26 -> 849ed7f5b11c9db237ef61b01c5a5104
  custom:scripting/monoscript/fileName/IdDispenser.cs: bef711bcf3a1c70877f3acc0d83f608a -> 6b91817103880c6300d5bbc0a80dee89
  custom:scripting/monoscript/fileName/UncheckedCoreUtility.cs: aa37da10340101a351c8f424e4a43f12 -> 09fccf4854a9f3d55ae4968719f5f130
  custom:scripting/monoscript/fileName/EcsWhereExecutor.cs: 8f6297df34271fdb1ce2d9607ec6261d -> 90647cc400823b41df847a6cbfc29026
  custom:scripting/monoscript/fileName/Exceptions.cs: e7350dd3f4b1c79c9fcc1da058ddd1dd -> 5a99b6c5dbdfe99f70e6110b9053674e
  custom:scripting/monoscript/fileName/EcsPipeline.cs: 20e3b45874106257d644cc4ae0f33185 -> 36e23495764e4bec4ffd55587fa9bce0
  custom:scripting/monoscript/fileName/Interfaces.cs: 681918feb06dbc142788871f8a6610d3 -> fc983f43e88a1e2383a87bd1535543fc
  custom:scripting/monoscript/fileName/UnsafeArray.cs: 34c6ff9cf0aa0d720e612550af5c5d26 -> 849ed7f5b11c9db237ef61b01c5a5104
  custom:video-encoder-webm-vp8: eb34c28f22e8b96e1ab97ce403110664 -> 
  custom:audio-decoder-ogg-vorbis: bf7c407c2cedff20999df2af8eb42d56 -> 
  custom:scripting/monoscript/fileName/Aspects.cs: 1bb7690008a48009fa7704e7d80ce115 -> 5d6713079a073ac4c50170617f2cbbdd
  custom:scripting/monoscript/fileName/EcsGroup.cs: d28e68a8e3335e3ff75090b24d219185 -> 07228ccef216f15bc3f56e47b32f26f0
  custom:scripting/monoscript/fileName/InjectionNode.cs: a7d92609dd9cfc813f9dccdefcda74cf -> 7d6c6f255293ac7ab881de6eb1e69df7
  custom:audio-encoder-webm-vorbis: bf7c407c2cedff20999df2af8eb42d56 -> 
  custom:scripting/monoscript/fileName/EcsDebug.cs: ad23832bbeaf496a3eba629cd3080a70 -> 8eea15508cf5695757b725dea1725cc6
  custom:scripting/monoscript/fileName/EcsWorld.static.cs: f85c16838859d07970713c1de49a3eef -> ee995408255e09566032e690e1f3317f
  custom:scripting/monoscript/fileName/EcsSpan.cs: 15f074769c3fa58382bc0456b3014117 -> 5396e8906f65d637e3c12326ff4a7ea8
  custom:scripting/monoscript/fileName/IConfigContainer.cs: ee47ea4eb3954f388b1065d58a23985a -> 30fa438da5de3948b7e37a4c6c6e4b4f
  custom:scripting/monoscript/fileName/EcsPipelineExtensions.cs: 597578e060d6d93abc2e740705b386d0 -> 1fbf402bff11f45c5350e88723859228
  custom:scripting/monoscript/fileName/EcsPool.cs: 40748e41624ef0b0c2cadcd56b76135d -> a404ad22ede0b7d8f576df1bedbf538c
  custom:scripting/precompiled-assembly-types:Assembly-CSharp: 8435028061c095cf214df896a177a378 -> fe1f0beb764a7a3c5a0667557268a853
  custom:scripting/monoscript/fileName/GameFieldGeneratedPlaneAlgorithmAudioConfig.cs: dd76a1cfcc30cf141d185d00260c3c11 -> 
========================================================================
Received Prepare
Caller must complete domain reload
Begin MonoManager ReloadAssembly
- Loaded All Assemblies, in  0.722 seconds
Native extension for WindowsStandalone target not found
Native extension for Android target not found
Native extension for WebGL target not found
[Package Manager] Server::EnsureServerProcessIsRunning -- launch failed, reason: Unity was launched with the -noUpm command-line argument
[Package Manager] UpmClient::Send -- Unable to send message (not connected to UPM process).
[Package Manager] Cannot connect to Unity Package Manager local server
Mono: successfully reloaded assembly
[Package Manager] Server::EnsureServerProcessIsRunning -- launch failed, reason: Unity was launched with the -noUpm command-line argument
[Package Manager] UpmClient::Send -- Unable to send message (not connected to UPM process).
[Package Manager] Cannot connect to Unity Package Manager local server
- Finished resetting the current domain, in  1.464 seconds
Domain Reload Profiling: 2186ms
	BeginReloadAssembly (185ms)
		ExecutionOrderSort (0ms)
		DisableScriptedObjects (6ms)
		BackupInstance (0ms)
		ReleaseScriptingObjects (1ms)
		CreateAndSetChildDomain (56ms)
	RebuildCommonClasses (29ms)
	RebuildNativeTypeToScriptingClass (9ms)
	initialDomainReloadingComplete (31ms)
	LoadAllAssembliesAndSetupDomain (467ms)
		LoadAssemblies (521ms)
		RebuildTransferFunctionScriptingTraits (0ms)
		AnalyzeDomain (37ms)
			TypeCache.Refresh (21ms)
				TypeCache.ScanAssembly (5ms)
			ScanForSourceGeneratedMonoScriptInfo (9ms)
			ResolveRequiredComponents (5ms)
	FinalizeReload (1464ms)
		ReleaseScriptCaches (0ms)
		RebuildScriptCaches (0ms)
		SetupLoadedEditorAssemblies (746ms)
			LogAssemblyErrors (0ms)
			InitializePlatformSupportModulesInManaged (23ms)
			SetLoadedEditorAssemblies (3ms)
			RefreshPlugins (0ms)
			BeforeProcessingInitializeOnLoad (67ms)
			ProcessInitializeOnLoadAttributes (363ms)
			ProcessInitializeOnLoadMethodAttributes (287ms)
			AfterProcessingInitializeOnLoad (3ms)
			EditorAssembliesLoaded (0ms)
		ExecutionOrderSort2 (0ms)
		AwakeInstancesAfterBackupRestoration (5ms)
Refreshing native plugins compatible for Editor in 5.34 ms, found 3 plugins.
Preloading 0 native plugins for Editor in 0.00 ms.
Unloading 4335 Unused Serialized files (Serialized files now loaded: 0)
Unloading 31 unused Assets / (66.2 KB). Loaded Objects now: 5088.
Memory consumption went from 190.5 MB to 190.4 MB.
Total: 16.880800 ms (FindLiveObjects: 0.368600 ms CreateObjectMapping: 0.116900 ms MarkObjects: 16.162800 ms  DeleteObjects: 0.230900 ms)

Prepare: number of updated asset objects reloaded= 0
AssetImportParameters requested are different than current active one (requested -> active):
  custom:scripting/monoscript/fileName/EcsPoolBase.cs: 31ac56193ae6d54339748acda32ec94d -> 13578c1186811575128a81ef58458158
  custom:container-demuxer-ogg: 62fdf1f143b41e24485cea50d1cbac27 -> 
  custom:scripting/monoscript/fileName/EcsWorld.cs: 22c9529b696807804c45b49aecb240e4 -> b5398d9e0d6d44b0656dfb9e069bdcb7
  custom:scripting/monoscript/fileName/EcsRunner.cs: 888da8f511430c4063b6409b3d58672b -> 71d2a3bda53ca5b6050345a489bc2623
  custom:scripting/monoscript/fileName/Injector.cs: 497aaabc2940aa3aa01d252fd8a0c47b -> 1c175fcff5ec2c8fc7a965114f3f7d7d
  custom:scripting/monoscript/fileName/EcsWorld.cache.cs: 6b1449c23a40962b50a2e08eb04ae9e6 -> 6f387c7e66db371630ef2a0a5fc22850
  custom:scripting/monoscript/fileName/InjectionBranch.cs: 4279a377faef040bb62fb4a633533f04 -> 7d84b04d553f6e4071360c20ba45080a
  custom:video-decoder-ogg-theora: a1e56fd34408186e4bbccfd4996cb3dc -> 
  custom:scripting/monoscript/fileName/EcsAspect.cs: 379ac680ffd19ab4b9f61502a7a6eff8 -> 226bdda0feb135d8ad2f56ec6d899a1d
  custom:framework-win-MediaFoundation: 216162199b28c13a410421893ffa2e32 -> 
  custom:scripting/monoscript/fileName/entlong.cs: fb737a2ecf18e5cd642c1cb50dfe46b8 -> de9b060f0b3358bb6a05d89bc42f0791
  custom:scripting/monoscript/fileName/MetaTagsAttribute.cs: f816c95d973588aac5587e0cf7b12543 -> 48654cba762b6d27f4b1d46fcf914471
  custom:scripting/monoscript/fileName/GameFieldGeneratedPlaneAlgorithmMarker.cs: 505be8ba7cc43f00ae1cc5b5ce71b559 -> 
  custom:scripting/monoscript/fileName/MetaGroupAttribute.cs: f6b3a56866565312640e6eda2030408e -> 41562d763411caf327dc60de94f75855
  custom:scripting/monoscript/fileName/BitsUtility.cs: 9d0da9e734b986fb4c879c4d944d8b14 -> c92cf35016096013ce0c38bf263e4405
  custom:CustomObjectIndexerAttribute: 9a22284fe3817be447336de3de66b15e -> 
  custom:scripting/monoscript/fileName/EcsWhereToGroupExecutor.cs: 8f6297df34271fdb1ce2d9607ec6261d -> 90647cc400823b41df847a6cbfc29026
  custom:scripting/monoscript/fileName/AnimalCreationChainStrategySystem.cs: ecbd11dd0c336ecf9f8575e3e4d3ece0 -> c0e686f4717d71e12954b8f0f3a26a06
  custom:scripting/monoscript/fileName/EcsWorld.pools.cs: 47beb563def6082bb4ad79bf75bb6a66 -> 2c8c92e9dae1546ac82eb30ddc32f89b
  custom:container-demuxer-webm: 4f35f7cbe854078d1ac9338744f61a02 -> 
  custom:scripting/monoscript/fileName/EcsTagPool.cs: d63c9283c9f0dc9a65cfcb4d6f3f406e -> 292012435f767377dfa5c5d9463011fc
  custom:scripting/monoscript/fileName/Queries.cs: 7ec416f24bbc2b3f63ed5485791e3250 -> 58afa85ab125f099ef201a63b191b316
  custom:scripting/monoscript/fileName/ArrayUtility.cs: b8c011a6edd79b211f0955ed46d60df1 -> 7ba2d4a9c78178d723b9d885f5f1af2e
  custom:scripting/monoscript/fileName/ITemplateNode.cs: cd6fd998d6867619a5c48da87fcf5a14 -> f5da816ed0ca7c34ef03789101f9d2a7
  custom:scripting/monoscript/fileName/PurchaseAnimalTag.cs: 8f794ad5afbe806dfef508ff0dc3725b -> 
  custom:scripting/monoscript/fileName/MetaDescriptionAttribute.cs: e311fd002cc0dc6e7dfd746e1f56fa4d -> db593401a601951b4b3fe210d2e6ac30
  custom:scripting/monoscript/fileName/EcsQueryExecutor.cs: cb7218d8ec00ef6dcd4958fea7556d82 -> 92321aad84d8490e6222233ad957067f
  custom:scripting/monoscript/fileName/IEcsTypeMetaProvider.cs: e76830a8fd8170d850ac464a370b8916 -> 03184fa6c59932ed538cbd8addf6fe48
  custom:scripting/monoscript/fileName/DataInterfaces.cs: 40735d631d366c73ff47fb097c329025 -> 4a32470493a767702519176ca1433fe7
  custom:scripting/monoscript/fileName/MetaColorAttribute.cs: 8a7fbcfd4a3ecc0628d8afb69765dc7d -> b291fc4e51b18e37e62b8c2cd9aedc86
  custom:scripting/monoscript/fileName/EcsDebugUtility.cs: 2be076fcf1f1c707a9eaee7da01b5c57 -> e6bcd67ac51126e8c5afedefba8d71da
  custom:scripting/monoscript/fileName/Consts.cs: 6eb20adfff3eee69e75faf4b73a2ddd6 -> a82fb62194155ef6154e1bce01fd9ff8
  custom:container-muxer-webm: aa71ff27fc2769a1b78a27578f13a17b -> 
  custom:video-decoder-webm-vp8: 9c59270c3fd7afecdb556c50c9e8de78 -> 
  custom:scripting/monoscript/fileName/EcsMask.cs: c7032164440c4d6e79eaef7871e350a0 -> 71a9ebdefefd85f00a63f4791a1ea3d1
  custom:scripting/monoscript/fileName/EcsTypeCode.cs: 10f78a56829fa79a2c926bb06b832e7c -> 51c186a230106c5e5caae5f4debb522f
  custom:SearchIndexIgnoredProperties: e643bd26f0fe6173181afceb89e7c659 -> 
  custom:AudioImporter_EditorPlatform: d09bf68614088b80899f8185d706f6e7 -> 
  custom:scripting/monoscript/fileName/EcsMetaAttribute.cs: 4681b49ca5ea899cb64dfc809ca3a8ea -> fd3ea90bde2894a0f0de9ba2a9ee1175
  custom:scripting/monoscript/fileName/ReflectionUtility.cs: 058ada316ffb2af4349828c12d73f05f -> 12b2c0079659a56c89e37a6035957749
  custom:scripting/monoscript/fileName/SparseArray.cs: e0a51e584485b56d9971a06b4f70ecb4 -> a53f96815da50de15010b1c479bc70cf
  custom:scripting/monoscript/fileName/MetaNameAttribute.cs: b18e144d46cb3e237061620a54a5c5b3 -> 5e226a78b91fbab58bf42b88813abd57
  custom:scripting/monoscript/fileName/Worlds.cs: 2095c64d03c345b28301088b270fc226 -> a519624c388a13e47405c0a2dabe03d9
  custom:scripting/monoscript/fileName/TypeMeta.cs: d699924ce717772f7c2cd77e38d71192 -> 24f705c5cf4437ab23e98a5be362a486
  custom:scripting/monoscript/fileName/BaseProcesses.cs: 80e3d614c7158c082908397fef1e317d -> 0a3575435ba216831ce2d6aa80f68677
  custom:scripting/monoscript/fileName/ArraySortHalperX.cs: 34c6ff9cf0aa0d720e612550af5c5d26 -> 849ed7f5b11c9db237ef61b01c5a5104
  custom:scripting/monoscript/fileName/IdDispenser.cs: bef711bcf3a1c70877f3acc0d83f608a -> 6b91817103880c6300d5bbc0a80dee89
  custom:scripting/monoscript/fileName/UncheckedCoreUtility.cs: aa37da10340101a351c8f424e4a43f12 -> 09fccf4854a9f3d55ae4968719f5f130
  custom:scripting/monoscript/fileName/EcsWhereExecutor.cs: 8f6297df34271fdb1ce2d9607ec6261d -> 90647cc400823b41df847a6cbfc29026
  custom:scripting/monoscript/fileName/Exceptions.cs: e7350dd3f4b1c79c9fcc1da058ddd1dd -> 5a99b6c5dbdfe99f70e6110b9053674e
  custom:scripting/monoscript/fileName/EcsPipeline.cs: 20e3b45874106257d644cc4ae0f33185 -> 36e23495764e4bec4ffd55587fa9bce0
  custom:scripting/monoscript/fileName/Interfaces.cs: 681918feb06dbc142788871f8a6610d3 -> fc983f43e88a1e2383a87bd1535543fc
  custom:scripting/monoscript/fileName/UnsafeArray.cs: 34c6ff9cf0aa0d720e612550af5c5d26 -> 849ed7f5b11c9db237ef61b01c5a5104
  custom:video-encoder-webm-vp8: eb34c28f22e8b96e1ab97ce403110664 -> 
  custom:audio-decoder-ogg-vorbis: bf7c407c2cedff20999df2af8eb42d56 -> 
  custom:scripting/monoscript/fileName/Aspects.cs: 1bb7690008a48009fa7704e7d80ce115 -> 5d6713079a073ac4c50170617f2cbbdd
  custom:scripting/monoscript/fileName/EcsGroup.cs: d28e68a8e3335e3ff75090b24d219185 -> 07228ccef216f15bc3f56e47b32f26f0
  custom:scripting/monoscript/fileName/InjectionNode.cs: a7d92609dd9cfc813f9dccdefcda74cf -> 7d6c6f255293ac7ab881de6eb1e69df7
  custom:audio-encoder-webm-vorbis: bf7c407c2cedff20999df2af8eb42d56 -> 
  custom:scripting/monoscript/fileName/EcsDebug.cs: ad23832bbeaf496a3eba629cd3080a70 -> 8eea15508cf5695757b725dea1725cc6
  custom:scripting/monoscript/fileName/EcsWorld.static.cs: f85c16838859d07970713c1de49a3eef -> ee995408255e09566032e690e1f3317f
  custom:scripting/monoscript/fileName/EcsSpan.cs: 15f074769c3fa58382bc0456b3014117 -> 5396e8906f65d637e3c12326ff4a7ea8
  custom:scripting/monoscript/fileName/IConfigContainer.cs: ee47ea4eb3954f388b1065d58a23985a -> 30fa438da5de3948b7e37a4c6c6e4b4f
  custom:scripting/monoscript/fileName/EcsPipelineExtensions.cs: 597578e060d6d93abc2e740705b386d0 -> 1fbf402bff11f45c5350e88723859228
  custom:scripting/monoscript/fileName/EcsPool.cs: 40748e41624ef0b0c2cadcd56b76135d -> a404ad22ede0b7d8f576df1bedbf538c
  custom:scripting/precompiled-assembly-types:Assembly-CSharp: 8435028061c095cf214df896a177a378 -> fe1f0beb764a7a3c5a0667557268a853
  custom:scripting/monoscript/fileName/GameFieldGeneratedPlaneAlgorithmAudioConfig.cs: dd76a1cfcc30cf141d185d00260c3c11 -> 
========================================================================
Received Prepare
Caller must complete domain reload
Begin MonoManager ReloadAssembly
- Loaded All Assemblies, in  1.286 seconds
Native extension for WindowsStandalone target not found
Native extension for Android target not found
Native extension for WebGL target not found
[Package Manager] Server::EnsureServerProcessIsRunning -- launch failed, reason: Unity was launched with the -noUpm command-line argument
[Package Manager] UpmClient::Send -- Unable to send message (not connected to UPM process).
[Package Manager] Cannot connect to Unity Package Manager local server
Mono: successfully reloaded assembly
[Package Manager] Server::EnsureServerProcessIsRunning -- launch failed, reason: Unity was launched with the -noUpm command-line argument
[Package Manager] UpmClient::Send -- Unable to send message (not connected to UPM process).
[Package Manager] Cannot connect to Unity Package Manager local server
- Finished resetting the current domain, in  2.187 seconds
Domain Reload Profiling: 3473ms
	BeginReloadAssembly (242ms)
		ExecutionOrderSort (0ms)
		DisableScriptedObjects (8ms)
		BackupInstance (0ms)
		ReleaseScriptingObjects (0ms)
		CreateAndSetChildDomain (76ms)
	RebuildCommonClasses (36ms)
	RebuildNativeTypeToScriptingClass (14ms)
	initialDomainReloadingComplete (42ms)
	LoadAllAssembliesAndSetupDomain (951ms)
		LoadAssemblies (973ms)
		RebuildTransferFunctionScriptingTraits (0ms)
		AnalyzeDomain (97ms)
			TypeCache.Refresh (44ms)
				TypeCache.ScanAssembly (5ms)
			ScanForSourceGeneratedMonoScriptInfo (23ms)
			ResolveRequiredComponents (28ms)
	FinalizeReload (2188ms)
		ReleaseScriptCaches (0ms)
		RebuildScriptCaches (0ms)
		SetupLoadedEditorAssemblies (979ms)
			LogAssemblyErrors (0ms)
			InitializePlatformSupportModulesInManaged (48ms)
			SetLoadedEditorAssemblies (4ms)
			RefreshPlugins (0ms)
			BeforeProcessingInitializeOnLoad (84ms)
			ProcessInitializeOnLoadAttributes (502ms)
			ProcessInitializeOnLoadMethodAttributes (337ms)
			AfterProcessingInitializeOnLoad (3ms)
			EditorAssembliesLoaded (2ms)
		ExecutionOrderSort2 (0ms)
		AwakeInstancesAfterBackupRestoration (5ms)
Refreshing native plugins compatible for Editor in 14.65 ms, found 3 plugins.
Preloading 0 native plugins for Editor in 0.00 ms.
Unloading 4335 Unused Serialized files (Serialized files now loaded: 0)
Unloading 31 unused Assets / (67.1 KB). Loaded Objects now: 5091.
Memory consumption went from 190.5 MB to 190.4 MB.
Total: 28.873500 ms (FindLiveObjects: 1.408500 ms CreateObjectMapping: 0.375400 ms MarkObjects: 26.585600 ms  DeleteObjects: 0.501900 ms)

Prepare: number of updated asset objects reloaded= 0
AssetImportParameters requested are different than current active one (requested -> active):
  custom:scripting/monoscript/fileName/EcsPoolBase.cs: 31ac56193ae6d54339748acda32ec94d -> 13578c1186811575128a81ef58458158
  custom:container-demuxer-ogg: 62fdf1f143b41e24485cea50d1cbac27 -> 
  custom:scripting/monoscript/fileName/EcsWorld.cs: 22c9529b696807804c45b49aecb240e4 -> b5398d9e0d6d44b0656dfb9e069bdcb7
  custom:scripting/monoscript/fileName/EcsRunner.cs: 888da8f511430c4063b6409b3d58672b -> 71d2a3bda53ca5b6050345a489bc2623
  custom:scripting/monoscript/fileName/Injector.cs: 497aaabc2940aa3aa01d252fd8a0c47b -> 1c175fcff5ec2c8fc7a965114f3f7d7d
  custom:scripting/monoscript/fileName/EcsWorld.cache.cs: 6b1449c23a40962b50a2e08eb04ae9e6 -> 6f387c7e66db371630ef2a0a5fc22850
  custom:scripting/monoscript/fileName/InjectionBranch.cs: 4279a377faef040bb62fb4a633533f04 -> 7d84b04d553f6e4071360c20ba45080a
  custom:video-decoder-ogg-theora: a1e56fd34408186e4bbccfd4996cb3dc -> 
  custom:scripting/monoscript/fileName/EcsAspect.cs: 379ac680ffd19ab4b9f61502a7a6eff8 -> 226bdda0feb135d8ad2f56ec6d899a1d
  custom:framework-win-MediaFoundation: 216162199b28c13a410421893ffa2e32 -> 
  custom:scripting/monoscript/fileName/entlong.cs: fb737a2ecf18e5cd642c1cb50dfe46b8 -> de9b060f0b3358bb6a05d89bc42f0791
  custom:scripting/monoscript/fileName/MetaTagsAttribute.cs: f816c95d973588aac5587e0cf7b12543 -> 48654cba762b6d27f4b1d46fcf914471
  custom:scripting/monoscript/fileName/GameFieldGeneratedPlaneAlgorithmMarker.cs: 505be8ba7cc43f00ae1cc5b5ce71b559 -> 
  custom:scripting/monoscript/fileName/MetaGroupAttribute.cs: f6b3a56866565312640e6eda2030408e -> 41562d763411caf327dc60de94f75855
  custom:scripting/monoscript/fileName/BitsUtility.cs: 9d0da9e734b986fb4c879c4d944d8b14 -> c92cf35016096013ce0c38bf263e4405
  custom:CustomObjectIndexerAttribute: 9a22284fe3817be447336de3de66b15e -> 
  custom:scripting/monoscript/fileName/EcsWhereToGroupExecutor.cs: 8f6297df34271fdb1ce2d9607ec6261d -> 90647cc400823b41df847a6cbfc29026
  custom:scripting/monoscript/fileName/AnimalCreationChainStrategySystem.cs: ecbd11dd0c336ecf9f8575e3e4d3ece0 -> c0e686f4717d71e12954b8f0f3a26a06
  custom:scripting/monoscript/fileName/EcsWorld.pools.cs: 47beb563def6082bb4ad79bf75bb6a66 -> 2c8c92e9dae1546ac82eb30ddc32f89b
  custom:container-demuxer-webm: 4f35f7cbe854078d1ac9338744f61a02 -> 
  custom:scripting/monoscript/fileName/EcsTagPool.cs: d63c9283c9f0dc9a65cfcb4d6f3f406e -> 292012435f767377dfa5c5d9463011fc
  custom:scripting/monoscript/fileName/Queries.cs: 7ec416f24bbc2b3f63ed5485791e3250 -> 58afa85ab125f099ef201a63b191b316
  custom:scripting/monoscript/fileName/ArrayUtility.cs: b8c011a6edd79b211f0955ed46d60df1 -> 7ba2d4a9c78178d723b9d885f5f1af2e
  custom:scripting/monoscript/fileName/ITemplateNode.cs: cd6fd998d6867619a5c48da87fcf5a14 -> f5da816ed0ca7c34ef03789101f9d2a7
  custom:scripting/monoscript/fileName/PurchaseAnimalTag.cs: 8f794ad5afbe806dfef508ff0dc3725b -> 
  custom:scripting/monoscript/fileName/MetaDescriptionAttribute.cs: e311fd002cc0dc6e7dfd746e1f56fa4d -> db593401a601951b4b3fe210d2e6ac30
  custom:scripting/monoscript/fileName/EcsQueryExecutor.cs: cb7218d8ec00ef6dcd4958fea7556d82 -> 92321aad84d8490e6222233ad957067f
  custom:scripting/monoscript/fileName/IEcsTypeMetaProvider.cs: e76830a8fd8170d850ac464a370b8916 -> 03184fa6c59932ed538cbd8addf6fe48
  custom:scripting/monoscript/fileName/DataInterfaces.cs: 40735d631d366c73ff47fb097c329025 -> 4a32470493a767702519176ca1433fe7
  custom:scripting/monoscript/fileName/MetaColorAttribute.cs: 8a7fbcfd4a3ecc0628d8afb69765dc7d -> b291fc4e51b18e37e62b8c2cd9aedc86
  custom:scripting/monoscript/fileName/EcsDebugUtility.cs: 2be076fcf1f1c707a9eaee7da01b5c57 -> e6bcd67ac51126e8c5afedefba8d71da
  custom:scripting/monoscript/fileName/Consts.cs: 6eb20adfff3eee69e75faf4b73a2ddd6 -> a82fb62194155ef6154e1bce01fd9ff8
  custom:container-muxer-webm: aa71ff27fc2769a1b78a27578f13a17b -> 
  custom:video-decoder-webm-vp8: 9c59270c3fd7afecdb556c50c9e8de78 -> 
  custom:scripting/monoscript/fileName/EcsMask.cs: c7032164440c4d6e79eaef7871e350a0 -> 71a9ebdefefd85f00a63f4791a1ea3d1
  custom:scripting/monoscript/fileName/EcsTypeCode.cs: 10f78a56829fa79a2c926bb06b832e7c -> 51c186a230106c5e5caae5f4debb522f
  custom:SearchIndexIgnoredProperties: e643bd26f0fe6173181afceb89e7c659 -> 
  custom:AudioImporter_EditorPlatform: d09bf68614088b80899f8185d706f6e7 -> 
  custom:scripting/monoscript/fileName/EcsMetaAttribute.cs: 4681b49ca5ea899cb64dfc809ca3a8ea -> fd3ea90bde2894a0f0de9ba2a9ee1175
  custom:scripting/monoscript/fileName/ReflectionUtility.cs: 058ada316ffb2af4349828c12d73f05f -> 12b2c0079659a56c89e37a6035957749
  custom:scripting/monoscript/fileName/SparseArray.cs: e0a51e584485b56d9971a06b4f70ecb4 -> a53f96815da50de15010b1c479bc70cf
  custom:scripting/monoscript/fileName/MetaNameAttribute.cs: b18e144d46cb3e237061620a54a5c5b3 -> 5e226a78b91fbab58bf42b88813abd57
  custom:scripting/monoscript/fileName/Worlds.cs: 2095c64d03c345b28301088b270fc226 -> a519624c388a13e47405c0a2dabe03d9
  custom:scripting/monoscript/fileName/TypeMeta.cs: d699924ce717772f7c2cd77e38d71192 -> 24f705c5cf4437ab23e98a5be362a486
  custom:scripting/monoscript/fileName/BaseProcesses.cs: 80e3d614c7158c082908397fef1e317d -> 0a3575435ba216831ce2d6aa80f68677
  custom:scripting/monoscript/fileName/ArraySortHalperX.cs: 34c6ff9cf0aa0d720e612550af5c5d26 -> 849ed7f5b11c9db237ef61b01c5a5104
  custom:scripting/monoscript/fileName/IdDispenser.cs: bef711bcf3a1c70877f3acc0d83f608a -> 6b91817103880c6300d5bbc0a80dee89
  custom:scripting/monoscript/fileName/UncheckedCoreUtility.cs: aa37da10340101a351c8f424e4a43f12 -> 09fccf4854a9f3d55ae4968719f5f130
  custom:scripting/monoscript/fileName/EcsWhereExecutor.cs: 8f6297df34271fdb1ce2d9607ec6261d -> 90647cc400823b41df847a6cbfc29026
  custom:scripting/monoscript/fileName/Exceptions.cs: e7350dd3f4b1c79c9fcc1da058ddd1dd -> 5a99b6c5dbdfe99f70e6110b9053674e
  custom:scripting/monoscript/fileName/EcsPipeline.cs: 20e3b45874106257d644cc4ae0f33185 -> 36e23495764e4bec4ffd55587fa9bce0
  custom:scripting/monoscript/fileName/Interfaces.cs: 681918feb06dbc142788871f8a6610d3 -> fc983f43e88a1e2383a87bd1535543fc
  custom:scripting/monoscript/fileName/UnsafeArray.cs: 34c6ff9cf0aa0d720e612550af5c5d26 -> 849ed7f5b11c9db237ef61b01c5a5104
  custom:video-encoder-webm-vp8: eb34c28f22e8b96e1ab97ce403110664 -> 
  custom:audio-decoder-ogg-vorbis: bf7c407c2cedff20999df2af8eb42d56 -> 
  custom:scripting/monoscript/fileName/Aspects.cs: 1bb7690008a48009fa7704e7d80ce115 -> 5d6713079a073ac4c50170617f2cbbdd
  custom:scripting/monoscript/fileName/EcsGroup.cs: d28e68a8e3335e3ff75090b24d219185 -> 07228ccef216f15bc3f56e47b32f26f0
  custom:scripting/monoscript/fileName/InjectionNode.cs: a7d92609dd9cfc813f9dccdefcda74cf -> 7d6c6f255293ac7ab881de6eb1e69df7
  custom:audio-encoder-webm-vorbis: bf7c407c2cedff20999df2af8eb42d56 -> 
  custom:scripting/monoscript/fileName/EcsDebug.cs: ad23832bbeaf496a3eba629cd3080a70 -> 8eea15508cf5695757b725dea1725cc6
  custom:scripting/monoscript/fileName/EcsWorld.static.cs: f85c16838859d07970713c1de49a3eef -> ee995408255e09566032e690e1f3317f
  custom:scripting/monoscript/fileName/EcsSpan.cs: 15f074769c3fa58382bc0456b3014117 -> 5396e8906f65d637e3c12326ff4a7ea8
  custom:scripting/monoscript/fileName/IConfigContainer.cs: ee47ea4eb3954f388b1065d58a23985a -> 30fa438da5de3948b7e37a4c6c6e4b4f
  custom:scripting/monoscript/fileName/EcsPipelineExtensions.cs: 597578e060d6d93abc2e740705b386d0 -> 1fbf402bff11f45c5350e88723859228
  custom:scripting/monoscript/fileName/EcsPool.cs: 40748e41624ef0b0c2cadcd56b76135d -> a404ad22ede0b7d8f576df1bedbf538c
  custom:scripting/precompiled-assembly-types:Assembly-CSharp: 8435028061c095cf214df896a177a378 -> fe1f0beb764a7a3c5a0667557268a853
  custom:scripting/monoscript/fileName/GameFieldGeneratedPlaneAlgorithmAudioConfig.cs: dd76a1cfcc30cf141d185d00260c3c11 -> 
========================================================================
Received Import Request.
  Time since last request: 190.810588 seconds.
  path: Assets/_Project/GameScreen.prefab
  artifactKey: Guid(414af5587425f08428ab122766844dad) Importer(815301076,1909f56bfc062723c751e8b465ee728b)
Start importing Assets/_Project/GameScreen.prefab using Guid(414af5587425f08428ab122766844dad) Importer(815301076,1909f56bfc062723c751e8b465ee728b) [PhysX] Initialized MultithreadedTaskDispatcher with 12 workers.
 -> (artifact id: '5a4ca459b928195934442e83ea33daa0') in 0.007701 seconds
Number of updated asset objects reloaded before import = 0
Number of asset objects unloaded after import = 0
========================================================================
Received Import Request.
  Time since last request: 253.833062 seconds.
  path: Assets/_Project/GameScreen.prefab
  artifactKey: Guid(414af5587425f08428ab122766844dad) Importer(815301076,1909f56bfc062723c751e8b465ee728b)
Start importing Assets/_Project/GameScreen.prefab using Guid(414af5587425f08428ab122766844dad) Importer(815301076,1909f56bfc062723c751e8b465ee728b) [PhysX] Initialized MultithreadedTaskDispatcher with 12 workers.
 -> (artifact id: '22c596c10599c82043d57d4a4074a2d0') in 0.008917 seconds
Number of updated asset objects reloaded before import = 0
Number of asset objects unloaded after import = 0
========================================================================
Received Import Request.
  Time since last request: 477.947265 seconds.
  path: Assets/_Project/LowpollyGameAssets/Prefabs/Button.prefab
  artifactKey: Guid(261de00eb0358724ea491f0c065012bb) Importer(815301076,1909f56bfc062723c751e8b465ee728b)
Start importing Assets/_Project/LowpollyGameAssets/Prefabs/Button.prefab using Guid(261de00eb0358724ea491f0c065012bb) Importer(815301076,1909f56bfc062723c751e8b465ee728b) [PhysX] Initialized MultithreadedTaskDispatcher with 12 workers.
 -> (artifact id: '436fc5f4385a8793d7e13bef1c780d7c') in 0.015659 seconds
Number of updated asset objects reloaded before import = 0
Number of asset objects unloaded after import = 0
========================================================================
Received Import Request.
  Time since last request: 29.671357 seconds.
  path: Assets/_Project/GameScreen.prefab
  artifactKey: Guid(414af5587425f08428ab122766844dad) Importer(815301076,1909f56bfc062723c751e8b465ee728b)
Start importing Assets/_Project/GameScreen.prefab using Guid(414af5587425f08428ab122766844dad) Importer(815301076,1909f56bfc062723c751e8b465ee728b) [PhysX] Initialized MultithreadedTaskDispatcher with 12 workers.
 -> (artifact id: '1bb4d57dcbbc36dadabeb49004b1a795') in 0.007336 seconds
Number of updated asset objects reloaded before import = 0
Number of asset objects unloaded after import = 0
========================================================================
Received Import Request.
  Time since last request: 569.322802 seconds.
  path: Assets/_Project/GameScreen.prefab
  artifactKey: Guid(414af5587425f08428ab122766844dad) Importer(815301076,1909f56bfc062723c751e8b465ee728b)
Start importing Assets/_Project/GameScreen.prefab using Guid(414af5587425f08428ab122766844dad) Importer(815301076,1909f56bfc062723c751e8b465ee728b) [PhysX] Initialized MultithreadedTaskDispatcher with 12 workers.
 -> (artifact id: 'cb2fc44b44ce8f4cdbdee99be83f1827') in 0.006404 seconds
Number of updated asset objects reloaded before import = 0
Number of asset objects unloaded after import = 0
========================================================================
Received Prepare
Caller must complete domain reload
Begin MonoManager ReloadAssembly
- Loaded All Assemblies, in  3.214 seconds
Native extension for WindowsStandalone target not found
Native extension for Android target not found
Native extension for WebGL target not found
[Package Manager] Server::EnsureServerProcessIsRunning -- launch failed, reason: Unity was launched with the -noUpm command-line argument
[Package Manager] UpmClient::Send -- Unable to send message (not connected to UPM process).
[Package Manager] Cannot connect to Unity Package Manager local server
Mono: successfully reloaded assembly
[Package Manager] Server::EnsureServerProcessIsRunning -- launch failed, reason: Unity was launched with the -noUpm command-line argument
[Package Manager] UpmClient::Send -- Unable to send message (not connected to UPM process).
[Package Manager] Cannot connect to Unity Package Manager local server
- Finished resetting the current domain, in  2.287 seconds
Domain Reload Profiling: 5505ms
	BeginReloadAssembly (1435ms)
		ExecutionOrderSort (1ms)
		DisableScriptedObjects (86ms)
		BackupInstance (0ms)
		ReleaseScriptingObjects (7ms)
		CreateAndSetChildDomain (677ms)
	RebuildCommonClasses (45ms)
	RebuildNativeTypeToScriptingClass (9ms)
	initialDomainReloadingComplete (53ms)
	LoadAllAssembliesAndSetupDomain (1674ms)
		LoadAssemblies (1789ms)
		RebuildTransferFunctionScriptingTraits (0ms)
		AnalyzeDomain (128ms)
			TypeCache.Refresh (71ms)
				TypeCache.ScanAssembly (8ms)
			ScanForSourceGeneratedMonoScriptInfo (32ms)
			ResolveRequiredComponents (24ms)
	FinalizeReload (2288ms)
		ReleaseScriptCaches (0ms)
		RebuildScriptCaches (0ms)
		SetupLoadedEditorAssemblies (1230ms)
			LogAssemblyErrors (0ms)
			InitializePlatformSupportModulesInManaged (49ms)
			SetLoadedEditorAssemblies (5ms)
			RefreshPlugins (0ms)
			BeforeProcessingInitializeOnLoad (154ms)
			ProcessInitializeOnLoadAttributes (531ms)
			ProcessInitializeOnLoadMethodAttributes (481ms)
			AfterProcessingInitializeOnLoad (3ms)
			EditorAssembliesLoaded (6ms)
		ExecutionOrderSort2 (0ms)
		AwakeInstancesAfterBackupRestoration (7ms)
Refreshing native plugins compatible for Editor in 9.72 ms, found 3 plugins.
Preloading 0 native plugins for Editor in 0.00 ms.
Unloading 4334 Unused Serialized files (Serialized files now loaded: 0)
Unloading 31 unused Assets / (66.0 KB). Loaded Objects now: 5094.
Memory consumption went from 190.2 MB to 190.2 MB.
Total: 30.444400 ms (FindLiveObjects: 0.798000 ms CreateObjectMapping: 0.561000 ms MarkObjects: 28.809500 ms  DeleteObjects: 0.273900 ms)

Prepare: number of updated asset objects reloaded= 0
AssetImportParameters requested are different than current active one (requested -> active):
  custom:scripting/monoscript/fileName/EcsPoolBase.cs: 31ac56193ae6d54339748acda32ec94d -> 13578c1186811575128a81ef58458158
  custom:container-demuxer-ogg: 62fdf1f143b41e24485cea50d1cbac27 -> 
  custom:scripting/monoscript/fileName/EcsWorld.cs: 22c9529b696807804c45b49aecb240e4 -> b5398d9e0d6d44b0656dfb9e069bdcb7
  custom:scripting/monoscript/fileName/EcsRunner.cs: 888da8f511430c4063b6409b3d58672b -> 71d2a3bda53ca5b6050345a489bc2623
  custom:scripting/monoscript/fileName/Injector.cs: 497aaabc2940aa3aa01d252fd8a0c47b -> 1c175fcff5ec2c8fc7a965114f3f7d7d
  custom:scripting/monoscript/fileName/EcsWorld.cache.cs: 6b1449c23a40962b50a2e08eb04ae9e6 -> 6f387c7e66db371630ef2a0a5fc22850
  custom:scripting/monoscript/fileName/InjectionBranch.cs: 4279a377faef040bb62fb4a633533f04 -> 7d84b04d553f6e4071360c20ba45080a
  custom:video-decoder-ogg-theora: a1e56fd34408186e4bbccfd4996cb3dc -> 
  custom:scripting/monoscript/fileName/EcsAspect.cs: 379ac680ffd19ab4b9f61502a7a6eff8 -> 226bdda0feb135d8ad2f56ec6d899a1d
  custom:framework-win-MediaFoundation: 216162199b28c13a410421893ffa2e32 -> 
  custom:scripting/monoscript/fileName/entlong.cs: fb737a2ecf18e5cd642c1cb50dfe46b8 -> de9b060f0b3358bb6a05d89bc42f0791
  custom:scripting/monoscript/fileName/MetaTagsAttribute.cs: f816c95d973588aac5587e0cf7b12543 -> 48654cba762b6d27f4b1d46fcf914471
  custom:scripting/monoscript/fileName/GameFieldGeneratedPlaneAlgorithmMarker.cs: 505be8ba7cc43f00ae1cc5b5ce71b559 -> 
  custom:scripting/monoscript/fileName/MetaGroupAttribute.cs: f6b3a56866565312640e6eda2030408e -> 41562d763411caf327dc60de94f75855
  custom:scripting/monoscript/fileName/BitsUtility.cs: 9d0da9e734b986fb4c879c4d944d8b14 -> c92cf35016096013ce0c38bf263e4405
  custom:CustomObjectIndexerAttribute: 9a22284fe3817be447336de3de66b15e -> 
  custom:scripting/monoscript/fileName/EcsWhereToGroupExecutor.cs: 8f6297df34271fdb1ce2d9607ec6261d -> 90647cc400823b41df847a6cbfc29026
  custom:scripting/monoscript/fileName/AnimalCreationChainStrategySystem.cs: ecbd11dd0c336ecf9f8575e3e4d3ece0 -> c0e686f4717d71e12954b8f0f3a26a06
  custom:scripting/monoscript/fileName/EcsWorld.pools.cs: 47beb563def6082bb4ad79bf75bb6a66 -> 2c8c92e9dae1546ac82eb30ddc32f89b
  custom:container-demuxer-webm: 4f35f7cbe854078d1ac9338744f61a02 -> 
  custom:scripting/monoscript/fileName/EcsTagPool.cs: d63c9283c9f0dc9a65cfcb4d6f3f406e -> 292012435f767377dfa5c5d9463011fc
  custom:scripting/monoscript/fileName/Queries.cs: 7ec416f24bbc2b3f63ed5485791e3250 -> 58afa85ab125f099ef201a63b191b316
  custom:scripting/monoscript/fileName/ArrayUtility.cs: b8c011a6edd79b211f0955ed46d60df1 -> 7ba2d4a9c78178d723b9d885f5f1af2e
  custom:scripting/monoscript/fileName/ITemplateNode.cs: cd6fd998d6867619a5c48da87fcf5a14 -> f5da816ed0ca7c34ef03789101f9d2a7
  custom:scripting/monoscript/fileName/PurchaseAnimalTag.cs: 8f794ad5afbe806dfef508ff0dc3725b -> 
  custom:scripting/monoscript/fileName/MetaDescriptionAttribute.cs: e311fd002cc0dc6e7dfd746e1f56fa4d -> db593401a601951b4b3fe210d2e6ac30
  custom:scripting/monoscript/fileName/EcsQueryExecutor.cs: cb7218d8ec00ef6dcd4958fea7556d82 -> 92321aad84d8490e6222233ad957067f
  custom:scripting/monoscript/fileName/IEcsTypeMetaProvider.cs: e76830a8fd8170d850ac464a370b8916 -> 03184fa6c59932ed538cbd8addf6fe48
  custom:scripting/monoscript/fileName/DataInterfaces.cs: 40735d631d366c73ff47fb097c329025 -> 4a32470493a767702519176ca1433fe7
  custom:scripting/monoscript/fileName/MetaColorAttribute.cs: 8a7fbcfd4a3ecc0628d8afb69765dc7d -> b291fc4e51b18e37e62b8c2cd9aedc86
  custom:scripting/monoscript/fileName/EcsDebugUtility.cs: 2be076fcf1f1c707a9eaee7da01b5c57 -> e6bcd67ac51126e8c5afedefba8d71da
  custom:scripting/monoscript/fileName/Consts.cs: 6eb20adfff3eee69e75faf4b73a2ddd6 -> a82fb62194155ef6154e1bce01fd9ff8
  custom:container-muxer-webm: aa71ff27fc2769a1b78a27578f13a17b -> 
  custom:video-decoder-webm-vp8: 9c59270c3fd7afecdb556c50c9e8de78 -> 
  custom:scripting/monoscript/fileName/EcsMask.cs: c7032164440c4d6e79eaef7871e350a0 -> 71a9ebdefefd85f00a63f4791a1ea3d1
  custom:scripting/monoscript/fileName/EcsTypeCode.cs: 10f78a56829fa79a2c926bb06b832e7c -> 51c186a230106c5e5caae5f4debb522f
  custom:SearchIndexIgnoredProperties: e643bd26f0fe6173181afceb89e7c659 -> 
  custom:AudioImporter_EditorPlatform: d09bf68614088b80899f8185d706f6e7 -> 
  custom:scripting/monoscript/fileName/EcsMetaAttribute.cs: 4681b49ca5ea899cb64dfc809ca3a8ea -> fd3ea90bde2894a0f0de9ba2a9ee1175
  custom:scripting/monoscript/fileName/ReflectionUtility.cs: 058ada316ffb2af4349828c12d73f05f -> 12b2c0079659a56c89e37a6035957749
  custom:scripting/monoscript/fileName/SparseArray.cs: e0a51e584485b56d9971a06b4f70ecb4 -> a53f96815da50de15010b1c479bc70cf
  custom:scripting/monoscript/fileName/MetaNameAttribute.cs: b18e144d46cb3e237061620a54a5c5b3 -> 5e226a78b91fbab58bf42b88813abd57
  custom:scripting/monoscript/fileName/Worlds.cs: 2095c64d03c345b28301088b270fc226 -> a519624c388a13e47405c0a2dabe03d9
  custom:scripting/monoscript/fileName/TypeMeta.cs: d699924ce717772f7c2cd77e38d71192 -> 24f705c5cf4437ab23e98a5be362a486
  custom:scripting/monoscript/fileName/BaseProcesses.cs: 80e3d614c7158c082908397fef1e317d -> 0a3575435ba216831ce2d6aa80f68677
  custom:scripting/monoscript/fileName/ArraySortHalperX.cs: 34c6ff9cf0aa0d720e612550af5c5d26 -> 849ed7f5b11c9db237ef61b01c5a5104
  custom:scripting/monoscript/fileName/IdDispenser.cs: bef711bcf3a1c70877f3acc0d83f608a -> 6b91817103880c6300d5bbc0a80dee89
  custom:scripting/monoscript/fileName/UncheckedCoreUtility.cs: aa37da10340101a351c8f424e4a43f12 -> 09fccf4854a9f3d55ae4968719f5f130
  custom:scripting/monoscript/fileName/EcsWhereExecutor.cs: 8f6297df34271fdb1ce2d9607ec6261d -> 90647cc400823b41df847a6cbfc29026
  custom:scripting/monoscript/fileName/Exceptions.cs: e7350dd3f4b1c79c9fcc1da058ddd1dd -> 5a99b6c5dbdfe99f70e6110b9053674e
  custom:scripting/monoscript/fileName/EcsPipeline.cs: 20e3b45874106257d644cc4ae0f33185 -> 36e23495764e4bec4ffd55587fa9bce0
  custom:scripting/monoscript/fileName/Interfaces.cs: 681918feb06dbc142788871f8a6610d3 -> fc983f43e88a1e2383a87bd1535543fc
  custom:scripting/monoscript/fileName/UnsafeArray.cs: 34c6ff9cf0aa0d720e612550af5c5d26 -> 849ed7f5b11c9db237ef61b01c5a5104
  custom:video-encoder-webm-vp8: eb34c28f22e8b96e1ab97ce403110664 -> 
  custom:audio-decoder-ogg-vorbis: bf7c407c2cedff20999df2af8eb42d56 -> 
  custom:scripting/monoscript/fileName/Aspects.cs: 1bb7690008a48009fa7704e7d80ce115 -> 5d6713079a073ac4c50170617f2cbbdd
  custom:scripting/monoscript/fileName/EcsGroup.cs: d28e68a8e3335e3ff75090b24d219185 -> 07228ccef216f15bc3f56e47b32f26f0
  custom:scripting/monoscript/fileName/InjectionNode.cs: a7d92609dd9cfc813f9dccdefcda74cf -> 7d6c6f255293ac7ab881de6eb1e69df7
  custom:audio-encoder-webm-vorbis: bf7c407c2cedff20999df2af8eb42d56 -> 
  custom:scripting/monoscript/fileName/EcsDebug.cs: ad23832bbeaf496a3eba629cd3080a70 -> 8eea15508cf5695757b725dea1725cc6
  custom:scripting/monoscript/fileName/EcsWorld.static.cs: f85c16838859d07970713c1de49a3eef -> ee995408255e09566032e690e1f3317f
  custom:scripting/monoscript/fileName/EcsSpan.cs: 15f074769c3fa58382bc0456b3014117 -> 5396e8906f65d637e3c12326ff4a7ea8
  custom:scripting/monoscript/fileName/IConfigContainer.cs: ee47ea4eb3954f388b1065d58a23985a -> 30fa438da5de3948b7e37a4c6c6e4b4f
  custom:scripting/monoscript/fileName/EcsPipelineExtensions.cs: 597578e060d6d93abc2e740705b386d0 -> 1fbf402bff11f45c5350e88723859228
  custom:scripting/monoscript/fileName/EcsPool.cs: 40748e41624ef0b0c2cadcd56b76135d -> a404ad22ede0b7d8f576df1bedbf538c
  custom:scripting/precompiled-assembly-types:Assembly-CSharp: 8435028061c095cf214df896a177a378 -> fe1f0beb764a7a3c5a0667557268a853
  custom:scripting/monoscript/fileName/GameFieldGeneratedPlaneAlgorithmAudioConfig.cs: dd76a1cfcc30cf141d185d00260c3c11 -> 
========================================================================
Received Prepare
Caller must complete domain reload
Begin MonoManager ReloadAssembly
- Loaded All Assemblies, in  2.255 seconds
Native extension for WindowsStandalone target not found
Native extension for Android target not found
Native extension for WebGL target not found
[Package Manager] Server::EnsureServerProcessIsRunning -- launch failed, reason: Unity was launched with the -noUpm command-line argument
[Package Manager] UpmClient::Send -- Unable to send message (not connected to UPM process).
[Package Manager] Cannot connect to Unity Package Manager local server
Mono: successfully reloaded assembly
[Package Manager] Server::EnsureServerProcessIsRunning -- launch failed, reason: Unity was launched with the -noUpm command-line argument
[Package Manager] UpmClient::Send -- Unable to send message (not connected to UPM process).
[Package Manager] Cannot connect to Unity Package Manager local server
- Finished resetting the current domain, in  2.178 seconds
Domain Reload Profiling: 4434ms
	BeginReloadAssembly (832ms)
		ExecutionOrderSort (0ms)
		DisableScriptedObjects (32ms)
		BackupInstance (0ms)
		ReleaseScriptingObjects (1ms)
		CreateAndSetChildDomain (388ms)
	RebuildCommonClasses (60ms)
	RebuildNativeTypeToScriptingClass (14ms)
	initialDomainReloadingComplete (68ms)
	LoadAllAssembliesAndSetupDomain (1281ms)
		LoadAssemblies (1417ms)
		RebuildTransferFunctionScriptingTraits (0ms)
		AnalyzeDomain (146ms)
			TypeCache.Refresh (55ms)
				TypeCache.ScanAssembly (10ms)
			ScanForSourceGeneratedMonoScriptInfo (46ms)
			ResolveRequiredComponents (43ms)
	FinalizeReload (2180ms)
		ReleaseScriptCaches (0ms)
		RebuildScriptCaches (0ms)
		SetupLoadedEditorAssemblies (1230ms)
			LogAssemblyErrors (0ms)
			InitializePlatformSupportModulesInManaged (109ms)
			SetLoadedEditorAssemblies (7ms)
			RefreshPlugins (0ms)
			BeforeProcessingInitializeOnLoad (199ms)
			ProcessInitializeOnLoadAttributes (608ms)
			ProcessInitializeOnLoadMethodAttributes (302ms)
			AfterProcessingInitializeOnLoad (2ms)
			EditorAssembliesLoaded (2ms)
		ExecutionOrderSort2 (0ms)
		AwakeInstancesAfterBackupRestoration (7ms)
Refreshing native plugins compatible for Editor in 12.40 ms, found 3 plugins.
Preloading 0 native plugins for Editor in 0.00 ms.
Unloading 4335 Unused Serialized files (Serialized files now loaded: 0)
Unloading 31 unused Assets / (66.2 KB). Loaded Objects now: 5097.
Memory consumption went from 190.5 MB to 190.4 MB.
Total: 23.492800 ms (FindLiveObjects: 1.258300 ms CreateObjectMapping: 0.123700 ms MarkObjects: 21.562900 ms  DeleteObjects: 0.546500 ms)

Prepare: number of updated asset objects reloaded= 0
AssetImportParameters requested are different than current active one (requested -> active):
  custom:scripting/monoscript/fileName/EcsPoolBase.cs: 31ac56193ae6d54339748acda32ec94d -> 13578c1186811575128a81ef58458158
  custom:container-demuxer-ogg: 62fdf1f143b41e24485cea50d1cbac27 -> 
  custom:scripting/monoscript/fileName/EcsWorld.cs: 22c9529b696807804c45b49aecb240e4 -> b5398d9e0d6d44b0656dfb9e069bdcb7
  custom:scripting/monoscript/fileName/EcsRunner.cs: 888da8f511430c4063b6409b3d58672b -> 71d2a3bda53ca5b6050345a489bc2623
  custom:scripting/monoscript/fileName/Injector.cs: 497aaabc2940aa3aa01d252fd8a0c47b -> 1c175fcff5ec2c8fc7a965114f3f7d7d
  custom:scripting/monoscript/fileName/EcsWorld.cache.cs: 6b1449c23a40962b50a2e08eb04ae9e6 -> 6f387c7e66db371630ef2a0a5fc22850
  custom:scripting/monoscript/fileName/InjectionBranch.cs: 4279a377faef040bb62fb4a633533f04 -> 7d84b04d553f6e4071360c20ba45080a
  custom:video-decoder-ogg-theora: a1e56fd34408186e4bbccfd4996cb3dc -> 
  custom:scripting/monoscript/fileName/EcsAspect.cs: 379ac680ffd19ab4b9f61502a7a6eff8 -> 226bdda0feb135d8ad2f56ec6d899a1d
  custom:framework-win-MediaFoundation: 216162199b28c13a410421893ffa2e32 -> 
  custom:scripting/monoscript/fileName/entlong.cs: fb737a2ecf18e5cd642c1cb50dfe46b8 -> de9b060f0b3358bb6a05d89bc42f0791
  custom:scripting/monoscript/fileName/MetaTagsAttribute.cs: f816c95d973588aac5587e0cf7b12543 -> 48654cba762b6d27f4b1d46fcf914471
  custom:scripting/monoscript/fileName/GameFieldGeneratedPlaneAlgorithmMarker.cs: 505be8ba7cc43f00ae1cc5b5ce71b559 -> 
  custom:scripting/monoscript/fileName/MetaGroupAttribute.cs: f6b3a56866565312640e6eda2030408e -> 41562d763411caf327dc60de94f75855
  custom:scripting/monoscript/fileName/BitsUtility.cs: 9d0da9e734b986fb4c879c4d944d8b14 -> c92cf35016096013ce0c38bf263e4405
  custom:CustomObjectIndexerAttribute: 9a22284fe3817be447336de3de66b15e -> 
  custom:scripting/monoscript/fileName/EcsWhereToGroupExecutor.cs: 8f6297df34271fdb1ce2d9607ec6261d -> 90647cc400823b41df847a6cbfc29026
  custom:scripting/monoscript/fileName/AnimalCreationChainStrategySystem.cs: ecbd11dd0c336ecf9f8575e3e4d3ece0 -> c0e686f4717d71e12954b8f0f3a26a06
  custom:scripting/monoscript/fileName/EcsWorld.pools.cs: 47beb563def6082bb4ad79bf75bb6a66 -> 2c8c92e9dae1546ac82eb30ddc32f89b
  custom:container-demuxer-webm: 4f35f7cbe854078d1ac9338744f61a02 -> 
  custom:scripting/monoscript/fileName/EcsTagPool.cs: d63c9283c9f0dc9a65cfcb4d6f3f406e -> 292012435f767377dfa5c5d9463011fc
  custom:scripting/monoscript/fileName/Queries.cs: 7ec416f24bbc2b3f63ed5485791e3250 -> 58afa85ab125f099ef201a63b191b316
  custom:scripting/monoscript/fileName/ArrayUtility.cs: b8c011a6edd79b211f0955ed46d60df1 -> 7ba2d4a9c78178d723b9d885f5f1af2e
  custom:scripting/monoscript/fileName/ITemplateNode.cs: cd6fd998d6867619a5c48da87fcf5a14 -> f5da816ed0ca7c34ef03789101f9d2a7
  custom:scripting/monoscript/fileName/PurchaseAnimalTag.cs: 8f794ad5afbe806dfef508ff0dc3725b -> 
  custom:scripting/monoscript/fileName/MetaDescriptionAttribute.cs: e311fd002cc0dc6e7dfd746e1f56fa4d -> db593401a601951b4b3fe210d2e6ac30
  custom:scripting/monoscript/fileName/EcsQueryExecutor.cs: cb7218d8ec00ef6dcd4958fea7556d82 -> 92321aad84d8490e6222233ad957067f
  custom:scripting/monoscript/fileName/IEcsTypeMetaProvider.cs: e76830a8fd8170d850ac464a370b8916 -> 03184fa6c59932ed538cbd8addf6fe48
  custom:scripting/monoscript/fileName/DataInterfaces.cs: 40735d631d366c73ff47fb097c329025 -> 4a32470493a767702519176ca1433fe7
  custom:scripting/monoscript/fileName/MetaColorAttribute.cs: 8a7fbcfd4a3ecc0628d8afb69765dc7d -> b291fc4e51b18e37e62b8c2cd9aedc86
  custom:scripting/monoscript/fileName/EcsDebugUtility.cs: 2be076fcf1f1c707a9eaee7da01b5c57 -> e6bcd67ac51126e8c5afedefba8d71da
  custom:scripting/monoscript/fileName/Consts.cs: 6eb20adfff3eee69e75faf4b73a2ddd6 -> a82fb62194155ef6154e1bce01fd9ff8
  custom:container-muxer-webm: aa71ff27fc2769a1b78a27578f13a17b -> 
  custom:video-decoder-webm-vp8: 9c59270c3fd7afecdb556c50c9e8de78 -> 
  custom:scripting/monoscript/fileName/EcsMask.cs: c7032164440c4d6e79eaef7871e350a0 -> 71a9ebdefefd85f00a63f4791a1ea3d1
  custom:scripting/monoscript/fileName/EcsTypeCode.cs: 10f78a56829fa79a2c926bb06b832e7c -> 51c186a230106c5e5caae5f4debb522f
  custom:SearchIndexIgnoredProperties: e643bd26f0fe6173181afceb89e7c659 -> 
  custom:AudioImporter_EditorPlatform: d09bf68614088b80899f8185d706f6e7 -> 
  custom:scripting/monoscript/fileName/EcsMetaAttribute.cs: 4681b49ca5ea899cb64dfc809ca3a8ea -> fd3ea90bde2894a0f0de9ba2a9ee1175
  custom:scripting/monoscript/fileName/ReflectionUtility.cs: 058ada316ffb2af4349828c12d73f05f -> 12b2c0079659a56c89e37a6035957749
  custom:scripting/monoscript/fileName/SparseArray.cs: e0a51e584485b56d9971a06b4f70ecb4 -> a53f96815da50de15010b1c479bc70cf
  custom:scripting/monoscript/fileName/MetaNameAttribute.cs: b18e144d46cb3e237061620a54a5c5b3 -> 5e226a78b91fbab58bf42b88813abd57
  custom:scripting/monoscript/fileName/Worlds.cs: 2095c64d03c345b28301088b270fc226 -> a519624c388a13e47405c0a2dabe03d9
  custom:scripting/monoscript/fileName/TypeMeta.cs: d699924ce717772f7c2cd77e38d71192 -> 24f705c5cf4437ab23e98a5be362a486
  custom:scripting/monoscript/fileName/BaseProcesses.cs: 80e3d614c7158c082908397fef1e317d -> 0a3575435ba216831ce2d6aa80f68677
  custom:scripting/monoscript/fileName/ArraySortHalperX.cs: 34c6ff9cf0aa0d720e612550af5c5d26 -> 849ed7f5b11c9db237ef61b01c5a5104
  custom:scripting/monoscript/fileName/IdDispenser.cs: bef711bcf3a1c70877f3acc0d83f608a -> 6b91817103880c6300d5bbc0a80dee89
  custom:scripting/monoscript/fileName/UncheckedCoreUtility.cs: aa37da10340101a351c8f424e4a43f12 -> 09fccf4854a9f3d55ae4968719f5f130
  custom:scripting/monoscript/fileName/EcsWhereExecutor.cs: 8f6297df34271fdb1ce2d9607ec6261d -> 90647cc400823b41df847a6cbfc29026
  custom:scripting/monoscript/fileName/Exceptions.cs: e7350dd3f4b1c79c9fcc1da058ddd1dd -> 5a99b6c5dbdfe99f70e6110b9053674e
  custom:scripting/monoscript/fileName/EcsPipeline.cs: 20e3b45874106257d644cc4ae0f33185 -> 36e23495764e4bec4ffd55587fa9bce0
  custom:scripting/monoscript/fileName/Interfaces.cs: 681918feb06dbc142788871f8a6610d3 -> fc983f43e88a1e2383a87bd1535543fc
  custom:scripting/monoscript/fileName/UnsafeArray.cs: 34c6ff9cf0aa0d720e612550af5c5d26 -> 849ed7f5b11c9db237ef61b01c5a5104
  custom:video-encoder-webm-vp8: eb34c28f22e8b96e1ab97ce403110664 -> 
  custom:audio-decoder-ogg-vorbis: bf7c407c2cedff20999df2af8eb42d56 -> 
  custom:scripting/monoscript/fileName/Aspects.cs: 1bb7690008a48009fa7704e7d80ce115 -> 5d6713079a073ac4c50170617f2cbbdd
  custom:scripting/monoscript/fileName/EcsGroup.cs: d28e68a8e3335e3ff75090b24d219185 -> 07228ccef216f15bc3f56e47b32f26f0
  custom:scripting/monoscript/fileName/InjectionNode.cs: a7d92609dd9cfc813f9dccdefcda74cf -> 7d6c6f255293ac7ab881de6eb1e69df7
  custom:audio-encoder-webm-vorbis: bf7c407c2cedff20999df2af8eb42d56 -> 
  custom:scripting/monoscript/fileName/EcsDebug.cs: ad23832bbeaf496a3eba629cd3080a70 -> 8eea15508cf5695757b725dea1725cc6
  custom:scripting/monoscript/fileName/EcsWorld.static.cs: f85c16838859d07970713c1de49a3eef -> ee995408255e09566032e690e1f3317f
  custom:scripting/monoscript/fileName/EcsSpan.cs: 15f074769c3fa58382bc0456b3014117 -> 5396e8906f65d637e3c12326ff4a7ea8
  custom:scripting/monoscript/fileName/IConfigContainer.cs: ee47ea4eb3954f388b1065d58a23985a -> 30fa438da5de3948b7e37a4c6c6e4b4f
  custom:scripting/monoscript/fileName/EcsPipelineExtensions.cs: 597578e060d6d93abc2e740705b386d0 -> 1fbf402bff11f45c5350e88723859228
  custom:scripting/monoscript/fileName/EcsPool.cs: 40748e41624ef0b0c2cadcd56b76135d -> a404ad22ede0b7d8f576df1bedbf538c
  custom:scripting/precompiled-assembly-types:Assembly-CSharp: 8435028061c095cf214df896a177a378 -> fe1f0beb764a7a3c5a0667557268a853
  custom:scripting/monoscript/fileName/GameFieldGeneratedPlaneAlgorithmAudioConfig.cs: dd76a1cfcc30cf141d185d00260c3c11 -> 
========================================================================
Received Prepare
Caller must complete domain reload
Begin MonoManager ReloadAssembly
- Loaded All Assemblies, in  2.230 seconds
Native extension for WindowsStandalone target not found
Native extension for Android target not found
Native extension for WebGL target not found
[Package Manager] Server::EnsureServerProcessIsRunning -- launch failed, reason: Unity was launched with the -noUpm command-line argument
[Package Manager] UpmClient::Send -- Unable to send message (not connected to UPM process).
[Package Manager] Cannot connect to Unity Package Manager local server
Mono: successfully reloaded assembly
[Package Manager] Server::EnsureServerProcessIsRunning -- launch failed, reason: Unity was launched with the -noUpm command-line argument
[Package Manager] UpmClient::Send -- Unable to send message (not connected to UPM process).
[Package Manager] Cannot connect to Unity Package Manager local server
- Finished resetting the current domain, in  6.527 seconds
Domain Reload Profiling: 8777ms
	BeginReloadAssembly (350ms)
		ExecutionOrderSort (0ms)
		DisableScriptedObjects (24ms)
		BackupInstance (0ms)
		ReleaseScriptingObjects (1ms)
		CreateAndSetChildDomain (127ms)
	RebuildCommonClasses (59ms)
	RebuildNativeTypeToScriptingClass (15ms)
	initialDomainReloadingComplete (59ms)
	LoadAllAssembliesAndSetupDomain (1756ms)
		LoadAssemblies (1520ms)
		RebuildTransferFunctionScriptingTraits (0ms)
		AnalyzeDomain (371ms)
			TypeCache.Refresh (144ms)
				TypeCache.ScanAssembly (14ms)
			ScanForSourceGeneratedMonoScriptInfo (129ms)
			ResolveRequiredComponents (97ms)
	FinalizeReload (6538ms)
		ReleaseScriptCaches (0ms)
		RebuildScriptCaches (0ms)
		SetupLoadedEditorAssemblies (2817ms)
			LogAssemblyErrors (0ms)
			InitializePlatformSupportModulesInManaged (129ms)
			SetLoadedEditorAssemblies (24ms)
			RefreshPlugins (0ms)
			BeforeProcessingInitializeOnLoad (139ms)
			ProcessInitializeOnLoadAttributes (1875ms)
			ProcessInitializeOnLoadMethodAttributes (638ms)
			AfterProcessingInitializeOnLoad (5ms)
			EditorAssembliesLoaded (6ms)
		ExecutionOrderSort2 (3ms)
		AwakeInstancesAfterBackupRestoration (16ms)
Refreshing native plugins compatible for Editor in 21.97 ms, found 3 plugins.
Preloading 0 native plugins for Editor in 0.00 ms.
Unloading 4335 Unused Serialized files (Serialized files now loaded: 0)
Unloading 31 unused Assets / (66.2 KB). Loaded Objects now: 5100.
Memory consumption went from 190.5 MB to 190.4 MB.
Total: 43.092600 ms (FindLiveObjects: 6.313300 ms CreateObjectMapping: 0.360900 ms MarkObjects: 33.717200 ms  DeleteObjects: 2.699300 ms)

Prepare: number of updated asset objects reloaded= 0
AssetImportParameters requested are different than current active one (requested -> active):
  custom:scripting/monoscript/fileName/EcsPoolBase.cs: 31ac56193ae6d54339748acda32ec94d -> 13578c1186811575128a81ef58458158
  custom:container-demuxer-ogg: 62fdf1f143b41e24485cea50d1cbac27 -> 
  custom:scripting/monoscript/fileName/EcsWorld.cs: 22c9529b696807804c45b49aecb240e4 -> b5398d9e0d6d44b0656dfb9e069bdcb7
  custom:scripting/monoscript/fileName/EcsRunner.cs: 888da8f511430c4063b6409b3d58672b -> 71d2a3bda53ca5b6050345a489bc2623
  custom:scripting/monoscript/fileName/Injector.cs: 497aaabc2940aa3aa01d252fd8a0c47b -> 1c175fcff5ec2c8fc7a965114f3f7d7d
  custom:scripting/monoscript/fileName/EcsWorld.cache.cs: 6b1449c23a40962b50a2e08eb04ae9e6 -> 6f387c7e66db371630ef2a0a5fc22850
  custom:scripting/monoscript/fileName/InjectionBranch.cs: 4279a377faef040bb62fb4a633533f04 -> 7d84b04d553f6e4071360c20ba45080a
  custom:video-decoder-ogg-theora: a1e56fd34408186e4bbccfd4996cb3dc -> 
  custom:scripting/monoscript/fileName/EcsAspect.cs: 379ac680ffd19ab4b9f61502a7a6eff8 -> 226bdda0feb135d8ad2f56ec6d899a1d
  custom:framework-win-MediaFoundation: 216162199b28c13a410421893ffa2e32 -> 
  custom:scripting/monoscript/fileName/entlong.cs: fb737a2ecf18e5cd642c1cb50dfe46b8 -> de9b060f0b3358bb6a05d89bc42f0791
  custom:scripting/monoscript/fileName/MetaTagsAttribute.cs: f816c95d973588aac5587e0cf7b12543 -> 48654cba762b6d27f4b1d46fcf914471
  custom:scripting/monoscript/fileName/GameFieldGeneratedPlaneAlgorithmMarker.cs: 505be8ba7cc43f00ae1cc5b5ce71b559 -> 
  custom:scripting/monoscript/fileName/MetaGroupAttribute.cs: f6b3a56866565312640e6eda2030408e -> 41562d763411caf327dc60de94f75855
  custom:scripting/monoscript/fileName/BitsUtility.cs: 9d0da9e734b986fb4c879c4d944d8b14 -> c92cf35016096013ce0c38bf263e4405
  custom:CustomObjectIndexerAttribute: 9a22284fe3817be447336de3de66b15e -> 
  custom:scripting/monoscript/fileName/EcsWhereToGroupExecutor.cs: 8f6297df34271fdb1ce2d9607ec6261d -> 90647cc400823b41df847a6cbfc29026
  custom:scripting/monoscript/fileName/AnimalCreationChainStrategySystem.cs: ecbd11dd0c336ecf9f8575e3e4d3ece0 -> c0e686f4717d71e12954b8f0f3a26a06
  custom:scripting/monoscript/fileName/EcsWorld.pools.cs: 47beb563def6082bb4ad79bf75bb6a66 -> 2c8c92e9dae1546ac82eb30ddc32f89b
  custom:container-demuxer-webm: 4f35f7cbe854078d1ac9338744f61a02 -> 
  custom:scripting/monoscript/fileName/EcsTagPool.cs: d63c9283c9f0dc9a65cfcb4d6f3f406e -> 292012435f767377dfa5c5d9463011fc
  custom:scripting/monoscript/fileName/Queries.cs: 7ec416f24bbc2b3f63ed5485791e3250 -> 58afa85ab125f099ef201a63b191b316
  custom:scripting/monoscript/fileName/ArrayUtility.cs: b8c011a6edd79b211f0955ed46d60df1 -> 7ba2d4a9c78178d723b9d885f5f1af2e
  custom:scripting/monoscript/fileName/ITemplateNode.cs: cd6fd998d6867619a5c48da87fcf5a14 -> f5da816ed0ca7c34ef03789101f9d2a7
  custom:scripting/monoscript/fileName/PurchaseAnimalTag.cs: 8f794ad5afbe806dfef508ff0dc3725b -> 
  custom:scripting/monoscript/fileName/MetaDescriptionAttribute.cs: e311fd002cc0dc6e7dfd746e1f56fa4d -> db593401a601951b4b3fe210d2e6ac30
  custom:scripting/monoscript/fileName/EcsQueryExecutor.cs: cb7218d8ec00ef6dcd4958fea7556d82 -> 92321aad84d8490e6222233ad957067f
  custom:scripting/monoscript/fileName/IEcsTypeMetaProvider.cs: e76830a8fd8170d850ac464a370b8916 -> 03184fa6c59932ed538cbd8addf6fe48
  custom:scripting/monoscript/fileName/DataInterfaces.cs: 40735d631d366c73ff47fb097c329025 -> 4a32470493a767702519176ca1433fe7
  custom:scripting/monoscript/fileName/MetaColorAttribute.cs: 8a7fbcfd4a3ecc0628d8afb69765dc7d -> b291fc4e51b18e37e62b8c2cd9aedc86
  custom:scripting/monoscript/fileName/EcsDebugUtility.cs: 2be076fcf1f1c707a9eaee7da01b5c57 -> e6bcd67ac51126e8c5afedefba8d71da
  custom:scripting/monoscript/fileName/Consts.cs: 6eb20adfff3eee69e75faf4b73a2ddd6 -> a82fb62194155ef6154e1bce01fd9ff8
  custom:container-muxer-webm: aa71ff27fc2769a1b78a27578f13a17b -> 
  custom:video-decoder-webm-vp8: 9c59270c3fd7afecdb556c50c9e8de78 -> 
  custom:scripting/monoscript/fileName/EcsMask.cs: c7032164440c4d6e79eaef7871e350a0 -> 71a9ebdefefd85f00a63f4791a1ea3d1
  custom:scripting/monoscript/fileName/EcsTypeCode.cs: 10f78a56829fa79a2c926bb06b832e7c -> 51c186a230106c5e5caae5f4debb522f
  custom:SearchIndexIgnoredProperties: e643bd26f0fe6173181afceb89e7c659 -> 
  custom:AudioImporter_EditorPlatform: d09bf68614088b80899f8185d706f6e7 -> 
  custom:scripting/monoscript/fileName/EcsMetaAttribute.cs: 4681b49ca5ea899cb64dfc809ca3a8ea -> fd3ea90bde2894a0f0de9ba2a9ee1175
  custom:scripting/monoscript/fileName/ReflectionUtility.cs: 058ada316ffb2af4349828c12d73f05f -> 12b2c0079659a56c89e37a6035957749
  custom:scripting/monoscript/fileName/SparseArray.cs: e0a51e584485b56d9971a06b4f70ecb4 -> a53f96815da50de15010b1c479bc70cf
  custom:scripting/monoscript/fileName/MetaNameAttribute.cs: b18e144d46cb3e237061620a54a5c5b3 -> 5e226a78b91fbab58bf42b88813abd57
  custom:scripting/monoscript/fileName/Worlds.cs: 2095c64d03c345b28301088b270fc226 -> a519624c388a13e47405c0a2dabe03d9
  custom:scripting/monoscript/fileName/TypeMeta.cs: d699924ce717772f7c2cd77e38d71192 -> 24f705c5cf4437ab23e98a5be362a486
  custom:scripting/monoscript/fileName/BaseProcesses.cs: 80e3d614c7158c082908397fef1e317d -> 0a3575435ba216831ce2d6aa80f68677
  custom:scripting/monoscript/fileName/ArraySortHalperX.cs: 34c6ff9cf0aa0d720e612550af5c5d26 -> 849ed7f5b11c9db237ef61b01c5a5104
  custom:scripting/monoscript/fileName/IdDispenser.cs: bef711bcf3a1c70877f3acc0d83f608a -> 6b91817103880c6300d5bbc0a80dee89
  custom:scripting/monoscript/fileName/UncheckedCoreUtility.cs: aa37da10340101a351c8f424e4a43f12 -> 09fccf4854a9f3d55ae4968719f5f130
  custom:scripting/monoscript/fileName/EcsWhereExecutor.cs: 8f6297df34271fdb1ce2d9607ec6261d -> 90647cc400823b41df847a6cbfc29026
  custom:scripting/monoscript/fileName/Exceptions.cs: e7350dd3f4b1c79c9fcc1da058ddd1dd -> 5a99b6c5dbdfe99f70e6110b9053674e
  custom:scripting/monoscript/fileName/EcsPipeline.cs: 20e3b45874106257d644cc4ae0f33185 -> 36e23495764e4bec4ffd55587fa9bce0
  custom:scripting/monoscript/fileName/Interfaces.cs: 681918feb06dbc142788871f8a6610d3 -> fc983f43e88a1e2383a87bd1535543fc
  custom:scripting/monoscript/fileName/UnsafeArray.cs: 34c6ff9cf0aa0d720e612550af5c5d26 -> 849ed7f5b11c9db237ef61b01c5a5104
  custom:video-encoder-webm-vp8: eb34c28f22e8b96e1ab97ce403110664 -> 
  custom:audio-decoder-ogg-vorbis: bf7c407c2cedff20999df2af8eb42d56 -> 
  custom:scripting/monoscript/fileName/Aspects.cs: 1bb7690008a48009fa7704e7d80ce115 -> 5d6713079a073ac4c50170617f2cbbdd
  custom:scripting/monoscript/fileName/EcsGroup.cs: d28e68a8e3335e3ff75090b24d219185 -> 07228ccef216f15bc3f56e47b32f26f0
  custom:scripting/monoscript/fileName/InjectionNode.cs: a7d92609dd9cfc813f9dccdefcda74cf -> 7d6c6f255293ac7ab881de6eb1e69df7
  custom:audio-encoder-webm-vorbis: bf7c407c2cedff20999df2af8eb42d56 -> 
  custom:scripting/monoscript/fileName/EcsDebug.cs: ad23832bbeaf496a3eba629cd3080a70 -> 8eea15508cf5695757b725dea1725cc6
  custom:scripting/monoscript/fileName/EcsWorld.static.cs: f85c16838859d07970713c1de49a3eef -> ee995408255e09566032e690e1f3317f
  custom:scripting/monoscript/fileName/EcsSpan.cs: 15f074769c3fa58382bc0456b3014117 -> 5396e8906f65d637e3c12326ff4a7ea8
  custom:scripting/monoscript/fileName/IConfigContainer.cs: ee47ea4eb3954f388b1065d58a23985a -> 30fa438da5de3948b7e37a4c6c6e4b4f
  custom:scripting/monoscript/fileName/EcsPipelineExtensions.cs: 597578e060d6d93abc2e740705b386d0 -> 1fbf402bff11f45c5350e88723859228
  custom:scripting/monoscript/fileName/EcsPool.cs: 40748e41624ef0b0c2cadcd56b76135d -> a404ad22ede0b7d8f576df1bedbf538c
  custom:scripting/precompiled-assembly-types:Assembly-CSharp: 8435028061c095cf214df896a177a378 -> fe1f0beb764a7a3c5a0667557268a853
  custom:scripting/monoscript/fileName/GameFieldGeneratedPlaneAlgorithmAudioConfig.cs: dd76a1cfcc30cf141d185d00260c3c11 -> 
========================================================================
Received Prepare
Caller must complete domain reload
Begin MonoManager ReloadAssembly
- Loaded All Assemblies, in  3.810 seconds
Native extension for WindowsStandalone target not found
Native extension for Android target not found
Native extension for WebGL target not found
[Package Manager] Server::EnsureServerProcessIsRunning -- launch failed, reason: Unity was launched with the -noUpm command-line argument
[Package Manager] UpmClient::Send -- Unable to send message (not connected to UPM process).
[Package Manager] Cannot connect to Unity Package Manager local server
Mono: successfully reloaded assembly
[Package Manager] Server::EnsureServerProcessIsRunning -- launch failed, reason: Unity was launched with the -noUpm command-line argument
[Package Manager] UpmClient::Send -- Unable to send message (not connected to UPM process).
[Package Manager] Cannot connect to Unity Package Manager local server
- Finished resetting the current domain, in  2.742 seconds
Domain Reload Profiling: 6592ms
	BeginReloadAssembly (978ms)
		ExecutionOrderSort (0ms)
		DisableScriptedObjects (14ms)
		BackupInstance (0ms)
		ReleaseScriptingObjects (4ms)
		CreateAndSetChildDomain (466ms)
	RebuildCommonClasses (63ms)
	RebuildNativeTypeToScriptingClass (14ms)
	initialDomainReloadingComplete (102ms)
	LoadAllAssembliesAndSetupDomain (2690ms)
		LoadAssemblies (2793ms)
		RebuildTransferFunctionScriptingTraits (0ms)
		AnalyzeDomain (260ms)
			TypeCache.Refresh (179ms)
				TypeCache.ScanAssembly (36ms)
			ScanForSourceGeneratedMonoScriptInfo (42ms)
			ResolveRequiredComponents (35ms)
	FinalizeReload (2746ms)
		ReleaseScriptCaches (0ms)
		RebuildScriptCaches (0ms)
		SetupLoadedEditorAssemblies (1293ms)
			LogAssemblyErrors (0ms)
			InitializePlatformSupportModulesInManaged (111ms)
			SetLoadedEditorAssemblies (9ms)
			RefreshPlugins (0ms)
			BeforeProcessingInitializeOnLoad (235ms)
			ProcessInitializeOnLoadAttributes (594ms)
			ProcessInitializeOnLoadMethodAttributes (340ms)
			AfterProcessingInitializeOnLoad (3ms)
			EditorAssembliesLoaded (2ms)
		ExecutionOrderSort2 (0ms)
		AwakeInstancesAfterBackupRestoration (8ms)
Refreshing native plugins compatible for Editor in 15.01 ms, found 3 plugins.
Preloading 0 native plugins for Editor in 0.00 ms.
Unloading 4335 Unused Serialized files (Serialized files now loaded: 0)
Unloading 31 unused Assets / (66.3 KB). Loaded Objects now: 5103.
Memory consumption went from 190.5 MB to 190.4 MB.
Total: 22.310400 ms (FindLiveObjects: 0.785900 ms CreateObjectMapping: 0.115200 ms MarkObjects: 20.878500 ms  DeleteObjects: 0.529000 ms)

Prepare: number of updated asset objects reloaded= 0
AssetImportParameters requested are different than current active one (requested -> active):
  custom:scripting/monoscript/fileName/EcsPoolBase.cs: 31ac56193ae6d54339748acda32ec94d -> 13578c1186811575128a81ef58458158
  custom:container-demuxer-ogg: 62fdf1f143b41e24485cea50d1cbac27 -> 
  custom:scripting/monoscript/fileName/EcsWorld.cs: 22c9529b696807804c45b49aecb240e4 -> b5398d9e0d6d44b0656dfb9e069bdcb7
  custom:scripting/monoscript/fileName/EcsRunner.cs: 888da8f511430c4063b6409b3d58672b -> 71d2a3bda53ca5b6050345a489bc2623
  custom:scripting/monoscript/fileName/Injector.cs: 497aaabc2940aa3aa01d252fd8a0c47b -> 1c175fcff5ec2c8fc7a965114f3f7d7d
  custom:scripting/monoscript/fileName/EcsWorld.cache.cs: 6b1449c23a40962b50a2e08eb04ae9e6 -> 6f387c7e66db371630ef2a0a5fc22850
  custom:scripting/monoscript/fileName/InjectionBranch.cs: 4279a377faef040bb62fb4a633533f04 -> 7d84b04d553f6e4071360c20ba45080a
  custom:video-decoder-ogg-theora: a1e56fd34408186e4bbccfd4996cb3dc -> 
  custom:scripting/monoscript/fileName/EcsAspect.cs: 379ac680ffd19ab4b9f61502a7a6eff8 -> 226bdda0feb135d8ad2f56ec6d899a1d
  custom:framework-win-MediaFoundation: 216162199b28c13a410421893ffa2e32 -> 
  custom:scripting/monoscript/fileName/entlong.cs: fb737a2ecf18e5cd642c1cb50dfe46b8 -> de9b060f0b3358bb6a05d89bc42f0791
  custom:scripting/monoscript/fileName/MetaTagsAttribute.cs: f816c95d973588aac5587e0cf7b12543 -> 48654cba762b6d27f4b1d46fcf914471
  custom:scripting/monoscript/fileName/GameFieldGeneratedPlaneAlgorithmMarker.cs: 505be8ba7cc43f00ae1cc5b5ce71b559 -> 
  custom:scripting/monoscript/fileName/MetaGroupAttribute.cs: f6b3a56866565312640e6eda2030408e -> 41562d763411caf327dc60de94f75855
  custom:scripting/monoscript/fileName/BitsUtility.cs: 9d0da9e734b986fb4c879c4d944d8b14 -> c92cf35016096013ce0c38bf263e4405
  custom:CustomObjectIndexerAttribute: 9a22284fe3817be447336de3de66b15e -> 
  custom:scripting/monoscript/fileName/EcsWhereToGroupExecutor.cs: 8f6297df34271fdb1ce2d9607ec6261d -> 90647cc400823b41df847a6cbfc29026
  custom:scripting/monoscript/fileName/AnimalCreationChainStrategySystem.cs: ecbd11dd0c336ecf9f8575e3e4d3ece0 -> c0e686f4717d71e12954b8f0f3a26a06
  custom:scripting/monoscript/fileName/EcsWorld.pools.cs: 47beb563def6082bb4ad79bf75bb6a66 -> 2c8c92e9dae1546ac82eb30ddc32f89b
  custom:container-demuxer-webm: 4f35f7cbe854078d1ac9338744f61a02 -> 
  custom:scripting/monoscript/fileName/EcsTagPool.cs: d63c9283c9f0dc9a65cfcb4d6f3f406e -> 292012435f767377dfa5c5d9463011fc
  custom:scripting/monoscript/fileName/Queries.cs: 7ec416f24bbc2b3f63ed5485791e3250 -> 58afa85ab125f099ef201a63b191b316
  custom:scripting/monoscript/fileName/ArrayUtility.cs: b8c011a6edd79b211f0955ed46d60df1 -> 7ba2d4a9c78178d723b9d885f5f1af2e
  custom:scripting/monoscript/fileName/ITemplateNode.cs: cd6fd998d6867619a5c48da87fcf5a14 -> f5da816ed0ca7c34ef03789101f9d2a7
  custom:scripting/monoscript/fileName/PurchaseAnimalTag.cs: 8f794ad5afbe806dfef508ff0dc3725b -> 
  custom:scripting/monoscript/fileName/MetaDescriptionAttribute.cs: e311fd002cc0dc6e7dfd746e1f56fa4d -> db593401a601951b4b3fe210d2e6ac30
  custom:scripting/monoscript/fileName/EcsQueryExecutor.cs: cb7218d8ec00ef6dcd4958fea7556d82 -> 92321aad84d8490e6222233ad957067f
  custom:scripting/monoscript/fileName/IEcsTypeMetaProvider.cs: e76830a8fd8170d850ac464a370b8916 -> 03184fa6c59932ed538cbd8addf6fe48
  custom:scripting/monoscript/fileName/DataInterfaces.cs: 40735d631d366c73ff47fb097c329025 -> 4a32470493a767702519176ca1433fe7
  custom:scripting/monoscript/fileName/MetaColorAttribute.cs: 8a7fbcfd4a3ecc0628d8afb69765dc7d -> b291fc4e51b18e37e62b8c2cd9aedc86
  custom:scripting/monoscript/fileName/EcsDebugUtility.cs: 2be076fcf1f1c707a9eaee7da01b5c57 -> e6bcd67ac51126e8c5afedefba8d71da
  custom:scripting/monoscript/fileName/Consts.cs: 6eb20adfff3eee69e75faf4b73a2ddd6 -> a82fb62194155ef6154e1bce01fd9ff8
  custom:container-muxer-webm: aa71ff27fc2769a1b78a27578f13a17b -> 
  custom:video-decoder-webm-vp8: 9c59270c3fd7afecdb556c50c9e8de78 -> 
  custom:scripting/monoscript/fileName/EcsMask.cs: c7032164440c4d6e79eaef7871e350a0 -> 71a9ebdefefd85f00a63f4791a1ea3d1
  custom:scripting/monoscript/fileName/EcsTypeCode.cs: 10f78a56829fa79a2c926bb06b832e7c -> 51c186a230106c5e5caae5f4debb522f
  custom:SearchIndexIgnoredProperties: e643bd26f0fe6173181afceb89e7c659 -> 
  custom:AudioImporter_EditorPlatform: d09bf68614088b80899f8185d706f6e7 -> 
  custom:scripting/monoscript/fileName/EcsMetaAttribute.cs: 4681b49ca5ea899cb64dfc809ca3a8ea -> fd3ea90bde2894a0f0de9ba2a9ee1175
  custom:scripting/monoscript/fileName/ReflectionUtility.cs: 058ada316ffb2af4349828c12d73f05f -> 12b2c0079659a56c89e37a6035957749
  custom:scripting/monoscript/fileName/SparseArray.cs: e0a51e584485b56d9971a06b4f70ecb4 -> a53f96815da50de15010b1c479bc70cf
  custom:scripting/monoscript/fileName/MetaNameAttribute.cs: b18e144d46cb3e237061620a54a5c5b3 -> 5e226a78b91fbab58bf42b88813abd57
  custom:scripting/monoscript/fileName/Worlds.cs: 2095c64d03c345b28301088b270fc226 -> a519624c388a13e47405c0a2dabe03d9
  custom:scripting/monoscript/fileName/TypeMeta.cs: d699924ce717772f7c2cd77e38d71192 -> 24f705c5cf4437ab23e98a5be362a486
  custom:scripting/monoscript/fileName/BaseProcesses.cs: 80e3d614c7158c082908397fef1e317d -> 0a3575435ba216831ce2d6aa80f68677
  custom:scripting/monoscript/fileName/ArraySortHalperX.cs: 34c6ff9cf0aa0d720e612550af5c5d26 -> 849ed7f5b11c9db237ef61b01c5a5104
  custom:scripting/monoscript/fileName/IdDispenser.cs: bef711bcf3a1c70877f3acc0d83f608a -> 6b91817103880c6300d5bbc0a80dee89
  custom:scripting/monoscript/fileName/UncheckedCoreUtility.cs: aa37da10340101a351c8f424e4a43f12 -> 09fccf4854a9f3d55ae4968719f5f130
  custom:scripting/monoscript/fileName/EcsWhereExecutor.cs: 8f6297df34271fdb1ce2d9607ec6261d -> 90647cc400823b41df847a6cbfc29026
  custom:scripting/monoscript/fileName/Exceptions.cs: e7350dd3f4b1c79c9fcc1da058ddd1dd -> 5a99b6c5dbdfe99f70e6110b9053674e
  custom:scripting/monoscript/fileName/EcsPipeline.cs: 20e3b45874106257d644cc4ae0f33185 -> 36e23495764e4bec4ffd55587fa9bce0
  custom:scripting/monoscript/fileName/Interfaces.cs: 681918feb06dbc142788871f8a6610d3 -> fc983f43e88a1e2383a87bd1535543fc
  custom:scripting/monoscript/fileName/UnsafeArray.cs: 34c6ff9cf0aa0d720e612550af5c5d26 -> 849ed7f5b11c9db237ef61b01c5a5104
  custom:video-encoder-webm-vp8: eb34c28f22e8b96e1ab97ce403110664 -> 
  custom:audio-decoder-ogg-vorbis: bf7c407c2cedff20999df2af8eb42d56 -> 
  custom:scripting/monoscript/fileName/Aspects.cs: 1bb7690008a48009fa7704e7d80ce115 -> 5d6713079a073ac4c50170617f2cbbdd
  custom:scripting/monoscript/fileName/EcsGroup.cs: d28e68a8e3335e3ff75090b24d219185 -> 07228ccef216f15bc3f56e47b32f26f0
  custom:scripting/monoscript/fileName/InjectionNode.cs: a7d92609dd9cfc813f9dccdefcda74cf -> 7d6c6f255293ac7ab881de6eb1e69df7
  custom:audio-encoder-webm-vorbis: bf7c407c2cedff20999df2af8eb42d56 -> 
  custom:scripting/monoscript/fileName/EcsDebug.cs: ad23832bbeaf496a3eba629cd3080a70 -> 8eea15508cf5695757b725dea1725cc6
  custom:scripting/monoscript/fileName/EcsWorld.static.cs: f85c16838859d07970713c1de49a3eef -> ee995408255e09566032e690e1f3317f
  custom:scripting/monoscript/fileName/EcsSpan.cs: 15f074769c3fa58382bc0456b3014117 -> 5396e8906f65d637e3c12326ff4a7ea8
  custom:scripting/monoscript/fileName/IConfigContainer.cs: ee47ea4eb3954f388b1065d58a23985a -> 30fa438da5de3948b7e37a4c6c6e4b4f
  custom:scripting/monoscript/fileName/EcsPipelineExtensions.cs: 597578e060d6d93abc2e740705b386d0 -> 1fbf402bff11f45c5350e88723859228
  custom:scripting/monoscript/fileName/EcsPool.cs: 40748e41624ef0b0c2cadcd56b76135d -> a404ad22ede0b7d8f576df1bedbf538c
  custom:scripting/precompiled-assembly-types:Assembly-CSharp: 8435028061c095cf214df896a177a378 -> fe1f0beb764a7a3c5a0667557268a853
  custom:scripting/monoscript/fileName/GameFieldGeneratedPlaneAlgorithmAudioConfig.cs: dd76a1cfcc30cf141d185d00260c3c11 -> 
========================================================================
Received Prepare
Caller must complete domain reload
Begin MonoManager ReloadAssembly
- Loaded All Assemblies, in  3.407 seconds
Native extension for WindowsStandalone target not found
Native extension for Android target not found
Native extension for WebGL target not found
[Package Manager] Server::EnsureServerProcessIsRunning -- launch failed, reason: Unity was launched with the -noUpm command-line argument
[Package Manager] UpmClient::Send -- Unable to send message (not connected to UPM process).
[Package Manager] Cannot connect to Unity Package Manager local server
Mono: successfully reloaded assembly
[Package Manager] Server::EnsureServerProcessIsRunning -- launch failed, reason: Unity was launched with the -noUpm command-line argument
[Package Manager] UpmClient::Send -- Unable to send message (not connected to UPM process).
[Package Manager] Cannot connect to Unity Package Manager local server
- Finished resetting the current domain, in  2.678 seconds
Domain Reload Profiling: 6090ms
	BeginReloadAssembly (1185ms)
		ExecutionOrderSort (0ms)
		DisableScriptedObjects (54ms)
		BackupInstance (0ms)
		ReleaseScriptingObjects (2ms)
		CreateAndSetChildDomain (612ms)
	RebuildCommonClasses (46ms)
	RebuildNativeTypeToScriptingClass (11ms)
	initialDomainReloadingComplete (70ms)
	LoadAllAssembliesAndSetupDomain (2100ms)
		LoadAssemblies (2278ms)
		RebuildTransferFunctionScriptingTraits (0ms)
		AnalyzeDomain (129ms)
			TypeCache.Refresh (71ms)
				TypeCache.ScanAssembly (8ms)
			ScanForSourceGeneratedMonoScriptInfo (29ms)
			ResolveRequiredComponents (27ms)
	FinalizeReload (2678ms)
		ReleaseScriptCaches (0ms)
		RebuildScriptCaches (0ms)
		SetupLoadedEditorAssemblies (915ms)
			LogAssemblyErrors (0ms)
			InitializePlatformSupportModulesInManaged (48ms)
			SetLoadedEditorAssemblies (6ms)
			RefreshPlugins (0ms)
			BeforeProcessingInitializeOnLoad (110ms)
			ProcessInitializeOnLoadAttributes (445ms)
			ProcessInitializeOnLoadMethodAttributes (303ms)
			AfterProcessingInitializeOnLoad (3ms)
			EditorAssembliesLoaded (1ms)
		ExecutionOrderSort2 (0ms)
		AwakeInstancesAfterBackupRestoration (5ms)
Refreshing native plugins compatible for Editor in 17.18 ms, found 3 plugins.
Preloading 0 native plugins for Editor in 0.00 ms.
Unloading 4335 Unused Serialized files (Serialized files now loaded: 0)
Unloading 31 unused Assets / (66.3 KB). Loaded Objects now: 5106.
Memory consumption went from 190.5 MB to 190.4 MB.
Total: 35.140400 ms (FindLiveObjects: 1.864400 ms CreateObjectMapping: 0.201900 ms MarkObjects: 32.308300 ms  DeleteObjects: 0.764400 ms)

Prepare: number of updated asset objects reloaded= 0
AssetImportParameters requested are different than current active one (requested -> active):
  custom:scripting/monoscript/fileName/EcsPoolBase.cs: 31ac56193ae6d54339748acda32ec94d -> 13578c1186811575128a81ef58458158
  custom:container-demuxer-ogg: 62fdf1f143b41e24485cea50d1cbac27 -> 
  custom:scripting/monoscript/fileName/EcsWorld.cs: 22c9529b696807804c45b49aecb240e4 -> b5398d9e0d6d44b0656dfb9e069bdcb7
  custom:scripting/monoscript/fileName/EcsRunner.cs: 888da8f511430c4063b6409b3d58672b -> 71d2a3bda53ca5b6050345a489bc2623
  custom:scripting/monoscript/fileName/Injector.cs: 497aaabc2940aa3aa01d252fd8a0c47b -> 1c175fcff5ec2c8fc7a965114f3f7d7d
  custom:scripting/monoscript/fileName/EcsWorld.cache.cs: 6b1449c23a40962b50a2e08eb04ae9e6 -> 6f387c7e66db371630ef2a0a5fc22850
  custom:scripting/monoscript/fileName/InjectionBranch.cs: 4279a377faef040bb62fb4a633533f04 -> 7d84b04d553f6e4071360c20ba45080a
  custom:video-decoder-ogg-theora: a1e56fd34408186e4bbccfd4996cb3dc -> 
  custom:scripting/monoscript/fileName/EcsAspect.cs: 379ac680ffd19ab4b9f61502a7a6eff8 -> 226bdda0feb135d8ad2f56ec6d899a1d
  custom:framework-win-MediaFoundation: 216162199b28c13a410421893ffa2e32 -> 
  custom:scripting/monoscript/fileName/entlong.cs: fb737a2ecf18e5cd642c1cb50dfe46b8 -> de9b060f0b3358bb6a05d89bc42f0791
  custom:scripting/monoscript/fileName/MetaTagsAttribute.cs: f816c95d973588aac5587e0cf7b12543 -> 48654cba762b6d27f4b1d46fcf914471
  custom:scripting/monoscript/fileName/GameFieldGeneratedPlaneAlgorithmMarker.cs: 505be8ba7cc43f00ae1cc5b5ce71b559 -> 
  custom:scripting/monoscript/fileName/MetaGroupAttribute.cs: f6b3a56866565312640e6eda2030408e -> 41562d763411caf327dc60de94f75855
  custom:scripting/monoscript/fileName/BitsUtility.cs: 9d0da9e734b986fb4c879c4d944d8b14 -> c92cf35016096013ce0c38bf263e4405
  custom:CustomObjectIndexerAttribute: 9a22284fe3817be447336de3de66b15e -> 
  custom:scripting/monoscript/fileName/EcsWhereToGroupExecutor.cs: 8f6297df34271fdb1ce2d9607ec6261d -> 90647cc400823b41df847a6cbfc29026
  custom:scripting/monoscript/fileName/AnimalCreationChainStrategySystem.cs: ecbd11dd0c336ecf9f8575e3e4d3ece0 -> c0e686f4717d71e12954b8f0f3a26a06
  custom:scripting/monoscript/fileName/EcsWorld.pools.cs: 47beb563def6082bb4ad79bf75bb6a66 -> 2c8c92e9dae1546ac82eb30ddc32f89b
  custom:container-demuxer-webm: 4f35f7cbe854078d1ac9338744f61a02 -> 
  custom:scripting/monoscript/fileName/EcsTagPool.cs: d63c9283c9f0dc9a65cfcb4d6f3f406e -> 292012435f767377dfa5c5d9463011fc
  custom:scripting/monoscript/fileName/Queries.cs: 7ec416f24bbc2b3f63ed5485791e3250 -> 58afa85ab125f099ef201a63b191b316
  custom:scripting/monoscript/fileName/ArrayUtility.cs: b8c011a6edd79b211f0955ed46d60df1 -> 7ba2d4a9c78178d723b9d885f5f1af2e
  custom:scripting/monoscript/fileName/ITemplateNode.cs: cd6fd998d6867619a5c48da87fcf5a14 -> f5da816ed0ca7c34ef03789101f9d2a7
  custom:scripting/monoscript/fileName/PurchaseAnimalTag.cs: 8f794ad5afbe806dfef508ff0dc3725b -> 
  custom:scripting/monoscript/fileName/MetaDescriptionAttribute.cs: e311fd002cc0dc6e7dfd746e1f56fa4d -> db593401a601951b4b3fe210d2e6ac30
  custom:scripting/monoscript/fileName/EcsQueryExecutor.cs: cb7218d8ec00ef6dcd4958fea7556d82 -> 92321aad84d8490e6222233ad957067f
  custom:scripting/monoscript/fileName/IEcsTypeMetaProvider.cs: e76830a8fd8170d850ac464a370b8916 -> 03184fa6c59932ed538cbd8addf6fe48
  custom:scripting/monoscript/fileName/DataInterfaces.cs: 40735d631d366c73ff47fb097c329025 -> 4a32470493a767702519176ca1433fe7
  custom:scripting/monoscript/fileName/MetaColorAttribute.cs: 8a7fbcfd4a3ecc0628d8afb69765dc7d -> b291fc4e51b18e37e62b8c2cd9aedc86
  custom:scripting/monoscript/fileName/EcsDebugUtility.cs: 2be076fcf1f1c707a9eaee7da01b5c57 -> e6bcd67ac51126e8c5afedefba8d71da
  custom:scripting/monoscript/fileName/Consts.cs: 6eb20adfff3eee69e75faf4b73a2ddd6 -> a82fb62194155ef6154e1bce01fd9ff8
  custom:container-muxer-webm: aa71ff27fc2769a1b78a27578f13a17b -> 
  custom:video-decoder-webm-vp8: 9c59270c3fd7afecdb556c50c9e8de78 -> 
  custom:scripting/monoscript/fileName/EcsMask.cs: c7032164440c4d6e79eaef7871e350a0 -> 71a9ebdefefd85f00a63f4791a1ea3d1
  custom:scripting/monoscript/fileName/EcsTypeCode.cs: 10f78a56829fa79a2c926bb06b832e7c -> 51c186a230106c5e5caae5f4debb522f
  custom:SearchIndexIgnoredProperties: e643bd26f0fe6173181afceb89e7c659 -> 
  custom:AudioImporter_EditorPlatform: d09bf68614088b80899f8185d706f6e7 -> 
  custom:scripting/monoscript/fileName/EcsMetaAttribute.cs: 4681b49ca5ea899cb64dfc809ca3a8ea -> fd3ea90bde2894a0f0de9ba2a9ee1175
  custom:scripting/monoscript/fileName/ReflectionUtility.cs: 058ada316ffb2af4349828c12d73f05f -> 12b2c0079659a56c89e37a6035957749
  custom:scripting/monoscript/fileName/SparseArray.cs: e0a51e584485b56d9971a06b4f70ecb4 -> a53f96815da50de15010b1c479bc70cf
  custom:scripting/monoscript/fileName/MetaNameAttribute.cs: b18e144d46cb3e237061620a54a5c5b3 -> 5e226a78b91fbab58bf42b88813abd57
  custom:scripting/monoscript/fileName/Worlds.cs: 2095c64d03c345b28301088b270fc226 -> a519624c388a13e47405c0a2dabe03d9
  custom:scripting/monoscript/fileName/TypeMeta.cs: d699924ce717772f7c2cd77e38d71192 -> 24f705c5cf4437ab23e98a5be362a486
  custom:scripting/monoscript/fileName/BaseProcesses.cs: 80e3d614c7158c082908397fef1e317d -> 0a3575435ba216831ce2d6aa80f68677
  custom:scripting/monoscript/fileName/ArraySortHalperX.cs: 34c6ff9cf0aa0d720e612550af5c5d26 -> 849ed7f5b11c9db237ef61b01c5a5104
  custom:scripting/monoscript/fileName/IdDispenser.cs: bef711bcf3a1c70877f3acc0d83f608a -> 6b91817103880c6300d5bbc0a80dee89
  custom:scripting/monoscript/fileName/UncheckedCoreUtility.cs: aa37da10340101a351c8f424e4a43f12 -> 09fccf4854a9f3d55ae4968719f5f130
  custom:scripting/monoscript/fileName/EcsWhereExecutor.cs: 8f6297df34271fdb1ce2d9607ec6261d -> 90647cc400823b41df847a6cbfc29026
  custom:scripting/monoscript/fileName/Exceptions.cs: e7350dd3f4b1c79c9fcc1da058ddd1dd -> 5a99b6c5dbdfe99f70e6110b9053674e
  custom:scripting/monoscript/fileName/EcsPipeline.cs: 20e3b45874106257d644cc4ae0f33185 -> 36e23495764e4bec4ffd55587fa9bce0
  custom:scripting/monoscript/fileName/Interfaces.cs: 681918feb06dbc142788871f8a6610d3 -> fc983f43e88a1e2383a87bd1535543fc
  custom:scripting/monoscript/fileName/UnsafeArray.cs: 34c6ff9cf0aa0d720e612550af5c5d26 -> 849ed7f5b11c9db237ef61b01c5a5104
  custom:video-encoder-webm-vp8: eb34c28f22e8b96e1ab97ce403110664 -> 
  custom:audio-decoder-ogg-vorbis: bf7c407c2cedff20999df2af8eb42d56 -> 
  custom:scripting/monoscript/fileName/Aspects.cs: 1bb7690008a48009fa7704e7d80ce115 -> 5d6713079a073ac4c50170617f2cbbdd
  custom:scripting/monoscript/fileName/EcsGroup.cs: d28e68a8e3335e3ff75090b24d219185 -> 07228ccef216f15bc3f56e47b32f26f0
  custom:scripting/monoscript/fileName/InjectionNode.cs: a7d92609dd9cfc813f9dccdefcda74cf -> 7d6c6f255293ac7ab881de6eb1e69df7
  custom:audio-encoder-webm-vorbis: bf7c407c2cedff20999df2af8eb42d56 -> 
  custom:scripting/monoscript/fileName/EcsDebug.cs: ad23832bbeaf496a3eba629cd3080a70 -> 8eea15508cf5695757b725dea1725cc6
  custom:scripting/monoscript/fileName/EcsWorld.static.cs: f85c16838859d07970713c1de49a3eef -> ee995408255e09566032e690e1f3317f
  custom:scripting/monoscript/fileName/EcsSpan.cs: 15f074769c3fa58382bc0456b3014117 -> 5396e8906f65d637e3c12326ff4a7ea8
  custom:scripting/monoscript/fileName/IConfigContainer.cs: ee47ea4eb3954f388b1065d58a23985a -> 30fa438da5de3948b7e37a4c6c6e4b4f
  custom:scripting/monoscript/fileName/EcsPipelineExtensions.cs: 597578e060d6d93abc2e740705b386d0 -> 1fbf402bff11f45c5350e88723859228
  custom:scripting/monoscript/fileName/EcsPool.cs: 40748e41624ef0b0c2cadcd56b76135d -> a404ad22ede0b7d8f576df1bedbf538c
  custom:scripting/precompiled-assembly-types:Assembly-CSharp: 8435028061c095cf214df896a177a378 -> fe1f0beb764a7a3c5a0667557268a853
  custom:scripting/monoscript/fileName/GameFieldGeneratedPlaneAlgorithmAudioConfig.cs: dd76a1cfcc30cf141d185d00260c3c11 -> 
========================================================================
Received Prepare
Caller must complete domain reload
Begin MonoManager ReloadAssembly
- Loaded All Assemblies, in  1.348 seconds
Native extension for WindowsStandalone target not found
Native extension for Android target not found
Native extension for WebGL target not found
[Package Manager] Server::EnsureServerProcessIsRunning -- launch failed, reason: Unity was launched with the -noUpm command-line argument
[Package Manager] UpmClient::Send -- Unable to send message (not connected to UPM process).
[Package Manager] Cannot connect to Unity Package Manager local server
Mono: successfully reloaded assembly
[Package Manager] Server::EnsureServerProcessIsRunning -- launch failed, reason: Unity was launched with the -noUpm command-line argument
[Package Manager] UpmClient::Send -- Unable to send message (not connected to UPM process).
[Package Manager] Cannot connect to Unity Package Manager local server
- Finished resetting the current domain, in  1.731 seconds
Domain Reload Profiling: 3081ms
	BeginReloadAssembly (283ms)
		ExecutionOrderSort (0ms)
		DisableScriptedObjects (7ms)
		BackupInstance (0ms)
		ReleaseScriptingObjects (1ms)
		CreateAndSetChildDomain (76ms)
	RebuildCommonClasses (34ms)
	RebuildNativeTypeToScriptingClass (10ms)
	initialDomainReloadingComplete (44ms)
	LoadAllAssembliesAndSetupDomain (978ms)
		LoadAssemblies (1056ms)
		RebuildTransferFunctionScriptingTraits (0ms)
		AnalyzeDomain (75ms)
			TypeCache.Refresh (38ms)
				TypeCache.ScanAssembly (5ms)
			ScanForSourceGeneratedMonoScriptInfo (14ms)
			ResolveRequiredComponents (22ms)
	FinalizeReload (1732ms)
		ReleaseScriptCaches (0ms)
		RebuildScriptCaches (0ms)
		SetupLoadedEditorAssemblies (1011ms)
			LogAssemblyErrors (0ms)
			InitializePlatformSupportModulesInManaged (47ms)
			SetLoadedEditorAssemblies (4ms)
			RefreshPlugins (0ms)
			BeforeProcessingInitializeOnLoad (81ms)
			ProcessInitializeOnLoadAttributes (399ms)
			ProcessInitializeOnLoadMethodAttributes (475ms)
			AfterProcessingInitializeOnLoad (3ms)
			EditorAssembliesLoaded (1ms)
		ExecutionOrderSort2 (0ms)
		AwakeInstancesAfterBackupRestoration (6ms)
Refreshing native plugins compatible for Editor in 23.33 ms, found 3 plugins.
Preloading 0 native plugins for Editor in 0.00 ms.
Unloading 4335 Unused Serialized files (Serialized files now loaded: 0)
Unloading 31 unused Assets / (66.2 KB). Loaded Objects now: 5109.
Memory consumption went from 190.5 MB to 190.4 MB.
Total: 31.547300 ms (FindLiveObjects: 1.930100 ms CreateObjectMapping: 0.703300 ms MarkObjects: 25.699600 ms  DeleteObjects: 2.959700 ms)

Prepare: number of updated asset objects reloaded= 0
AssetImportParameters requested are different than current active one (requested -> active):
  custom:scripting/monoscript/fileName/EcsPoolBase.cs: 31ac56193ae6d54339748acda32ec94d -> 13578c1186811575128a81ef58458158
  custom:container-demuxer-ogg: 62fdf1f143b41e24485cea50d1cbac27 -> 
  custom:scripting/monoscript/fileName/EcsWorld.cs: 22c9529b696807804c45b49aecb240e4 -> b5398d9e0d6d44b0656dfb9e069bdcb7
  custom:scripting/monoscript/fileName/EcsRunner.cs: 888da8f511430c4063b6409b3d58672b -> 71d2a3bda53ca5b6050345a489bc2623
  custom:scripting/monoscript/fileName/Injector.cs: 497aaabc2940aa3aa01d252fd8a0c47b -> 1c175fcff5ec2c8fc7a965114f3f7d7d
  custom:scripting/monoscript/fileName/EcsWorld.cache.cs: 6b1449c23a40962b50a2e08eb04ae9e6 -> 6f387c7e66db371630ef2a0a5fc22850
  custom:scripting/monoscript/fileName/InjectionBranch.cs: 4279a377faef040bb62fb4a633533f04 -> 7d84b04d553f6e4071360c20ba45080a
  custom:video-decoder-ogg-theora: a1e56fd34408186e4bbccfd4996cb3dc -> 
  custom:scripting/monoscript/fileName/EcsAspect.cs: 379ac680ffd19ab4b9f61502a7a6eff8 -> 226bdda0feb135d8ad2f56ec6d899a1d
  custom:framework-win-MediaFoundation: 216162199b28c13a410421893ffa2e32 -> 
  custom:scripting/monoscript/fileName/entlong.cs: fb737a2ecf18e5cd642c1cb50dfe46b8 -> de9b060f0b3358bb6a05d89bc42f0791
  custom:scripting/monoscript/fileName/MetaTagsAttribute.cs: f816c95d973588aac5587e0cf7b12543 -> 48654cba762b6d27f4b1d46fcf914471
  custom:scripting/monoscript/fileName/GameFieldGeneratedPlaneAlgorithmMarker.cs: 505be8ba7cc43f00ae1cc5b5ce71b559 -> 
  custom:scripting/monoscript/fileName/MetaGroupAttribute.cs: f6b3a56866565312640e6eda2030408e -> 41562d763411caf327dc60de94f75855
  custom:scripting/monoscript/fileName/BitsUtility.cs: 9d0da9e734b986fb4c879c4d944d8b14 -> c92cf35016096013ce0c38bf263e4405
  custom:CustomObjectIndexerAttribute: 9a22284fe3817be447336de3de66b15e -> 
  custom:scripting/monoscript/fileName/EcsWhereToGroupExecutor.cs: 8f6297df34271fdb1ce2d9607ec6261d -> 90647cc400823b41df847a6cbfc29026
  custom:scripting/monoscript/fileName/AnimalCreationChainStrategySystem.cs: ecbd11dd0c336ecf9f8575e3e4d3ece0 -> c0e686f4717d71e12954b8f0f3a26a06
  custom:scripting/monoscript/fileName/EcsWorld.pools.cs: 47beb563def6082bb4ad79bf75bb6a66 -> 2c8c92e9dae1546ac82eb30ddc32f89b
  custom:container-demuxer-webm: 4f35f7cbe854078d1ac9338744f61a02 -> 
  custom:scripting/monoscript/fileName/EcsTagPool.cs: d63c9283c9f0dc9a65cfcb4d6f3f406e -> 292012435f767377dfa5c5d9463011fc
  custom:scripting/monoscript/fileName/Queries.cs: 7ec416f24bbc2b3f63ed5485791e3250 -> 58afa85ab125f099ef201a63b191b316
  custom:scripting/monoscript/fileName/ArrayUtility.cs: b8c011a6edd79b211f0955ed46d60df1 -> 7ba2d4a9c78178d723b9d885f5f1af2e
  custom:scripting/monoscript/fileName/ITemplateNode.cs: cd6fd998d6867619a5c48da87fcf5a14 -> f5da816ed0ca7c34ef03789101f9d2a7
  custom:scripting/monoscript/fileName/PurchaseAnimalTag.cs: 8f794ad5afbe806dfef508ff0dc3725b -> 
  custom:scripting/monoscript/fileName/MetaDescriptionAttribute.cs: e311fd002cc0dc6e7dfd746e1f56fa4d -> db593401a601951b4b3fe210d2e6ac30
  custom:scripting/monoscript/fileName/EcsQueryExecutor.cs: cb7218d8ec00ef6dcd4958fea7556d82 -> 92321aad84d8490e6222233ad957067f
  custom:scripting/monoscript/fileName/IEcsTypeMetaProvider.cs: e76830a8fd8170d850ac464a370b8916 -> 03184fa6c59932ed538cbd8addf6fe48
  custom:scripting/monoscript/fileName/DataInterfaces.cs: 40735d631d366c73ff47fb097c329025 -> 4a32470493a767702519176ca1433fe7
  custom:scripting/monoscript/fileName/MetaColorAttribute.cs: 8a7fbcfd4a3ecc0628d8afb69765dc7d -> b291fc4e51b18e37e62b8c2cd9aedc86
  custom:scripting/monoscript/fileName/EcsDebugUtility.cs: 2be076fcf1f1c707a9eaee7da01b5c57 -> e6bcd67ac51126e8c5afedefba8d71da
  custom:scripting/monoscript/fileName/Consts.cs: 6eb20adfff3eee69e75faf4b73a2ddd6 -> a82fb62194155ef6154e1bce01fd9ff8
  custom:container-muxer-webm: aa71ff27fc2769a1b78a27578f13a17b -> 
  custom:video-decoder-webm-vp8: 9c59270c3fd7afecdb556c50c9e8de78 -> 
  custom:scripting/monoscript/fileName/EcsMask.cs: c7032164440c4d6e79eaef7871e350a0 -> 71a9ebdefefd85f00a63f4791a1ea3d1
  custom:scripting/monoscript/fileName/EcsTypeCode.cs: 10f78a56829fa79a2c926bb06b832e7c -> 51c186a230106c5e5caae5f4debb522f
  custom:SearchIndexIgnoredProperties: e643bd26f0fe6173181afceb89e7c659 -> 
  custom:AudioImporter_EditorPlatform: d09bf68614088b80899f8185d706f6e7 -> 
  custom:scripting/monoscript/fileName/EcsMetaAttribute.cs: 4681b49ca5ea899cb64dfc809ca3a8ea -> fd3ea90bde2894a0f0de9ba2a9ee1175
  custom:scripting/monoscript/fileName/ReflectionUtility.cs: 058ada316ffb2af4349828c12d73f05f -> 12b2c0079659a56c89e37a6035957749
  custom:scripting/monoscript/fileName/SparseArray.cs: e0a51e584485b56d9971a06b4f70ecb4 -> a53f96815da50de15010b1c479bc70cf
  custom:scripting/monoscript/fileName/MetaNameAttribute.cs: b18e144d46cb3e237061620a54a5c5b3 -> 5e226a78b91fbab58bf42b88813abd57
  custom:scripting/monoscript/fileName/Worlds.cs: 2095c64d03c345b28301088b270fc226 -> a519624c388a13e47405c0a2dabe03d9
  custom:scripting/monoscript/fileName/TypeMeta.cs: d699924ce717772f7c2cd77e38d71192 -> 24f705c5cf4437ab23e98a5be362a486
  custom:scripting/monoscript/fileName/BaseProcesses.cs: 80e3d614c7158c082908397fef1e317d -> 0a3575435ba216831ce2d6aa80f68677
  custom:scripting/monoscript/fileName/ArraySortHalperX.cs: 34c6ff9cf0aa0d720e612550af5c5d26 -> 849ed7f5b11c9db237ef61b01c5a5104
  custom:scripting/monoscript/fileName/IdDispenser.cs: bef711bcf3a1c70877f3acc0d83f608a -> 6b91817103880c6300d5bbc0a80dee89
  custom:scripting/monoscript/fileName/UncheckedCoreUtility.cs: aa37da10340101a351c8f424e4a43f12 -> 09fccf4854a9f3d55ae4968719f5f130
  custom:scripting/monoscript/fileName/EcsWhereExecutor.cs: 8f6297df34271fdb1ce2d9607ec6261d -> 90647cc400823b41df847a6cbfc29026
  custom:scripting/monoscript/fileName/Exceptions.cs: e7350dd3f4b1c79c9fcc1da058ddd1dd -> 5a99b6c5dbdfe99f70e6110b9053674e
  custom:scripting/monoscript/fileName/EcsPipeline.cs: 20e3b45874106257d644cc4ae0f33185 -> 36e23495764e4bec4ffd55587fa9bce0
  custom:scripting/monoscript/fileName/Interfaces.cs: 681918feb06dbc142788871f8a6610d3 -> fc983f43e88a1e2383a87bd1535543fc
  custom:scripting/monoscript/fileName/UnsafeArray.cs: 34c6ff9cf0aa0d720e612550af5c5d26 -> 849ed7f5b11c9db237ef61b01c5a5104
  custom:video-encoder-webm-vp8: eb34c28f22e8b96e1ab97ce403110664 -> 
  custom:audio-decoder-ogg-vorbis: bf7c407c2cedff20999df2af8eb42d56 -> 
  custom:scripting/monoscript/fileName/Aspects.cs: 1bb7690008a48009fa7704e7d80ce115 -> 5d6713079a073ac4c50170617f2cbbdd
  custom:scripting/monoscript/fileName/EcsGroup.cs: d28e68a8e3335e3ff75090b24d219185 -> 07228ccef216f15bc3f56e47b32f26f0
  custom:scripting/monoscript/fileName/InjectionNode.cs: a7d92609dd9cfc813f9dccdefcda74cf -> 7d6c6f255293ac7ab881de6eb1e69df7
  custom:audio-encoder-webm-vorbis: bf7c407c2cedff20999df2af8eb42d56 -> 
  custom:scripting/monoscript/fileName/EcsDebug.cs: ad23832bbeaf496a3eba629cd3080a70 -> 8eea15508cf5695757b725dea1725cc6
  custom:scripting/monoscript/fileName/EcsWorld.static.cs: f85c16838859d07970713c1de49a3eef -> ee995408255e09566032e690e1f3317f
  custom:scripting/monoscript/fileName/EcsSpan.cs: 15f074769c3fa58382bc0456b3014117 -> 5396e8906f65d637e3c12326ff4a7ea8
  custom:scripting/monoscript/fileName/IConfigContainer.cs: ee47ea4eb3954f388b1065d58a23985a -> 30fa438da5de3948b7e37a4c6c6e4b4f
  custom:scripting/monoscript/fileName/EcsPipelineExtensions.cs: 597578e060d6d93abc2e740705b386d0 -> 1fbf402bff11f45c5350e88723859228
  custom:scripting/monoscript/fileName/EcsPool.cs: 40748e41624ef0b0c2cadcd56b76135d -> a404ad22ede0b7d8f576df1bedbf538c
  custom:scripting/precompiled-assembly-types:Assembly-CSharp: 8435028061c095cf214df896a177a378 -> fe1f0beb764a7a3c5a0667557268a853
  custom:scripting/monoscript/fileName/GameFieldGeneratedPlaneAlgorithmAudioConfig.cs: dd76a1cfcc30cf141d185d00260c3c11 -> 
========================================================================
Received Prepare
Caller must complete domain reload
Begin MonoManager ReloadAssembly
- Loaded All Assemblies, in  3.095 seconds
Native extension for WindowsStandalone target not found
Native extension for Android target not found
Native extension for WebGL target not found
[Package Manager] Server::EnsureServerProcessIsRunning -- launch failed, reason: Unity was launched with the -noUpm command-line argument
[Package Manager] UpmClient::Send -- Unable to send message (not connected to UPM process).
[Package Manager] Cannot connect to Unity Package Manager local server
Mono: successfully reloaded assembly
[Package Manager] Server::EnsureServerProcessIsRunning -- launch failed, reason: Unity was launched with the -noUpm command-line argument
[Package Manager] UpmClient::Send -- Unable to send message (not connected to UPM process).
[Package Manager] Cannot connect to Unity Package Manager local server
- Finished resetting the current domain, in  2.447 seconds
Domain Reload Profiling: 5544ms
	BeginReloadAssembly (837ms)
		ExecutionOrderSort (0ms)
		DisableScriptedObjects (51ms)
		BackupInstance (0ms)
		ReleaseScriptingObjects (5ms)
		CreateAndSetChildDomain (320ms)
	RebuildCommonClasses (52ms)
	RebuildNativeTypeToScriptingClass (11ms)
	initialDomainReloadingComplete (52ms)
	LoadAllAssembliesAndSetupDomain (2142ms)
		LoadAssemblies (2274ms)
		RebuildTransferFunctionScriptingTraits (0ms)
		AnalyzeDomain (84ms)
			TypeCache.Refresh (47ms)
				TypeCache.ScanAssembly (6ms)
			ScanForSourceGeneratedMonoScriptInfo (15ms)
			ResolveRequiredComponents (21ms)
	FinalizeReload (2449ms)
		ReleaseScriptCaches (0ms)
		RebuildScriptCaches (0ms)
		SetupLoadedEditorAssemblies (1229ms)
			LogAssemblyErrors (0ms)
			InitializePlatformSupportModulesInManaged (124ms)
			SetLoadedEditorAssemblies (21ms)
			RefreshPlugins (0ms)
			BeforeProcessingInitializeOnLoad (170ms)
			ProcessInitializeOnLoadAttributes (518ms)
			ProcessInitializeOnLoadMethodAttributes (392ms)
			AfterProcessingInitializeOnLoad (3ms)
			EditorAssembliesLoaded (2ms)
		ExecutionOrderSort2 (0ms)
		AwakeInstancesAfterBackupRestoration (15ms)
Refreshing native plugins compatible for Editor in 23.09 ms, found 3 plugins.
Preloading 0 native plugins for Editor in 0.00 ms.
Unloading 4335 Unused Serialized files (Serialized files now loaded: 0)
Unloading 31 unused Assets / (66.1 KB). Loaded Objects now: 5112.
Memory consumption went from 190.5 MB to 190.4 MB.
Total: 29.919600 ms (FindLiveObjects: 1.071500 ms CreateObjectMapping: 0.343200 ms MarkObjects: 27.994600 ms  DeleteObjects: 0.508300 ms)

Prepare: number of updated asset objects reloaded= 0
AssetImportParameters requested are different than current active one (requested -> active):
  custom:scripting/monoscript/fileName/EcsPoolBase.cs: 31ac56193ae6d54339748acda32ec94d -> 13578c1186811575128a81ef58458158
  custom:container-demuxer-ogg: 62fdf1f143b41e24485cea50d1cbac27 -> 
  custom:scripting/monoscript/fileName/EcsWorld.cs: 22c9529b696807804c45b49aecb240e4 -> b5398d9e0d6d44b0656dfb9e069bdcb7
  custom:scripting/monoscript/fileName/EcsRunner.cs: 888da8f511430c4063b6409b3d58672b -> 71d2a3bda53ca5b6050345a489bc2623
  custom:scripting/monoscript/fileName/Injector.cs: 497aaabc2940aa3aa01d252fd8a0c47b -> 1c175fcff5ec2c8fc7a965114f3f7d7d
  custom:scripting/monoscript/fileName/EcsWorld.cache.cs: 6b1449c23a40962b50a2e08eb04ae9e6 -> 6f387c7e66db371630ef2a0a5fc22850
  custom:scripting/monoscript/fileName/InjectionBranch.cs: 4279a377faef040bb62fb4a633533f04 -> 7d84b04d553f6e4071360c20ba45080a
  custom:video-decoder-ogg-theora: a1e56fd34408186e4bbccfd4996cb3dc -> 
  custom:scripting/monoscript/fileName/EcsAspect.cs: 379ac680ffd19ab4b9f61502a7a6eff8 -> 226bdda0feb135d8ad2f56ec6d899a1d
  custom:framework-win-MediaFoundation: 216162199b28c13a410421893ffa2e32 -> 
  custom:scripting/monoscript/fileName/entlong.cs: fb737a2ecf18e5cd642c1cb50dfe46b8 -> de9b060f0b3358bb6a05d89bc42f0791
  custom:scripting/monoscript/fileName/MetaTagsAttribute.cs: f816c95d973588aac5587e0cf7b12543 -> 48654cba762b6d27f4b1d46fcf914471
  custom:scripting/monoscript/fileName/GameFieldGeneratedPlaneAlgorithmMarker.cs: 505be8ba7cc43f00ae1cc5b5ce71b559 -> 
  custom:scripting/monoscript/fileName/MetaGroupAttribute.cs: f6b3a56866565312640e6eda2030408e -> 41562d763411caf327dc60de94f75855
  custom:scripting/monoscript/fileName/BitsUtility.cs: 9d0da9e734b986fb4c879c4d944d8b14 -> c92cf35016096013ce0c38bf263e4405
  custom:CustomObjectIndexerAttribute: 9a22284fe3817be447336de3de66b15e -> 
  custom:scripting/monoscript/fileName/EcsWhereToGroupExecutor.cs: 8f6297df34271fdb1ce2d9607ec6261d -> 90647cc400823b41df847a6cbfc29026
  custom:scripting/monoscript/fileName/AnimalCreationChainStrategySystem.cs: ecbd11dd0c336ecf9f8575e3e4d3ece0 -> c0e686f4717d71e12954b8f0f3a26a06
  custom:scripting/monoscript/fileName/EcsWorld.pools.cs: 47beb563def6082bb4ad79bf75bb6a66 -> 2c8c92e9dae1546ac82eb30ddc32f89b
  custom:container-demuxer-webm: 4f35f7cbe854078d1ac9338744f61a02 -> 
  custom:scripting/monoscript/fileName/EcsTagPool.cs: d63c9283c9f0dc9a65cfcb4d6f3f406e -> 292012435f767377dfa5c5d9463011fc
  custom:scripting/monoscript/fileName/Queries.cs: 7ec416f24bbc2b3f63ed5485791e3250 -> 58afa85ab125f099ef201a63b191b316
  custom:scripting/monoscript/fileName/ArrayUtility.cs: b8c011a6edd79b211f0955ed46d60df1 -> 7ba2d4a9c78178d723b9d885f5f1af2e
  custom:scripting/monoscript/fileName/ITemplateNode.cs: cd6fd998d6867619a5c48da87fcf5a14 -> f5da816ed0ca7c34ef03789101f9d2a7
  custom:scripting/monoscript/fileName/PurchaseAnimalTag.cs: 8f794ad5afbe806dfef508ff0dc3725b -> 
  custom:scripting/monoscript/fileName/MetaDescriptionAttribute.cs: e311fd002cc0dc6e7dfd746e1f56fa4d -> db593401a601951b4b3fe210d2e6ac30
  custom:scripting/monoscript/fileName/EcsQueryExecutor.cs: cb7218d8ec00ef6dcd4958fea7556d82 -> 92321aad84d8490e6222233ad957067f
  custom:scripting/monoscript/fileName/IEcsTypeMetaProvider.cs: e76830a8fd8170d850ac464a370b8916 -> 03184fa6c59932ed538cbd8addf6fe48
  custom:scripting/monoscript/fileName/DataInterfaces.cs: 40735d631d366c73ff47fb097c329025 -> 4a32470493a767702519176ca1433fe7
  custom:scripting/monoscript/fileName/MetaColorAttribute.cs: 8a7fbcfd4a3ecc0628d8afb69765dc7d -> b291fc4e51b18e37e62b8c2cd9aedc86
  custom:scripting/monoscript/fileName/EcsDebugUtility.cs: 2be076fcf1f1c707a9eaee7da01b5c57 -> e6bcd67ac51126e8c5afedefba8d71da
  custom:scripting/monoscript/fileName/Consts.cs: 6eb20adfff3eee69e75faf4b73a2ddd6 -> a82fb62194155ef6154e1bce01fd9ff8
  custom:container-muxer-webm: aa71ff27fc2769a1b78a27578f13a17b -> 
  custom:video-decoder-webm-vp8: 9c59270c3fd7afecdb556c50c9e8de78 -> 
  custom:scripting/monoscript/fileName/EcsMask.cs: c7032164440c4d6e79eaef7871e350a0 -> 71a9ebdefefd85f00a63f4791a1ea3d1
  custom:scripting/monoscript/fileName/EcsTypeCode.cs: 10f78a56829fa79a2c926bb06b832e7c -> 51c186a230106c5e5caae5f4debb522f
  custom:SearchIndexIgnoredProperties: e643bd26f0fe6173181afceb89e7c659 -> 
  custom:AudioImporter_EditorPlatform: d09bf68614088b80899f8185d706f6e7 -> 
  custom:scripting/monoscript/fileName/EcsMetaAttribute.cs: 4681b49ca5ea899cb64dfc809ca3a8ea -> fd3ea90bde2894a0f0de9ba2a9ee1175
  custom:scripting/monoscript/fileName/ReflectionUtility.cs: 058ada316ffb2af4349828c12d73f05f -> 12b2c0079659a56c89e37a6035957749
  custom:scripting/monoscript/fileName/SparseArray.cs: e0a51e584485b56d9971a06b4f70ecb4 -> a53f96815da50de15010b1c479bc70cf
  custom:scripting/monoscript/fileName/MetaNameAttribute.cs: b18e144d46cb3e237061620a54a5c5b3 -> 5e226a78b91fbab58bf42b88813abd57
  custom:scripting/monoscript/fileName/Worlds.cs: 2095c64d03c345b28301088b270fc226 -> a519624c388a13e47405c0a2dabe03d9
  custom:scripting/monoscript/fileName/TypeMeta.cs: d699924ce717772f7c2cd77e38d71192 -> 24f705c5cf4437ab23e98a5be362a486
  custom:scripting/monoscript/fileName/BaseProcesses.cs: 80e3d614c7158c082908397fef1e317d -> 0a3575435ba216831ce2d6aa80f68677
  custom:scripting/monoscript/fileName/ArraySortHalperX.cs: 34c6ff9cf0aa0d720e612550af5c5d26 -> 849ed7f5b11c9db237ef61b01c5a5104
  custom:scripting/monoscript/fileName/IdDispenser.cs: bef711bcf3a1c70877f3acc0d83f608a -> 6b91817103880c6300d5bbc0a80dee89
  custom:scripting/monoscript/fileName/UncheckedCoreUtility.cs: aa37da10340101a351c8f424e4a43f12 -> 09fccf4854a9f3d55ae4968719f5f130
  custom:scripting/monoscript/fileName/EcsWhereExecutor.cs: 8f6297df34271fdb1ce2d9607ec6261d -> 90647cc400823b41df847a6cbfc29026
  custom:scripting/monoscript/fileName/Exceptions.cs: e7350dd3f4b1c79c9fcc1da058ddd1dd -> 5a99b6c5dbdfe99f70e6110b9053674e
  custom:scripting/monoscript/fileName/EcsPipeline.cs: 20e3b45874106257d644cc4ae0f33185 -> 36e23495764e4bec4ffd55587fa9bce0
  custom:scripting/monoscript/fileName/Interfaces.cs: 681918feb06dbc142788871f8a6610d3 -> fc983f43e88a1e2383a87bd1535543fc
  custom:scripting/monoscript/fileName/UnsafeArray.cs: 34c6ff9cf0aa0d720e612550af5c5d26 -> 849ed7f5b11c9db237ef61b01c5a5104
  custom:video-encoder-webm-vp8: eb34c28f22e8b96e1ab97ce403110664 -> 
  custom:audio-decoder-ogg-vorbis: bf7c407c2cedff20999df2af8eb42d56 -> 
  custom:scripting/monoscript/fileName/Aspects.cs: 1bb7690008a48009fa7704e7d80ce115 -> 5d6713079a073ac4c50170617f2cbbdd
  custom:scripting/monoscript/fileName/EcsGroup.cs: d28e68a8e3335e3ff75090b24d219185 -> 07228ccef216f15bc3f56e47b32f26f0
  custom:scripting/monoscript/fileName/InjectionNode.cs: a7d92609dd9cfc813f9dccdefcda74cf -> 7d6c6f255293ac7ab881de6eb1e69df7
  custom:audio-encoder-webm-vorbis: bf7c407c2cedff20999df2af8eb42d56 -> 
  custom:scripting/monoscript/fileName/EcsDebug.cs: ad23832bbeaf496a3eba629cd3080a70 -> 8eea15508cf5695757b725dea1725cc6
  custom:scripting/monoscript/fileName/EcsWorld.static.cs: f85c16838859d07970713c1de49a3eef -> ee995408255e09566032e690e1f3317f
  custom:scripting/monoscript/fileName/EcsSpan.cs: 15f074769c3fa58382bc0456b3014117 -> 5396e8906f65d637e3c12326ff4a7ea8
  custom:scripting/monoscript/fileName/IConfigContainer.cs: ee47ea4eb3954f388b1065d58a23985a -> 30fa438da5de3948b7e37a4c6c6e4b4f
  custom:scripting/monoscript/fileName/EcsPipelineExtensions.cs: 597578e060d6d93abc2e740705b386d0 -> 1fbf402bff11f45c5350e88723859228
  custom:scripting/monoscript/fileName/EcsPool.cs: 40748e41624ef0b0c2cadcd56b76135d -> a404ad22ede0b7d8f576df1bedbf538c
  custom:scripting/precompiled-assembly-types:Assembly-CSharp: 8435028061c095cf214df896a177a378 -> fe1f0beb764a7a3c5a0667557268a853
  custom:scripting/monoscript/fileName/GameFieldGeneratedPlaneAlgorithmAudioConfig.cs: dd76a1cfcc30cf141d185d00260c3c11 -> 
========================================================================
Received Prepare
Caller must complete domain reload
Begin MonoManager ReloadAssembly
- Loaded All Assemblies, in  0.876 seconds
Native extension for WindowsStandalone target not found
Native extension for Android target not found
Native extension for WebGL target not found
[Package Manager] Server::EnsureServerProcessIsRunning -- launch failed, reason: Unity was launched with the -noUpm command-line argument
[Package Manager] UpmClient::Send -- Unable to send message (not connected to UPM process).
[Package Manager] Cannot connect to Unity Package Manager local server
Mono: successfully reloaded assembly
[Package Manager] Server::EnsureServerProcessIsRunning -- launch failed, reason: Unity was launched with the -noUpm command-line argument
[Package Manager] UpmClient::Send -- Unable to send message (not connected to UPM process).
[Package Manager] Cannot connect to Unity Package Manager local server
- Finished resetting the current domain, in  1.732 seconds
Domain Reload Profiling: 2608ms
	BeginReloadAssembly (235ms)
		ExecutionOrderSort (0ms)
		DisableScriptedObjects (8ms)
		BackupInstance (0ms)
		ReleaseScriptingObjects (1ms)
		CreateAndSetChildDomain (101ms)
	RebuildCommonClasses (30ms)
	RebuildNativeTypeToScriptingClass (10ms)
	initialDomainReloadingComplete (36ms)
	LoadAllAssembliesAndSetupDomain (565ms)
		LoadAssemblies (594ms)
		RebuildTransferFunctionScriptingTraits (0ms)
		AnalyzeDomain (55ms)
			TypeCache.Refresh (26ms)
				TypeCache.ScanAssembly (6ms)
			ScanForSourceGeneratedMonoScriptInfo (18ms)
			ResolveRequiredComponents (9ms)
	FinalizeReload (1733ms)
		ReleaseScriptCaches (0ms)
		RebuildScriptCaches (0ms)
		SetupLoadedEditorAssemblies (761ms)
			LogAssemblyErrors (0ms)
			InitializePlatformSupportModulesInManaged (35ms)
			SetLoadedEditorAssemblies (6ms)
			RefreshPlugins (0ms)
			BeforeProcessingInitializeOnLoad (74ms)
			ProcessInitializeOnLoadAttributes (394ms)
			ProcessInitializeOnLoadMethodAttributes (250ms)
			AfterProcessingInitializeOnLoad (2ms)
			EditorAssembliesLoaded (0ms)
		ExecutionOrderSort2 (0ms)
		AwakeInstancesAfterBackupRestoration (5ms)
Refreshing native plugins compatible for Editor in 5.52 ms, found 3 plugins.
Preloading 0 native plugins for Editor in 0.00 ms.
Unloading 4335 Unused Serialized files (Serialized files now loaded: 0)
Unloading 31 unused Assets / (67.2 KB). Loaded Objects now: 5115.
Memory consumption went from 190.5 MB to 190.4 MB.
Total: 19.160500 ms (FindLiveObjects: 0.511000 ms CreateObjectMapping: 0.110300 ms MarkObjects: 18.141500 ms  DeleteObjects: 0.395900 ms)

Prepare: number of updated asset objects reloaded= 0
AssetImportParameters requested are different than current active one (requested -> active):
  custom:scripting/monoscript/fileName/EcsPoolBase.cs: 31ac56193ae6d54339748acda32ec94d -> 13578c1186811575128a81ef58458158
  custom:container-demuxer-ogg: 62fdf1f143b41e24485cea50d1cbac27 -> 
  custom:scripting/monoscript/fileName/EcsWorld.cs: 22c9529b696807804c45b49aecb240e4 -> b5398d9e0d6d44b0656dfb9e069bdcb7
  custom:scripting/monoscript/fileName/EcsRunner.cs: 888da8f511430c4063b6409b3d58672b -> 71d2a3bda53ca5b6050345a489bc2623
  custom:scripting/monoscript/fileName/Injector.cs: 497aaabc2940aa3aa01d252fd8a0c47b -> 1c175fcff5ec2c8fc7a965114f3f7d7d
  custom:scripting/monoscript/fileName/EcsWorld.cache.cs: 6b1449c23a40962b50a2e08eb04ae9e6 -> 6f387c7e66db371630ef2a0a5fc22850
  custom:scripting/monoscript/fileName/InjectionBranch.cs: 4279a377faef040bb62fb4a633533f04 -> 7d84b04d553f6e4071360c20ba45080a
  custom:video-decoder-ogg-theora: a1e56fd34408186e4bbccfd4996cb3dc -> 
  custom:scripting/monoscript/fileName/EcsAspect.cs: 379ac680ffd19ab4b9f61502a7a6eff8 -> 226bdda0feb135d8ad2f56ec6d899a1d
  custom:framework-win-MediaFoundation: 216162199b28c13a410421893ffa2e32 -> 
  custom:scripting/monoscript/fileName/entlong.cs: fb737a2ecf18e5cd642c1cb50dfe46b8 -> de9b060f0b3358bb6a05d89bc42f0791
  custom:scripting/monoscript/fileName/MetaTagsAttribute.cs: f816c95d973588aac5587e0cf7b12543 -> 48654cba762b6d27f4b1d46fcf914471
  custom:scripting/monoscript/fileName/GameFieldGeneratedPlaneAlgorithmMarker.cs: 505be8ba7cc43f00ae1cc5b5ce71b559 -> 
  custom:scripting/monoscript/fileName/MetaGroupAttribute.cs: f6b3a56866565312640e6eda2030408e -> 41562d763411caf327dc60de94f75855
  custom:scripting/monoscript/fileName/BitsUtility.cs: 9d0da9e734b986fb4c879c4d944d8b14 -> c92cf35016096013ce0c38bf263e4405
  custom:CustomObjectIndexerAttribute: 9a22284fe3817be447336de3de66b15e -> 
  custom:scripting/monoscript/fileName/EcsWhereToGroupExecutor.cs: 8f6297df34271fdb1ce2d9607ec6261d -> 90647cc400823b41df847a6cbfc29026
  custom:scripting/monoscript/fileName/AnimalCreationChainStrategySystem.cs: ecbd11dd0c336ecf9f8575e3e4d3ece0 -> c0e686f4717d71e12954b8f0f3a26a06
  custom:scripting/monoscript/fileName/EcsWorld.pools.cs: 47beb563def6082bb4ad79bf75bb6a66 -> 2c8c92e9dae1546ac82eb30ddc32f89b
  custom:container-demuxer-webm: 4f35f7cbe854078d1ac9338744f61a02 -> 
  custom:scripting/monoscript/fileName/EcsTagPool.cs: d63c9283c9f0dc9a65cfcb4d6f3f406e -> 292012435f767377dfa5c5d9463011fc
  custom:scripting/monoscript/fileName/Queries.cs: 7ec416f24bbc2b3f63ed5485791e3250 -> 58afa85ab125f099ef201a63b191b316
  custom:scripting/monoscript/fileName/ArrayUtility.cs: b8c011a6edd79b211f0955ed46d60df1 -> 7ba2d4a9c78178d723b9d885f5f1af2e
  custom:scripting/monoscript/fileName/ITemplateNode.cs: cd6fd998d6867619a5c48da87fcf5a14 -> f5da816ed0ca7c34ef03789101f9d2a7
  custom:scripting/monoscript/fileName/PurchaseAnimalTag.cs: 8f794ad5afbe806dfef508ff0dc3725b -> 
  custom:scripting/monoscript/fileName/MetaDescriptionAttribute.cs: e311fd002cc0dc6e7dfd746e1f56fa4d -> db593401a601951b4b3fe210d2e6ac30
  custom:scripting/monoscript/fileName/EcsQueryExecutor.cs: cb7218d8ec00ef6dcd4958fea7556d82 -> 92321aad84d8490e6222233ad957067f
  custom:scripting/monoscript/fileName/IEcsTypeMetaProvider.cs: e76830a8fd8170d850ac464a370b8916 -> 03184fa6c59932ed538cbd8addf6fe48
  custom:scripting/monoscript/fileName/DataInterfaces.cs: 40735d631d366c73ff47fb097c329025 -> 4a32470493a767702519176ca1433fe7
  custom:scripting/monoscript/fileName/MetaColorAttribute.cs: 8a7fbcfd4a3ecc0628d8afb69765dc7d -> b291fc4e51b18e37e62b8c2cd9aedc86
  custom:scripting/monoscript/fileName/EcsDebugUtility.cs: 2be076fcf1f1c707a9eaee7da01b5c57 -> e6bcd67ac51126e8c5afedefba8d71da
  custom:scripting/monoscript/fileName/Consts.cs: 6eb20adfff3eee69e75faf4b73a2ddd6 -> a82fb62194155ef6154e1bce01fd9ff8
  custom:container-muxer-webm: aa71ff27fc2769a1b78a27578f13a17b -> 
  custom:video-decoder-webm-vp8: 9c59270c3fd7afecdb556c50c9e8de78 -> 
  custom:scripting/monoscript/fileName/EcsMask.cs: c7032164440c4d6e79eaef7871e350a0 -> 71a9ebdefefd85f00a63f4791a1ea3d1
  custom:scripting/monoscript/fileName/EcsTypeCode.cs: 10f78a56829fa79a2c926bb06b832e7c -> 51c186a230106c5e5caae5f4debb522f
  custom:SearchIndexIgnoredProperties: e643bd26f0fe6173181afceb89e7c659 -> 
  custom:AudioImporter_EditorPlatform: d09bf68614088b80899f8185d706f6e7 -> 
  custom:scripting/monoscript/fileName/EcsMetaAttribute.cs: 4681b49ca5ea899cb64dfc809ca3a8ea -> fd3ea90bde2894a0f0de9ba2a9ee1175
  custom:scripting/monoscript/fileName/ReflectionUtility.cs: 058ada316ffb2af4349828c12d73f05f -> 12b2c0079659a56c89e37a6035957749
  custom:scripting/monoscript/fileName/SparseArray.cs: e0a51e584485b56d9971a06b4f70ecb4 -> a53f96815da50de15010b1c479bc70cf
  custom:scripting/monoscript/fileName/MetaNameAttribute.cs: b18e144d46cb3e237061620a54a5c5b3 -> 5e226a78b91fbab58bf42b88813abd57
  custom:scripting/monoscript/fileName/Worlds.cs: 2095c64d03c345b28301088b270fc226 -> a519624c388a13e47405c0a2dabe03d9
  custom:scripting/monoscript/fileName/TypeMeta.cs: d699924ce717772f7c2cd77e38d71192 -> 24f705c5cf4437ab23e98a5be362a486
  custom:scripting/monoscript/fileName/BaseProcesses.cs: 80e3d614c7158c082908397fef1e317d -> 0a3575435ba216831ce2d6aa80f68677
  custom:scripting/monoscript/fileName/ArraySortHalperX.cs: 34c6ff9cf0aa0d720e612550af5c5d26 -> 849ed7f5b11c9db237ef61b01c5a5104
  custom:scripting/monoscript/fileName/IdDispenser.cs: bef711bcf3a1c70877f3acc0d83f608a -> 6b91817103880c6300d5bbc0a80dee89
  custom:scripting/monoscript/fileName/UncheckedCoreUtility.cs: aa37da10340101a351c8f424e4a43f12 -> 09fccf4854a9f3d55ae4968719f5f130
  custom:scripting/monoscript/fileName/EcsWhereExecutor.cs: 8f6297df34271fdb1ce2d9607ec6261d -> 90647cc400823b41df847a6cbfc29026
  custom:scripting/monoscript/fileName/Exceptions.cs: e7350dd3f4b1c79c9fcc1da058ddd1dd -> 5a99b6c5dbdfe99f70e6110b9053674e
  custom:scripting/monoscript/fileName/EcsPipeline.cs: 20e3b45874106257d644cc4ae0f33185 -> 36e23495764e4bec4ffd55587fa9bce0
  custom:scripting/monoscript/fileName/Interfaces.cs: 681918feb06dbc142788871f8a6610d3 -> fc983f43e88a1e2383a87bd1535543fc
  custom:scripting/monoscript/fileName/UnsafeArray.cs: 34c6ff9cf0aa0d720e612550af5c5d26 -> 849ed7f5b11c9db237ef61b01c5a5104
  custom:video-encoder-webm-vp8: eb34c28f22e8b96e1ab97ce403110664 -> 
  custom:audio-decoder-ogg-vorbis: bf7c407c2cedff20999df2af8eb42d56 -> 
  custom:scripting/monoscript/fileName/Aspects.cs: 1bb7690008a48009fa7704e7d80ce115 -> 5d6713079a073ac4c50170617f2cbbdd
  custom:scripting/monoscript/fileName/AudioButtonsStatus.cs: 7588fa0e2a1a7362268d6a35121c3561 -> 
  custom:scripting/monoscript/fileName/EcsGroup.cs: d28e68a8e3335e3ff75090b24d219185 -> 07228ccef216f15bc3f56e47b32f26f0
  custom:scripting/monoscript/fileName/InjectionNode.cs: a7d92609dd9cfc813f9dccdefcda74cf -> 7d6c6f255293ac7ab881de6eb1e69df7
  custom:audio-encoder-webm-vorbis: bf7c407c2cedff20999df2af8eb42d56 -> 
  custom:scripting/monoscript/fileName/EcsDebug.cs: ad23832bbeaf496a3eba629cd3080a70 -> 8eea15508cf5695757b725dea1725cc6
  custom:scripting/monoscript/fileName/EcsWorld.static.cs: f85c16838859d07970713c1de49a3eef -> ee995408255e09566032e690e1f3317f
  custom:scripting/monoscript/fileName/EcsSpan.cs: 15f074769c3fa58382bc0456b3014117 -> 5396e8906f65d637e3c12326ff4a7ea8
  custom:scripting/monoscript/fileName/IConfigContainer.cs: ee47ea4eb3954f388b1065d58a23985a -> 30fa438da5de3948b7e37a4c6c6e4b4f
  custom:scripting/monoscript/fileName/EcsPipelineExtensions.cs: 597578e060d6d93abc2e740705b386d0 -> 1fbf402bff11f45c5350e88723859228
  custom:scripting/monoscript/fileName/EcsPool.cs: 40748e41624ef0b0c2cadcd56b76135d -> a404ad22ede0b7d8f576df1bedbf538c
  custom:scripting/precompiled-assembly-types:Assembly-CSharp: 78007addeda56298b7e4f5f7d5b23418 -> fe1f0beb764a7a3c5a0667557268a853
  custom:scripting/monoscript/fileName/GameFieldGeneratedPlaneAlgorithmAudioConfig.cs: dd76a1cfcc30cf141d185d00260c3c11 -> 
========================================================================
Received Import Request.
  Time since last request: 6985.397041 seconds.
  path: Assets/_Project/GameScreen.prefab
  artifactKey: Guid(414af5587425f08428ab122766844dad) Importer(815301076,1909f56bfc062723c751e8b465ee728b)
Start importing Assets/_Project/GameScreen.prefab using Guid(414af5587425f08428ab122766844dad) Importer(815301076,1909f56bfc062723c751e8b465ee728b) [PhysX] Initialized MultithreadedTaskDispatcher with 12 workers.
 -> (artifact id: '76efc8ef80f4fddf133d88bc6563dfb1') in 0.005418 seconds
Number of updated asset objects reloaded before import = 0
Number of asset objects unloaded after import = 0
========================================================================
Received Import Request.
  Time since last request: 66.211177 seconds.
  path: Assets/_Project/GameScreen.prefab
  artifactKey: Guid(414af5587425f08428ab122766844dad) Importer(815301076,1909f56bfc062723c751e8b465ee728b)
Start importing Assets/_Project/GameScreen.prefab using Guid(414af5587425f08428ab122766844dad) Importer(815301076,1909f56bfc062723c751e8b465ee728b) [PhysX] Initialized MultithreadedTaskDispatcher with 12 workers.
 -> (artifact id: '92070ab6ea91cc64099d8c1fc96222fc') in 0.000768 seconds
Number of updated asset objects reloaded before import = 0
Number of asset objects unloaded after import = 0
========================================================================
Received Import Request.
  Time since last request: 21.259518 seconds.
  path: Assets/_Project/GameScreen.prefab
  artifactKey: Guid(414af5587425f08428ab122766844dad) Importer(815301076,1909f56bfc062723c751e8b465ee728b)
Start importing Assets/_Project/GameScreen.prefab using Guid(414af5587425f08428ab122766844dad) Importer(815301076,1909f56bfc062723c751e8b465ee728b) [PhysX] Initialized MultithreadedTaskDispatcher with 12 workers.
 -> (artifact id: '92070ab6ea91cc64099d8c1fc96222fc') in 0.000599 seconds
Number of updated asset objects reloaded before import = 0
Number of asset objects unloaded after import = 0
========================================================================
Received Prepare
Caller must complete domain reload
Begin MonoManager ReloadAssembly
- Loaded All Assemblies, in  2.685 seconds
Native extension for WindowsStandalone target not found
Native extension for Android target not found
Native extension for WebGL target not found
[Package Manager] Server::EnsureServerProcessIsRunning -- launch failed, reason: Unity was launched with the -noUpm command-line argument
[Package Manager] UpmClient::Send -- Unable to send message (not connected to UPM process).
[Package Manager] Cannot connect to Unity Package Manager local server
Mono: successfully reloaded assembly
[Package Manager] Server::EnsureServerProcessIsRunning -- launch failed, reason: Unity was launched with the -noUpm command-line argument
[Package Manager] UpmClient::Send -- Unable to send message (not connected to UPM process).
[Package Manager] Cannot connect to Unity Package Manager local server
- Finished resetting the current domain, in  2.312 seconds
Domain Reload Profiling: 5001ms
	BeginReloadAssembly (998ms)
		ExecutionOrderSort (1ms)
		DisableScriptedObjects (22ms)
		BackupInstance (0ms)
		ReleaseScriptingObjects (5ms)
		CreateAndSetChildDomain (478ms)
	RebuildCommonClasses (45ms)
	RebuildNativeTypeToScriptingClass (17ms)
	initialDomainReloadingComplete (55ms)
	LoadAllAssembliesAndSetupDomain (1571ms)
		LoadAssemblies (1643ms)
		RebuildTransferFunctionScriptingTraits (0ms)
		AnalyzeDomain (132ms)
			TypeCache.Refresh (85ms)
				TypeCache.ScanAssembly (15ms)
			ScanForSourceGeneratedMonoScriptInfo (20ms)
			ResolveRequiredComponents (26ms)
	FinalizeReload (2316ms)
		ReleaseScriptCaches (0ms)
		RebuildScriptCaches (0ms)
		SetupLoadedEditorAssemblies (1292ms)
			LogAssemblyErrors (0ms)
			InitializePlatformSupportModulesInManaged (76ms)
			SetLoadedEditorAssemblies (8ms)
			RefreshPlugins (0ms)
			BeforeProcessingInitializeOnLoad (109ms)
			ProcessInitializeOnLoadAttributes (645ms)
			ProcessInitializeOnLoadMethodAttributes (447ms)
			AfterProcessingInitializeOnLoad (4ms)
			EditorAssembliesLoaded (3ms)
		ExecutionOrderSort2 (0ms)
		AwakeInstancesAfterBackupRestoration (12ms)
Refreshing native plugins compatible for Editor in 15.68 ms, found 3 plugins.
Preloading 0 native plugins for Editor in 0.00 ms.
Unloading 4334 Unused Serialized files (Serialized files now loaded: 0)
Unloading 31 unused Assets / (66.3 KB). Loaded Objects now: 5118.
Memory consumption went from 190.2 MB to 190.2 MB.
Total: 19.070300 ms (FindLiveObjects: 1.461700 ms CreateObjectMapping: 0.324300 ms MarkObjects: 17.056700 ms  DeleteObjects: 0.226000 ms)

Prepare: number of updated asset objects reloaded= 0
AssetImportParameters requested are different than current active one (requested -> active):
  custom:scripting/monoscript/fileName/EcsPoolBase.cs: 31ac56193ae6d54339748acda32ec94d -> 13578c1186811575128a81ef58458158
  custom:container-demuxer-ogg: 62fdf1f143b41e24485cea50d1cbac27 -> 
  custom:scripting/monoscript/fileName/EcsWorld.cs: 22c9529b696807804c45b49aecb240e4 -> b5398d9e0d6d44b0656dfb9e069bdcb7
  custom:scripting/monoscript/fileName/EcsRunner.cs: 888da8f511430c4063b6409b3d58672b -> 71d2a3bda53ca5b6050345a489bc2623
  custom:scripting/monoscript/fileName/Injector.cs: 497aaabc2940aa3aa01d252fd8a0c47b -> 1c175fcff5ec2c8fc7a965114f3f7d7d
  custom:scripting/monoscript/fileName/EcsWorld.cache.cs: 6b1449c23a40962b50a2e08eb04ae9e6 -> 6f387c7e66db371630ef2a0a5fc22850
  custom:scripting/monoscript/fileName/InjectionBranch.cs: 4279a377faef040bb62fb4a633533f04 -> 7d84b04d553f6e4071360c20ba45080a
  custom:video-decoder-ogg-theora: a1e56fd34408186e4bbccfd4996cb3dc -> 
  custom:scripting/monoscript/fileName/EcsAspect.cs: 379ac680ffd19ab4b9f61502a7a6eff8 -> 226bdda0feb135d8ad2f56ec6d899a1d
  custom:framework-win-MediaFoundation: 216162199b28c13a410421893ffa2e32 -> 
  custom:scripting/monoscript/fileName/entlong.cs: fb737a2ecf18e5cd642c1cb50dfe46b8 -> de9b060f0b3358bb6a05d89bc42f0791
  custom:scripting/monoscript/fileName/MetaTagsAttribute.cs: f816c95d973588aac5587e0cf7b12543 -> 48654cba762b6d27f4b1d46fcf914471
  custom:scripting/monoscript/fileName/GameFieldGeneratedPlaneAlgorithmMarker.cs: 505be8ba7cc43f00ae1cc5b5ce71b559 -> 
  custom:scripting/monoscript/fileName/MetaGroupAttribute.cs: f6b3a56866565312640e6eda2030408e -> 41562d763411caf327dc60de94f75855
  custom:scripting/monoscript/fileName/BitsUtility.cs: 9d0da9e734b986fb4c879c4d944d8b14 -> c92cf35016096013ce0c38bf263e4405
  custom:CustomObjectIndexerAttribute: 9a22284fe3817be447336de3de66b15e -> 
  custom:scripting/monoscript/fileName/EcsWhereToGroupExecutor.cs: 8f6297df34271fdb1ce2d9607ec6261d -> 90647cc400823b41df847a6cbfc29026
  custom:scripting/monoscript/fileName/AnimalCreationChainStrategySystem.cs: ecbd11dd0c336ecf9f8575e3e4d3ece0 -> c0e686f4717d71e12954b8f0f3a26a06
  custom:scripting/monoscript/fileName/EcsWorld.pools.cs: 47beb563def6082bb4ad79bf75bb6a66 -> 2c8c92e9dae1546ac82eb30ddc32f89b
  custom:container-demuxer-webm: 4f35f7cbe854078d1ac9338744f61a02 -> 
  custom:scripting/monoscript/fileName/EcsTagPool.cs: d63c9283c9f0dc9a65cfcb4d6f3f406e -> 292012435f767377dfa5c5d9463011fc
  custom:scripting/monoscript/fileName/Queries.cs: 7ec416f24bbc2b3f63ed5485791e3250 -> 58afa85ab125f099ef201a63b191b316
  custom:scripting/monoscript/fileName/ArrayUtility.cs: b8c011a6edd79b211f0955ed46d60df1 -> 7ba2d4a9c78178d723b9d885f5f1af2e
  custom:scripting/monoscript/fileName/ITemplateNode.cs: cd6fd998d6867619a5c48da87fcf5a14 -> f5da816ed0ca7c34ef03789101f9d2a7
  custom:scripting/monoscript/fileName/PurchaseAnimalTag.cs: 8f794ad5afbe806dfef508ff0dc3725b -> 
  custom:scripting/monoscript/fileName/MetaDescriptionAttribute.cs: e311fd002cc0dc6e7dfd746e1f56fa4d -> db593401a601951b4b3fe210d2e6ac30
  custom:scripting/monoscript/fileName/EcsQueryExecutor.cs: cb7218d8ec00ef6dcd4958fea7556d82 -> 92321aad84d8490e6222233ad957067f
  custom:scripting/monoscript/fileName/IEcsTypeMetaProvider.cs: e76830a8fd8170d850ac464a370b8916 -> 03184fa6c59932ed538cbd8addf6fe48
  custom:scripting/monoscript/fileName/DataInterfaces.cs: 40735d631d366c73ff47fb097c329025 -> 4a32470493a767702519176ca1433fe7
  custom:scripting/monoscript/fileName/MetaColorAttribute.cs: 8a7fbcfd4a3ecc0628d8afb69765dc7d -> b291fc4e51b18e37e62b8c2cd9aedc86
  custom:scripting/monoscript/fileName/EcsDebugUtility.cs: 2be076fcf1f1c707a9eaee7da01b5c57 -> e6bcd67ac51126e8c5afedefba8d71da
  custom:scripting/monoscript/fileName/Consts.cs: 6eb20adfff3eee69e75faf4b73a2ddd6 -> a82fb62194155ef6154e1bce01fd9ff8
  custom:container-muxer-webm: aa71ff27fc2769a1b78a27578f13a17b -> 
  custom:video-decoder-webm-vp8: 9c59270c3fd7afecdb556c50c9e8de78 -> 
  custom:scripting/monoscript/fileName/EcsMask.cs: c7032164440c4d6e79eaef7871e350a0 -> 71a9ebdefefd85f00a63f4791a1ea3d1
  custom:scripting/monoscript/fileName/EcsTypeCode.cs: 10f78a56829fa79a2c926bb06b832e7c -> 51c186a230106c5e5caae5f4debb522f
  custom:SearchIndexIgnoredProperties: e643bd26f0fe6173181afceb89e7c659 -> 
  custom:AudioImporter_EditorPlatform: d09bf68614088b80899f8185d706f6e7 -> 
  custom:scripting/monoscript/fileName/EcsMetaAttribute.cs: 4681b49ca5ea899cb64dfc809ca3a8ea -> fd3ea90bde2894a0f0de9ba2a9ee1175
  custom:scripting/monoscript/fileName/ReflectionUtility.cs: 058ada316ffb2af4349828c12d73f05f -> 12b2c0079659a56c89e37a6035957749
  custom:scripting/monoscript/fileName/SparseArray.cs: e0a51e584485b56d9971a06b4f70ecb4 -> a53f96815da50de15010b1c479bc70cf
  custom:scripting/monoscript/fileName/MetaNameAttribute.cs: b18e144d46cb3e237061620a54a5c5b3 -> 5e226a78b91fbab58bf42b88813abd57
  custom:scripting/monoscript/fileName/Worlds.cs: 2095c64d03c345b28301088b270fc226 -> a519624c388a13e47405c0a2dabe03d9
  custom:scripting/monoscript/fileName/TypeMeta.cs: d699924ce717772f7c2cd77e38d71192 -> 24f705c5cf4437ab23e98a5be362a486
  custom:scripting/monoscript/fileName/BaseProcesses.cs: 80e3d614c7158c082908397fef1e317d -> 0a3575435ba216831ce2d6aa80f68677
  custom:scripting/monoscript/fileName/ArraySortHalperX.cs: 34c6ff9cf0aa0d720e612550af5c5d26 -> 849ed7f5b11c9db237ef61b01c5a5104
  custom:scripting/monoscript/fileName/IdDispenser.cs: bef711bcf3a1c70877f3acc0d83f608a -> 6b91817103880c6300d5bbc0a80dee89
  custom:scripting/monoscript/fileName/UncheckedCoreUtility.cs: aa37da10340101a351c8f424e4a43f12 -> 09fccf4854a9f3d55ae4968719f5f130
  custom:scripting/monoscript/fileName/EcsWhereExecutor.cs: 8f6297df34271fdb1ce2d9607ec6261d -> 90647cc400823b41df847a6cbfc29026
  custom:scripting/monoscript/fileName/Exceptions.cs: e7350dd3f4b1c79c9fcc1da058ddd1dd -> 5a99b6c5dbdfe99f70e6110b9053674e
  custom:scripting/monoscript/fileName/EcsPipeline.cs: 20e3b45874106257d644cc4ae0f33185 -> 36e23495764e4bec4ffd55587fa9bce0
  custom:scripting/monoscript/fileName/Interfaces.cs: 681918feb06dbc142788871f8a6610d3 -> fc983f43e88a1e2383a87bd1535543fc
  custom:scripting/monoscript/fileName/UnsafeArray.cs: 34c6ff9cf0aa0d720e612550af5c5d26 -> 849ed7f5b11c9db237ef61b01c5a5104
  custom:video-encoder-webm-vp8: eb34c28f22e8b96e1ab97ce403110664 -> 
  custom:audio-decoder-ogg-vorbis: bf7c407c2cedff20999df2af8eb42d56 -> 
  custom:scripting/monoscript/fileName/Aspects.cs: 1bb7690008a48009fa7704e7d80ce115 -> 5d6713079a073ac4c50170617f2cbbdd
  custom:scripting/monoscript/fileName/AudioButtonsStatus.cs: 7588fa0e2a1a7362268d6a35121c3561 -> 
  custom:scripting/monoscript/fileName/EcsGroup.cs: d28e68a8e3335e3ff75090b24d219185 -> 07228ccef216f15bc3f56e47b32f26f0
  custom:scripting/monoscript/fileName/InjectionNode.cs: a7d92609dd9cfc813f9dccdefcda74cf -> 7d6c6f255293ac7ab881de6eb1e69df7
  custom:audio-encoder-webm-vorbis: bf7c407c2cedff20999df2af8eb42d56 -> 
  custom:scripting/monoscript/fileName/EcsDebug.cs: ad23832bbeaf496a3eba629cd3080a70 -> 8eea15508cf5695757b725dea1725cc6
  custom:scripting/monoscript/fileName/EcsWorld.static.cs: f85c16838859d07970713c1de49a3eef -> ee995408255e09566032e690e1f3317f
  custom:scripting/monoscript/fileName/EcsSpan.cs: 15f074769c3fa58382bc0456b3014117 -> 5396e8906f65d637e3c12326ff4a7ea8
  custom:scripting/monoscript/fileName/IConfigContainer.cs: ee47ea4eb3954f388b1065d58a23985a -> 30fa438da5de3948b7e37a4c6c6e4b4f
  custom:scripting/monoscript/fileName/EcsPipelineExtensions.cs: 597578e060d6d93abc2e740705b386d0 -> 1fbf402bff11f45c5350e88723859228
  custom:scripting/monoscript/fileName/EcsPool.cs: 40748e41624ef0b0c2cadcd56b76135d -> a404ad22ede0b7d8f576df1bedbf538c
  custom:scripting/precompiled-assembly-types:Assembly-CSharp: 78007addeda56298b7e4f5f7d5b23418 -> fe1f0beb764a7a3c5a0667557268a853
  custom:scripting/monoscript/fileName/GameFieldGeneratedPlaneAlgorithmAudioConfig.cs: dd76a1cfcc30cf141d185d00260c3c11 -> 
========================================================================
Received Prepare
Caller must complete domain reload
Begin MonoManager ReloadAssembly
- Loaded All Assemblies, in  2.109 seconds
Native extension for WindowsStandalone target not found
Native extension for Android target not found
Native extension for WebGL target not found
[Package Manager] Server::EnsureServerProcessIsRunning -- launch failed, reason: Unity was launched with the -noUpm command-line argument
[Package Manager] UpmClient::Send -- Unable to send message (not connected to UPM process).
[Package Manager] Cannot connect to Unity Package Manager local server
Mono: successfully reloaded assembly
[Package Manager] Server::EnsureServerProcessIsRunning -- launch failed, reason: Unity was launched with the -noUpm command-line argument
[Package Manager] UpmClient::Send -- Unable to send message (not connected to UPM process).
[Package Manager] Cannot connect to Unity Package Manager local server
- Finished resetting the current domain, in  2.463 seconds
Domain Reload Profiling: 4579ms
	BeginReloadAssembly (445ms)
		ExecutionOrderSort (0ms)
		DisableScriptedObjects (12ms)
		BackupInstance (0ms)
		ReleaseScriptingObjects (1ms)
		CreateAndSetChildDomain (164ms)
	RebuildCommonClasses (65ms)
	RebuildNativeTypeToScriptingClass (13ms)
	initialDomainReloadingComplete (69ms)
	LoadAllAssembliesAndSetupDomain (1522ms)
		LoadAssemblies (1586ms)
		RebuildTransferFunctionScriptingTraits (0ms)
		AnalyzeDomain (143ms)
			TypeCache.Refresh (90ms)
				TypeCache.ScanAssembly (11ms)
			ScanForSourceGeneratedMonoScriptInfo (29ms)
			ResolveRequiredComponents (23ms)
	FinalizeReload (2465ms)
		ReleaseScriptCaches (0ms)
		RebuildScriptCaches (0ms)
		SetupLoadedEditorAssemblies (1106ms)
			LogAssemblyErrors (0ms)
			InitializePlatformSupportModulesInManaged (62ms)
			SetLoadedEditorAssemblies (7ms)
			RefreshPlugins (0ms)
			BeforeProcessingInitializeOnLoad (109ms)
			ProcessInitializeOnLoadAttributes (503ms)
			ProcessInitializeOnLoadMethodAttributes (419ms)
			AfterProcessingInitializeOnLoad (6ms)
			EditorAssembliesLoaded (2ms)
		ExecutionOrderSort2 (0ms)
		AwakeInstancesAfterBackupRestoration (11ms)
Refreshing native plugins compatible for Editor in 16.55 ms, found 3 plugins.
Preloading 0 native plugins for Editor in 0.00 ms.
Unloading 4335 Unused Serialized files (Serialized files now loaded: 0)
Unloading 31 unused Assets / (66.2 KB). Loaded Objects now: 5121.
Memory consumption went from 190.5 MB to 190.4 MB.
Total: 22.533200 ms (FindLiveObjects: 1.973200 ms CreateObjectMapping: 0.168900 ms MarkObjects: 19.365200 ms  DeleteObjects: 0.886400 ms)

Prepare: number of updated asset objects reloaded= 0
AssetImportParameters requested are different than current active one (requested -> active):
  custom:scripting/monoscript/fileName/EcsPoolBase.cs: 31ac56193ae6d54339748acda32ec94d -> 13578c1186811575128a81ef58458158
  custom:container-demuxer-ogg: 62fdf1f143b41e24485cea50d1cbac27 -> 
  custom:scripting/monoscript/fileName/EcsWorld.cs: 22c9529b696807804c45b49aecb240e4 -> b5398d9e0d6d44b0656dfb9e069bdcb7
  custom:scripting/monoscript/fileName/EcsRunner.cs: 888da8f511430c4063b6409b3d58672b -> 71d2a3bda53ca5b6050345a489bc2623
  custom:scripting/monoscript/fileName/Injector.cs: 497aaabc2940aa3aa01d252fd8a0c47b -> 1c175fcff5ec2c8fc7a965114f3f7d7d
  custom:scripting/monoscript/fileName/EcsWorld.cache.cs: 6b1449c23a40962b50a2e08eb04ae9e6 -> 6f387c7e66db371630ef2a0a5fc22850
  custom:scripting/monoscript/fileName/InjectionBranch.cs: 4279a377faef040bb62fb4a633533f04 -> 7d84b04d553f6e4071360c20ba45080a
  custom:video-decoder-ogg-theora: a1e56fd34408186e4bbccfd4996cb3dc -> 
  custom:scripting/monoscript/fileName/EcsAspect.cs: 379ac680ffd19ab4b9f61502a7a6eff8 -> 226bdda0feb135d8ad2f56ec6d899a1d
  custom:framework-win-MediaFoundation: 216162199b28c13a410421893ffa2e32 -> 
  custom:scripting/monoscript/fileName/entlong.cs: fb737a2ecf18e5cd642c1cb50dfe46b8 -> de9b060f0b3358bb6a05d89bc42f0791
  custom:scripting/monoscript/fileName/MetaTagsAttribute.cs: f816c95d973588aac5587e0cf7b12543 -> 48654cba762b6d27f4b1d46fcf914471
  custom:scripting/monoscript/fileName/GameFieldGeneratedPlaneAlgorithmMarker.cs: 505be8ba7cc43f00ae1cc5b5ce71b559 -> 
  custom:scripting/monoscript/fileName/MetaGroupAttribute.cs: f6b3a56866565312640e6eda2030408e -> 41562d763411caf327dc60de94f75855
  custom:scripting/monoscript/fileName/BitsUtility.cs: 9d0da9e734b986fb4c879c4d944d8b14 -> c92cf35016096013ce0c38bf263e4405
  custom:CustomObjectIndexerAttribute: 9a22284fe3817be447336de3de66b15e -> 
  custom:scripting/monoscript/fileName/EcsWhereToGroupExecutor.cs: 8f6297df34271fdb1ce2d9607ec6261d -> 90647cc400823b41df847a6cbfc29026
  custom:scripting/monoscript/fileName/AnimalCreationChainStrategySystem.cs: ecbd11dd0c336ecf9f8575e3e4d3ece0 -> c0e686f4717d71e12954b8f0f3a26a06
  custom:scripting/monoscript/fileName/EcsWorld.pools.cs: 47beb563def6082bb4ad79bf75bb6a66 -> 2c8c92e9dae1546ac82eb30ddc32f89b
  custom:container-demuxer-webm: 4f35f7cbe854078d1ac9338744f61a02 -> 
  custom:scripting/monoscript/fileName/EcsTagPool.cs: d63c9283c9f0dc9a65cfcb4d6f3f406e -> 292012435f767377dfa5c5d9463011fc
  custom:scripting/monoscript/fileName/Queries.cs: 7ec416f24bbc2b3f63ed5485791e3250 -> 58afa85ab125f099ef201a63b191b316
  custom:scripting/monoscript/fileName/ArrayUtility.cs: b8c011a6edd79b211f0955ed46d60df1 -> 7ba2d4a9c78178d723b9d885f5f1af2e
  custom:scripting/monoscript/fileName/ITemplateNode.cs: cd6fd998d6867619a5c48da87fcf5a14 -> f5da816ed0ca7c34ef03789101f9d2a7
  custom:scripting/monoscript/fileName/PurchaseAnimalTag.cs: 8f794ad5afbe806dfef508ff0dc3725b -> 
  custom:scripting/monoscript/fileName/MetaDescriptionAttribute.cs: e311fd002cc0dc6e7dfd746e1f56fa4d -> db593401a601951b4b3fe210d2e6ac30
  custom:scripting/monoscript/fileName/EcsQueryExecutor.cs: cb7218d8ec00ef6dcd4958fea7556d82 -> 92321aad84d8490e6222233ad957067f
  custom:scripting/monoscript/fileName/IEcsTypeMetaProvider.cs: e76830a8fd8170d850ac464a370b8916 -> 03184fa6c59932ed538cbd8addf6fe48
  custom:scripting/monoscript/fileName/DataInterfaces.cs: 40735d631d366c73ff47fb097c329025 -> 4a32470493a767702519176ca1433fe7
  custom:scripting/monoscript/fileName/MetaColorAttribute.cs: 8a7fbcfd4a3ecc0628d8afb69765dc7d -> b291fc4e51b18e37e62b8c2cd9aedc86
  custom:scripting/monoscript/fileName/EcsDebugUtility.cs: 2be076fcf1f1c707a9eaee7da01b5c57 -> e6bcd67ac51126e8c5afedefba8d71da
  custom:scripting/monoscript/fileName/Consts.cs: 6eb20adfff3eee69e75faf4b73a2ddd6 -> a82fb62194155ef6154e1bce01fd9ff8
  custom:container-muxer-webm: aa71ff27fc2769a1b78a27578f13a17b -> 
  custom:video-decoder-webm-vp8: 9c59270c3fd7afecdb556c50c9e8de78 -> 
  custom:scripting/monoscript/fileName/EcsMask.cs: c7032164440c4d6e79eaef7871e350a0 -> 71a9ebdefefd85f00a63f4791a1ea3d1
  custom:scripting/monoscript/fileName/EcsTypeCode.cs: 10f78a56829fa79a2c926bb06b832e7c -> 51c186a230106c5e5caae5f4debb522f
  custom:SearchIndexIgnoredProperties: e643bd26f0fe6173181afceb89e7c659 -> 
  custom:AudioImporter_EditorPlatform: d09bf68614088b80899f8185d706f6e7 -> 
  custom:scripting/monoscript/fileName/EcsMetaAttribute.cs: 4681b49ca5ea899cb64dfc809ca3a8ea -> fd3ea90bde2894a0f0de9ba2a9ee1175
  custom:scripting/monoscript/fileName/ReflectionUtility.cs: 058ada316ffb2af4349828c12d73f05f -> 12b2c0079659a56c89e37a6035957749
  custom:scripting/monoscript/fileName/SparseArray.cs: e0a51e584485b56d9971a06b4f70ecb4 -> a53f96815da50de15010b1c479bc70cf
  custom:scripting/monoscript/fileName/MetaNameAttribute.cs: b18e144d46cb3e237061620a54a5c5b3 -> 5e226a78b91fbab58bf42b88813abd57
  custom:scripting/monoscript/fileName/Worlds.cs: 2095c64d03c345b28301088b270fc226 -> a519624c388a13e47405c0a2dabe03d9
  custom:scripting/monoscript/fileName/TypeMeta.cs: d699924ce717772f7c2cd77e38d71192 -> 24f705c5cf4437ab23e98a5be362a486
  custom:scripting/monoscript/fileName/BaseProcesses.cs: 80e3d614c7158c082908397fef1e317d -> 0a3575435ba216831ce2d6aa80f68677
  custom:scripting/monoscript/fileName/ArraySortHalperX.cs: 34c6ff9cf0aa0d720e612550af5c5d26 -> 849ed7f5b11c9db237ef61b01c5a5104
  custom:scripting/monoscript/fileName/IdDispenser.cs: bef711bcf3a1c70877f3acc0d83f608a -> 6b91817103880c6300d5bbc0a80dee89
  custom:scripting/monoscript/fileName/UncheckedCoreUtility.cs: aa37da10340101a351c8f424e4a43f12 -> 09fccf4854a9f3d55ae4968719f5f130
  custom:scripting/monoscript/fileName/EcsWhereExecutor.cs: 8f6297df34271fdb1ce2d9607ec6261d -> 90647cc400823b41df847a6cbfc29026
  custom:scripting/monoscript/fileName/Exceptions.cs: e7350dd3f4b1c79c9fcc1da058ddd1dd -> 5a99b6c5dbdfe99f70e6110b9053674e
  custom:scripting/monoscript/fileName/EcsPipeline.cs: 20e3b45874106257d644cc4ae0f33185 -> 36e23495764e4bec4ffd55587fa9bce0
  custom:scripting/monoscript/fileName/Interfaces.cs: 681918feb06dbc142788871f8a6610d3 -> fc983f43e88a1e2383a87bd1535543fc
  custom:scripting/monoscript/fileName/UnsafeArray.cs: 34c6ff9cf0aa0d720e612550af5c5d26 -> 849ed7f5b11c9db237ef61b01c5a5104
  custom:video-encoder-webm-vp8: eb34c28f22e8b96e1ab97ce403110664 -> 
  custom:audio-decoder-ogg-vorbis: bf7c407c2cedff20999df2af8eb42d56 -> 
  custom:scripting/monoscript/fileName/Aspects.cs: 1bb7690008a48009fa7704e7d80ce115 -> 5d6713079a073ac4c50170617f2cbbdd
  custom:scripting/monoscript/fileName/AudioButtonsStatus.cs: 7588fa0e2a1a7362268d6a35121c3561 -> 
  custom:scripting/monoscript/fileName/EcsGroup.cs: d28e68a8e3335e3ff75090b24d219185 -> 07228ccef216f15bc3f56e47b32f26f0
  custom:scripting/monoscript/fileName/InjectionNode.cs: a7d92609dd9cfc813f9dccdefcda74cf -> 7d6c6f255293ac7ab881de6eb1e69df7
  custom:audio-encoder-webm-vorbis: bf7c407c2cedff20999df2af8eb42d56 -> 
  custom:scripting/monoscript/fileName/EcsDebug.cs: ad23832bbeaf496a3eba629cd3080a70 -> 8eea15508cf5695757b725dea1725cc6
  custom:scripting/monoscript/fileName/EcsWorld.static.cs: f85c16838859d07970713c1de49a3eef -> ee995408255e09566032e690e1f3317f
  custom:scripting/monoscript/fileName/EcsSpan.cs: 15f074769c3fa58382bc0456b3014117 -> 5396e8906f65d637e3c12326ff4a7ea8
  custom:scripting/monoscript/fileName/IConfigContainer.cs: ee47ea4eb3954f388b1065d58a23985a -> 30fa438da5de3948b7e37a4c6c6e4b4f
  custom:scripting/monoscript/fileName/EcsPipelineExtensions.cs: 597578e060d6d93abc2e740705b386d0 -> 1fbf402bff11f45c5350e88723859228
  custom:scripting/monoscript/fileName/EcsPool.cs: 40748e41624ef0b0c2cadcd56b76135d -> a404ad22ede0b7d8f576df1bedbf538c
  custom:scripting/precompiled-assembly-types:Assembly-CSharp: 78007addeda56298b7e4f5f7d5b23418 -> fe1f0beb764a7a3c5a0667557268a853
  custom:scripting/monoscript/fileName/GameFieldGeneratedPlaneAlgorithmAudioConfig.cs: dd76a1cfcc30cf141d185d00260c3c11 -> 
========================================================================
Received Prepare
Caller must complete domain reload
Begin MonoManager ReloadAssembly
- Loaded All Assemblies, in  1.757 seconds
Native extension for WindowsStandalone target not found
Native extension for Android target not found
Native extension for WebGL target not found
[Package Manager] Server::EnsureServerProcessIsRunning -- launch failed, reason: Unity was launched with the -noUpm command-line argument
[Package Manager] UpmClient::Send -- Unable to send message (not connected to UPM process).
[Package Manager] Cannot connect to Unity Package Manager local server
Mono: successfully reloaded assembly
[Package Manager] Server::EnsureServerProcessIsRunning -- launch failed, reason: Unity was launched with the -noUpm command-line argument
[Package Manager] UpmClient::Send -- Unable to send message (not connected to UPM process).
[Package Manager] Cannot connect to Unity Package Manager local server
- Finished resetting the current domain, in  2.182 seconds
Domain Reload Profiling: 3946ms
	BeginReloadAssembly (374ms)
		ExecutionOrderSort (0ms)
		DisableScriptedObjects (13ms)
		BackupInstance (0ms)
		ReleaseScriptingObjects (1ms)
		CreateAndSetChildDomain (140ms)
	RebuildCommonClasses (32ms)
	RebuildNativeTypeToScriptingClass (9ms)
	initialDomainReloadingComplete (44ms)
	LoadAllAssembliesAndSetupDomain (1304ms)
		LoadAssemblies (1303ms)
		RebuildTransferFunctionScriptingTraits (0ms)
		AnalyzeDomain (154ms)
			TypeCache.Refresh (66ms)
				TypeCache.ScanAssembly (8ms)
			ScanForSourceGeneratedMonoScriptInfo (62ms)
			ResolveRequiredComponents (24ms)
	FinalizeReload (2183ms)
		ReleaseScriptCaches (0ms)
		RebuildScriptCaches (0ms)
		SetupLoadedEditorAssemblies (1078ms)
			LogAssemblyErrors (0ms)
			InitializePlatformSupportModulesInManaged (62ms)
			SetLoadedEditorAssemblies (10ms)
			RefreshPlugins (0ms)
			BeforeProcessingInitializeOnLoad (138ms)
			ProcessInitializeOnLoadAttributes (468ms)
			ProcessInitializeOnLoadMethodAttributes (395ms)
			AfterProcessingInitializeOnLoad (4ms)
			EditorAssembliesLoaded (1ms)
		ExecutionOrderSort2 (0ms)
		AwakeInstancesAfterBackupRestoration (6ms)
Refreshing native plugins compatible for Editor in 17.15 ms, found 3 plugins.
Preloading 0 native plugins for Editor in 0.00 ms.
Unloading 4336 Unused Serialized files (Serialized files now loaded: 0)
Unloading 31 unused Assets / (66.1 KB). Loaded Objects now: 5125.
Memory consumption went from 190.5 MB to 190.5 MB.
Total: 50.030400 ms (FindLiveObjects: 1.433700 ms CreateObjectMapping: 0.213500 ms MarkObjects: 44.488300 ms  DeleteObjects: 3.891400 ms)

Prepare: number of updated asset objects reloaded= 0
AssetImportParameters requested are different than current active one (requested -> active):
  custom:scripting/monoscript/fileName/EcsPoolBase.cs: 31ac56193ae6d54339748acda32ec94d -> 13578c1186811575128a81ef58458158
  custom:scripting/monoscript/fileName/ICoroutineRunner.cs: c9b4afce6f3657283599e7913db9fe75 -> 
  custom:container-demuxer-ogg: 62fdf1f143b41e24485cea50d1cbac27 -> 
  custom:scripting/monoscript/fileName/EcsWorld.cs: 22c9529b696807804c45b49aecb240e4 -> b5398d9e0d6d44b0656dfb9e069bdcb7
  custom:scripting/monoscript/fileName/EcsRunner.cs: 888da8f511430c4063b6409b3d58672b -> 71d2a3bda53ca5b6050345a489bc2623
  custom:scripting/monoscript/fileName/Injector.cs: 497aaabc2940aa3aa01d252fd8a0c47b -> 1c175fcff5ec2c8fc7a965114f3f7d7d
  custom:scripting/monoscript/fileName/EcsWorld.cache.cs: 6b1449c23a40962b50a2e08eb04ae9e6 -> 6f387c7e66db371630ef2a0a5fc22850
  custom:scripting/monoscript/fileName/InjectionBranch.cs: 4279a377faef040bb62fb4a633533f04 -> 7d84b04d553f6e4071360c20ba45080a
  custom:video-decoder-ogg-theora: a1e56fd34408186e4bbccfd4996cb3dc -> 
  custom:scripting/monoscript/fileName/EcsAspect.cs: 379ac680ffd19ab4b9f61502a7a6eff8 -> 226bdda0feb135d8ad2f56ec6d899a1d
  custom:framework-win-MediaFoundation: 216162199b28c13a410421893ffa2e32 -> 
  custom:scripting/monoscript/fileName/entlong.cs: fb737a2ecf18e5cd642c1cb50dfe46b8 -> de9b060f0b3358bb6a05d89bc42f0791
  custom:scripting/monoscript/fileName/MetaTagsAttribute.cs: f816c95d973588aac5587e0cf7b12543 -> 48654cba762b6d27f4b1d46fcf914471
  custom:scripting/monoscript/fileName/GameFieldGeneratedPlaneAlgorithmMarker.cs: 505be8ba7cc43f00ae1cc5b5ce71b559 -> 
  custom:scripting/monoscript/fileName/MetaGroupAttribute.cs: f6b3a56866565312640e6eda2030408e -> 41562d763411caf327dc60de94f75855
  custom:scripting/monoscript/fileName/BitsUtility.cs: 9d0da9e734b986fb4c879c4d944d8b14 -> c92cf35016096013ce0c38bf263e4405
  custom:CustomObjectIndexerAttribute: 9a22284fe3817be447336de3de66b15e -> 
  custom:scripting/monoscript/fileName/EcsWhereToGroupExecutor.cs: 8f6297df34271fdb1ce2d9607ec6261d -> 90647cc400823b41df847a6cbfc29026
  custom:scripting/monoscript/fileName/AnimalCreationChainStrategySystem.cs: ecbd11dd0c336ecf9f8575e3e4d3ece0 -> c0e686f4717d71e12954b8f0f3a26a06
  custom:scripting/monoscript/fileName/EcsWorld.pools.cs: 47beb563def6082bb4ad79bf75bb6a66 -> 2c8c92e9dae1546ac82eb30ddc32f89b
  custom:container-demuxer-webm: 4f35f7cbe854078d1ac9338744f61a02 -> 
  custom:scripting/monoscript/fileName/EcsTagPool.cs: d63c9283c9f0dc9a65cfcb4d6f3f406e -> 292012435f767377dfa5c5d9463011fc
  custom:scripting/monoscript/fileName/Queries.cs: 7ec416f24bbc2b3f63ed5485791e3250 -> 58afa85ab125f099ef201a63b191b316
  custom:scripting/monoscript/fileName/ArrayUtility.cs: b8c011a6edd79b211f0955ed46d60df1 -> 7ba2d4a9c78178d723b9d885f5f1af2e
  custom:scripting/monoscript/fileName/ITemplateNode.cs: cd6fd998d6867619a5c48da87fcf5a14 -> f5da816ed0ca7c34ef03789101f9d2a7
  custom:scripting/monoscript/fileName/PurchaseAnimalTag.cs: 8f794ad5afbe806dfef508ff0dc3725b -> 
  custom:scripting/monoscript/fileName/MetaDescriptionAttribute.cs: e311fd002cc0dc6e7dfd746e1f56fa4d -> db593401a601951b4b3fe210d2e6ac30
  custom:scripting/monoscript/fileName/EcsQueryExecutor.cs: cb7218d8ec00ef6dcd4958fea7556d82 -> 92321aad84d8490e6222233ad957067f
  custom:scripting/monoscript/fileName/IEcsTypeMetaProvider.cs: e76830a8fd8170d850ac464a370b8916 -> 03184fa6c59932ed538cbd8addf6fe48
  custom:scripting/monoscript/fileName/DataInterfaces.cs: 40735d631d366c73ff47fb097c329025 -> 4a32470493a767702519176ca1433fe7
  custom:scripting/monoscript/fileName/MetaColorAttribute.cs: 8a7fbcfd4a3ecc0628d8afb69765dc7d -> b291fc4e51b18e37e62b8c2cd9aedc86
  custom:scripting/monoscript/fileName/EcsDebugUtility.cs: 2be076fcf1f1c707a9eaee7da01b5c57 -> e6bcd67ac51126e8c5afedefba8d71da
  custom:scripting/monoscript/fileName/Consts.cs: 6eb20adfff3eee69e75faf4b73a2ddd6 -> a82fb62194155ef6154e1bce01fd9ff8
  custom:container-muxer-webm: aa71ff27fc2769a1b78a27578f13a17b -> 
  custom:video-decoder-webm-vp8: 9c59270c3fd7afecdb556c50c9e8de78 -> 
  custom:scripting/monoscript/fileName/EcsMask.cs: c7032164440c4d6e79eaef7871e350a0 -> 71a9ebdefefd85f00a63f4791a1ea3d1
  custom:scripting/monoscript/fileName/EcsTypeCode.cs: 10f78a56829fa79a2c926bb06b832e7c -> 51c186a230106c5e5caae5f4debb522f
  custom:SearchIndexIgnoredProperties: e643bd26f0fe6173181afceb89e7c659 -> 
  custom:AudioImporter_EditorPlatform: d09bf68614088b80899f8185d706f6e7 -> 
  custom:scripting/monoscript/fileName/EcsMetaAttribute.cs: 4681b49ca5ea899cb64dfc809ca3a8ea -> fd3ea90bde2894a0f0de9ba2a9ee1175
  custom:scripting/monoscript/fileName/ReflectionUtility.cs: 058ada316ffb2af4349828c12d73f05f -> 12b2c0079659a56c89e37a6035957749
  custom:scripting/monoscript/fileName/SparseArray.cs: e0a51e584485b56d9971a06b4f70ecb4 -> a53f96815da50de15010b1c479bc70cf
  custom:scripting/monoscript/fileName/MetaNameAttribute.cs: b18e144d46cb3e237061620a54a5c5b3 -> 5e226a78b91fbab58bf42b88813abd57
  custom:scripting/monoscript/fileName/Worlds.cs: 2095c64d03c345b28301088b270fc226 -> a519624c388a13e47405c0a2dabe03d9
  custom:scripting/monoscript/fileName/TypeMeta.cs: d699924ce717772f7c2cd77e38d71192 -> 24f705c5cf4437ab23e98a5be362a486
  custom:scripting/monoscript/fileName/BaseProcesses.cs: 80e3d614c7158c082908397fef1e317d -> 0a3575435ba216831ce2d6aa80f68677
  custom:scripting/monoscript/fileName/ArraySortHalperX.cs: 34c6ff9cf0aa0d720e612550af5c5d26 -> 849ed7f5b11c9db237ef61b01c5a5104
  custom:scripting/monoscript/fileName/IdDispenser.cs: bef711bcf3a1c70877f3acc0d83f608a -> 6b91817103880c6300d5bbc0a80dee89
  custom:scripting/monoscript/fileName/UncheckedCoreUtility.cs: aa37da10340101a351c8f424e4a43f12 -> 09fccf4854a9f3d55ae4968719f5f130
  custom:scripting/monoscript/fileName/EcsWhereExecutor.cs: 8f6297df34271fdb1ce2d9607ec6261d -> 90647cc400823b41df847a6cbfc29026
  custom:scripting/monoscript/fileName/Exceptions.cs: e7350dd3f4b1c79c9fcc1da058ddd1dd -> 5a99b6c5dbdfe99f70e6110b9053674e
  custom:scripting/monoscript/fileName/EcsPipeline.cs: 20e3b45874106257d644cc4ae0f33185 -> 36e23495764e4bec4ffd55587fa9bce0
  custom:scripting/monoscript/fileName/Interfaces.cs: 681918feb06dbc142788871f8a6610d3 -> fc983f43e88a1e2383a87bd1535543fc
  custom:scripting/monoscript/fileName/UnsafeArray.cs: 34c6ff9cf0aa0d720e612550af5c5d26 -> 849ed7f5b11c9db237ef61b01c5a5104
  custom:video-encoder-webm-vp8: eb34c28f22e8b96e1ab97ce403110664 -> 
  custom:audio-decoder-ogg-vorbis: bf7c407c2cedff20999df2af8eb42d56 -> 
  custom:scripting/monoscript/fileName/Aspects.cs: 1bb7690008a48009fa7704e7d80ce115 -> 5d6713079a073ac4c50170617f2cbbdd
  custom:scripting/monoscript/fileName/AudioButtonsStatus.cs: 7588fa0e2a1a7362268d6a35121c3561 -> 
  custom:scripting/monoscript/fileName/EcsGroup.cs: d28e68a8e3335e3ff75090b24d219185 -> 07228ccef216f15bc3f56e47b32f26f0
  custom:scripting/monoscript/fileName/InjectionNode.cs: a7d92609dd9cfc813f9dccdefcda74cf -> 7d6c6f255293ac7ab881de6eb1e69df7
  custom:audio-encoder-webm-vorbis: bf7c407c2cedff20999df2af8eb42d56 -> 
  custom:scripting/monoscript/fileName/EcsDebug.cs: ad23832bbeaf496a3eba629cd3080a70 -> 8eea15508cf5695757b725dea1725cc6
  custom:scripting/monoscript/fileName/EcsWorld.static.cs: f85c16838859d07970713c1de49a3eef -> ee995408255e09566032e690e1f3317f
  custom:scripting/monoscript/fileName/EcsSpan.cs: 15f074769c3fa58382bc0456b3014117 -> 5396e8906f65d637e3c12326ff4a7ea8
  custom:scripting/monoscript/fileName/IConfigContainer.cs: ee47ea4eb3954f388b1065d58a23985a -> 30fa438da5de3948b7e37a4c6c6e4b4f
  custom:scripting/monoscript/fileName/EcsPipelineExtensions.cs: 597578e060d6d93abc2e740705b386d0 -> 1fbf402bff11f45c5350e88723859228
  custom:scripting/monoscript/fileName/EcsPool.cs: 40748e41624ef0b0c2cadcd56b76135d -> a404ad22ede0b7d8f576df1bedbf538c
  custom:scripting/precompiled-assembly-types:Assembly-CSharp: 7f6d71e82eeccb3faf083c792b483f0c -> fe1f0beb764a7a3c5a0667557268a853
  custom:scripting/monoscript/fileName/GameFieldGeneratedPlaneAlgorithmAudioConfig.cs: dd76a1cfcc30cf141d185d00260c3c11 -> 
========================================================================
Received Prepare
Caller must complete domain reload
Begin MonoManager ReloadAssembly
- Loaded All Assemblies, in  2.772 seconds
Native extension for WindowsStandalone target not found
Native extension for Android target not found
Native extension for WebGL target not found
[Package Manager] Server::EnsureServerProcessIsRunning -- launch failed, reason: Unity was launched with the -noUpm command-line argument
[Package Manager] UpmClient::Send -- Unable to send message (not connected to UPM process).
[Package Manager] Cannot connect to Unity Package Manager local server
Mono: successfully reloaded assembly
[Package Manager] Server::EnsureServerProcessIsRunning -- launch failed, reason: Unity was launched with the -noUpm command-line argument
[Package Manager] UpmClient::Send -- Unable to send message (not connected to UPM process).
[Package Manager] Cannot connect to Unity Package Manager local server
- Finished resetting the current domain, in  2.307 seconds
Domain Reload Profiling: 5082ms
	BeginReloadAssembly (732ms)
		ExecutionOrderSort (0ms)
		DisableScriptedObjects (27ms)
		BackupInstance (0ms)
		ReleaseScriptingObjects (1ms)
		CreateAndSetChildDomain (320ms)
	RebuildCommonClasses (39ms)
	RebuildNativeTypeToScriptingClass (10ms)
	initialDomainReloadingComplete (60ms)
	LoadAllAssembliesAndSetupDomain (1934ms)
		LoadAssemblies (2062ms)
		RebuildTransferFunctionScriptingTraits (0ms)
		AnalyzeDomain (123ms)
			TypeCache.Refresh (59ms)
				TypeCache.ScanAssembly (7ms)
			ScanForSourceGeneratedMonoScriptInfo (38ms)
			ResolveRequiredComponents (25ms)
	FinalizeReload (2307ms)
		ReleaseScriptCaches (0ms)
		RebuildScriptCaches (0ms)
		SetupLoadedEditorAssemblies (1018ms)
			LogAssemblyErrors (0ms)
			InitializePlatformSupportModulesInManaged (71ms)
			SetLoadedEditorAssemblies (7ms)
			RefreshPlugins (0ms)
			BeforeProcessingInitializeOnLoad (103ms)
			ProcessInitializeOnLoadAttributes (457ms)
			ProcessInitializeOnLoadMethodAttributes (376ms)
			AfterProcessingInitializeOnLoad (2ms)
			EditorAssembliesLoaded (1ms)
		ExecutionOrderSort2 (0ms)
		AwakeInstancesAfterBackupRestoration (6ms)
Refreshing native plugins compatible for Editor in 7.90 ms, found 3 plugins.
Preloading 0 native plugins for Editor in 0.00 ms.
Unloading 4336 Unused Serialized files (Serialized files now loaded: 0)
Unloading 31 unused Assets / (66.1 KB). Loaded Objects now: 5128.
Memory consumption went from 190.5 MB to 190.5 MB.
Total: 22.848700 ms (FindLiveObjects: 1.165100 ms CreateObjectMapping: 0.308100 ms MarkObjects: 20.842900 ms  DeleteObjects: 0.530800 ms)

Prepare: number of updated asset objects reloaded= 0
AssetImportParameters requested are different than current active one (requested -> active):
  custom:scripting/monoscript/fileName/EcsPoolBase.cs: 31ac56193ae6d54339748acda32ec94d -> 13578c1186811575128a81ef58458158
  custom:scripting/monoscript/fileName/ICoroutineRunner.cs: c9b4afce6f3657283599e7913db9fe75 -> 
  custom:container-demuxer-ogg: 62fdf1f143b41e24485cea50d1cbac27 -> 
  custom:scripting/monoscript/fileName/EcsWorld.cs: 22c9529b696807804c45b49aecb240e4 -> b5398d9e0d6d44b0656dfb9e069bdcb7
  custom:scripting/monoscript/fileName/EcsRunner.cs: 888da8f511430c4063b6409b3d58672b -> 71d2a3bda53ca5b6050345a489bc2623
  custom:scripting/monoscript/fileName/Injector.cs: 497aaabc2940aa3aa01d252fd8a0c47b -> 1c175fcff5ec2c8fc7a965114f3f7d7d
  custom:scripting/monoscript/fileName/EcsWorld.cache.cs: 6b1449c23a40962b50a2e08eb04ae9e6 -> 6f387c7e66db371630ef2a0a5fc22850
  custom:scripting/monoscript/fileName/InjectionBranch.cs: 4279a377faef040bb62fb4a633533f04 -> 7d84b04d553f6e4071360c20ba45080a
  custom:video-decoder-ogg-theora: a1e56fd34408186e4bbccfd4996cb3dc -> 
  custom:scripting/monoscript/fileName/EcsAspect.cs: 379ac680ffd19ab4b9f61502a7a6eff8 -> 226bdda0feb135d8ad2f56ec6d899a1d
  custom:framework-win-MediaFoundation: 216162199b28c13a410421893ffa2e32 -> 
  custom:scripting/monoscript/fileName/entlong.cs: fb737a2ecf18e5cd642c1cb50dfe46b8 -> de9b060f0b3358bb6a05d89bc42f0791
  custom:scripting/monoscript/fileName/MetaTagsAttribute.cs: f816c95d973588aac5587e0cf7b12543 -> 48654cba762b6d27f4b1d46fcf914471
  custom:scripting/monoscript/fileName/GameFieldGeneratedPlaneAlgorithmMarker.cs: 505be8ba7cc43f00ae1cc5b5ce71b559 -> 
  custom:scripting/monoscript/fileName/MetaGroupAttribute.cs: f6b3a56866565312640e6eda2030408e -> 41562d763411caf327dc60de94f75855
  custom:scripting/monoscript/fileName/BitsUtility.cs: 9d0da9e734b986fb4c879c4d944d8b14 -> c92cf35016096013ce0c38bf263e4405
  custom:CustomObjectIndexerAttribute: 9a22284fe3817be447336de3de66b15e -> 
  custom:scripting/monoscript/fileName/EcsWhereToGroupExecutor.cs: 8f6297df34271fdb1ce2d9607ec6261d -> 90647cc400823b41df847a6cbfc29026
  custom:scripting/monoscript/fileName/AnimalCreationChainStrategySystem.cs: ecbd11dd0c336ecf9f8575e3e4d3ece0 -> c0e686f4717d71e12954b8f0f3a26a06
  custom:scripting/monoscript/fileName/EcsWorld.pools.cs: 47beb563def6082bb4ad79bf75bb6a66 -> 2c8c92e9dae1546ac82eb30ddc32f89b
  custom:container-demuxer-webm: 4f35f7cbe854078d1ac9338744f61a02 -> 
  custom:scripting/monoscript/fileName/EcsTagPool.cs: d63c9283c9f0dc9a65cfcb4d6f3f406e -> 292012435f767377dfa5c5d9463011fc
  custom:scripting/monoscript/fileName/Queries.cs: 7ec416f24bbc2b3f63ed5485791e3250 -> 58afa85ab125f099ef201a63b191b316
  custom:scripting/monoscript/fileName/ArrayUtility.cs: b8c011a6edd79b211f0955ed46d60df1 -> 7ba2d4a9c78178d723b9d885f5f1af2e
  custom:scripting/monoscript/fileName/ITemplateNode.cs: cd6fd998d6867619a5c48da87fcf5a14 -> f5da816ed0ca7c34ef03789101f9d2a7
  custom:scripting/monoscript/fileName/PurchaseAnimalTag.cs: 8f794ad5afbe806dfef508ff0dc3725b -> 
  custom:scripting/monoscript/fileName/MetaDescriptionAttribute.cs: e311fd002cc0dc6e7dfd746e1f56fa4d -> db593401a601951b4b3fe210d2e6ac30
  custom:scripting/monoscript/fileName/EcsQueryExecutor.cs: cb7218d8ec00ef6dcd4958fea7556d82 -> 92321aad84d8490e6222233ad957067f
  custom:scripting/monoscript/fileName/IEcsTypeMetaProvider.cs: e76830a8fd8170d850ac464a370b8916 -> 03184fa6c59932ed538cbd8addf6fe48
  custom:scripting/monoscript/fileName/DataInterfaces.cs: 40735d631d366c73ff47fb097c329025 -> 4a32470493a767702519176ca1433fe7
  custom:scripting/monoscript/fileName/MetaColorAttribute.cs: 8a7fbcfd4a3ecc0628d8afb69765dc7d -> b291fc4e51b18e37e62b8c2cd9aedc86
  custom:scripting/monoscript/fileName/EcsDebugUtility.cs: 2be076fcf1f1c707a9eaee7da01b5c57 -> e6bcd67ac51126e8c5afedefba8d71da
  custom:scripting/monoscript/fileName/Consts.cs: 6eb20adfff3eee69e75faf4b73a2ddd6 -> a82fb62194155ef6154e1bce01fd9ff8
  custom:container-muxer-webm: aa71ff27fc2769a1b78a27578f13a17b -> 
  custom:video-decoder-webm-vp8: 9c59270c3fd7afecdb556c50c9e8de78 -> 
  custom:scripting/monoscript/fileName/EcsMask.cs: c7032164440c4d6e79eaef7871e350a0 -> 71a9ebdefefd85f00a63f4791a1ea3d1
  custom:scripting/monoscript/fileName/EcsTypeCode.cs: 10f78a56829fa79a2c926bb06b832e7c -> 51c186a230106c5e5caae5f4debb522f
  custom:SearchIndexIgnoredProperties: e643bd26f0fe6173181afceb89e7c659 -> 
  custom:AudioImporter_EditorPlatform: d09bf68614088b80899f8185d706f6e7 -> 
  custom:scripting/monoscript/fileName/EcsMetaAttribute.cs: 4681b49ca5ea899cb64dfc809ca3a8ea -> fd3ea90bde2894a0f0de9ba2a9ee1175
  custom:scripting/monoscript/fileName/ReflectionUtility.cs: 058ada316ffb2af4349828c12d73f05f -> 12b2c0079659a56c89e37a6035957749
  custom:scripting/monoscript/fileName/SparseArray.cs: e0a51e584485b56d9971a06b4f70ecb4 -> a53f96815da50de15010b1c479bc70cf
  custom:scripting/monoscript/fileName/MetaNameAttribute.cs: b18e144d46cb3e237061620a54a5c5b3 -> 5e226a78b91fbab58bf42b88813abd57
  custom:scripting/monoscript/fileName/Worlds.cs: 2095c64d03c345b28301088b270fc226 -> a519624c388a13e47405c0a2dabe03d9
  custom:scripting/monoscript/fileName/TypeMeta.cs: d699924ce717772f7c2cd77e38d71192 -> 24f705c5cf4437ab23e98a5be362a486
  custom:scripting/monoscript/fileName/BaseProcesses.cs: 80e3d614c7158c082908397fef1e317d -> 0a3575435ba216831ce2d6aa80f68677
  custom:scripting/monoscript/fileName/ArraySortHalperX.cs: 34c6ff9cf0aa0d720e612550af5c5d26 -> 849ed7f5b11c9db237ef61b01c5a5104
  custom:scripting/monoscript/fileName/IdDispenser.cs: bef711bcf3a1c70877f3acc0d83f608a -> 6b91817103880c6300d5bbc0a80dee89
  custom:scripting/monoscript/fileName/UncheckedCoreUtility.cs: aa37da10340101a351c8f424e4a43f12 -> 09fccf4854a9f3d55ae4968719f5f130
  custom:scripting/monoscript/fileName/EcsWhereExecutor.cs: 8f6297df34271fdb1ce2d9607ec6261d -> 90647cc400823b41df847a6cbfc29026
  custom:scripting/monoscript/fileName/Exceptions.cs: e7350dd3f4b1c79c9fcc1da058ddd1dd -> 5a99b6c5dbdfe99f70e6110b9053674e
  custom:scripting/monoscript/fileName/EcsPipeline.cs: 20e3b45874106257d644cc4ae0f33185 -> 36e23495764e4bec4ffd55587fa9bce0
  custom:scripting/monoscript/fileName/Interfaces.cs: 681918feb06dbc142788871f8a6610d3 -> fc983f43e88a1e2383a87bd1535543fc
  custom:scripting/monoscript/fileName/UnsafeArray.cs: 34c6ff9cf0aa0d720e612550af5c5d26 -> 849ed7f5b11c9db237ef61b01c5a5104
  custom:video-encoder-webm-vp8: eb34c28f22e8b96e1ab97ce403110664 -> 
  custom:audio-decoder-ogg-vorbis: bf7c407c2cedff20999df2af8eb42d56 -> 
  custom:scripting/monoscript/fileName/Aspects.cs: 1bb7690008a48009fa7704e7d80ce115 -> 5d6713079a073ac4c50170617f2cbbdd
  custom:scripting/monoscript/fileName/AudioButtonsStatus.cs: 7588fa0e2a1a7362268d6a35121c3561 -> 
  custom:scripting/monoscript/fileName/EcsGroup.cs: d28e68a8e3335e3ff75090b24d219185 -> 07228ccef216f15bc3f56e47b32f26f0
  custom:scripting/monoscript/fileName/InjectionNode.cs: a7d92609dd9cfc813f9dccdefcda74cf -> 7d6c6f255293ac7ab881de6eb1e69df7
  custom:audio-encoder-webm-vorbis: bf7c407c2cedff20999df2af8eb42d56 -> 
  custom:scripting/monoscript/fileName/EcsDebug.cs: ad23832bbeaf496a3eba629cd3080a70 -> 8eea15508cf5695757b725dea1725cc6
  custom:scripting/monoscript/fileName/EcsWorld.static.cs: f85c16838859d07970713c1de49a3eef -> ee995408255e09566032e690e1f3317f
  custom:scripting/monoscript/fileName/EcsSpan.cs: 15f074769c3fa58382bc0456b3014117 -> 5396e8906f65d637e3c12326ff4a7ea8
  custom:scripting/monoscript/fileName/IConfigContainer.cs: ee47ea4eb3954f388b1065d58a23985a -> 30fa438da5de3948b7e37a4c6c6e4b4f
  custom:scripting/monoscript/fileName/EcsPipelineExtensions.cs: 597578e060d6d93abc2e740705b386d0 -> 1fbf402bff11f45c5350e88723859228
  custom:scripting/monoscript/fileName/EcsPool.cs: 40748e41624ef0b0c2cadcd56b76135d -> a404ad22ede0b7d8f576df1bedbf538c
  custom:scripting/precompiled-assembly-types:Assembly-CSharp: eccfde5844a8a085da9c312afcfb0f6f -> fe1f0beb764a7a3c5a0667557268a853
  custom:scripting/monoscript/fileName/GameFieldGeneratedPlaneAlgorithmAudioConfig.cs: dd76a1cfcc30cf141d185d00260c3c11 -> 
========================================================================
Received Prepare
Caller must complete domain reload
Begin MonoManager ReloadAssembly
- Loaded All Assemblies, in  2.293 seconds
Native extension for WindowsStandalone target not found
Native extension for Android target not found
Native extension for WebGL target not found
[Package Manager] Server::EnsureServerProcessIsRunning -- launch failed, reason: Unity was launched with the -noUpm command-line argument
[Package Manager] UpmClient::Send -- Unable to send message (not connected to UPM process).
[Package Manager] Cannot connect to Unity Package Manager local server
Mono: successfully reloaded assembly
[Package Manager] Server::EnsureServerProcessIsRunning -- launch failed, reason: Unity was launched with the -noUpm command-line argument
[Package Manager] UpmClient::Send -- Unable to send message (not connected to UPM process).
[Package Manager] Cannot connect to Unity Package Manager local server
- Finished resetting the current domain, in  1.608 seconds
Domain Reload Profiling: 3903ms
	BeginReloadAssembly (664ms)
		ExecutionOrderSort (0ms)
		DisableScriptedObjects (71ms)
		BackupInstance (0ms)
		ReleaseScriptingObjects (2ms)
		CreateAndSetChildDomain (213ms)
	RebuildCommonClasses (35ms)
	RebuildNativeTypeToScriptingClass (9ms)
	initialDomainReloadingComplete (42ms)
	LoadAllAssembliesAndSetupDomain (1543ms)
		LoadAssemblies (1586ms)
		RebuildTransferFunctionScriptingTraits (0ms)
		AnalyzeDomain (114ms)
			TypeCache.Refresh (72ms)
				TypeCache.ScanAssembly (7ms)
			ScanForSourceGeneratedMonoScriptInfo (16ms)
			ResolveRequiredComponents (24ms)
	FinalizeReload (1609ms)
		ReleaseScriptCaches (0ms)
		RebuildScriptCaches (0ms)
		SetupLoadedEditorAssemblies (843ms)
			LogAssemblyErrors (0ms)
			InitializePlatformSupportModulesInManaged (43ms)
			SetLoadedEditorAssemblies (6ms)
			RefreshPlugins (0ms)
			BeforeProcessingInitializeOnLoad (76ms)
			ProcessInitializeOnLoadAttributes (419ms)
			ProcessInitializeOnLoadMethodAttributes (295ms)
			AfterProcessingInitializeOnLoad (2ms)
			EditorAssembliesLoaded (1ms)
		ExecutionOrderSort2 (0ms)
		AwakeInstancesAfterBackupRestoration (5ms)
Refreshing native plugins compatible for Editor in 9.83 ms, found 3 plugins.
Preloading 0 native plugins for Editor in 0.00 ms.
Unloading 4336 Unused Serialized files (Serialized files now loaded: 0)
Unloading 31 unused Assets / (66.1 KB). Loaded Objects now: 5131.
Memory consumption went from 190.5 MB to 190.5 MB.
Total: 21.970000 ms (FindLiveObjects: 1.422600 ms CreateObjectMapping: 0.183400 ms MarkObjects: 20.081500 ms  DeleteObjects: 0.280700 ms)

Prepare: number of updated asset objects reloaded= 0
AssetImportParameters requested are different than current active one (requested -> active):
  custom:scripting/monoscript/fileName/EcsPoolBase.cs: 31ac56193ae6d54339748acda32ec94d -> 13578c1186811575128a81ef58458158
  custom:scripting/monoscript/fileName/ICoroutineRunner.cs: c9b4afce6f3657283599e7913db9fe75 -> 
  custom:container-demuxer-ogg: 62fdf1f143b41e24485cea50d1cbac27 -> 
  custom:scripting/monoscript/fileName/EcsWorld.cs: 22c9529b696807804c45b49aecb240e4 -> b5398d9e0d6d44b0656dfb9e069bdcb7
  custom:scripting/monoscript/fileName/EcsRunner.cs: 888da8f511430c4063b6409b3d58672b -> 71d2a3bda53ca5b6050345a489bc2623
  custom:scripting/monoscript/fileName/Injector.cs: 497aaabc2940aa3aa01d252fd8a0c47b -> 1c175fcff5ec2c8fc7a965114f3f7d7d
  custom:scripting/monoscript/fileName/EcsWorld.cache.cs: 6b1449c23a40962b50a2e08eb04ae9e6 -> 6f387c7e66db371630ef2a0a5fc22850
  custom:scripting/monoscript/fileName/InjectionBranch.cs: 4279a377faef040bb62fb4a633533f04 -> 7d84b04d553f6e4071360c20ba45080a
  custom:video-decoder-ogg-theora: a1e56fd34408186e4bbccfd4996cb3dc -> 
  custom:scripting/monoscript/fileName/EcsAspect.cs: 379ac680ffd19ab4b9f61502a7a6eff8 -> 226bdda0feb135d8ad2f56ec6d899a1d
  custom:framework-win-MediaFoundation: 216162199b28c13a410421893ffa2e32 -> 
  custom:scripting/monoscript/fileName/entlong.cs: fb737a2ecf18e5cd642c1cb50dfe46b8 -> de9b060f0b3358bb6a05d89bc42f0791
  custom:scripting/monoscript/fileName/MetaTagsAttribute.cs: f816c95d973588aac5587e0cf7b12543 -> 48654cba762b6d27f4b1d46fcf914471
  custom:scripting/monoscript/fileName/GameFieldGeneratedPlaneAlgorithmMarker.cs: 505be8ba7cc43f00ae1cc5b5ce71b559 -> 
  custom:scripting/monoscript/fileName/MetaGroupAttribute.cs: f6b3a56866565312640e6eda2030408e -> 41562d763411caf327dc60de94f75855
  custom:scripting/monoscript/fileName/BitsUtility.cs: 9d0da9e734b986fb4c879c4d944d8b14 -> c92cf35016096013ce0c38bf263e4405
  custom:CustomObjectIndexerAttribute: 9a22284fe3817be447336de3de66b15e -> 
  custom:scripting/monoscript/fileName/EcsWhereToGroupExecutor.cs: 8f6297df34271fdb1ce2d9607ec6261d -> 90647cc400823b41df847a6cbfc29026
  custom:scripting/monoscript/fileName/AnimalCreationChainStrategySystem.cs: ecbd11dd0c336ecf9f8575e3e4d3ece0 -> c0e686f4717d71e12954b8f0f3a26a06
  custom:scripting/monoscript/fileName/EcsWorld.pools.cs: 47beb563def6082bb4ad79bf75bb6a66 -> 2c8c92e9dae1546ac82eb30ddc32f89b
  custom:container-demuxer-webm: 4f35f7cbe854078d1ac9338744f61a02 -> 
  custom:scripting/monoscript/fileName/EcsTagPool.cs: d63c9283c9f0dc9a65cfcb4d6f3f406e -> 292012435f767377dfa5c5d9463011fc
  custom:scripting/monoscript/fileName/Queries.cs: 7ec416f24bbc2b3f63ed5485791e3250 -> 58afa85ab125f099ef201a63b191b316
  custom:scripting/monoscript/fileName/ArrayUtility.cs: b8c011a6edd79b211f0955ed46d60df1 -> 7ba2d4a9c78178d723b9d885f5f1af2e
  custom:scripting/monoscript/fileName/ITemplateNode.cs: cd6fd998d6867619a5c48da87fcf5a14 -> f5da816ed0ca7c34ef03789101f9d2a7
  custom:scripting/monoscript/fileName/PurchaseAnimalTag.cs: 8f794ad5afbe806dfef508ff0dc3725b -> 
  custom:scripting/monoscript/fileName/MetaDescriptionAttribute.cs: e311fd002cc0dc6e7dfd746e1f56fa4d -> db593401a601951b4b3fe210d2e6ac30
  custom:scripting/monoscript/fileName/EcsQueryExecutor.cs: cb7218d8ec00ef6dcd4958fea7556d82 -> 92321aad84d8490e6222233ad957067f
  custom:scripting/monoscript/fileName/IEcsTypeMetaProvider.cs: e76830a8fd8170d850ac464a370b8916 -> 03184fa6c59932ed538cbd8addf6fe48
  custom:scripting/monoscript/fileName/DataInterfaces.cs: 40735d631d366c73ff47fb097c329025 -> 4a32470493a767702519176ca1433fe7
  custom:scripting/monoscript/fileName/MetaColorAttribute.cs: 8a7fbcfd4a3ecc0628d8afb69765dc7d -> b291fc4e51b18e37e62b8c2cd9aedc86
  custom:scripting/monoscript/fileName/EcsDebugUtility.cs: 2be076fcf1f1c707a9eaee7da01b5c57 -> e6bcd67ac51126e8c5afedefba8d71da
  custom:scripting/monoscript/fileName/Consts.cs: 6eb20adfff3eee69e75faf4b73a2ddd6 -> a82fb62194155ef6154e1bce01fd9ff8
  custom:container-muxer-webm: aa71ff27fc2769a1b78a27578f13a17b -> 
  custom:video-decoder-webm-vp8: 9c59270c3fd7afecdb556c50c9e8de78 -> 
  custom:scripting/monoscript/fileName/EcsMask.cs: c7032164440c4d6e79eaef7871e350a0 -> 71a9ebdefefd85f00a63f4791a1ea3d1
  custom:scripting/monoscript/fileName/EcsTypeCode.cs: 10f78a56829fa79a2c926bb06b832e7c -> 51c186a230106c5e5caae5f4debb522f
  custom:SearchIndexIgnoredProperties: e643bd26f0fe6173181afceb89e7c659 -> 
  custom:AudioImporter_EditorPlatform: d09bf68614088b80899f8185d706f6e7 -> 
  custom:scripting/monoscript/fileName/EcsMetaAttribute.cs: 4681b49ca5ea899cb64dfc809ca3a8ea -> fd3ea90bde2894a0f0de9ba2a9ee1175
  custom:scripting/monoscript/fileName/ReflectionUtility.cs: 058ada316ffb2af4349828c12d73f05f -> 12b2c0079659a56c89e37a6035957749
  custom:scripting/monoscript/fileName/SparseArray.cs: e0a51e584485b56d9971a06b4f70ecb4 -> a53f96815da50de15010b1c479bc70cf
  custom:scripting/monoscript/fileName/MetaNameAttribute.cs: b18e144d46cb3e237061620a54a5c5b3 -> 5e226a78b91fbab58bf42b88813abd57
  custom:scripting/monoscript/fileName/Worlds.cs: 2095c64d03c345b28301088b270fc226 -> a519624c388a13e47405c0a2dabe03d9
  custom:scripting/monoscript/fileName/TypeMeta.cs: d699924ce717772f7c2cd77e38d71192 -> 24f705c5cf4437ab23e98a5be362a486
  custom:scripting/monoscript/fileName/BaseProcesses.cs: 80e3d614c7158c082908397fef1e317d -> 0a3575435ba216831ce2d6aa80f68677
  custom:scripting/monoscript/fileName/ArraySortHalperX.cs: 34c6ff9cf0aa0d720e612550af5c5d26 -> 849ed7f5b11c9db237ef61b01c5a5104
  custom:scripting/monoscript/fileName/IdDispenser.cs: bef711bcf3a1c70877f3acc0d83f608a -> 6b91817103880c6300d5bbc0a80dee89
  custom:scripting/monoscript/fileName/UncheckedCoreUtility.cs: aa37da10340101a351c8f424e4a43f12 -> 09fccf4854a9f3d55ae4968719f5f130
  custom:scripting/monoscript/fileName/EcsWhereExecutor.cs: 8f6297df34271fdb1ce2d9607ec6261d -> 90647cc400823b41df847a6cbfc29026
  custom:scripting/monoscript/fileName/Exceptions.cs: e7350dd3f4b1c79c9fcc1da058ddd1dd -> 5a99b6c5dbdfe99f70e6110b9053674e
  custom:scripting/monoscript/fileName/EcsPipeline.cs: 20e3b45874106257d644cc4ae0f33185 -> 36e23495764e4bec4ffd55587fa9bce0
  custom:scripting/monoscript/fileName/Interfaces.cs: 681918feb06dbc142788871f8a6610d3 -> fc983f43e88a1e2383a87bd1535543fc
  custom:scripting/monoscript/fileName/UnsafeArray.cs: 34c6ff9cf0aa0d720e612550af5c5d26 -> 849ed7f5b11c9db237ef61b01c5a5104
  custom:video-encoder-webm-vp8: eb34c28f22e8b96e1ab97ce403110664 -> 
  custom:audio-decoder-ogg-vorbis: bf7c407c2cedff20999df2af8eb42d56 -> 
  custom:scripting/monoscript/fileName/Aspects.cs: 1bb7690008a48009fa7704e7d80ce115 -> 5d6713079a073ac4c50170617f2cbbdd
  custom:scripting/monoscript/fileName/AudioButtonsStatus.cs: 7588fa0e2a1a7362268d6a35121c3561 -> 
  custom:scripting/monoscript/fileName/EcsGroup.cs: d28e68a8e3335e3ff75090b24d219185 -> 07228ccef216f15bc3f56e47b32f26f0
  custom:scripting/monoscript/fileName/InjectionNode.cs: a7d92609dd9cfc813f9dccdefcda74cf -> 7d6c6f255293ac7ab881de6eb1e69df7
  custom:audio-encoder-webm-vorbis: bf7c407c2cedff20999df2af8eb42d56 -> 
  custom:scripting/monoscript/fileName/EcsDebug.cs: ad23832bbeaf496a3eba629cd3080a70 -> 8eea15508cf5695757b725dea1725cc6
  custom:scripting/monoscript/fileName/EcsWorld.static.cs: f85c16838859d07970713c1de49a3eef -> ee995408255e09566032e690e1f3317f
  custom:scripting/monoscript/fileName/EcsSpan.cs: 15f074769c3fa58382bc0456b3014117 -> 5396e8906f65d637e3c12326ff4a7ea8
  custom:scripting/monoscript/fileName/IConfigContainer.cs: ee47ea4eb3954f388b1065d58a23985a -> 30fa438da5de3948b7e37a4c6c6e4b4f
  custom:scripting/monoscript/fileName/EcsPipelineExtensions.cs: 597578e060d6d93abc2e740705b386d0 -> 1fbf402bff11f45c5350e88723859228
  custom:scripting/monoscript/fileName/EcsPool.cs: 40748e41624ef0b0c2cadcd56b76135d -> a404ad22ede0b7d8f576df1bedbf538c
  custom:scripting/precompiled-assembly-types:Assembly-CSharp: eccfde5844a8a085da9c312afcfb0f6f -> fe1f0beb764a7a3c5a0667557268a853
  custom:scripting/monoscript/fileName/GameFieldGeneratedPlaneAlgorithmAudioConfig.cs: dd76a1cfcc30cf141d185d00260c3c11 -> 
========================================================================
Received Import Request.
  Time since last request: 1773.578887 seconds.
  path: Assets/Resources/Levels/LevelCfg.asset
  artifactKey: Guid(418599750d9f9df4b8a1a40a2992dd92) Importer(815301076,1909f56bfc062723c751e8b465ee728b)
Start importing Assets/Resources/Levels/LevelCfg.asset using Guid(418599750d9f9df4b8a1a40a2992dd92) Importer(815301076,1909f56bfc062723c751e8b465ee728b) [PhysX] Initialized MultithreadedTaskDispatcher with 12 workers.
 -> (artifact id: '1d644201ef513dc930874c94be5d5ac0') in 0.125432 seconds
Number of updated asset objects reloaded before import = 0
Number of asset objects unloaded after import = 20
========================================================================
Received Import Request.
  Time since last request: 135.058225 seconds.
  path: Assets/Resources/Levels/LevelCfg 1.asset
  artifactKey: Guid(576809c6a96311849ac4f5180a5bce5d) Importer(815301076,1909f56bfc062723c751e8b465ee728b)
Start importing Assets/Resources/Levels/LevelCfg 1.asset using Guid(576809c6a96311849ac4f5180a5bce5d) Importer(815301076,1909f56bfc062723c751e8b465ee728b) [PhysX] Initialized MultithreadedTaskDispatcher with 12 workers.
 -> (artifact id: 'de2019c7a604f83822b86732b84694b0') in 0.018712 seconds
Number of updated asset objects reloaded before import = 0
Number of asset objects unloaded after import = 20
========================================================================
Received Import Request.
  Time since last request: 8.689465 seconds.
  path: Assets/Resources/Levels/LevelCfg_1.asset
  artifactKey: Guid(418599750d9f9df4b8a1a40a2992dd92) Importer(815301076,1909f56bfc062723c751e8b465ee728b)
Start importing Assets/Resources/Levels/LevelCfg_1.asset using Guid(418599750d9f9df4b8a1a40a2992dd92) Importer(815301076,1909f56bfc062723c751e8b465ee728b) [PhysX] Initialized MultithreadedTaskDispatcher with 12 workers.
 -> (artifact id: '8dab45f19de46b96d58b5614aa0626bf') in 0.016690 seconds
Number of updated asset objects reloaded before import = 0
Number of asset objects unloaded after import = 20
========================================================================
Received Import Request.
  Time since last request: 10.417718 seconds.
  path: Assets/Resources/Levels/LevelCfg_2.asset
  artifactKey: Guid(576809c6a96311849ac4f5180a5bce5d) Importer(815301076,1909f56bfc062723c751e8b465ee728b)
Start importing Assets/Resources/Levels/LevelCfg_2.asset using Guid(576809c6a96311849ac4f5180a5bce5d) Importer(815301076,1909f56bfc062723c751e8b465ee728b) [PhysX] Initialized MultithreadedTaskDispatcher with 12 workers.
 -> (artifact id: 'ddb5dd06c5dcfeea60d3f4c6455127d1') in 0.014223 seconds
Number of updated asset objects reloaded before import = 0
Number of asset objects unloaded after import = 20
========================================================================
Received Import Request.
  Time since last request: 70.289471 seconds.
  path: Assets/Resources/Levels/LevelCfg_2.asset
  artifactKey: Guid(576809c6a96311849ac4f5180a5bce5d) Importer(815301076,1909f56bfc062723c751e8b465ee728b)
Start importing Assets/Resources/Levels/LevelCfg_2.asset using Guid(576809c6a96311849ac4f5180a5bce5d) Importer(815301076,1909f56bfc062723c751e8b465ee728b) [PhysX] Initialized MultithreadedTaskDispatcher with 12 workers.
 -> (artifact id: 'c223f9bc6e878fbb6810ecdf0682a0d7') in 0.019723 seconds
Number of updated asset objects reloaded before import = 0
Number of asset objects unloaded after import = 20
========================================================================
Received Import Request.
  Time since last request: 40.481556 seconds.
  path: Assets/YandexGame/ScriptsYG/GameReadyAPI
  artifactKey: Guid(b89fba140e473194888673e3420ecfa9) Importer(815301076,1909f56bfc062723c751e8b465ee728b)
Start importing Assets/YandexGame/ScriptsYG/GameReadyAPI using Guid(b89fba140e473194888673e3420ecfa9) Importer(815301076,1909f56bfc062723c751e8b465ee728b) [PhysX] Initialized MultithreadedTaskDispatcher with 12 workers.
 -> (artifact id: '66ae48b012d00daa42f2ab7d2d5be27d') in 0.003055 seconds
Number of updated asset objects reloaded before import = 0
Number of asset objects unloaded after import = 0
========================================================================
Received Import Request.
  Time since last request: 0.085793 seconds.
  path: Assets/YandexGame
  artifactKey: Guid(3388421cc3ea98b46bdd4ce08ada19c2) Importer(815301076,1909f56bfc062723c751e8b465ee728b)
Start importing Assets/YandexGame using Guid(3388421cc3ea98b46bdd4ce08ada19c2) Importer(815301076,1909f56bfc062723c751e8b465ee728b) [PhysX] Initialized MultithreadedTaskDispatcher with 12 workers.
 -> (artifact id: '1b3f61aafec8fa744cf39fde2b90717e') in 0.001978 seconds
Number of updated asset objects reloaded before import = 0
Number of asset objects unloaded after import = 0
========================================================================
Received Import Request.
  Time since last request: 0.194567 seconds.
  path: Assets/YandexGame/ScriptsYG/Editor/CreateYandexGameEditor.cs
  artifactKey: Guid(6b79d62e3e8af294e95683c03e2eb5fd) Importer(815301076,1909f56bfc062723c751e8b465ee728b)
Start importing Assets/YandexGame/ScriptsYG/Editor/CreateYandexGameEditor.cs using Guid(6b79d62e3e8af294e95683c03e2eb5fd) Importer(815301076,1909f56bfc062723c751e8b465ee728b) [PhysX] Initialized MultithreadedTaskDispatcher with 12 workers.
 -> (artifact id: '548b317fea8b930da65ad3165d0e9fa4') in 0.001506 seconds
Number of updated asset objects reloaded before import = 0
Number of asset objects unloaded after import = 0
========================================================================
Received Import Request.
  Time since last request: 0.032259 seconds.
  path: Assets/_Project/Scripts/Gameplay/Features/AudioFeature/GameAudio.cs
  artifactKey: Guid(1e2d8317b0aa438d9e4763cb37a4d94a) Importer(815301076,1909f56bfc062723c751e8b465ee728b)
Start importing Assets/_Project/Scripts/Gameplay/Features/AudioFeature/GameAudio.cs using Guid(1e2d8317b0aa438d9e4763cb37a4d94a) Importer(815301076,1909f56bfc062723c751e8b465ee728b) [PhysX] Initialized MultithreadedTaskDispatcher with 12 workers.
 -> (artifact id: 'd7050fea7d29a8b97a05657cc1922b4b') in 0.002187 seconds
Number of updated asset objects reloaded before import = 0
Number of asset objects unloaded after import = 0
========================================================================
Received Import Request.
  Time since last request: 5.359438 seconds.
  path: Assets/Resources/GameCfg.asset
  artifactKey: Guid(a6c6745e88dd1ee40a1f2088e4454454) Importer(815301076,1909f56bfc062723c751e8b465ee728b)
Start importing Assets/Resources/GameCfg.asset using Guid(a6c6745e88dd1ee40a1f2088e4454454) Importer(815301076,1909f56bfc062723c751e8b465ee728b) [PhysX] Initialized MultithreadedTaskDispatcher with 12 workers.
 -> (artifact id: 'd7ed858b7958f70dbab3b2c10aa359b3') in 0.105812 seconds
Number of updated asset objects reloaded before import = 0
Number of asset objects unloaded after import = 24
========================================================================
Received Import Request.
  Time since last request: 131.649352 seconds.
  path: Assets/Resources/Levels/LevelCfg_2 1.asset
  artifactKey: Guid(aad53af4e576dc440925905af88b5a70) Importer(815301076,1909f56bfc062723c751e8b465ee728b)
Start importing Assets/Resources/Levels/LevelCfg_2 1.asset using Guid(aad53af4e576dc440925905af88b5a70) Importer(815301076,1909f56bfc062723c751e8b465ee728b) [PhysX] Initialized MultithreadedTaskDispatcher with 12 workers.
 -> (artifact id: 'dce36cc0d57535014ab00834c0e6665f') in 0.018668 seconds
Number of updated asset objects reloaded before import = 0
Number of asset objects unloaded after import = 20
========================================================================
Received Import Request.
  Time since last request: 5.884165 seconds.
  path: Assets/Resources/Levels/LevelCfg_3.asset
  artifactKey: Guid(aad53af4e576dc440925905af88b5a70) Importer(815301076,1909f56bfc062723c751e8b465ee728b)
Start importing Assets/Resources/Levels/LevelCfg_3.asset using Guid(aad53af4e576dc440925905af88b5a70) Importer(815301076,1909f56bfc062723c751e8b465ee728b) [PhysX] Initialized MultithreadedTaskDispatcher with 12 workers.
 -> (artifact id: 'd6b15d069fe28e960dbfc3b6c40dae88') in 0.013138 seconds
Number of updated asset objects reloaded before import = 0
Number of asset objects unloaded after import = 20
========================================================================
Received Prepare
Caller must complete domain reload
Begin MonoManager ReloadAssembly
- Loaded All Assemblies, in  4.602 seconds
Native extension for WindowsStandalone target not found
Native extension for Android target not found
Native extension for WebGL target not found
[Package Manager] Server::EnsureServerProcessIsRunning -- launch failed, reason: Unity was launched with the -noUpm command-line argument
[Package Manager] UpmClient::Send -- Unable to send message (not connected to UPM process).
[Package Manager] Cannot connect to Unity Package Manager local server
Could not allocate 1048616 bytes
Crash!!!
SymInit: Symbol-SearchPath: 'D:/games/Unity/Unity Files (Dont Touch)/2021.3.9f1/2022.3.42f1/Editor/Data/Mono;.;D:\games\SlidingCubesGame\SlidingBlocksGame;D:\games\SlidingCubesGame\SlidingBlocksGame\Library\BurstCache\JIT;D:\games\Unity\Unity Files (Dont Touch)\2021.3.9f1\2022.3.42f1\Editor;C:\Windows;C:\Windows\system32;', symOptions: 534, UserName: 'stepa'
OS-Version: 10.0.0
D:\games\Unity\Unity Files (Dont Touch)\2021.3.9f1\2022.3.42f1\Editor\Unity.exe:Unity.exe (00007FF712BB0000), size: 82337792 (result: 0), SymType: '-deferred-', PDB: '', fileVersion: 2022.3.42.52074
C:\Windows\SYSTEM32\ntdll.dll:ntdll.dll (00007FFE3CC50000), size: 2064384 (result: 0), SymType: '-deferred-', PDB: '', fileVersion: 10.0.19041.2130
C:\Windows\System32\KERNEL32.DLL:KERNEL32.DLL (00007FFE3BA40000), size: 774144 (result: 0), SymType: '-deferred-', PDB: '', fileVersion: 10.0.19041.1889
C:\Windows\System32\KERNELBASE.dll:KERNELBASE.dll (00007FFE3A6C0000), size: 2957312 (result: 0), SymType: '-deferred-', PDB: '', fileVersion: 10.0.19041.2130
C:\Windows\System32\CRYPT32.dll:CRYPT32.dll (00007FFE3AA50000), size: 1400832 (result: 0), SymType: '-deferred-', PDB: '', fileVersion: 10.0.19041.1889
C:\Windows\System32\ucrtbase.dll:ucrtbase.dll (00007FFE3ABB0000), size: 1048576 (result: 0), SymType: '-deferred-', PDB: '', fileVersion: 10.0.19041.789
C:\Windows\System32\bcrypt.dll:bcrypt.dll (00007FFE3A590000), size: 159744 (result: 0), SymType: '-deferred-', PDB: '', fileVersion: 10.0.19041.1023
C:\Windows\System32\USER32.dll:USER32.dll (00007FFE3B730000), size: 1691648 (result: 0), SymType: '-deferred-', PDB: '', fileVersion: 10.0.19041.2130
D:\games\Unity\Unity Files (Dont Touch)\2021.3.9f1\2022.3.42f1\Editor\libfbxsdk.dll:libfbxsdk.dll (00007FFDAC330000), size: 8019968 (result: 0), SymType: '-deferred-', PDB: '', fileVersion: 2020.3.7.0
D:\games\Unity\Unity Files (Dont Touch)\2021.3.9f1\2022.3.42f1\Editor\s3tcompress.dll:s3tcompress.dll (00007FFDACFC0000), size: 180224 (result: 0), SymType: '-deferred-', PDB: ''
D:\games\Unity\Unity Files (Dont Touch)\2021.3.9f1\2022.3.42f1\Editor\etccompress.dll:etccompress.dll (00007FFDACAE0000), size: 5066752 (result: 0), SymType: '-deferred-', PDB: ''
C:\Windows\System32\win32u.dll:win32u.dll (00007FFE3A560000), size: 139264 (result: 0), SymType: '-deferred-', PDB: '', fileVersion: 10.0.19041.2130
C:\Windows\System32\ADVAPI32.dll:ADVAPI32.dll (00007FFE3C960000), size: 712704 (result: 0), SymType: '-deferred-', PDB: '', fileVersion: 10.0.19041.2130
D:\games\Unity\Unity Files (Dont Touch)\2021.3.9f1\2022.3.42f1\Editor\ispc_texcomp.dll:ispc_texcomp.dll (00007FFDAC170000), size: 1826816 (result: 0), SymType: '-deferred-', PDB: ''
D:\games\Unity\Unity Files (Dont Touch)\2021.3.9f1\2022.3.42f1\Editor\compress_bc7e.dll:compress_bc7e.dll (00007FFDAC010000), size: 1433600 (result: 0), SymType: '-deferred-', PDB: ''
C:\Windows\System32\GDI32.dll:GDI32.dll (00007FFE3C590000), size: 176128 (result: 0), SymType: '-deferred-', PDB: '', fileVersion: 10.0.19041.2130
C:\Windows\System32\msvcrt.dll:msvcrt.dll (00007FFE3CB70000), size: 647168 (result: 0), SymType: '-deferred-', PDB: '', fileVersion: 7.0.19041.546
C:\Windows\System32\gdi32full.dll:gdi32full.dll (00007FFE3A360000), size: 1110016 (result: 0), SymType: '-deferred-', PDB: '', fileVersion: 10.0.19041.2130
D:\games\Unity\Unity Files (Dont Touch)\2021.3.9f1\2022.3.42f1\Editor\FreeImage.dll:FreeImage.dll (0000000180000000), size: 5783552 (result: 0), SymType: '-deferred-', PDB: '', fileVersion: 3.18.0.0
D:\games\Unity\Unity Files (Dont Touch)\2021.3.9f1\2022.3.42f1\Editor\WinPixEventRuntime.dll:WinPixEventRuntime.dll (00007FFDAC000000), size: 45056 (result: 0), SymType: '-deferred-', PDB: '', fileVersion: 1.0.1812.6001
C:\Windows\System32\sechost.dll:sechost.dll (00007FFE3ACC0000), size: 638976 (result: 0), SymType: '-deferred-', PDB: '', fileVersion: 10.0.19041.1865
C:\Windows\System32\WS2_32.dll:WS2_32.dll (00007FFE3C640000), size: 438272 (result: 0), SymType: '-deferred-', PDB: '', fileVersion: 10.0.19041.546
C:\Windows\System32\msvcp_win.dll:msvcp_win.dll (00007FFE3A4C0000), size: 643072 (result: 0), SymType: '-deferred-', PDB: '', fileVersion: 10.0.19041.789
C:\Windows\System32\RPCRT4.dll:RPCRT4.dll (00007FFE3AD60000), size: 1200128 (result: 0), SymType: '-deferred-', PDB: '', fileVersion: 10.0.19041.1806
D:\games\Unity\Unity Files (Dont Touch)\2021.3.9f1\2022.3.42f1\Editor\umbraoptimizer64.dll:umbraoptimizer64.dll (00007FFDABED0000), size: 1187840 (result: 0), SymType: '-deferred-', PDB: ''
C:\Windows\System32\SHELL32.dll:SHELL32.dll (00007FFE3BE40000), size: 7614464 (result: 0), SymType: '-deferred-', PDB: '', fileVersion: 10.0.19041.2075
C:\Windows\System32\SHLWAPI.dll:SHLWAPI.dll (00007FFE3CA10000), size: 348160 (result: 0), SymType: '-deferred-', PDB: '', fileVersion: 10.0.19041.2075
C:\Windows\System32\ole32.dll:ole32.dll (00007FFE3C6B0000), size: 1220608 (result: 0), SymType: '-deferred-', PDB: '', fileVersion: 10.0.19041.1202
C:\Windows\System32\combase.dll:combase.dll (00007FFE3B300000), size: 3489792 (result: 0), SymType: '-deferred-', PDB: '', fileVersion: 10.0.19041.2130
C:\Windows\System32\IMM32.dll:IMM32.dll (00007FFE3B960000), size: 196608 (result: 0), SymType: '-deferred-', PDB: '', fileVersion: 10.0.19041.546
C:\Windows\SYSTEM32\MSVCP140.dll:MSVCP140.dll (00007FFDAB3E0000), size: 581632 (result: 0), SymType: '-deferred-', PDB: '', fileVersion: 14.34.31931.0
C:\Windows\System32\SETUPAPI.dll:SETUPAPI.dll (00007FFE3AE90000), size: 4648960 (result: 0), SymType: '-deferred-', PDB: '', fileVersion: 10.0.19041.1741
C:\Windows\System32\cfgmgr32.dll:cfgmgr32.dll (00007FFE3A470000), size: 319488 (result: 0), SymType: '-deferred-', PDB: '', fileVersion: 10.0.19041.1620
C:\Windows\SYSTEM32\VCRUNTIME140.dll:VCRUNTIME140.dll (00007FFE2B1A0000), size: 110592 (result: 0), SymType: '-deferred-', PDB: '', fileVersion: 14.34.31931.0
C:\Windows\System32\OLEAUT32.dll:OLEAUT32.dll (00007FFE3B660000), size: 839680 (result: 0), SymType: '-deferred-', PDB: '', fileVersion: 10.0.19041.985
C:\Windows\SYSTEM32\VCRUNTIME140_1.dll:VCRUNTIME140_1.dll (00007FFE330C0000), size: 49152 (result: 0), SymType: '-deferred-', PDB: '', fileVersion: 14.34.31931.0
C:\Windows\System32\WINTRUST.dll:WINTRUST.dll (00007FFE3A5C0000), size: 430080 (result: 0), SymType: '-deferred-', PDB: '', fileVersion: 10.0.19041.2075
C:\Windows\SYSTEM32\IPHLPAPI.DLL:IPHLPAPI.DLL (00007FFE397C0000), size: 241664 (result: 0), SymType: '-deferred-', PDB: '', fileVersion: 10.0.19041.1865
C:\Windows\SYSTEM32\OPENGL32.dll:OPENGL32.dll (00007FFE039D0000), size: 1208320 (result: 0), SymType: '-deferred-', PDB: '', fileVersion: 10.0.19041.2075
C:\Windows\SYSTEM32\GLU32.dll:GLU32.dll (00007FFE1E6A0000), size: 180224 (result: 0), SymType: '-deferred-', PDB: '', fileVersion: 10.0.19041.2075
C:\Windows\SYSTEM32\WINHTTP.dll:WINHTTP.dll (00007FFE35320000), size: 1101824 (result: 0), SymType: '-deferred-', PDB: '', fileVersion: 10.0.19041.2075
C:\Windows\SYSTEM32\WINMM.dll:WINMM.dll (00007FFE32D50000), size: 159744 (result: 0), SymType: '-deferred-', PDB: '', fileVersion: 10.0.19041.546
C:\Windows\SYSTEM32\dwmapi.dll:dwmapi.dll (00007FFE37E30000), size: 192512 (result: 0), SymType: '-deferred-', PDB: '', fileVersion: 10.0.19041.746
D:\games\Unity\Unity Files (Dont Touch)\2021.3.9f1\2022.3.42f1\Editor\SketchUpAPI.dll:SketchUpAPI.dll (00007FFDAB470000), size: 8990720 (result: 0), SymType: '-deferred-', PDB: '', fileVersion: 23.0.0.0
D:\games\Unity\Unity Files (Dont Touch)\2021.3.9f1\2022.3.42f1\Editor\NativeProxyHelper.dll:NativeProxyHelper.dll (00007FFDABD10000), size: 1789952 (result: 0), SymType: '-deferred-', PDB: ''
C:\Windows\SYSTEM32\VERSION.dll:VERSION.dll (00007FFE347C0000), size: 40960 (result: 0), SymType: '-deferred-', PDB: '', fileVersion: 10.0.19041.546
C:\Windows\SYSTEM32\HID.DLL:HID.DLL (00007FFE38BC0000), size: 53248 (result: 0), SymType: '-deferred-', PDB: '', fileVersion: 10.0.19041.546
D:\games\Unity\Unity Files (Dont Touch)\2021.3.9f1\2022.3.42f1\Editor\SketchUpCommonPreferences.dll:SketchUpCommonPreferences.dll (00007FFDAB360000), size: 499712 (result: 0), SymType: '-deferred-', PDB: '', fileVersion: 23.0.0.0
C:\Windows\SYSTEM32\Secur32.dll:Secur32.dll (00007FFE247B0000), size: 49152 (result: 0), SymType: '-deferred-', PDB: '', fileVersion: 10.0.19041.546
C:\Windows\SYSTEM32\WSOCK32.dll:WSOCK32.dll (00007FFE35C80000), size: 36864 (result: 0), SymType: '-deferred-', PDB: '', fileVersion: 10.0.19041.1
C:\Windows\SYSTEM32\SSPICLI.DLL:SSPICLI.DLL (00007FFE3A220000), size: 204800 (result: 0), SymType: '-deferred-', PDB: '', fileVersion: 10.0.19041.2130
D:\games\Unity\Unity Files (Dont Touch)\2021.3.9f1\2022.3.42f1\Editor\OpenRL.dll:OpenRL.dll (0000022956530000), size: 12779520 (result: 0), SymType: '-deferred-', PDB: '', fileVersion: 1.5.0.2907
C:\Windows\SYSTEM32\MSWSOCK.DLL:MSWSOCK.DLL (00007FFE39B20000), size: 434176 (result: 0), SymType: '-deferred-', PDB: '', fileVersion: 10.0.19041.546
D:\games\Unity\Unity Files (Dont Touch)\2021.3.9f1\2022.3.42f1\Editor\embree.dll:embree.dll (00007FFDAA370000), size: 16711680 (result: 0), SymType: '-deferred-', PDB: '', fileVersion: 2.14.0.0
C:\Windows\SYSTEM32\MSVCP100.dll:MSVCP100.dll (000000005A9B0000), size: 622592 (result: 0), SymType: '-deferred-', PDB: '', fileVersion: 10.0.30319.1
C:\Windows\SYSTEM32\MSVCR100.dll:MSVCR100.dll (000000005A8D0000), size: 856064 (result: 0), SymType: '-deferred-', PDB: '', fileVersion: 10.0.30319.1
D:\games\Unity\Unity Files (Dont Touch)\2021.3.9f1\2022.3.42f1\Editor\tbb.dll:tbb.dll (00007FFDAA300000), size: 413696 (result: 0), SymType: '-deferred-', PDB: '', fileVersion: 2017.0.2016.1004
C:\Windows\SYSTEM32\MSVCP120.dll:MSVCP120.dll (00007FFDAA250000), size: 679936 (result: 0), SymType: '-deferred-', PDB: '', fileVersion: 12.0.40649.5
C:\Windows\SYSTEM32\MSVCR120.dll:MSVCR120.dll (00007FFDAA160000), size: 978944 (result: 0), SymType: '-deferred-', PDB: '', fileVersion: 12.0.40649.5
D:\games\Unity\Unity Files (Dont Touch)\2021.3.9f1\2022.3.42f1\Editor\OpenRL_pthread.dll:OpenRL_pthread.dll (0000022957180000), size: 61440 (result: 0), SymType: '-deferred-', PDB: '', fileVersion: 2.9.0.0
C:\Windows\SYSTEM32\MSASN1.dll:MSASN1.dll (00007FFE39F50000), size: 73728 (result: 0), SymType: '-deferred-', PDB: '', fileVersion: 10.0.19041.546
C:\Windows\System32\bcryptprimitives.dll:bcryptprimitives.dll (00007FFE3A630000), size: 532480 (result: 0), SymType: '-deferred-', PDB: '', fileVersion: 10.0.19041.1415
C:\Windows\SYSTEM32\kernel.appcore.dll:kernel.appcore.dll (00007FFE38200000), size: 73728 (result: 0), SymType: '-deferred-', PDB: '', fileVersion: 10.0.19041.546
C:\Windows\system32\uxtheme.dll:uxtheme.dll (00007FFE37D20000), size: 647168 (result: 0), SymType: '-deferred-', PDB: '', fileVersion: 10.0.19041.2130
C:\Windows\SYSTEM32\windows.storage.dll:windows.storage.dll (00007FFE38420000), size: 7933952 (result: 0), SymType: '-deferred-', PDB: '', fileVersion: 10.0.19041.2130
C:\Windows\SYSTEM32\Wldp.dll:Wldp.dll (00007FFE39DC0000), size: 196608 (result: 0), SymType: '-deferred-', PDB: '', fileVersion: 10.0.19041.2075
C:\Windows\System32\SHCORE.dll:SHCORE.dll (00007FFE3B990000), size: 708608 (result: 0), SymType: '-deferred-', PDB: '', fileVersion: 10.0.19041.1865
C:\Windows\SYSTEM32\profapi.dll:profapi.dll (00007FFE3A2A0000), size: 126976 (result: 0), SymType: '-deferred-', PDB: '', fileVersion: 10.0.19041.844
C:\Windows\system32\IconCodecService.dll:IconCodecService.dll (00007FFE21440000), size: 36864 (result: 0), SymType: '-deferred-', PDB: '', fileVersion: 10.0.19041.1
C:\Windows\SYSTEM32\WindowsCodecs.dll:WindowsCodecs.dll (00007FFE34E90000), size: 1785856 (result: 0), SymType: '-deferred-', PDB: '', fileVersion: 10.0.19041.1706
C:\Windows\System32\clbcatq.dll:clbcatq.dll (00007FFE3BB10000), size: 716800 (result: 0), SymType: '-deferred-', PDB: '', fileVersion: 2001.12.10941.16384
C:\Windows\System32\netprofm.dll:netprofm.dll (00007FFE35C10000), size: 253952 (result: 0), SymType: '-deferred-', PDB: '', fileVersion: 10.0.19041.906
C:\Windows\System32\npmproxy.dll:npmproxy.dll (00007FFE33B90000), size: 65536 (result: 0), SymType: '-deferred-', PDB: '', fileVersion: 10.0.19041.906
C:\Windows\System32\NSI.dll:NSI.dll (00007FFE3ACB0000), size: 32768 (result: 0), SymType: '-deferred-', PDB: '', fileVersion: 10.0.19041.610
C:\Windows\SYSTEM32\dhcpcsvc6.DLL:dhcpcsvc6.DLL (00007FFE33BF0000), size: 94208 (result: 0), SymType: '-deferred-', PDB: '', fileVersion: 10.0.19041.2130
C:\Windows\SYSTEM32\dhcpcsvc.DLL:dhcpcsvc.DLL (00007FFE347D0000), size: 118784 (result: 0), SymType: '-deferred-', PDB: '', fileVersion: 10.0.19041.2130
C:\Windows\SYSTEM32\DNSAPI.dll:DNSAPI.dll (00007FFE39810000), size: 827392 (result: 0), SymType: '-deferred-', PDB: '', fileVersion: 10.0.19041.1865
C:\Windows\system32\napinsp.dll:napinsp.dll (00007FFE241B0000), size: 94208 (result: 0), SymType: '-deferred-', PDB: '', fileVersion: 10.0.19041.546
C:\Windows\system32\pnrpnsp.dll:pnrpnsp.dll (00007FFE243F0000), size: 110592 (result: 0), SymType: '-deferred-', PDB: '', fileVersion: 10.0.19041.546
C:\Windows\system32\wshbth.dll:wshbth.dll (00007FFE27800000), size: 86016 (result: 0), SymType: '-deferred-', PDB: '', fileVersion: 10.0.19041.546
C:\Windows\system32\NLAapi.dll:NLAapi.dll (00007FFE35C60000), size: 118784 (result: 0), SymType: '-deferred-', PDB: '', fileVersion: 10.0.19041.1151
C:\Windows\System32\winrnr.dll:winrnr.dll (00007FFE24410000), size: 73728 (result: 0), SymType: '-deferred-', PDB: '', fileVersion: 10.0.19041.546
C:\Windows\System32\fwpuclnt.dll:fwpuclnt.dll (00007FFE307B0000), size: 524288 (result: 0), SymType: '-deferred-', PDB: '', fileVersion: 10.0.19041.2006
C:\Windows\System32\rasadhlp.dll:rasadhlp.dll (00007FFE34940000), size: 40960 (result: 0), SymType: '-deferred-', PDB: '', fileVersion: 10.0.19041.546
D:\games\Unity\Unity Files (Dont Touch)\2021.3.9f1\2022.3.42f1\Editor\NVUnityPlugin.DLL:NVUnityPlugin.DLL (00007FFDA6310000), size: 1519616 (result: 0), SymType: '-deferred-', PDB: ''
D:\games\Unity\Unity Files (Dont Touch)\2021.3.9f1\2022.3.42f1\Editor\Data\Tools\astcenc-avx2.dll:astcenc-avx2.dll (00007FFDA6280000), size: 540672 (result: 0), SymType: '-deferred-', PDB: ''
C:\Windows\System32\MMDevApi.dll:MMDevApi.dll (00007FFE32500000), size: 544768 (result: 0), SymType: '-deferred-', PDB: '', fileVersion: 10.0.19041.1503
C:\Windows\System32\DEVOBJ.dll:DEVOBJ.dll (00007FFE3A110000), size: 180224 (result: 0), SymType: '-deferred-', PDB: '', fileVersion: 10.0.19041.1620
C:\Windows\SYSTEM32\d3d11.dll:d3d11.dll (00007FFE36850000), size: 2502656 (result: 0), SymType: '-deferred-', PDB: '', fileVersion: 10.0.19041.2075
C:\Windows\SYSTEM32\dxgi.dll:dxgi.dll (00007FFE38C20000), size: 995328 (result: 0), SymType: '-deferred-', PDB: '', fileVersion: 10.0.19041.2075
C:\Windows\System32\DriverStore\FileRepository\u0382307.inf_amd64_186ddabffbbb414f\B382066\aticfx64.dll:aticfx64.dll (00007FFE32D80000), size: 1814528 (result: 0), SymType: '-deferred-', PDB: '', fileVersion: 31.0.12018.5
C:\Windows\System32\DriverStore\FileRepository\u0382307.inf_amd64_186ddabffbbb414f\B382066\atiuxp64.dll:atiuxp64.dll (00007FFE329F0000), size: 233472 (result: 0), SymType: '-deferred-', PDB: '', fileVersion: 31.0.12018.5
C:\Windows\System32\DriverStore\FileRepository\u0382307.inf_amd64_186ddabffbbb414f\B382066\atidxx64.dll:atidxx64.dll (00007FFE2E020000), size: 32673792 (result: 0), SymType: '-deferred-', PDB: '', fileVersion: 31.0.12018.5
C:\Windows\SYSTEM32\apphelp.dll:apphelp.dll (00007FFE37C60000), size: 593920 (result: 0), SymType: '-deferred-', PDB: '', fileVersion: 10.0.19041.2075
C:\Windows\SYSTEM32\amdihk64.dll:amdihk64.dll (00007FFE32980000), size: 217088 (result: 0), SymType: '-deferred-', PDB: '', fileVersion: 2.0.0.1788
C:\Windows\SYSTEM32\dxcore.dll:dxcore.dll (00007FFE348C0000), size: 241664 (result: 0), SymType: '-deferred-', PDB: '', fileVersion: 10.0.19041.546
C:\Windows\system32\wbem\wbemprox.dll:wbemprox.dll (00007FFE22A50000), size: 69632 (result: 0), SymType: '-deferred-', PDB: '', fileVersion: 10.0.19041.1320
C:\Windows\SYSTEM32\wbemcomn.dll:wbemcomn.dll (00007FFE2C470000), size: 589824 (result: 0), SymType: '-deferred-', PDB: '', fileVersion: 10.0.19041.1566
C:\Windows\system32\wbem\wbemsvc.dll:wbemsvc.dll (00007FFE22F80000), size: 81920 (result: 0), SymType: '-deferred-', PDB: '', fileVersion: 10.0.19041.1320
C:\Windows\system32\wbem\fastprox.dll:fastprox.dll (00007FFE22FA0000), size: 1093632 (result: 0), SymType: '-deferred-', PDB: '', fileVersion: 10.0.19041.546
C:\Windows\SYSTEM32\amsi.dll:amsi.dll (00007FFE22DE0000), size: 126976 (result: 0), SymType: '-deferred-', PDB: '', fileVersion: 10.0.19041.2075
C:\Windows\SYSTEM32\USERENV.dll:USERENV.dll (00007FFE3A260000), size: 188416 (result: 0), SymType: '-deferred-', PDB: '', fileVersion: 10.0.19041.572
C:\Windows\SYSTEM32\opencl.dll:opencl.dll (00007FFDA60F0000), size: 507904 (result: 0), SymType: '-deferred-', PDB: '', fileVersion: 3.0.0.0
D:\games\Unity\Unity Files (Dont Touch)\2021.3.9f1\2022.3.42f1\Editor\radeonrays.dll:radeonrays.dll (00007FFDA6060000), size: 557056 (result: 0), SymType: '-deferred-', PDB: ''
D:\games\Unity\Unity Files (Dont Touch)\2021.3.9f1\2022.3.42f1\Editor\Data\MonoBleedingEdge\EmbedRuntime\mono-2.0-bdwgc.dll:mono-2.0-bdwgc.dll (00007FFDA5600000), size: 10825728 (result: 0), SymType: '-deferred-', PDB: ''
C:\Windows\SYSTEM32\PROPSYS.dll:PROPSYS.dll (00007FFE35FC0000), size: 1007616 (result: 0), SymType: '-deferred-', PDB: '', fileVersion: 7.0.19041.1741
C:\Windows\System32\OldNewExplorer64.dll:OldNewExplorer64.dll (00007FFE270E0000), size: 278528 (result: 0), SymType: '-deferred-', PDB: '', fileVersion: 1.1.9.0
C:\Windows\WinSxS\amd64_microsoft.windows.common-controls_6595b64144ccf1df_6.0.19041.1110_none_60b5254171f9507e\COMCTL32.dll:COMCTL32.dll (00007FFE27450000), size: 2727936 (result: 0), SymType: '-deferred-', PDB: '', fileVersion: 6.10.19041.1110
C:\Windows\System32\Windows.FileExplorer.Common.dll:Windows.FileExplorer.Common.dll (00007FFE21610000), size: 397312 (result: 0), SymType: '-deferred-', PDB: '', fileVersion: 10.0.19041.1741
C:\Windows\System32\iertutil.dll:iertutil.dll (00007FFE30DF0000), size: 2822144 (result: 0), SymType: '-deferred-', PDB: '', fileVersion: 11.0.19041.2130
C:\Windows\SYSTEM32\edputil.dll:edputil.dll (00007FFE23320000), size: 147456 (result: 0), SymType: '-deferred-', PDB: '', fileVersion: 10.0.19041.546
C:\Windows\System32\Windows.StateRepositoryPS.dll:Windows.StateRepositoryPS.dll (00007FFE29A10000), size: 1335296 (result: 0), SymType: '-deferred-', PDB: '', fileVersion: 10.0.19041.1466
C:\Windows\SYSTEM32\urlmon.dll:urlmon.dll (00007FFE310B0000), size: 2019328 (result: 0), SymType: '-deferred-', PDB: '', fileVersion: 11.0.19041.2075
C:\Windows\SYSTEM32\srvcli.dll:srvcli.dll (00007FFE30DC0000), size: 163840 (result: 0), SymType: '-deferred-', PDB: '', fileVersion: 10.0.19041.1645
C:\Windows\SYSTEM32\netutils.dll:netutils.dll (00007FFE39800000), size: 49152 (result: 0), SymType: '-deferred-', PDB: '', fileVersion: 10.0.19041.546
C:\Windows\System32\cldapi.dll:cldapi.dll (00007FFE24BE0000), size: 139264 (result: 0), SymType: '-deferred-', PDB: '', fileVersion: 10.0.19041.1682
C:\Windows\System32\FLTLIB.DLL:FLTLIB.DLL (00007FFE2B310000), size: 45056 (result: 0), SymType: '-deferred-', PDB: '', fileVersion: 10.0.19041.546
C:\Windows\System32\wintypes.dll:wintypes.dll (00007FFE36290000), size: 1392640 (result: 0), SymType: '-deferred-', PDB: '', fileVersion: 10.0.19041.2130
C:\Windows\System32\appresolver.dll:appresolver.dll (00007FFE27370000), size: 589824 (result: 0), SymType: '-deferred-', PDB: '', fileVersion: 10.0.19041.1620
C:\Windows\System32\Bcp47Langs.dll:Bcp47Langs.dll (00007FFE279A0000), size: 372736 (result: 0), SymType: '-deferred-', PDB: '', fileVersion: 10.0.19041.1566
C:\Windows\System32\SLC.dll:SLC.dll (00007FFE38EA0000), size: 167936 (result: 0), SymType: '-deferred-', PDB: '', fileVersion: 10.0.19041.1682
C:\Windows\System32\sppc.dll:sppc.dll (00007FFE38E70000), size: 151552 (result: 0), SymType: '-deferred-', PDB: '', fileVersion: 10.0.19041.1682
C:\Windows\System32\OneCoreCommonProxyStub.dll:OneCoreCommonProxyStub.dll (00007FFE2B8E0000), size: 520192 (result: 0), SymType: '-deferred-', PDB: '', fileVersion: 10.0.19041.1949
C:\Windows\System32\OneCoreUAPCommonProxyStub.dll:OneCoreUAPCommonProxyStub.dll (00007FFE332B0000), size: 8171520 (result: 0), SymType: '-deferred-', PDB: '', fileVersion: 10.0.19041.2075
C:\Windows\SYSTEM32\dbghelp.dll:dbghelp.dll (00007FFE32AA0000), size: 1982464 (result: 0), SymType: '-deferred-', PDB: '', fileVersion: 10.0.19041.867

========== OUTPUTTING STACK TRACE ==================

0x00007FFE3A6ECD29 (KERNELBASE) RaiseException
0x00007FFDA5670C1C (mono-2.0-bdwgc) [C:\build\output\Unity-Technologies\mono\mono\utils\mono-log-common.c:143] mono_log_write_logfile 
0x00007FFDA565C822 (mono-2.0-bdwgc) [C:\build\output\Unity-Technologies\mono\mono\eglib\goutput.c:172] monoeg_g_logv_nofree 
0x00007FFDA565C888 (mono-2.0-bdwgc) [C:\build\output\Unity-Technologies\mono\mono\eglib\goutput.c:187] monoeg_g_log 
0x00007FFDA5783B6A (mono-2.0-bdwgc) [C:\build\output\Unity-Technologies\mono\mono\metadata\mempool.c:285] mono_mempool_alloc 
0x00007FFDA588247B (mono-2.0-bdwgc) [C:\build\output\Unity-Technologies\mono\mono\mini\mini.c:627] set_vreg_to_inst 
0x00007FFDA58827B4 (mono-2.0-bdwgc) [C:\build\output\Unity-Technologies\mono\mono\mini\mini.c:751] mono_compile_create_var_for_vreg 
0x00007FFDA5A37EA2 (mono-2.0-bdwgc) [C:\build\output\Unity-Technologies\mono\mono\mini\mini-amd64.c:2463] mono_arch_emit_outarg_vt 
0x00007FFDA591A2C2 (mono-2.0-bdwgc) [C:\build\output\Unity-Technologies\mono\mono\mini\decompose.c:1312] mono_decompose_vtype_opts 
0x00007FFDA588A777 (mono-2.0-bdwgc) [C:\build\output\Unity-Technologies\mono\mono\mini\mini.c:3764] mini_method_compile 
0x00007FFDA588B647 (mono-2.0-bdwgc) [C:\build\output\Unity-Technologies\mono\mono\mini\mini.c:4092] mono_jit_compile_method_inner 
0x00007FFDA589281C (mono-2.0-bdwgc) [C:\build\output\Unity-Technologies\mono\mono\mini\mini-runtime.c:2700] mono_jit_compile_method_with_opt 
0x00007FFDA58944CF (mono-2.0-bdwgc) [C:\build\output\Unity-Technologies\mono\mono\mini\mini-runtime.c:3309] mono_jit_runtime_invoke 
0x00007FFDA57CD254 (mono-2.0-bdwgc) [C:\build\output\Unity-Technologies\mono\mono\metadata\object.c:3068] do_runtime_invoke 
0x00007FFDA57C7FF9 (mono-2.0-bdwgc) [C:\build\output\Unity-Technologies\mono\mono\metadata\object.c:563] mono_runtime_class_init_full 
0x00007FFDA58EA951 (mono-2.0-bdwgc) [C:\build\output\Unity-Technologies\mono\mono\mini\method-to-ir.c:9938] mono_method_to_ir 
0x00007FFDA5889AD0 (mono-2.0-bdwgc) [C:\build\output\Unity-Technologies\mono\mono\mini\mini.c:3498] mini_method_compile 
0x00007FFDA588B647 (mono-2.0-bdwgc) [C:\build\output\Unity-Technologies\mono\mono\mini\mini.c:4092] mono_jit_compile_method_inner 
0x00007FFDA589281C (mono-2.0-bdwgc) [C:\build\output\Unity-Technologies\mono\mono\mini\mini-runtime.c:2700] mono_jit_compile_method_with_opt 
0x00007FFDA58944CF (mono-2.0-bdwgc) [C:\build\output\Unity-Technologies\mono\mono\mini\mini-runtime.c:3309] mono_jit_runtime_invoke 
0x00007FFDA57CD254 (mono-2.0-bdwgc) [C:\build\output\Unity-Technologies\mono\mono\metadata\object.c:3068] do_runtime_invoke 
0x00007FFDA57D4B5F (mono-2.0-bdwgc) [C:\build\output\Unity-Technologies\mono\mono\metadata\object.c:5770] mono_runtime_try_invoke_array 
0x00007FFDA5704EE2 (mono-2.0-bdwgc) [C:\build\output\Unity-Technologies\mono\mono\metadata\icall.c:4041] ves_icall_InternalInvoke 
0x00007FFDA572B0C1 (mono-2.0-bdwgc) [C:\build\output\Unity-Technologies\mono\mono\metadata\icall-def.h:692] ves_icall_InternalInvoke_raw 
0x0000022B08286A40 (Mono JIT Code) (wrapper managed-to-native) System.Reflection.RuntimeMethodInfo:InternalInvoke (System.Reflection.RuntimeMethodInfo,object,object[],System.Exception&)
0x0000022B0828650B (Mono JIT Code) System.Reflection.RuntimeMethodInfo:Invoke (object,System.Reflection.BindingFlags,System.Reflection.Binder,object[],System.Globalization.CultureInfo)
0x0000022B082863CE (Mono JIT Code) System.Reflection.MethodBase:Invoke (object,object[])
0x0000022B08287C9B (Mono JIT Code) UnityEditor.EditorAssemblies:ProcessInitializeOnLoadMethodAttributes ()
0x0000022AE7E08E15 (Mono JIT Code) (wrapper runtime-invoke) object:runtime_invoke_void (object,intptr,intptr,intptr)
0x00007FFDA5894C2E (mono-2.0-bdwgc) [C:\build\output\Unity-Technologies\mono\mono\mini\mini-runtime.c:3445] mono_jit_runtime_invoke 
0x00007FFDA57CD254 (mono-2.0-bdwgc) [C:\build\output\Unity-Technologies\mono\mono\metadata\object.c:3068] do_runtime_invoke 
0x00007FFDA57CD3CC (mono-2.0-bdwgc) [C:\build\output\Unity-Technologies\mono\mono\metadata\object.c:3115] mono_runtime_invoke 
0x00007FF713CB5FF4 (Unity) scripting_method_invoke
0x00007FF713C93C04 (Unity) ScriptingInvocation::Invoke
0x00007FF713C8E725 (Unity) ScriptingInvocation::Invoke<void>
0x00007FF713DDF40B (Unity) Scripting::UnityEditor::EditorAssembliesProxy::ProcessInitializeOnLoadMethodAttributes
0x00007FF713C8861B (Unity) MonoManager::SetupLoadedEditorAssemblies
0x00007FF713C7E364 (Unity) MonoManager::FinalizeReload
0x00007FF713C85B19 (Unity) MonoManager::ReloadAssembly
0x00007FF714C2DB6B (Unity) LoadDomainAndUserAssemblies
0x00007FF715113484 (Unity) WorkerDomainReloadV2
0x00007FF715134695 (Unity) <lambda_b37b41f03089e3cb3f55061bbc93253d>::operator()
0x00007FF71516FEA2 (Unity) asio::detail::completion_handler<core::mutable_function<void __cdecl(void)>,asio::io_context::basic_executor_type<std::allocator<void>,0> >::do_complete
0x00007FF71515BE4E (Unity) asio::detail::win_iocp_io_context::do_one
0x00007FF71515DAB4 (Unity) asio::detail::win_iocp_io_context::run
0x00007FF71516E24C (Unity) IOService::Run
0x00007FF7151416CF (Unity) AssetImportWorkerClient::Run
0x00007FF71510D037 (Unity) RunAssetImportWorkerClientV2
0x00007FF71510D0BB (Unity) RunAssetImporterV2
0x00007FF7149076FE (Unity) Application::InitializeProject
0x00007FF714D99ED5 (Unity) WinMain
0x00007FF71614B7BE (Unity) __scrt_common_main_seh
0x00007FFE3BA57034 (KERNEL32) BaseThreadInitThunk
0x00007FFE3CCA26A1 (ntdll) RtlUserThreadStart

========== END OF STACKTRACE ===========

A crash has been intercepted by the crash handler. For call stack and other details, see the latest crash report generated in:
 * C:/Users/stepa/AppData/Local/Temp/Unity/Editor/Crashes
