Using pre-set license
Built from 'trunk' branch; Version is '6000.0.11f1 (fa01dd6b76d5) revision 16384477'; Using compiler version '193933523'; Build Type 'Release'
OS: 'Windows 10  (10.0.19044) 64bit Professional' Language: 'ru' Physical Memory: 7561 MB
BatchMode: 1, IsHumanControllingUs: 0, StartBugReporterOnCrash: 0, Is64bit: 1, IsPro: 1

COMMAND LINE ARGUMENTS:
D:\games\Unity\Unity Files (Dont Touch)\2021.3.9f1\6000.0.11f1\Editor\Unity.exe
-adb2
-batchMode
-noUpm
-name
AssetImportWorker8
-projectPath
D:/games/SlidingCubesGame/SlidingBlocksGame
-logFile
Logs/AssetImportWorker8.log
-srvPort
63846
-job-worker-count
5
-background-job-worker-count
8
-asset-garbage-collectors
1
Successfully changed project path to: D:/games/SlidingCubesGame/SlidingBlocksGame
D:/games/SlidingCubesGame/SlidingBlocksGame
[UnityMemory] Configuration Parameters - Can be set up in boot.config
    "memorysetup-bucket-allocator-granularity=16"
    "memorysetup-bucket-allocator-bucket-count=8"
    "memorysetup-bucket-allocator-block-size=33554432"
    "memorysetup-bucket-allocator-block-count=8"
    "memorysetup-main-allocator-block-size=16777216"
    "memorysetup-thread-allocator-block-size=16777216"
    "memorysetup-gfx-main-allocator-block-size=16777216"
    "memorysetup-gfx-thread-allocator-block-size=16777216"
    "memorysetup-cache-allocator-block-size=4194304"
    "memorysetup-typetree-allocator-block-size=2097152"
    "memorysetup-profiler-bucket-allocator-granularity=16"
    "memorysetup-profiler-bucket-allocator-bucket-count=8"
    "memorysetup-profiler-bucket-allocator-block-size=33554432"
    "memorysetup-profiler-bucket-allocator-block-count=8"
    "memorysetup-profiler-allocator-block-size=16777216"
    "memorysetup-profiler-editor-allocator-block-size=1048576"
    "memorysetup-temp-allocator-size-main=16777216"
    "memorysetup-job-temp-allocator-block-size=2097152"
    "memorysetup-job-temp-allocator-block-size-background=1048576"
    "memorysetup-job-temp-allocator-reduction-small-platforms=262144"
    "memorysetup-allocator-temp-initial-block-size-main=262144"
    "memorysetup-allocator-temp-initial-block-size-worker=262144"
    "memorysetup-temp-allocator-size-background-worker=32768"
    "memorysetup-temp-allocator-size-job-worker=262144"
    "memorysetup-temp-allocator-size-preload-manager=33554432"
    "memorysetup-temp-allocator-size-nav-mesh-worker=65536"
    "memorysetup-temp-allocator-size-audio-worker=65536"
    "memorysetup-temp-allocator-size-cloud-worker=32768"
    "memorysetup-temp-allocator-size-gi-baking-worker=262144"
    "memorysetup-temp-allocator-size-gi-baking-worker=262144"
    "memorysetup-temp-allocator-size-gi-baking-worker=262144"
    "memorysetup-temp-allocator-size-gi-baking-worker=262144"
    "memorysetup-temp-allocator-size-gi-baking-worker=262144"
    "memorysetup-temp-allocator-size-gfx=262144"
Player connection [14412]  Target information:

Player connection [14412]  * "[IP] 192.168.170.120 [Port] 0 [Flags] 2 [Guid] 3624125194 [EditorId] 3624125194 [Version] 1048832 [Id] WindowsEditor(7,DESKTOP-J7U7MAN) [Debug] 1 [PackageName] WindowsEditor [ProjectName] Editor" 

Player connection [14412] Host joined multi-casting on [225.0.0.222:54997]...
Player connection [14412] Host joined alternative multi-casting on [225.0.0.222:34997]...
JobSystem: Creating JobQueue using job-worker-count value 5
Library Redirect Path: Library/
[PhysX] Initialized MultithreadedTaskDispatcher with 6 workers.
Refreshing native plugins compatible for Editor in 1.80 ms, found 3 plugins.
Preloading 0 native plugins for Editor in 0.00 ms.
Initialize engine version: 6000.0.11f1 (fa01dd6b76d5)
[Subsystems] Discovering subsystems at path D:/games/Unity/Unity Files (Dont Touch)/2021.3.9f1/6000.0.11f1/Editor/Data/Resources/UnitySubsystems
[Subsystems] Discovering subsystems at path D:/games/SlidingCubesGame/SlidingBlocksGame/Assets
GfxDevice: creating device client; kGfxThreadingModeNonThreaded
Direct3D:
    Version:  Direct3D 11.0 [level 11.1]
    Renderer: AMD Radeon (TM) Graphics (ID=0x15e7)
    Vendor:   ATI
    VRAM:     3780 MB
    Driver:   31.0.12018.5
Initialize mono
Mono path[0] = 'D:/games/Unity/Unity Files (Dont Touch)/2021.3.9f1/6000.0.11f1/Editor/Data/Managed'
Mono path[1] = 'D:/games/Unity/Unity Files (Dont Touch)/2021.3.9f1/6000.0.11f1/Editor/Data/MonoBleedingEdge/lib/mono/unityjit-win32'
Mono config path = 'D:/games/Unity/Unity Files (Dont Touch)/2021.3.9f1/6000.0.11f1/Editor/Data/MonoBleedingEdge/etc'
Using monoOptions --debugger-agent=transport=dt_socket,embedding=1,server=y,suspend=n,address=127.0.0.1:56988
Begin MonoManager ReloadAssembly
Registering precompiled unity dll's ...
Register platform support module: D:/games/Unity/Unity Files (Dont Touch)/2021.3.9f1/6000.0.11f1/Editor/Data/PlaybackEngines/WindowsStandaloneSupport/UnityEditor.WindowsStandalone.Extensions.dll
Registered in 0.002308 seconds.
- Loaded All Assemblies, in  0.436 seconds
Native extension for WindowsStandalone target not found
Mono: successfully reloaded assembly
- Finished resetting the current domain, in  0.401 seconds
Domain Reload Profiling: 837ms
	BeginReloadAssembly (157ms)
		ExecutionOrderSort (0ms)
		DisableScriptedObjects (0ms)
		BackupInstance (0ms)
		ReleaseScriptingObjects (0ms)
		CreateAndSetChildDomain (1ms)
	RebuildCommonClasses (49ms)
	RebuildNativeTypeToScriptingClass (14ms)
	initialDomainReloadingComplete (56ms)
	LoadAllAssembliesAndSetupDomain (158ms)
		LoadAssemblies (155ms)
		RebuildTransferFunctionScriptingTraits (0ms)
		AnalyzeDomain (155ms)
			TypeCache.Refresh (153ms)
				TypeCache.ScanAssembly (139ms)
			BuildScriptInfoCaches (0ms)
			ResolveRequiredComponents (0ms)
	FinalizeReload (402ms)
		ReleaseScriptCaches (0ms)
		RebuildScriptCaches (0ms)
		SetupLoadedEditorAssemblies (363ms)
			LogAssemblyErrors (0ms)
			InitializePlatformSupportModulesInManaged (25ms)
			SetLoadedEditorAssemblies (4ms)
			BeforeProcessingInitializeOnLoad (6ms)
			ProcessInitializeOnLoadAttributes (164ms)
			ProcessInitializeOnLoadMethodAttributes (163ms)
			AfterProcessingInitializeOnLoad (0ms)
			EditorAssembliesLoaded (0ms)
		ExecutionOrderSort2 (0ms)
		AwakeInstancesAfterBackupRestoration (0ms)
========================================================================
Worker process is ready to serve import requests
Import Worker Mode flag is 0x00
Begin MonoManager ReloadAssembly
- Loaded All Assemblies, in  1.902 seconds
'Packages/com.dcfa_pixels.dragonecs-unity/src/Connectors/EcsWorldProvider.cs' contains partial class of Unity.Object, exactly 1 of the partial classes needs to be in a file with the same filename. This is to know the one that can be referenced from ie. GameObjects
'Packages/com.dcfa_pixels.dragonecs-unity/src/Buildin/EcsWorldProvider.cs' contains partial class of Unity.Object, exactly 1 of the partial classes needs to be in a file with the same filename. This is to know the one that can be referenced from ie. GameObjects
Refreshing native plugins compatible for Editor in 5.22 ms, found 3 plugins.
Native extension for WindowsStandalone target not found
Launched and connected shader compiler UnityShaderCompiler.exe after 0.02 seconds
Mono: successfully reloaded assembly
Package Manager log level set to [2]
[Package Manager] Failed to launch server process. Reason: Unity was launched with the -noUpm command-line argument
[Package Manager] Unable to send message (not connected to server process).
[Package Manager] Cannot connect to Unity Package Manager local server
[Package Manager] Failed to launch server process. Reason: Unity was launched with the -noUpm command-line argument
[Package Manager] Unable to send message (not connected to server process).
[Package Manager] Cannot connect to Unity Package Manager local server
- Finished resetting the current domain, in  1.096 seconds
Domain Reload Profiling: 2999ms
	BeginReloadAssembly (593ms)
		ExecutionOrderSort (0ms)
		DisableScriptedObjects (7ms)
		BackupInstance (0ms)
		ReleaseScriptingObjects (0ms)
		CreateAndSetChildDomain (35ms)
	RebuildCommonClasses (31ms)
	RebuildNativeTypeToScriptingClass (11ms)
	initialDomainReloadingComplete (33ms)
	LoadAllAssembliesAndSetupDomain (1232ms)
		LoadAssemblies (553ms)
		RebuildTransferFunctionScriptingTraits (0ms)
		AnalyzeDomain (765ms)
			TypeCache.Refresh (687ms)
				TypeCache.ScanAssembly (574ms)
			BuildScriptInfoCaches (63ms)
			ResolveRequiredComponents (8ms)
	FinalizeReload (1098ms)
		ReleaseScriptCaches (0ms)
		RebuildScriptCaches (0ms)
		SetupLoadedEditorAssemblies (854ms)
			LogAssemblyErrors (0ms)
			InitializePlatformSupportModulesInManaged (3ms)
			SetLoadedEditorAssemblies (6ms)
			BeforeProcessingInitializeOnLoad (46ms)
			ProcessInitializeOnLoadAttributes (524ms)
			ProcessInitializeOnLoadMethodAttributes (272ms)
			AfterProcessingInitializeOnLoad (2ms)
			EditorAssembliesLoaded (1ms)
		ExecutionOrderSort2 (0ms)
		AwakeInstancesAfterBackupRestoration (6ms)
Refreshing native plugins compatible for Editor in 1.43 ms, found 3 plugins.
Preloading 0 native plugins for Editor in 0.00 ms.
Unloading 10 Unused Serialized files (Serialized files now loaded: 0)
Unloading 3669 unused Assets / (1.0 MB). Loaded Objects now: 4315.
Memory consumption went from 122.7 MB to 121.7 MB.
Total: 20.604100 ms (FindLiveObjects: 0.411300 ms CreateObjectMapping: 0.469100 ms MarkObjects: 18.583000 ms  DeleteObjects: 1.138000 ms)

========================================================================
Received Import Request.
  Time since last request: 9734.159301 seconds.
  path: Assets/_Project/Lowpoly Cube Animals 3D/Models/Environment
  artifactKey: Guid(b19ac0cafe954944d9bcbd126ea141f2) Importer(2089858483,0ecaa5967403d082aa24f35e1b516d23)
Start importing Assets/_Project/Lowpoly Cube Animals 3D/Models/Environment using Guid(b19ac0cafe954944d9bcbd126ea141f2) Importer(2089858483,0ecaa5967403d082aa24f35e1b516d23) (ScriptedImporter)[PhysX] Initialized MultithreadedTaskDispatcher with 6 workers.
 -> (artifact id: '6723679bda2a49818a4fc94900f66f7f') in 0.0800308 seconds
Number of updated asset objects reloaded before import = 0Number of asset objects unloaded after import = 1

========================================================================
Received Import Request.
  Time since last request: 0.000060 seconds.
  path: Assets/_Project/Lowpoly Cube Animals 3D/Textures/Floor.png
  artifactKey: Guid(722b62f2b9fd0bc4fac579665e3a4a81) Importer(2089858483,0ecaa5967403d082aa24f35e1b516d23)
Start importing Assets/_Project/Lowpoly Cube Animals 3D/Textures/Floor.png using Guid(722b62f2b9fd0bc4fac579665e3a4a81) Importer(2089858483,0ecaa5967403d082aa24f35e1b516d23) (ScriptedImporter)[PhysX] Initialized MultithreadedTaskDispatcher with 6 workers.
 -> (artifact id: '58cd049c90da5f38e1a144b0635f19e0') in 0.0874799 seconds
Number of updated asset objects reloaded before import = 0Number of asset objects unloaded after import = 1

========================================================================
Received Import Request.
  Time since last request: 0.000027 seconds.
  path: Assets/_Project/Lowpoly Cube Animals 3D/Materials/Grass_Material.mat
  artifactKey: Guid(fdd827e562d3ef24db28636e4b0eb273) Importer(2089858483,0ecaa5967403d082aa24f35e1b516d23)
Start importing Assets/_Project/Lowpoly Cube Animals 3D/Materials/Grass_Material.mat using Guid(fdd827e562d3ef24db28636e4b0eb273) Importer(2089858483,0ecaa5967403d082aa24f35e1b516d23) (ScriptedImporter)[PhysX] Initialized MultithreadedTaskDispatcher with 6 workers.
 -> (artifact id: '2e1849e0ad5902cdf8147b3212aebf94') in 0.0270991 seconds
Number of updated asset objects reloaded before import = 0Number of asset objects unloaded after import = 2

========================================================================
Received Import Request.
  Time since last request: 0.000046 seconds.
  path: Assets/_Project/Lowpoly Cube Animals 3D/Textures/palette-cubes.png
  artifactKey: Guid(9ea5ba44e82fef7428a13c6b6c08bc05) Importer(2089858483,0ecaa5967403d082aa24f35e1b516d23)
Start importing Assets/_Project/Lowpoly Cube Animals 3D/Textures/palette-cubes.png using Guid(9ea5ba44e82fef7428a13c6b6c08bc05) Importer(2089858483,0ecaa5967403d082aa24f35e1b516d23) (ScriptedImporter)[PhysX] Initialized MultithreadedTaskDispatcher with 6 workers.
 -> (artifact id: '4eb5e16c0a8d9875db3e03592f740be4') in 0.0107751 seconds
Number of updated asset objects reloaded before import = 0Number of asset objects unloaded after import = 1

========================================================================
Received Import Request.
  Time since last request: 0.000030 seconds.
  path: Assets/_Project/Lowpoly Cube Animals 3D/Texture2D/png_icon.png
  artifactKey: Guid(5ff06ae9de03f3749929a9908a284594) Importer(2089858483,0ecaa5967403d082aa24f35e1b516d23)
Start importing Assets/_Project/Lowpoly Cube Animals 3D/Texture2D/png_icon.png using Guid(5ff06ae9de03f3749929a9908a284594) Importer(2089858483,0ecaa5967403d082aa24f35e1b516d23) (ScriptedImporter)[PhysX] Initialized MultithreadedTaskDispatcher with 6 workers.
 -> (artifact id: '10848485ffe5f4dd8d1ce8d690ec6b06') in 0.0364842 seconds
Number of updated asset objects reloaded before import = 0Number of asset objects unloaded after import = 3

========================================================================
Received Import Request.
  Time since last request: 0.000029 seconds.
  path: Assets/_Project/Lowpoly Cube Animals 3D/Models
  artifactKey: Guid(b53dcd829040eb54ab4b9fc31c765318) Importer(2089858483,0ecaa5967403d082aa24f35e1b516d23)
Start importing Assets/_Project/Lowpoly Cube Animals 3D/Models using Guid(b53dcd829040eb54ab4b9fc31c765318) Importer(2089858483,0ecaa5967403d082aa24f35e1b516d23) (ScriptedImporter)[PhysX] Initialized MultithreadedTaskDispatcher with 6 workers.
 -> (artifact id: 'fb3ed1adeb8412be582de33634ec1a30') in 0.0043251 seconds
Number of updated asset objects reloaded before import = 0Number of asset objects unloaded after import = 1

========================================================================
Received Import Request.
  Time since last request: 0.000042 seconds.
  path: Assets/_Project/Lowpoly Cube Animals 3D/Models/Environment/Fir.asset
  artifactKey: Guid(1866afe65da865445b27de094ce0cf3d) Importer(2089858483,0ecaa5967403d082aa24f35e1b516d23)
Start importing Assets/_Project/Lowpoly Cube Animals 3D/Models/Environment/Fir.asset using Guid(1866afe65da865445b27de094ce0cf3d) Importer(2089858483,0ecaa5967403d082aa24f35e1b516d23) (ScriptedImporter)[PhysX] Initialized MultithreadedTaskDispatcher with 6 workers.
 -> (artifact id: '83838dcaf9d8ee65c059dedd9ef6e888') in 0.0084079 seconds
Number of updated asset objects reloaded before import = 0Number of asset objects unloaded after import = 1

========================================================================
Received Import Request.
  Time since last request: 0.000033 seconds.
  path: Assets/_Project/Lowpoly Cube Animals 3D/Texture2D/TreeYellow.png
  artifactKey: Guid(878883cabf51cb248900b9040e81ba7d) Importer(2089858483,0ecaa5967403d082aa24f35e1b516d23)
Start importing Assets/_Project/Lowpoly Cube Animals 3D/Texture2D/TreeYellow.png using Guid(878883cabf51cb248900b9040e81ba7d) Importer(2089858483,0ecaa5967403d082aa24f35e1b516d23) (ScriptedImporter)[PhysX] Initialized MultithreadedTaskDispatcher with 6 workers.
 -> (artifact id: '88b6b4b3d2d3f93725dabbbe7d6f2a90') in 0.0306679 seconds
Number of updated asset objects reloaded before import = 0Number of asset objects unloaded after import = 1

========================================================================
Received Import Request.
  Time since last request: 0.000034 seconds.
  path: Assets/_Project/Lowpoly Cube Animals 3D/Texture2D/unlock.png
  artifactKey: Guid(4b6366a3b2d25fe4485cb7f7815b883d) Importer(2089858483,0ecaa5967403d082aa24f35e1b516d23)
Start importing Assets/_Project/Lowpoly Cube Animals 3D/Texture2D/unlock.png using Guid(4b6366a3b2d25fe4485cb7f7815b883d) Importer(2089858483,0ecaa5967403d082aa24f35e1b516d23) (ScriptedImporter)[PhysX] Initialized MultithreadedTaskDispatcher with 6 workers.
 -> (artifact id: '5e984445c44c032f5f7f285199900e6a') in 0.0126571 seconds
Number of updated asset objects reloaded before import = 0Number of asset objects unloaded after import = 3

========================================================================
Received Import Request.
  Time since last request: 0.000026 seconds.
  path: Assets/_Project/Lowpoly Cube Animals 3D/Texture2D/Tut04.png
  artifactKey: Guid(c97f1976460032247b52bceab31b63f1) Importer(2089858483,0ecaa5967403d082aa24f35e1b516d23)
Start importing Assets/_Project/Lowpoly Cube Animals 3D/Texture2D/Tut04.png using Guid(c97f1976460032247b52bceab31b63f1) Importer(2089858483,0ecaa5967403d082aa24f35e1b516d23) (ScriptedImporter)[PhysX] Initialized MultithreadedTaskDispatcher with 6 workers.
 -> (artifact id: '4825070bf982a8d95abbdfe964f5f402') in 0.0133395 seconds
Number of updated asset objects reloaded before import = 0Number of asset objects unloaded after import = 3

========================================================================
Received Import Request.
  Time since last request: 0.000022 seconds.
  path: Assets/_Project/Lowpoly Cube Animals 3D/Texture2D/lock.png
  artifactKey: Guid(3f49e87d6e0d45b4b906b69f9feadd53) Importer(2089858483,0ecaa5967403d082aa24f35e1b516d23)
Start importing Assets/_Project/Lowpoly Cube Animals 3D/Texture2D/lock.png using Guid(3f49e87d6e0d45b4b906b69f9feadd53) Importer(2089858483,0ecaa5967403d082aa24f35e1b516d23) (ScriptedImporter)[PhysX] Initialized MultithreadedTaskDispatcher with 6 workers.
 -> (artifact id: '6ed0bf6f46c560cbd328324487f0f169') in 0.0149176 seconds
Number of updated asset objects reloaded before import = 0Number of asset objects unloaded after import = 3

========================================================================
Received Import Request.
  Time since last request: 0.000023 seconds.
  path: Assets/_Project/Lowpoly Cube Animals 3D/Materials/Cube_Stone.mat
  artifactKey: Guid(ed771cb329404cc4d84d68d56303c8b7) Importer(2089858483,0ecaa5967403d082aa24f35e1b516d23)
Start importing Assets/_Project/Lowpoly Cube Animals 3D/Materials/Cube_Stone.mat using Guid(ed771cb329404cc4d84d68d56303c8b7) Importer(2089858483,0ecaa5967403d082aa24f35e1b516d23) (ScriptedImporter)[PhysX] Initialized MultithreadedTaskDispatcher with 6 workers.
 -> (artifact id: 'f65114822dcfdd8bc8132e0705b53d46') in 0.0059364 seconds
Number of updated asset objects reloaded before import = 0Number of asset objects unloaded after import = 1

========================================================================
Received Import Request.
  Time since last request: 0.000025 seconds.
  path: Assets/_Project/Lowpoly Cube Animals 3D/Texture2D/shop.png
  artifactKey: Guid(0bd175397a552a84cb69553b43b4aa21) Importer(2089858483,0ecaa5967403d082aa24f35e1b516d23)
Start importing Assets/_Project/Lowpoly Cube Animals 3D/Texture2D/shop.png using Guid(0bd175397a552a84cb69553b43b4aa21) Importer(2089858483,0ecaa5967403d082aa24f35e1b516d23) (ScriptedImporter)[PhysX] Initialized MultithreadedTaskDispatcher with 6 workers.
 -> (artifact id: '9ee92996795c2031d9d2c138335bac2b') in 0.0114719 seconds
Number of updated asset objects reloaded before import = 0Number of asset objects unloaded after import = 3

========================================================================
Received Import Request.
  Time since last request: 0.000022 seconds.
  path: Assets/_Project/Lowpoly Cube Animals 3D/Materials
  artifactKey: Guid(217d34db2dfc753488682f31090ace46) Importer(2089858483,0ecaa5967403d082aa24f35e1b516d23)
Start importing Assets/_Project/Lowpoly Cube Animals 3D/Materials using Guid(217d34db2dfc753488682f31090ace46) Importer(2089858483,0ecaa5967403d082aa24f35e1b516d23) (ScriptedImporter)[PhysX] Initialized MultithreadedTaskDispatcher with 6 workers.
 -> (artifact id: '09265231f01bf5d3ff463ed67dd4b798') in 0.0034355 seconds
Number of updated asset objects reloaded before import = 0Number of asset objects unloaded after import = 1

========================================================================
Received Import Request.
  Time since last request: 0.000031 seconds.
  path: Assets/_Project/Lowpoly Cube Animals 3D/Models/Environment/Tile_0.asset
  artifactKey: Guid(14375bc67f132ce40bd3454de4428873) Importer(2089858483,0ecaa5967403d082aa24f35e1b516d23)
Start importing Assets/_Project/Lowpoly Cube Animals 3D/Models/Environment/Tile_0.asset using Guid(14375bc67f132ce40bd3454de4428873) Importer(2089858483,0ecaa5967403d082aa24f35e1b516d23) (ScriptedImporter)[PhysX] Initialized MultithreadedTaskDispatcher with 6 workers.
 -> (artifact id: '451df8f0f67d9132510677209e6ea8f5') in 0.0040374 seconds
Number of updated asset objects reloaded before import = 0Number of asset objects unloaded after import = 1

========================================================================
Received Import Request.
  Time since last request: 0.000040 seconds.
  path: Assets/_Project/Lowpoly Cube Animals 3D/Prefabs/Coin.prefab
  artifactKey: Guid(d19eb0a3287b1904d90b47b592422bd2) Importer(2089858483,0ecaa5967403d082aa24f35e1b516d23)
Start importing Assets/_Project/Lowpoly Cube Animals 3D/Prefabs/Coin.prefab using Guid(d19eb0a3287b1904d90b47b592422bd2) Importer(2089858483,0ecaa5967403d082aa24f35e1b516d23) (ScriptedImporter)[PhysX] Initialized MultithreadedTaskDispatcher with 6 workers.
 -> (artifact id: '002ca0e66779c6a958fc398ec3e85fdc') in 0.0274526 seconds
Number of updated asset objects reloaded before import = 0Number of asset objects unloaded after import = 7

========================================================================
Received Import Request.
  Time since last request: 0.000027 seconds.
  path: Assets/_Project/Lowpoly Cube Animals 3D/Texture2D/settings.png
  artifactKey: Guid(cf6809339826f7148b2cd42ea1a8c720) Importer(2089858483,0ecaa5967403d082aa24f35e1b516d23)
Start importing Assets/_Project/Lowpoly Cube Animals 3D/Texture2D/settings.png using Guid(cf6809339826f7148b2cd42ea1a8c720) Importer(2089858483,0ecaa5967403d082aa24f35e1b516d23) (ScriptedImporter)[PhysX] Initialized MultithreadedTaskDispatcher with 6 workers.
 -> (artifact id: '9e6da77ab5a8642eb6787b1a5885dcb7') in 0.0127153 seconds
Number of updated asset objects reloaded before import = 0Number of asset objects unloaded after import = 3

========================================================================
Received Import Request.
  Time since last request: 0.000029 seconds.
  path: Assets/_Project/Lowpoly Cube Animals 3D/Materials/Tree2_Map2_material.mat
  artifactKey: Guid(d313e2218ad4c8847aabce4ffb01bbe5) Importer(2089858483,0ecaa5967403d082aa24f35e1b516d23)
Start importing Assets/_Project/Lowpoly Cube Animals 3D/Materials/Tree2_Map2_material.mat using Guid(d313e2218ad4c8847aabce4ffb01bbe5) Importer(2089858483,0ecaa5967403d082aa24f35e1b516d23) (ScriptedImporter)[PhysX] Initialized MultithreadedTaskDispatcher with 6 workers.
 -> (artifact id: '72221491833791ca1b5e5ee63b410f55') in 0.0073248 seconds
Number of updated asset objects reloaded before import = 0Number of asset objects unloaded after import = 2

========================================================================
Received Import Request.
  Time since last request: 0.000038 seconds.
  path: Assets/_Project/Lowpoly Cube Animals 3D/Materials/TileMaterial_0.mat
  artifactKey: Guid(806080bfc8cd32c49bdf18ab3c04402f) Importer(2089858483,0ecaa5967403d082aa24f35e1b516d23)
Start importing Assets/_Project/Lowpoly Cube Animals 3D/Materials/TileMaterial_0.mat using Guid(806080bfc8cd32c49bdf18ab3c04402f) Importer(2089858483,0ecaa5967403d082aa24f35e1b516d23) (ScriptedImporter)[PhysX] Initialized MultithreadedTaskDispatcher with 6 workers.
 -> (artifact id: '3aba984c58f8d545e3dfb8eb3acb0d85') in 0.0066485 seconds
Number of updated asset objects reloaded before import = 0Number of asset objects unloaded after import = 2

========================================================================
Received Import Request.
  Time since last request: 0.000038 seconds.
  path: Assets/_Project/Lowpoly Cube Animals 3D/Texture2D/CoinCube.png
  artifactKey: Guid(310b748f13288e54d8ed94e286c16fc5) Importer(2089858483,0ecaa5967403d082aa24f35e1b516d23)
Start importing Assets/_Project/Lowpoly Cube Animals 3D/Texture2D/CoinCube.png using Guid(310b748f13288e54d8ed94e286c16fc5) Importer(2089858483,0ecaa5967403d082aa24f35e1b516d23) (ScriptedImporter)[PhysX] Initialized MultithreadedTaskDispatcher with 6 workers.
 -> (artifact id: 'f0bea3d63f382972df98c6b84fed1198') in 0.0125434 seconds
Number of updated asset objects reloaded before import = 0Number of asset objects unloaded after import = 3

========================================================================
Received Import Request.
  Time since last request: 0.000023 seconds.
  path: Assets/_Project/Lowpoly Cube Animals 3D/Texture2D/sound_on.png
  artifactKey: Guid(2e505634add7091439b8205dc091df20) Importer(2089858483,0ecaa5967403d082aa24f35e1b516d23)
Start importing Assets/_Project/Lowpoly Cube Animals 3D/Texture2D/sound_on.png using Guid(2e505634add7091439b8205dc091df20) Importer(2089858483,0ecaa5967403d082aa24f35e1b516d23) (ScriptedImporter)[PhysX] Initialized MultithreadedTaskDispatcher with 6 workers.
 -> (artifact id: 'a07d9eca024e396796ab5c0ffe38acf7') in 0.0141991 seconds
Number of updated asset objects reloaded before import = 0Number of asset objects unloaded after import = 3

========================================================================
Received Import Request.
  Time since last request: 0.000025 seconds.
  path: Assets/_Project/Lowpoly Cube Animals 3D/Texture2D/sunburst.png
  artifactKey: Guid(27c0003af9277c84c9bb8b043f40f064) Importer(2089858483,0ecaa5967403d082aa24f35e1b516d23)
Start importing Assets/_Project/Lowpoly Cube Animals 3D/Texture2D/sunburst.png using Guid(27c0003af9277c84c9bb8b043f40f064) Importer(2089858483,0ecaa5967403d082aa24f35e1b516d23) (ScriptedImporter)[PhysX] Initialized MultithreadedTaskDispatcher with 6 workers.
 -> (artifact id: 'd6c66035091a72e7c26c30ad616eaff3') in 0.0130401 seconds
Number of updated asset objects reloaded before import = 0Number of asset objects unloaded after import = 3

========================================================================
Received Import Request.
  Time since last request: 0.000021 seconds.
  path: Assets/_Project/Lowpoly Cube Animals 3D/Textures/cloud_2x2_hard.png
  artifactKey: Guid(fd601fd09c034c8418d22cb4f487ae7e) Importer(2089858483,0ecaa5967403d082aa24f35e1b516d23)
Start importing Assets/_Project/Lowpoly Cube Animals 3D/Textures/cloud_2x2_hard.png using Guid(fd601fd09c034c8418d22cb4f487ae7e) Importer(2089858483,0ecaa5967403d082aa24f35e1b516d23) (ScriptedImporter)[PhysX] Initialized MultithreadedTaskDispatcher with 6 workers.
 -> (artifact id: 'fa1494ee61b2dea9000c82179d206a9e') in 0.0103318 seconds
Number of updated asset objects reloaded before import = 0Number of asset objects unloaded after import = 1

========================================================================
Received Import Request.
  Time since last request: 0.000046 seconds.
  path: Assets/_Project/Lowpoly Cube Animals 3D/Prefabs/Bull.prefab
  artifactKey: Guid(82b32c306a1326440b03fe84da8526c6) Importer(2089858483,0ecaa5967403d082aa24f35e1b516d23)
Start importing Assets/_Project/Lowpoly Cube Animals 3D/Prefabs/Bull.prefab using Guid(82b32c306a1326440b03fe84da8526c6) Importer(2089858483,0ecaa5967403d082aa24f35e1b516d23) (ScriptedImporter)[PhysX] Initialized MultithreadedTaskDispatcher with 6 workers.
 -> (artifact id: 'a456c848cdccbfdf922239186dd614a7') in 0.0065945 seconds
Number of updated asset objects reloaded before import = 0Number of asset objects unloaded after import = 9

========================================================================
Received Import Request.
  Time since last request: 0.000026 seconds.
  path: Assets/_Project/Lowpoly Cube Animals 3D/Models/Environment/Tree_0.asset
  artifactKey: Guid(af07b8d600b9df24aaf8781caca730ed) Importer(2089858483,0ecaa5967403d082aa24f35e1b516d23)
Start importing Assets/_Project/Lowpoly Cube Animals 3D/Models/Environment/Tree_0.asset using Guid(af07b8d600b9df24aaf8781caca730ed) Importer(2089858483,0ecaa5967403d082aa24f35e1b516d23) (ScriptedImporter)[PhysX] Initialized MultithreadedTaskDispatcher with 6 workers.
 -> (artifact id: '53f3c79c2fc68a920b62b0d49f188b19') in 0.0046953 seconds
Number of updated asset objects reloaded before import = 0Number of asset objects unloaded after import = 1

========================================================================
Received Import Request.
  Time since last request: 0.000020 seconds.
  path: Assets/_Project/Lowpoly Cube Animals 3D/Texture2D/arrow.png
  artifactKey: Guid(8ceb7460413dc854a96527623d0613b2) Importer(2089858483,0ecaa5967403d082aa24f35e1b516d23)
Start importing Assets/_Project/Lowpoly Cube Animals 3D/Texture2D/arrow.png using Guid(8ceb7460413dc854a96527623d0613b2) Importer(2089858483,0ecaa5967403d082aa24f35e1b516d23) (ScriptedImporter)[PhysX] Initialized MultithreadedTaskDispatcher with 6 workers.
 -> (artifact id: 'adb8675233b1629f9bf64a422d789dfd') in 0.0115426 seconds
Number of updated asset objects reloaded before import = 0Number of asset objects unloaded after import = 3

========================================================================
Received Import Request.
  Time since last request: 0.000019 seconds.
  path: Assets/_Project/Lowpoly Cube Animals 3D/Materials/TileMaterial_1.mat
  artifactKey: Guid(b12b4baebf4f98949a33e5c238411fc2) Importer(2089858483,0ecaa5967403d082aa24f35e1b516d23)
Start importing Assets/_Project/Lowpoly Cube Animals 3D/Materials/TileMaterial_1.mat using Guid(b12b4baebf4f98949a33e5c238411fc2) Importer(2089858483,0ecaa5967403d082aa24f35e1b516d23) (ScriptedImporter)[PhysX] Initialized MultithreadedTaskDispatcher with 6 workers.
 -> (artifact id: '074fb4df876bd07e6e631df21ed9622f') in 0.0057084 seconds
Number of updated asset objects reloaded before import = 0Number of asset objects unloaded after import = 2

========================================================================
Received Import Request.
  Time since last request: 0.000029 seconds.
  path: Assets/_Project/Lowpoly Cube Animals 3D/Texture2D/Tut03.png
  artifactKey: Guid(68934a6f5bad3e444bf6eedb91e7bc58) Importer(2089858483,0ecaa5967403d082aa24f35e1b516d23)
Start importing Assets/_Project/Lowpoly Cube Animals 3D/Texture2D/Tut03.png using Guid(68934a6f5bad3e444bf6eedb91e7bc58) Importer(2089858483,0ecaa5967403d082aa24f35e1b516d23) (ScriptedImporter)[PhysX] Initialized MultithreadedTaskDispatcher with 6 workers.
 -> (artifact id: 'd635414554628f048fcad5e71589026d') in 0.0264745 seconds
Number of updated asset objects reloaded before import = 0Number of asset objects unloaded after import = 3

========================================================================
Received Import Request.
  Time since last request: 0.000069 seconds.
  path: Assets/_Project/Lowpoly Cube Animals 3D/Texture2D/Tut02.png
  artifactKey: Guid(c10a1f40ebe2cc74caa85513ea7ae623) Importer(2089858483,0ecaa5967403d082aa24f35e1b516d23)
Start importing Assets/_Project/Lowpoly Cube Animals 3D/Texture2D/Tut02.png using Guid(c10a1f40ebe2cc74caa85513ea7ae623) Importer(2089858483,0ecaa5967403d082aa24f35e1b516d23) (ScriptedImporter)[PhysX] Initialized MultithreadedTaskDispatcher with 6 workers.
 -> (artifact id: 'bc7424332787f6f80feee78536096613') in 0.0196163 seconds
Number of updated asset objects reloaded before import = 0Number of asset objects unloaded after import = 3

========================================================================
Received Import Request.
  Time since last request: 0.000038 seconds.
  path: Assets/_Project/Lowpoly Cube Animals 3D/MovementTrailFX.prefab
  artifactKey: Guid(fee3b9b6521d21c4cb0e7f3dfa6d67fb) Importer(2089858483,0ecaa5967403d082aa24f35e1b516d23)
Start importing Assets/_Project/Lowpoly Cube Animals 3D/MovementTrailFX.prefab using Guid(fee3b9b6521d21c4cb0e7f3dfa6d67fb) Importer(2089858483,0ecaa5967403d082aa24f35e1b516d23) (ScriptedImporter)[PhysX] Initialized MultithreadedTaskDispatcher with 6 workers.
 -> (artifact id: '1a59e487926f772b36226428e342d426') in 0.0756953 seconds
Number of updated asset objects reloaded before import = 0Number of asset objects unloaded after import = 6

========================================================================
Received Import Request.
  Time since last request: 5.830695 seconds.
  path: Assets/_Project/GameCamera.prefab
  artifactKey: Guid(9fd2fdba5f2932249b75c19358a4d5a3) Importer(2089858483,0ecaa5967403d082aa24f35e1b516d23)
Start importing Assets/_Project/GameCamera.prefab using Guid(9fd2fdba5f2932249b75c19358a4d5a3) Importer(2089858483,0ecaa5967403d082aa24f35e1b516d23) (ScriptedImporter)[PhysX] Initialized MultithreadedTaskDispatcher with 6 workers.
 -> (artifact id: 'cecb7102aefda2560a3a368121226340') in 0.0128386 seconds
Number of updated asset objects reloaded before import = 0Number of asset objects unloaded after import = 7

========================================================================
Received Import Request.
  Time since last request: 10.113351 seconds.
  path: Assets/_Project/Scenes/SampleScene.unity
  artifactKey: Guid(c850ee8c3b14cc8459e7e186857cf567) Importer(2089858483,0ecaa5967403d082aa24f35e1b516d23)
Start importing Assets/_Project/Scenes/SampleScene.unity using Guid(c850ee8c3b14cc8459e7e186857cf567) Importer(2089858483,0ecaa5967403d082aa24f35e1b516d23) (ScriptedImporter)[PhysX] Initialized MultithreadedTaskDispatcher with 6 workers.
 -> (artifact id: '89d42abf33c2421680d57f739c72463d') in 0.0026807 seconds
Number of updated asset objects reloaded before import = 0Number of asset objects unloaded after import = 1

========================================================================
Received Import Request.
  Time since last request: 22.922207 seconds.
  path: Assets/_Project/Audio/AudioMixerController/Mix.mixer
  artifactKey: Guid(5a0509d7541639549b3816a97324582b) Importer(2089858483,0ecaa5967403d082aa24f35e1b516d23)
Start importing Assets/_Project/Audio/AudioMixerController/Mix.mixer using Guid(5a0509d7541639549b3816a97324582b) Importer(2089858483,0ecaa5967403d082aa24f35e1b516d23) (ScriptedImporter)[PhysX] Initialized MultithreadedTaskDispatcher with 6 workers.
Refreshing native plugins compatible for Editor in 1.51 ms, found 3 plugins.
Preloading 0 native plugins for Editor in 0.00 ms.
 -> (artifact id: '51575610ac3c5121f67be15dbe2dcbcb') in 0.0240318 seconds
Number of updated asset objects reloaded before import = 0Number of asset objects unloaded after import = 19

========================================================================
Received Import Request.
  Time since last request: 690.192222 seconds.
  path: Assets/_Project/LowpollyGameAssets/Models/Environment
  artifactKey: Guid(b19ac0cafe954944d9bcbd126ea141f2) Importer(2089858483,0ecaa5967403d082aa24f35e1b516d23)
Start importing Assets/_Project/LowpollyGameAssets/Models/Environment using Guid(b19ac0cafe954944d9bcbd126ea141f2) Importer(2089858483,0ecaa5967403d082aa24f35e1b516d23) (ScriptedImporter)[PhysX] Initialized MultithreadedTaskDispatcher with 6 workers.
 -> (artifact id: '17ce29141874663b81105233ad001dd5') in 0.0119191 seconds
Number of updated asset objects reloaded before import = 0Number of asset objects unloaded after import = 1

========================================================================
Received Import Request.
  Time since last request: 0.000038 seconds.
  path: Assets/_Project/LowpollyGameAssets/Texture2D/play.png
  artifactKey: Guid(635a3cc2da0272541bcc83a2b66e7a79) Importer(2089858483,0ecaa5967403d082aa24f35e1b516d23)
Start importing Assets/_Project/LowpollyGameAssets/Texture2D/play.png using Guid(635a3cc2da0272541bcc83a2b66e7a79) Importer(2089858483,0ecaa5967403d082aa24f35e1b516d23) (ScriptedImporter)[PhysX] Initialized MultithreadedTaskDispatcher with 6 workers.
 -> (artifact id: 'bdbe9d0d603d1af77a0104208028e0b9') in 0.1532462 seconds
Number of updated asset objects reloaded before import = 0Number of asset objects unloaded after import = 3

========================================================================
Received Import Request.
  Time since last request: 0.000026 seconds.
  path: Assets/_Project/LowpollyGameAssets/Texture2D/square_0.png
  artifactKey: Guid(1532648721b441f439f5896d26d32ca5) Importer(2089858483,0ecaa5967403d082aa24f35e1b516d23)
Start importing Assets/_Project/LowpollyGameAssets/Texture2D/square_0.png using Guid(1532648721b441f439f5896d26d32ca5) Importer(2089858483,0ecaa5967403d082aa24f35e1b516d23) (ScriptedImporter)[PhysX] Initialized MultithreadedTaskDispatcher with 6 workers.
 -> (artifact id: '0cb1dff25fd924ff941c49e9fc64fe4c') in 0.0128934 seconds
Number of updated asset objects reloaded before import = 0Number of asset objects unloaded after import = 3

========================================================================
Received Import Request.
  Time since last request: 0.000029 seconds.
  path: Assets/_Project/LowpollyGameAssets/Models/Environment/TreeTall.asset
  artifactKey: Guid(f8ef073dad4107446bdd705518cf1fac) Importer(2089858483,0ecaa5967403d082aa24f35e1b516d23)
Start importing Assets/_Project/LowpollyGameAssets/Models/Environment/TreeTall.asset using Guid(f8ef073dad4107446bdd705518cf1fac) Importer(2089858483,0ecaa5967403d082aa24f35e1b516d23) (ScriptedImporter)[PhysX] Initialized MultithreadedTaskDispatcher with 6 workers.
 -> (artifact id: '209e1abe07b096a7c0bc2b7be5c452d9') in 0.0065487 seconds
Number of updated asset objects reloaded before import = 0Number of asset objects unloaded after import = 1

========================================================================
Received Import Request.
  Time since last request: 0.000023 seconds.
  path: Assets/_Project/LowpollyGameAssets/Texture2D/Tree2_Map2.png
  artifactKey: Guid(44c475b5541160a42bad38caad2ebdb2) Importer(2089858483,0ecaa5967403d082aa24f35e1b516d23)
Start importing Assets/_Project/LowpollyGameAssets/Texture2D/Tree2_Map2.png using Guid(44c475b5541160a42bad38caad2ebdb2) Importer(2089858483,0ecaa5967403d082aa24f35e1b516d23) (ScriptedImporter)[PhysX] Initialized MultithreadedTaskDispatcher with 6 workers.
 -> (artifact id: 'ca25b97b6ad6e13d195a320f4adf5b2d') in 0.017449 seconds
Number of updated asset objects reloaded before import = 0Number of asset objects unloaded after import = 1

========================================================================
Received Import Request.
  Time since last request: 0.000028 seconds.
  path: Assets/_Project/LowpollyGameAssets/Textures/Floor.png
  artifactKey: Guid(722b62f2b9fd0bc4fac579665e3a4a81) Importer(2089858483,0ecaa5967403d082aa24f35e1b516d23)
Start importing Assets/_Project/LowpollyGameAssets/Textures/Floor.png using Guid(722b62f2b9fd0bc4fac579665e3a4a81) Importer(2089858483,0ecaa5967403d082aa24f35e1b516d23) (ScriptedImporter)[PhysX] Initialized MultithreadedTaskDispatcher with 6 workers.
 -> (artifact id: '2177a4a55b68ca9e252d70062fe10625') in 0.0119318 seconds
Number of updated asset objects reloaded before import = 0Number of asset objects unloaded after import = 1

========================================================================
Received Import Request.
  Time since last request: 0.000029 seconds.
  path: Assets/_Project/LowpollyGameAssets/Models/Animals/Lion.mesh
  artifactKey: Guid(62c7e16ee84a0ed4b9ae589717e5f384) Importer(2089858483,0ecaa5967403d082aa24f35e1b516d23)
Start importing Assets/_Project/LowpollyGameAssets/Models/Animals/Lion.mesh using Guid(62c7e16ee84a0ed4b9ae589717e5f384) Importer(2089858483,0ecaa5967403d082aa24f35e1b516d23) (ScriptedImporter)[PhysX] Initialized MultithreadedTaskDispatcher with 6 workers.
 -> (artifact id: 'bb424da153e8f2775e654a5340af62b0') in 0.0064682 seconds
Number of updated asset objects reloaded before import = 0Number of asset objects unloaded after import = 1

========================================================================
Received Import Request.
  Time since last request: 0.000018 seconds.
  path: Assets/_Project/LowpollyGameAssets/Models/Environment/GrassStems_1.asset
  artifactKey: Guid(39411464b945e12469efb0c87c659c0e) Importer(2089858483,0ecaa5967403d082aa24f35e1b516d23)
Start importing Assets/_Project/LowpollyGameAssets/Models/Environment/GrassStems_1.asset using Guid(39411464b945e12469efb0c87c659c0e) Importer(2089858483,0ecaa5967403d082aa24f35e1b516d23) (ScriptedImporter)[PhysX] Initialized MultithreadedTaskDispatcher with 6 workers.
 -> (artifact id: '7dd7b58478dd75ed5e4c6201b2a00168') in 0.0038823 seconds
Number of updated asset objects reloaded before import = 0Number of asset objects unloaded after import = 1

========================================================================
Received Import Request.
  Time since last request: 0.000026 seconds.
  path: Assets/_Project/LowpollyGameAssets/Texture2D/music_on.png
  artifactKey: Guid(8b8e2bb654fb2a740a86444b288b9b17) Importer(2089858483,0ecaa5967403d082aa24f35e1b516d23)
Start importing Assets/_Project/LowpollyGameAssets/Texture2D/music_on.png using Guid(8b8e2bb654fb2a740a86444b288b9b17) Importer(2089858483,0ecaa5967403d082aa24f35e1b516d23) (ScriptedImporter)[PhysX] Initialized MultithreadedTaskDispatcher with 6 workers.
 -> (artifact id: '158485d4139ceba393e84e7783431711') in 0.0126217 seconds
Number of updated asset objects reloaded before import = 0Number of asset objects unloaded after import = 3

========================================================================
Received Import Request.
  Time since last request: 0.000043 seconds.
  path: Assets/_Project/LowpollyGameAssets/Models/Animals/Horse.asset
  artifactKey: Guid(cd45bb45205d3b84da87da997cd56be0) Importer(2089858483,0ecaa5967403d082aa24f35e1b516d23)
Start importing Assets/_Project/LowpollyGameAssets/Models/Animals/Horse.asset using Guid(cd45bb45205d3b84da87da997cd56be0) Importer(2089858483,0ecaa5967403d082aa24f35e1b516d23) (ScriptedImporter)[PhysX] Initialized MultithreadedTaskDispatcher with 6 workers.
 -> (artifact id: 'c3f6e9baf17070337e4964036afef600') in 0.0054783 seconds
Number of updated asset objects reloaded before import = 0Number of asset objects unloaded after import = 1

========================================================================
Received Import Request.
  Time since last request: 0.000021 seconds.
  path: Assets/_Project/LowpollyGameAssets/Models/Animals
  artifactKey: Guid(fe74bd3d58eaa1a4e94033566b4e1de1) Importer(2089858483,0ecaa5967403d082aa24f35e1b516d23)
Start importing Assets/_Project/LowpollyGameAssets/Models/Animals using Guid(fe74bd3d58eaa1a4e94033566b4e1de1) Importer(2089858483,0ecaa5967403d082aa24f35e1b516d23) (ScriptedImporter)[PhysX] Initialized MultithreadedTaskDispatcher with 6 workers.
 -> (artifact id: '5319925bcf60bb1aa20ce4e0e94ba918') in 0.0036849 seconds
Number of updated asset objects reloaded before import = 0Number of asset objects unloaded after import = 1

========================================================================
Received Import Request.
  Time since last request: 0.000025 seconds.
  path: Assets/_Project/LowpollyGameAssets/Texture2D/remove-ads.png
  artifactKey: Guid(9cdad3a5f82e89441a7c201f2a59b65a) Importer(2089858483,0ecaa5967403d082aa24f35e1b516d23)
Start importing Assets/_Project/LowpollyGameAssets/Texture2D/remove-ads.png using Guid(9cdad3a5f82e89441a7c201f2a59b65a) Importer(2089858483,0ecaa5967403d082aa24f35e1b516d23) (ScriptedImporter)[PhysX] Initialized MultithreadedTaskDispatcher with 6 workers.
 -> (artifact id: 'a68beb1e37593b82674a4c55dfbbf36f') in 0.0113682 seconds
Number of updated asset objects reloaded before import = 0Number of asset objects unloaded after import = 3

========================================================================
Received Import Request.
  Time since last request: 0.000024 seconds.
  path: Assets/_Project/LowpollyGameAssets/Materials/Grass_Material.mat
  artifactKey: Guid(fdd827e562d3ef24db28636e4b0eb273) Importer(2089858483,0ecaa5967403d082aa24f35e1b516d23)
Start importing Assets/_Project/LowpollyGameAssets/Materials/Grass_Material.mat using Guid(fdd827e562d3ef24db28636e4b0eb273) Importer(2089858483,0ecaa5967403d082aa24f35e1b516d23) (ScriptedImporter)[PhysX] Initialized MultithreadedTaskDispatcher with 6 workers.
 -> (artifact id: '0547f23a1966add2c3934ff55ce113db') in 0.0092282 seconds
Number of updated asset objects reloaded before import = 0Number of asset objects unloaded after import = 2

========================================================================
Received Import Request.
  Time since last request: 0.000024 seconds.
  path: Assets/_Project/LowpollyGameAssets/Texture2D/ButtonCircle.png
  artifactKey: Guid(60cc23fa03c357f49a961b7a04b7ef78) Importer(2089858483,0ecaa5967403d082aa24f35e1b516d23)
Start importing Assets/_Project/LowpollyGameAssets/Texture2D/ButtonCircle.png using Guid(60cc23fa03c357f49a961b7a04b7ef78) Importer(2089858483,0ecaa5967403d082aa24f35e1b516d23) (ScriptedImporter)[PhysX] Initialized MultithreadedTaskDispatcher with 6 workers.
 -> (artifact id: '2ec06eb93177cefc347c6a24391c89b6') in 0.0136223 seconds
Number of updated asset objects reloaded before import = 0Number of asset objects unloaded after import = 3

========================================================================
Received Import Request.
  Time since last request: 0.000024 seconds.
  path: Assets/_Project/LowpollyGameAssets/Models/Environment/GrassStems_0.asset
  artifactKey: Guid(06bed5847a7bc494189415a8c2d85911) Importer(2089858483,0ecaa5967403d082aa24f35e1b516d23)
Start importing Assets/_Project/LowpollyGameAssets/Models/Environment/GrassStems_0.asset using Guid(06bed5847a7bc494189415a8c2d85911) Importer(2089858483,0ecaa5967403d082aa24f35e1b516d23) (ScriptedImporter)[PhysX] Initialized MultithreadedTaskDispatcher with 6 workers.
 -> (artifact id: 'ab904c9372ba4afdb8dbc27f18b2a9ff') in 0.003853 seconds
Number of updated asset objects reloaded before import = 0Number of asset objects unloaded after import = 1

========================================================================
Received Import Request.
  Time since last request: 0.000017 seconds.
  path: Assets/_Project/LowpollyGameAssets/Models/Animals/Pig.asset
  artifactKey: Guid(9b69eb101571009479a5fd3dd5cf25a3) Importer(2089858483,0ecaa5967403d082aa24f35e1b516d23)
Start importing Assets/_Project/LowpollyGameAssets/Models/Animals/Pig.asset using Guid(9b69eb101571009479a5fd3dd5cf25a3) Importer(2089858483,0ecaa5967403d082aa24f35e1b516d23) (ScriptedImporter)[PhysX] Initialized MultithreadedTaskDispatcher with 6 workers.
 -> (artifact id: 'cadf00a28f353462765a48a25db139fb') in 0.0070802 seconds
Number of updated asset objects reloaded before import = 0Number of asset objects unloaded after import = 1

========================================================================
Received Import Request.
  Time since last request: 0.000020 seconds.
  path: Assets/_Project/LowpollyGameAssets/Models/Animals/Cube.asset
  artifactKey: Guid(93d5788b12225264da2b55e40e3ee9f7) Importer(2089858483,0ecaa5967403d082aa24f35e1b516d23)
Start importing Assets/_Project/LowpollyGameAssets/Models/Animals/Cube.asset using Guid(93d5788b12225264da2b55e40e3ee9f7) Importer(2089858483,0ecaa5967403d082aa24f35e1b516d23) (ScriptedImporter)[PhysX] Initialized MultithreadedTaskDispatcher with 6 workers.
 -> (artifact id: '6082f8702b30e63cedaee07b3ea08da4') in 0.0059625 seconds
Number of updated asset objects reloaded before import = 0Number of asset objects unloaded after import = 1

========================================================================
Received Import Request.
  Time since last request: 0.000021 seconds.
  path: Assets/_Project/LowpollyGameAssets/Texture2D/Poweredby_640px-White_HorizLogo.png
  artifactKey: Guid(866f4ca6ffdfee04a8b65987b4b81c6a) Importer(2089858483,0ecaa5967403d082aa24f35e1b516d23)
Start importing Assets/_Project/LowpollyGameAssets/Texture2D/Poweredby_640px-White_HorizLogo.png using Guid(866f4ca6ffdfee04a8b65987b4b81c6a) Importer(2089858483,0ecaa5967403d082aa24f35e1b516d23) (ScriptedImporter)[PhysX] Initialized MultithreadedTaskDispatcher with 6 workers.
 -> (artifact id: 'ecb1f67ea497a8b332da31d252be2db8') in 0.012438 seconds
Number of updated asset objects reloaded before import = 0Number of asset objects unloaded after import = 3

========================================================================
Received Import Request.
  Time since last request: 0.000019 seconds.
  path: Assets/_Project/LowpollyGameAssets/Texture2D/sound_off.png
  artifactKey: Guid(1c9d22656b7d1eb4bb6b31d721b8405a) Importer(2089858483,0ecaa5967403d082aa24f35e1b516d23)
Start importing Assets/_Project/LowpollyGameAssets/Texture2D/sound_off.png using Guid(1c9d22656b7d1eb4bb6b31d721b8405a) Importer(2089858483,0ecaa5967403d082aa24f35e1b516d23) (ScriptedImporter)[PhysX] Initialized MultithreadedTaskDispatcher with 6 workers.
 -> (artifact id: 'bff967632daa3e94ed5753bff80d7eef') in 0.0105615 seconds
Number of updated asset objects reloaded before import = 0Number of asset objects unloaded after import = 3

========================================================================
Received Import Request.
  Time since last request: 0.000019 seconds.
  path: Assets/_Project/LowpollyGameAssets/Texture2D/TreeYellow.png
  artifactKey: Guid(878883cabf51cb248900b9040e81ba7d) Importer(2089858483,0ecaa5967403d082aa24f35e1b516d23)
Start importing Assets/_Project/LowpollyGameAssets/Texture2D/TreeYellow.png using Guid(878883cabf51cb248900b9040e81ba7d) Importer(2089858483,0ecaa5967403d082aa24f35e1b516d23) (ScriptedImporter)[PhysX] Initialized MultithreadedTaskDispatcher with 6 workers.
 -> (artifact id: 'd252947ffa76f51444899d3af4e28ebc') in 0.0207356 seconds
Number of updated asset objects reloaded before import = 0Number of asset objects unloaded after import = 1

========================================================================
Received Import Request.
  Time since last request: 0.000018 seconds.
  path: Assets/_Project/LowpollyGameAssets/Prefabs/Pig.prefab
  artifactKey: Guid(c261ac2de84915042b720b25b9888203) Importer(2089858483,0ecaa5967403d082aa24f35e1b516d23)
Start importing Assets/_Project/LowpollyGameAssets/Prefabs/Pig.prefab using Guid(c261ac2de84915042b720b25b9888203) Importer(2089858483,0ecaa5967403d082aa24f35e1b516d23) (ScriptedImporter)[PhysX] Initialized MultithreadedTaskDispatcher with 6 workers.
 -> (artifact id: '785e6ce027b93e0a05354d5af424b5f5') in 0.0072127 seconds
Number of updated asset objects reloaded before import = 0Number of asset objects unloaded after import = 9

========================================================================
Received Import Request.
  Time since last request: 0.000024 seconds.
  path: Assets/_Project/LowpollyGameAssets/Texture2D/unlock.png
  artifactKey: Guid(4b6366a3b2d25fe4485cb7f7815b883d) Importer(2089858483,0ecaa5967403d082aa24f35e1b516d23)
Start importing Assets/_Project/LowpollyGameAssets/Texture2D/unlock.png using Guid(4b6366a3b2d25fe4485cb7f7815b883d) Importer(2089858483,0ecaa5967403d082aa24f35e1b516d23) (ScriptedImporter)[PhysX] Initialized MultithreadedTaskDispatcher with 6 workers.
 -> (artifact id: '858f4bd9d429f234b6d32fd6d27ebb15') in 0.0115055 seconds
Number of updated asset objects reloaded before import = 0Number of asset objects unloaded after import = 3

========================================================================
Received Import Request.
  Time since last request: 0.000023 seconds.
  path: Assets/_Project/LowpollyGameAssets/Textures
  artifactKey: Guid(3fc7b53ee37b5fd4b8210c5435df0cb2) Importer(2089858483,0ecaa5967403d082aa24f35e1b516d23)
Start importing Assets/_Project/LowpollyGameAssets/Textures using Guid(3fc7b53ee37b5fd4b8210c5435df0cb2) Importer(2089858483,0ecaa5967403d082aa24f35e1b516d23) (ScriptedImporter)[PhysX] Initialized MultithreadedTaskDispatcher with 6 workers.
 -> (artifact id: '8f82f19208084c82656a2a8331b9d96d') in 0.0045549 seconds
Number of updated asset objects reloaded before import = 0Number of asset objects unloaded after import = 1

========================================================================
Received Import Request.
  Time since last request: 0.000022 seconds.
  path: Assets/_Project/LowpollyGameAssets/Texture2D/lock.png
  artifactKey: Guid(3f49e87d6e0d45b4b906b69f9feadd53) Importer(2089858483,0ecaa5967403d082aa24f35e1b516d23)
Start importing Assets/_Project/LowpollyGameAssets/Texture2D/lock.png using Guid(3f49e87d6e0d45b4b906b69f9feadd53) Importer(2089858483,0ecaa5967403d082aa24f35e1b516d23) (ScriptedImporter)[PhysX] Initialized MultithreadedTaskDispatcher with 6 workers.
 -> (artifact id: '23585272b614ea211f1347de819a1255') in 0.0108092 seconds
Number of updated asset objects reloaded before import = 0Number of asset objects unloaded after import = 3

========================================================================
Received Import Request.
  Time since last request: 0.000027 seconds.
  path: Assets/_Project/LowpollyGameAssets/Models/Environment/Tile_1.asset
  artifactKey: Guid(abbf58ace82efc84f9a50105ecfa0877) Importer(2089858483,0ecaa5967403d082aa24f35e1b516d23)
Start importing Assets/_Project/LowpollyGameAssets/Models/Environment/Tile_1.asset using Guid(abbf58ace82efc84f9a50105ecfa0877) Importer(2089858483,0ecaa5967403d082aa24f35e1b516d23) (ScriptedImporter)[PhysX] Initialized MultithreadedTaskDispatcher with 6 workers.
 -> (artifact id: '1e1e6896bf14c993974f75a816100912') in 0.0050092 seconds
Number of updated asset objects reloaded before import = 0Number of asset objects unloaded after import = 1

========================================================================
Received Import Request.
  Time since last request: 0.000101 seconds.
  path: Assets/_Project/LowpollyGameAssets/Prefabs/Panda.prefab
  artifactKey: Guid(f6486c20d58ef1e49aa08975011e1926) Importer(2089858483,0ecaa5967403d082aa24f35e1b516d23)
Start importing Assets/_Project/LowpollyGameAssets/Prefabs/Panda.prefab using Guid(f6486c20d58ef1e49aa08975011e1926) Importer(2089858483,0ecaa5967403d082aa24f35e1b516d23) (ScriptedImporter)[PhysX] Initialized MultithreadedTaskDispatcher with 6 workers.
 -> (artifact id: '27c25a871b4ad102424f111277af6a23') in 0.0072882 seconds
Number of updated asset objects reloaded before import = 0Number of asset objects unloaded after import = 9

========================================================================
Received Import Request.
  Time since last request: 0.000021 seconds.
  path: Assets/_Project/LowpollyGameAssets/Prefabs/Lion.prefab
  artifactKey: Guid(c3b332594781a584d869682713bc1e4d) Importer(2089858483,0ecaa5967403d082aa24f35e1b516d23)
Start importing Assets/_Project/LowpollyGameAssets/Prefabs/Lion.prefab using Guid(c3b332594781a584d869682713bc1e4d) Importer(2089858483,0ecaa5967403d082aa24f35e1b516d23) (ScriptedImporter)[PhysX] Initialized MultithreadedTaskDispatcher with 6 workers.
 -> (artifact id: 'be942866b63891f5587ef3eec52227c4') in 0.0074962 seconds
Number of updated asset objects reloaded before import = 0Number of asset objects unloaded after import = 9

========================================================================
Received Import Request.
  Time since last request: 0.000018 seconds.
  path: Assets/_Project/LowpollyGameAssets/Materials
  artifactKey: Guid(217d34db2dfc753488682f31090ace46) Importer(2089858483,0ecaa5967403d082aa24f35e1b516d23)
Start importing Assets/_Project/LowpollyGameAssets/Materials using Guid(217d34db2dfc753488682f31090ace46) Importer(2089858483,0ecaa5967403d082aa24f35e1b516d23) (ScriptedImporter)[PhysX] Initialized MultithreadedTaskDispatcher with 6 workers.
 -> (artifact id: '6f01ee490874a80d954a680758b06856') in 0.0026739 seconds
Number of updated asset objects reloaded before import = 0Number of asset objects unloaded after import = 1

========================================================================
Received Import Request.
  Time since last request: 0.000034 seconds.
  path: Assets/_Project/LowpollyGameAssets/Texture2D/cancel.png
  artifactKey: Guid(c0f844149bb79344289f4ef078a4c212) Importer(2089858483,0ecaa5967403d082aa24f35e1b516d23)
Start importing Assets/_Project/LowpollyGameAssets/Texture2D/cancel.png using Guid(c0f844149bb79344289f4ef078a4c212) Importer(2089858483,0ecaa5967403d082aa24f35e1b516d23) (ScriptedImporter)[PhysX] Initialized MultithreadedTaskDispatcher with 6 workers.
 -> (artifact id: '22c4154fe14bd67f0445ac2f1d584ceb') in 0.00971 seconds
Number of updated asset objects reloaded before import = 0Number of asset objects unloaded after import = 3

========================================================================
Received Import Request.
  Time since last request: 0.000020 seconds.
  path: Assets/_Project/LowpollyGameAssets/Models/Animals/Cow.asset
  artifactKey: Guid(41c98cfca6dd1cc45ab6cd0f365b67ba) Importer(2089858483,0ecaa5967403d082aa24f35e1b516d23)
Start importing Assets/_Project/LowpollyGameAssets/Models/Animals/Cow.asset using Guid(41c98cfca6dd1cc45ab6cd0f365b67ba) Importer(2089858483,0ecaa5967403d082aa24f35e1b516d23) (ScriptedImporter)[PhysX] Initialized MultithreadedTaskDispatcher with 6 workers.
 -> (artifact id: '0729e9975c64d03c26df3e230f86fc54') in 0.0043957 seconds
Number of updated asset objects reloaded before import = 0Number of asset objects unloaded after import = 1

========================================================================
Received Import Request.
  Time since last request: 0.000026 seconds.
  path: Assets/_Project/LowpollyGameAssets/Texture2D/restart.png
  artifactKey: Guid(30cc2aaec6089b8458f56f4ca5b83465) Importer(2089858483,0ecaa5967403d082aa24f35e1b516d23)
Start importing Assets/_Project/LowpollyGameAssets/Texture2D/restart.png using Guid(30cc2aaec6089b8458f56f4ca5b83465) Importer(2089858483,0ecaa5967403d082aa24f35e1b516d23) (ScriptedImporter)[PhysX] Initialized MultithreadedTaskDispatcher with 6 workers.
 -> (artifact id: 'eb1c08c443d927c03eb9ecd59b861492') in 0.0120488 seconds
Number of updated asset objects reloaded before import = 0Number of asset objects unloaded after import = 3

========================================================================
Received Import Request.
  Time since last request: 0.000018 seconds.
  path: Assets/_Project/LowpollyGameAssets/Texture2D/leaderboard.png
  artifactKey: Guid(64db40c59f2fa5f42bf59836bbb7b342) Importer(2089858483,0ecaa5967403d082aa24f35e1b516d23)
Start importing Assets/_Project/LowpollyGameAssets/Texture2D/leaderboard.png using Guid(64db40c59f2fa5f42bf59836bbb7b342) Importer(2089858483,0ecaa5967403d082aa24f35e1b516d23) (ScriptedImporter)[PhysX] Initialized MultithreadedTaskDispatcher with 6 workers.
 -> (artifact id: 'da5b8af5cb9e068e06ccc3adb54fa6a7') in 0.0108728 seconds
Number of updated asset objects reloaded before import = 0Number of asset objects unloaded after import = 3

========================================================================
Received Import Request.
  Time since last request: 0.000017 seconds.
  path: Assets/_Project/LowpollyGameAssets/Materials/Tree2_Map2_material.mat
  artifactKey: Guid(d313e2218ad4c8847aabce4ffb01bbe5) Importer(2089858483,0ecaa5967403d082aa24f35e1b516d23)
Start importing Assets/_Project/LowpollyGameAssets/Materials/Tree2_Map2_material.mat using Guid(d313e2218ad4c8847aabce4ffb01bbe5) Importer(2089858483,0ecaa5967403d082aa24f35e1b516d23) (ScriptedImporter)[PhysX] Initialized MultithreadedTaskDispatcher with 6 workers.
 -> (artifact id: '4e0c9d4f14e3f0751dffe9bf46cc2972') in 0.006108 seconds
Number of updated asset objects reloaded before import = 0Number of asset objects unloaded after import = 2

========================================================================
Received Import Request.
  Time since last request: 0.000017 seconds.
  path: Assets/_Project/LowpollyGameAssets/Texture2D/CoinCube.png
  artifactKey: Guid(310b748f13288e54d8ed94e286c16fc5) Importer(2089858483,0ecaa5967403d082aa24f35e1b516d23)
Start importing Assets/_Project/LowpollyGameAssets/Texture2D/CoinCube.png using Guid(310b748f13288e54d8ed94e286c16fc5) Importer(2089858483,0ecaa5967403d082aa24f35e1b516d23) (ScriptedImporter)[PhysX] Initialized MultithreadedTaskDispatcher with 6 workers.
 -> (artifact id: '9a9da7f6350c4eb2c67fbc5ea178a260') in 0.0113154 seconds
Number of updated asset objects reloaded before import = 0Number of asset objects unloaded after import = 3

========================================================================
Received Import Request.
  Time since last request: 0.000045 seconds.
  path: Assets/_Project/LowpollyGameAssets/Models/Environment/Stone_1.asset
  artifactKey: Guid(5107e95a25c55a348bf1d3d138304bed) Importer(2089858483,0ecaa5967403d082aa24f35e1b516d23)
Start importing Assets/_Project/LowpollyGameAssets/Models/Environment/Stone_1.asset using Guid(5107e95a25c55a348bf1d3d138304bed) Importer(2089858483,0ecaa5967403d082aa24f35e1b516d23) (ScriptedImporter)[PhysX] Initialized MultithreadedTaskDispatcher with 6 workers.
 -> (artifact id: 'f8e9891e388d5b92d386e9e690b09a1f') in 0.0098938 seconds
Number of updated asset objects reloaded before import = 0Number of asset objects unloaded after import = 1

========================================================================
Received Import Request.
  Time since last request: 0.000018 seconds.
  path: Assets/_Project/LowpollyGameAssets/Texture2D/sunburst.png
  artifactKey: Guid(27c0003af9277c84c9bb8b043f40f064) Importer(2089858483,0ecaa5967403d082aa24f35e1b516d23)
Start importing Assets/_Project/LowpollyGameAssets/Texture2D/sunburst.png using Guid(27c0003af9277c84c9bb8b043f40f064) Importer(2089858483,0ecaa5967403d082aa24f35e1b516d23) (ScriptedImporter)[PhysX] Initialized MultithreadedTaskDispatcher with 6 workers.
 -> (artifact id: '64ad79b7ca41750b15c88cc880202e4e') in 0.0119982 seconds
Number of updated asset objects reloaded before import = 0Number of asset objects unloaded after import = 3

========================================================================
Received Import Request.
  Time since last request: 0.000018 seconds.
  path: Assets/_Project/LowpollyGameAssets/Textures/cloud_2x2_hard.png
  artifactKey: Guid(fd601fd09c034c8418d22cb4f487ae7e) Importer(2089858483,0ecaa5967403d082aa24f35e1b516d23)
Start importing Assets/_Project/LowpollyGameAssets/Textures/cloud_2x2_hard.png using Guid(fd601fd09c034c8418d22cb4f487ae7e) Importer(2089858483,0ecaa5967403d082aa24f35e1b516d23) (ScriptedImporter)[PhysX] Initialized MultithreadedTaskDispatcher with 6 workers.
 -> (artifact id: '2081581196172f53ad213efa90a9519f') in 0.0111669 seconds
Number of updated asset objects reloaded before import = 0Number of asset objects unloaded after import = 1

========================================================================
Received Import Request.
  Time since last request: 0.000031 seconds.
  path: Assets/_Project/LowpollyGameAssets/Models/Environment/Tree_0.asset
  artifactKey: Guid(af07b8d600b9df24aaf8781caca730ed) Importer(2089858483,0ecaa5967403d082aa24f35e1b516d23)
Start importing Assets/_Project/LowpollyGameAssets/Models/Environment/Tree_0.asset using Guid(af07b8d600b9df24aaf8781caca730ed) Importer(2089858483,0ecaa5967403d082aa24f35e1b516d23) (ScriptedImporter)[PhysX] Initialized MultithreadedTaskDispatcher with 6 workers.
 -> (artifact id: '4b014574abea1ec8abf28a4087e25b03') in 0.0040877 seconds
Number of updated asset objects reloaded before import = 0Number of asset objects unloaded after import = 1

========================================================================
Received Import Request.
  Time since last request: 0.000020 seconds.
  path: Assets/_Project/LowpollyGameAssets/Models/Environment/Flower_0.asset
  artifactKey: Guid(bd24ec988fd0423479d217411b1f6b40) Importer(2089858483,0ecaa5967403d082aa24f35e1b516d23)
Start importing Assets/_Project/LowpollyGameAssets/Models/Environment/Flower_0.asset using Guid(bd24ec988fd0423479d217411b1f6b40) Importer(2089858483,0ecaa5967403d082aa24f35e1b516d23) (ScriptedImporter)[PhysX] Initialized MultithreadedTaskDispatcher with 6 workers.
 -> (artifact id: 'f4efa4c8ee7d0fd246ead026f0e3c81e') in 0.0037823 seconds
Number of updated asset objects reloaded before import = 0Number of asset objects unloaded after import = 1

========================================================================
Received Import Request.
  Time since last request: 0.000018 seconds.
  path: Assets/_Project/LowpollyGameAssets/Models/Animals/Panda.asset
  artifactKey: Guid(07162ba1712b26a4ca8dfb1cf86e9bc0) Importer(2089858483,0ecaa5967403d082aa24f35e1b516d23)
Start importing Assets/_Project/LowpollyGameAssets/Models/Animals/Panda.asset using Guid(07162ba1712b26a4ca8dfb1cf86e9bc0) Importer(2089858483,0ecaa5967403d082aa24f35e1b516d23) (ScriptedImporter)[PhysX] Initialized MultithreadedTaskDispatcher with 6 workers.
 -> (artifact id: '7167a9bb73a991fd062b6700dc7fe2cf') in 0.005843 seconds
Number of updated asset objects reloaded before import = 0Number of asset objects unloaded after import = 1

========================================================================
Received Import Request.
  Time since last request: 0.000022 seconds.
  path: Assets/_Project/LowpollyGameAssets/Texture2D/Square.png
  artifactKey: Guid(a804adbdc5ebc314c94974baa688b982) Importer(2089858483,0ecaa5967403d082aa24f35e1b516d23)
Start importing Assets/_Project/LowpollyGameAssets/Texture2D/Square.png using Guid(a804adbdc5ebc314c94974baa688b982) Importer(2089858483,0ecaa5967403d082aa24f35e1b516d23) (ScriptedImporter)[PhysX] Initialized MultithreadedTaskDispatcher with 6 workers.
 -> (artifact id: 'bf537c62fc9e02694e67e1f21cc16f0d') in 0.0100999 seconds
Number of updated asset objects reloaded before import = 0Number of asset objects unloaded after import = 1

========================================================================
Received Import Request.
  Time since last request: 0.000024 seconds.
  path: Assets/_Project/LowpollyGameAssets/Materials/Cloud_Material.mat
  artifactKey: Guid(5dad5f80188250444b6a0d2315704967) Importer(2089858483,0ecaa5967403d082aa24f35e1b516d23)
Start importing Assets/_Project/LowpollyGameAssets/Materials/Cloud_Material.mat using Guid(5dad5f80188250444b6a0d2315704967) Importer(2089858483,0ecaa5967403d082aa24f35e1b516d23) (ScriptedImporter)[PhysX] Initialized MultithreadedTaskDispatcher with 6 workers.
 -> (artifact id: '38fb9a3dcaf01278071d08578d4b999d') in 0.0175915 seconds
Number of updated asset objects reloaded before import = 0Number of asset objects unloaded after import = 2

========================================================================
Received Import Request.
  Time since last request: 0.000016 seconds.
  path: Assets/_Project/LowpollyGameAssets/Texture2D/Tut02.png
  artifactKey: Guid(c10a1f40ebe2cc74caa85513ea7ae623) Importer(2089858483,0ecaa5967403d082aa24f35e1b516d23)
Start importing Assets/_Project/LowpollyGameAssets/Texture2D/Tut02.png using Guid(c10a1f40ebe2cc74caa85513ea7ae623) Importer(2089858483,0ecaa5967403d082aa24f35e1b516d23) (ScriptedImporter)[PhysX] Initialized MultithreadedTaskDispatcher with 6 workers.
 -> (artifact id: '1c95c3dfa141974c7b838c82a777835c') in 0.0112479 seconds
Number of updated asset objects reloaded before import = 0Number of asset objects unloaded after import = 3

========================================================================
Received Import Request.
  Time since last request: 0.000024 seconds.
  path: Assets/_Project/LowpollyGameAssets/Materials/Floor_0.mat
  artifactKey: Guid(fd7c3e33e5897c4429d8191a51bc3ec0) Importer(2089858483,0ecaa5967403d082aa24f35e1b516d23)
Start importing Assets/_Project/LowpollyGameAssets/Materials/Floor_0.mat using Guid(fd7c3e33e5897c4429d8191a51bc3ec0) Importer(2089858483,0ecaa5967403d082aa24f35e1b516d23) (ScriptedImporter)[PhysX] Initialized MultithreadedTaskDispatcher with 6 workers.
 -> (artifact id: 'e34e76905813b02be0516cc2bbc8e3c0') in 0.0044776 seconds
Number of updated asset objects reloaded before import = 0Number of asset objects unloaded after import = 1

========================================================================
Received Import Request.
  Time since last request: 0.000016 seconds.
  path: Assets/_Project/LowpollyGameAssets/MovementTrailFX.prefab
  artifactKey: Guid(fee3b9b6521d21c4cb0e7f3dfa6d67fb) Importer(2089858483,0ecaa5967403d082aa24f35e1b516d23)
Start importing Assets/_Project/LowpollyGameAssets/MovementTrailFX.prefab using Guid(fee3b9b6521d21c4cb0e7f3dfa6d67fb) Importer(2089858483,0ecaa5967403d082aa24f35e1b516d23) (ScriptedImporter)[PhysX] Initialized MultithreadedTaskDispatcher with 6 workers.
 -> (artifact id: 'bc14f56197d50122ff45757a344f2b3c') in 0.0308233 seconds
Number of updated asset objects reloaded before import = 0Number of asset objects unloaded after import = 6

========================================================================
Received Import Request.
  Time since last request: 0.000020 seconds.
  path: Assets/_Project/LowpollyGameAssets/Texture2D/cube.png
  artifactKey: Guid(4bd447fca9f9301408965b5f8a38290e) Importer(2089858483,0ecaa5967403d082aa24f35e1b516d23)
Start importing Assets/_Project/LowpollyGameAssets/Texture2D/cube.png using Guid(4bd447fca9f9301408965b5f8a38290e) Importer(2089858483,0ecaa5967403d082aa24f35e1b516d23) (ScriptedImporter)[PhysX] Initialized MultithreadedTaskDispatcher with 6 workers.
 -> (artifact id: '63aba1fa611faf80e444fad69f81c11d') in 0.0096004 seconds
Number of updated asset objects reloaded before import = 0Number of asset objects unloaded after import = 3

========================================================================
Received Import Request.
  Time since last request: 7.496724 seconds.
  path: Assets/_Project/LowpollyGameAssets/Audio/AudioMixerController
  artifactKey: Guid(780a9f8c9db8dc94095f3075622981a0) Importer(2089858483,0ecaa5967403d082aa24f35e1b516d23)
Start importing Assets/_Project/LowpollyGameAssets/Audio/AudioMixerController using Guid(780a9f8c9db8dc94095f3075622981a0) Importer(2089858483,0ecaa5967403d082aa24f35e1b516d23) (ScriptedImporter)[PhysX] Initialized MultithreadedTaskDispatcher with 6 workers.
 -> (artifact id: 'ad287523aaa30732cb40a40be666c7e3') in 0.003567 seconds
Number of updated asset objects reloaded before import = 0Number of asset objects unloaded after import = 1

========================================================================
Received Import Request.
  Time since last request: 0.000021 seconds.
  path: Assets/_Project/LowpollyGameAssets/Audio/AudioMixerController/Mix.mixer
  artifactKey: Guid(5a0509d7541639549b3816a97324582b) Importer(2089858483,0ecaa5967403d082aa24f35e1b516d23)
Start importing Assets/_Project/LowpollyGameAssets/Audio/AudioMixerController/Mix.mixer using Guid(5a0509d7541639549b3816a97324582b) Importer(2089858483,0ecaa5967403d082aa24f35e1b516d23) (ScriptedImporter)[PhysX] Initialized MultithreadedTaskDispatcher with 6 workers.
Refreshing native plugins compatible for Editor in 2.65 ms, found 3 plugins.
Preloading 0 native plugins for Editor in 0.00 ms.
 -> (artifact id: '2df62c226d01c29cbf8faeaf412aca39') in 0.0221232 seconds
Number of updated asset objects reloaded before import = 0Number of asset objects unloaded after import = 19

========================================================================
Received Import Request.
  Time since last request: 0.000022 seconds.
  path: Assets/_Project/LowpollyGameAssets/Audio/oaklawn-dreams.ogg
  artifactKey: Guid(dd5ef66239f3c3c4fb1ff5a3561d04c7) Importer(2089858483,0ecaa5967403d082aa24f35e1b516d23)
Start importing Assets/_Project/LowpollyGameAssets/Audio/oaklawn-dreams.ogg using Guid(dd5ef66239f3c3c4fb1ff5a3561d04c7) Importer(2089858483,0ecaa5967403d082aa24f35e1b516d23) (ScriptedImporter)[PhysX] Initialized MultithreadedTaskDispatcher with 6 workers.
 -> (artifact id: '5c7a1ca8ff673928779ba1c4d3b2e063') in 0.2757085 seconds
Number of updated asset objects reloaded before import = 0Number of asset objects unloaded after import = 1

========================================================================
Received Import Request.
  Time since last request: 34.506365 seconds.
  path: Assets/_Project/LowpollyGameAssets/FX/ExplosionFX.prefab
  artifactKey: Guid(6cb8d13d2038d504a82630f29e139e88) Importer(2089858483,0ecaa5967403d082aa24f35e1b516d23)
Start importing Assets/_Project/LowpollyGameAssets/FX/ExplosionFX.prefab using Guid(6cb8d13d2038d504a82630f29e139e88) Importer(2089858483,0ecaa5967403d082aa24f35e1b516d23) (ScriptedImporter)[PhysX] Initialized MultithreadedTaskDispatcher with 6 workers.
 -> (artifact id: 'be8add19ad26ece05508ca381bbaf7aa') in 0.027878 seconds
Number of updated asset objects reloaded before import = 0Number of asset objects unloaded after import = 6

========================================================================
Received Import Request.
  Time since last request: 896.907691 seconds.
  path: Assets/_Project/LowpollyGameAssets/Texture2D/Floor.png
  artifactKey: Guid(722b62f2b9fd0bc4fac579665e3a4a81) Importer(2089858483,0ecaa5967403d082aa24f35e1b516d23)
Start importing Assets/_Project/LowpollyGameAssets/Texture2D/Floor.png using Guid(722b62f2b9fd0bc4fac579665e3a4a81) Importer(2089858483,0ecaa5967403d082aa24f35e1b516d23) (ScriptedImporter)[PhysX] Initialized MultithreadedTaskDispatcher with 6 workers.
 -> (artifact id: '212ef36173bb43f97ca1454945296401') in 0.02087 seconds
Number of updated asset objects reloaded before import = 0Number of asset objects unloaded after import = 1

========================================================================
Received Import Request.
  Time since last request: 339.061424 seconds.
  path: Assets/_Project/Scripts/Gameplay/Cow.png
  artifactKey: Guid(c5a3e84a971019b45980aefeb68fb23d) Importer(2089858483,0ecaa5967403d082aa24f35e1b516d23)
Start importing Assets/_Project/Scripts/Gameplay/Cow.png using Guid(c5a3e84a971019b45980aefeb68fb23d) Importer(2089858483,0ecaa5967403d082aa24f35e1b516d23) (ScriptedImporter)[PhysX] Initialized MultithreadedTaskDispatcher with 6 workers.
 -> (artifact id: 'e30b4c2bce42f504390e66e33c5d95fe') in 0.0254386 seconds
Number of updated asset objects reloaded before import = 0Number of asset objects unloaded after import = 1

========================================================================
Received Import Request.
  Time since last request: 4.094332 seconds.
  path: Assets/_Project/LowpollyGameAssets/T_Cow.png
  artifactKey: Guid(b7ce7d9aa01fe084eae2a169bc85b8dc) Importer(2089858483,0ecaa5967403d082aa24f35e1b516d23)
Start importing Assets/_Project/LowpollyGameAssets/T_Cow.png using Guid(b7ce7d9aa01fe084eae2a169bc85b8dc) Importer(2089858483,0ecaa5967403d082aa24f35e1b516d23) (ScriptedImporter)[PhysX] Initialized MultithreadedTaskDispatcher with 6 workers.
 -> (artifact id: '41b10963b7df80f01951450d32112384') in 0.0189879 seconds
Number of updated asset objects reloaded before import = 0Number of asset objects unloaded after import = 1

========================================================================
Received Import Request.
  Time since last request: 54.435165 seconds.
  path: Assets/_Project/LowpollyGameAssets/Prefabs/Cow.prefab
  artifactKey: Guid(45a25154eb5e9bc48a78f55f1faf819e) Importer(2089858483,0ecaa5967403d082aa24f35e1b516d23)
Start importing Assets/_Project/LowpollyGameAssets/Prefabs/Cow.prefab using Guid(45a25154eb5e9bc48a78f55f1faf819e) Importer(2089858483,0ecaa5967403d082aa24f35e1b516d23) (ScriptedImporter)[PhysX] Initialized MultithreadedTaskDispatcher with 6 workers.
 -> (artifact id: '823a21ee449f8e5d4fc9356a8a5972d3') in 0.0139168 seconds
Number of updated asset objects reloaded before import = 0Number of asset objects unloaded after import = 9

========================================================================
Received Import Request.
  Time since last request: 376.356542 seconds.
  path: Assets/_Project/Environment.prefab
  artifactKey: Guid(d6113a87ba3a00f4c8ee263fb77506d4) Importer(815301076,1909f56bfc062723c751e8b465ee728b)
Start importing Assets/_Project/Environment.prefab using Guid(d6113a87ba3a00f4c8ee263fb77506d4) Importer(815301076,1909f56bfc062723c751e8b465ee728b) (PreviewImporter)[PhysX] Initialized MultithreadedTaskDispatcher with 6 workers.
[PhysX] Initialized MultithreadedTaskDispatcher with 6 workers.
 -> (artifact id: 'aedd6f0f1de92ba627f6903024263946') in 1.7249307 seconds
Number of updated asset objects reloaded before import = 0Number of asset objects unloaded after import = 195

========================================================================
Received Import Request.
  Time since last request: 3.869657 seconds.
  path: Assets/_Project/LowpollyGameAssets/Materials/Tile_0.mat
  artifactKey: Guid(806080bfc8cd32c49bdf18ab3c04402f) Importer(815301076,1909f56bfc062723c751e8b465ee728b)
Start importing Assets/_Project/LowpollyGameAssets/Materials/Tile_0.mat using Guid(806080bfc8cd32c49bdf18ab3c04402f) Importer(815301076,1909f56bfc062723c751e8b465ee728b) (PreviewImporter)[PhysX] Initialized MultithreadedTaskDispatcher with 6 workers.
[PhysX] Initialized MultithreadedTaskDispatcher with 6 workers.
 -> (artifact id: '9a309044c4b24113f03ad9ee1f666d2d') in 0.2235937 seconds
Number of updated asset objects reloaded before import = 0Number of asset objects unloaded after import = 2

========================================================================
Received Import Request.
  Time since last request: 3.621905 seconds.
  path: Assets/_Project/Scripts/Gameplay/Features/CommonFeature/Components/WorldPosition.cs
  artifactKey: Guid(2c08a3cbb46940088f4035d1418c3c0a) Importer(815301076,1909f56bfc062723c751e8b465ee728b)
Start importing Assets/_Project/Scripts/Gameplay/Features/CommonFeature/Components/WorldPosition.cs using Guid(2c08a3cbb46940088f4035d1418c3c0a) Importer(815301076,1909f56bfc062723c751e8b465ee728b) (PreviewImporter)[PhysX] Initialized MultithreadedTaskDispatcher with 6 workers.
 -> (artifact id: '6ae77c9a74e9d586b7f6068bf4a64be7') in 0.0030622 seconds
Number of updated asset objects reloaded before import = 0Number of asset objects unloaded after import = 0

========================================================================
Received Import Request.
  Time since last request: 67.732714 seconds.
  path: Assets/_Project/LowpollyGameAssets/Texture2D/rate.png
  artifactKey: Guid(f7532b1658cd0f444868012aa8811685) Importer(815301076,1909f56bfc062723c751e8b465ee728b)
Start importing Assets/_Project/LowpollyGameAssets/Texture2D/rate.png using Guid(f7532b1658cd0f444868012aa8811685) Importer(815301076,1909f56bfc062723c751e8b465ee728b) (PreviewImporter)[PhysX] Initialized MultithreadedTaskDispatcher with 6 workers.
[PhysX] Initialized MultithreadedTaskDispatcher with 6 workers.
 -> (artifact id: '873058703b31b7be141dd295bf76837f') in 0.0747485 seconds
Number of updated asset objects reloaded before import = 0Number of asset objects unloaded after import = 3

========================================================================
Received Import Request.
  Time since last request: 0.485776 seconds.
  path: Assets/_Project/LowpollyGameAssets/Texture2D/sound_on.png
  artifactKey: Guid(2e505634add7091439b8205dc091df20) Importer(815301076,1909f56bfc062723c751e8b465ee728b)
Start importing Assets/_Project/LowpollyGameAssets/Texture2D/sound_on.png using Guid(2e505634add7091439b8205dc091df20) Importer(815301076,1909f56bfc062723c751e8b465ee728b) (PreviewImporter)[PhysX] Initialized MultithreadedTaskDispatcher with 6 workers.
[PhysX] Initialized MultithreadedTaskDispatcher with 6 workers.
 -> (artifact id: 'ec67b03bf893551f3d21c0463ee0741e') in 0.0116274 seconds
Number of updated asset objects reloaded before import = 0Number of asset objects unloaded after import = 3

========================================================================
Received Import Request.
  Time since last request: 0.000034 seconds.
  path: Assets/_Project/LowpollyGameAssets/Texture2D/share.png
  artifactKey: Guid(fe03b2dae35babf499944105ad4be01d) Importer(815301076,1909f56bfc062723c751e8b465ee728b)
Start importing Assets/_Project/LowpollyGameAssets/Texture2D/share.png using Guid(fe03b2dae35babf499944105ad4be01d) Importer(815301076,1909f56bfc062723c751e8b465ee728b) (PreviewImporter)[PhysX] Initialized MultithreadedTaskDispatcher with 6 workers.
[PhysX] Initialized MultithreadedTaskDispatcher with 6 workers.
 -> (artifact id: 'd14fb4aa2a4b20a0e29b107c92f5a18b') in 0.0120211 seconds
Number of updated asset objects reloaded before import = 0Number of asset objects unloaded after import = 3

========================================================================
Received Import Request.
  Time since last request: 99.828601 seconds.
  path: Assets/_Project/LowpollyGameAssets/Sprites/arrow.png
  artifactKey: Guid(8ceb7460413dc854a96527623d0613b2) Importer(2089858483,0ecaa5967403d082aa24f35e1b516d23)
Start importing Assets/_Project/LowpollyGameAssets/Sprites/arrow.png using Guid(8ceb7460413dc854a96527623d0613b2) Importer(2089858483,0ecaa5967403d082aa24f35e1b516d23) (ScriptedImporter)[PhysX] Initialized MultithreadedTaskDispatcher with 6 workers.
 -> (artifact id: 'c884f9fa7c2aa7e2ecf8c8cb530aa28f') in 0.0183725 seconds
Number of updated asset objects reloaded before import = 0Number of asset objects unloaded after import = 3

========================================================================
Received Import Request.
  Time since last request: 0.000021 seconds.
  path: Assets/_Project/LowpollyGameAssets/Sprites/play.png
  artifactKey: Guid(635a3cc2da0272541bcc83a2b66e7a79) Importer(2089858483,0ecaa5967403d082aa24f35e1b516d23)
Start importing Assets/_Project/LowpollyGameAssets/Sprites/play.png using Guid(635a3cc2da0272541bcc83a2b66e7a79) Importer(2089858483,0ecaa5967403d082aa24f35e1b516d23) (ScriptedImporter)[PhysX] Initialized MultithreadedTaskDispatcher with 6 workers.
 -> (artifact id: '5a7f89d10ae55766ada5115d0807ea9e') in 0.0622978 seconds
Number of updated asset objects reloaded before import = 0Number of asset objects unloaded after import = 3

========================================================================
Received Import Request.
  Time since last request: 0.000024 seconds.
  path: Assets/_Project/LowpollyGameAssets/Sprites/video.png
  artifactKey: Guid(4caf63eab6cb4d744ba7390edbbc6dad) Importer(2089858483,0ecaa5967403d082aa24f35e1b516d23)
Start importing Assets/_Project/LowpollyGameAssets/Sprites/video.png using Guid(4caf63eab6cb4d744ba7390edbbc6dad) Importer(2089858483,0ecaa5967403d082aa24f35e1b516d23) (ScriptedImporter)[PhysX] Initialized MultithreadedTaskDispatcher with 6 workers.
 -> (artifact id: '014222e6192c82a131e6f41d4356f3ff') in 0.0136221 seconds
Number of updated asset objects reloaded before import = 0Number of asset objects unloaded after import = 3

========================================================================
Received Import Request.
  Time since last request: 0.000045 seconds.
  path: Assets/_Project/LowpollyGameAssets/Sprites/remove-ads.png
  artifactKey: Guid(9cdad3a5f82e89441a7c201f2a59b65a) Importer(2089858483,0ecaa5967403d082aa24f35e1b516d23)
Start importing Assets/_Project/LowpollyGameAssets/Sprites/remove-ads.png using Guid(9cdad3a5f82e89441a7c201f2a59b65a) Importer(2089858483,0ecaa5967403d082aa24f35e1b516d23) (ScriptedImporter)[PhysX] Initialized MultithreadedTaskDispatcher with 6 workers.
 -> (artifact id: '1b64107f31089dbd604e412a5917c296') in 0.0090496 seconds
Number of updated asset objects reloaded before import = 0Number of asset objects unloaded after import = 3

========================================================================
Received Import Request.
  Time since last request: 0.000018 seconds.
  path: Assets/_Project/LowpollyGameAssets/Sprites/rate.png
  artifactKey: Guid(f7532b1658cd0f444868012aa8811685) Importer(2089858483,0ecaa5967403d082aa24f35e1b516d23)
Start importing Assets/_Project/LowpollyGameAssets/Sprites/rate.png using Guid(f7532b1658cd0f444868012aa8811685) Importer(2089858483,0ecaa5967403d082aa24f35e1b516d23) (ScriptedImporter)[PhysX] Initialized MultithreadedTaskDispatcher with 6 workers.
 -> (artifact id: 'd6b5052ac6ab9bf2269b9f3bf977c238') in 0.0146155 seconds
Number of updated asset objects reloaded before import = 0Number of asset objects unloaded after import = 3

========================================================================
Received Import Request.
  Time since last request: 0.000024 seconds.
  path: Assets/_Project/LowpollyGameAssets/Sprites/Tut05.png
  artifactKey: Guid(76ce0add900607849a6ceb5b442570b6) Importer(2089858483,0ecaa5967403d082aa24f35e1b516d23)
Start importing Assets/_Project/LowpollyGameAssets/Sprites/Tut05.png using Guid(76ce0add900607849a6ceb5b442570b6) Importer(2089858483,0ecaa5967403d082aa24f35e1b516d23) (ScriptedImporter)[PhysX] Initialized MultithreadedTaskDispatcher with 6 workers.
 -> (artifact id: 'a9a1b2264ad31cee774e0679c08c596e') in 0.0129992 seconds
Number of updated asset objects reloaded before import = 0Number of asset objects unloaded after import = 3

========================================================================
Received Import Request.
  Time since last request: 0.000025 seconds.
  path: Assets/_Project/LowpollyGameAssets/Sprites/sound_off.png
  artifactKey: Guid(1c9d22656b7d1eb4bb6b31d721b8405a) Importer(2089858483,0ecaa5967403d082aa24f35e1b516d23)
Start importing Assets/_Project/LowpollyGameAssets/Sprites/sound_off.png using Guid(1c9d22656b7d1eb4bb6b31d721b8405a) Importer(2089858483,0ecaa5967403d082aa24f35e1b516d23) (ScriptedImporter)[PhysX] Initialized MultithreadedTaskDispatcher with 6 workers.
 -> (artifact id: '15c8e9b54c8489ea7b4f07bdaaa41b27') in 0.0087616 seconds
Number of updated asset objects reloaded before import = 0Number of asset objects unloaded after import = 3

========================================================================
Received Import Request.
  Time since last request: 0.000021 seconds.
  path: Assets/_Project/LowpollyGameAssets/Sprites/twitter.png
  artifactKey: Guid(c0d5985cd724f0d45953a2e23b18d928) Importer(2089858483,0ecaa5967403d082aa24f35e1b516d23)
Start importing Assets/_Project/LowpollyGameAssets/Sprites/twitter.png using Guid(c0d5985cd724f0d45953a2e23b18d928) Importer(2089858483,0ecaa5967403d082aa24f35e1b516d23) (ScriptedImporter)[PhysX] Initialized MultithreadedTaskDispatcher with 6 workers.
 -> (artifact id: 'c45ecea06511b71eae3d75c3105d670f') in 0.0108269 seconds
Number of updated asset objects reloaded before import = 0Number of asset objects unloaded after import = 3

========================================================================
Received Import Request.
  Time since last request: 0.000029 seconds.
  path: Assets/_Project/LowpollyGameAssets/Sprites/Tut04.png
  artifactKey: Guid(c97f1976460032247b52bceab31b63f1) Importer(2089858483,0ecaa5967403d082aa24f35e1b516d23)
Start importing Assets/_Project/LowpollyGameAssets/Sprites/Tut04.png using Guid(c97f1976460032247b52bceab31b63f1) Importer(2089858483,0ecaa5967403d082aa24f35e1b516d23) (ScriptedImporter)[PhysX] Initialized MultithreadedTaskDispatcher with 6 workers.
 -> (artifact id: 'f7c0b57befed564f2493ce5eb7fce324') in 0.0130224 seconds
Number of updated asset objects reloaded before import = 0Number of asset objects unloaded after import = 3

========================================================================
Received Import Request.
  Time since last request: 0.000015 seconds.
  path: Assets/_Project/LowpollyGameAssets/Sprites/cancel.png
  artifactKey: Guid(c0f844149bb79344289f4ef078a4c212) Importer(2089858483,0ecaa5967403d082aa24f35e1b516d23)
Start importing Assets/_Project/LowpollyGameAssets/Sprites/cancel.png using Guid(c0f844149bb79344289f4ef078a4c212) Importer(2089858483,0ecaa5967403d082aa24f35e1b516d23) (ScriptedImporter)[PhysX] Initialized MultithreadedTaskDispatcher with 6 workers.
 -> (artifact id: '2f74b21b29cc6bcdd43493edcb75f4ff') in 0.0115166 seconds
Number of updated asset objects reloaded before import = 0Number of asset objects unloaded after import = 3

========================================================================
Received Import Request.
  Time since last request: 0.000027 seconds.
  path: Assets/_Project/LowpollyGameAssets/Sprites/restart.png
  artifactKey: Guid(30cc2aaec6089b8458f56f4ca5b83465) Importer(2089858483,0ecaa5967403d082aa24f35e1b516d23)
Start importing Assets/_Project/LowpollyGameAssets/Sprites/restart.png using Guid(30cc2aaec6089b8458f56f4ca5b83465) Importer(2089858483,0ecaa5967403d082aa24f35e1b516d23) (ScriptedImporter)[PhysX] Initialized MultithreadedTaskDispatcher with 6 workers.
 -> (artifact id: 'c316fb30dcc86ff557ea902558065713') in 0.0082236 seconds
Number of updated asset objects reloaded before import = 0Number of asset objects unloaded after import = 3

========================================================================
Received Import Request.
  Time since last request: 0.000022 seconds.
  path: Assets/_Project/LowpollyGameAssets/Sprites/settings.png
  artifactKey: Guid(cf6809339826f7148b2cd42ea1a8c720) Importer(2089858483,0ecaa5967403d082aa24f35e1b516d23)
Start importing Assets/_Project/LowpollyGameAssets/Sprites/settings.png using Guid(cf6809339826f7148b2cd42ea1a8c720) Importer(2089858483,0ecaa5967403d082aa24f35e1b516d23) (ScriptedImporter)[PhysX] Initialized MultithreadedTaskDispatcher with 6 workers.
 -> (artifact id: 'e47584cc23bbcc8cf010ebcd9940084f') in 0.0101661 seconds
Number of updated asset objects reloaded before import = 0Number of asset objects unloaded after import = 3

========================================================================
Received Import Request.
  Time since last request: 0.000036 seconds.
  path: Assets/_Project/LowpollyGameAssets/Sprites/CoinCube.png
  artifactKey: Guid(310b748f13288e54d8ed94e286c16fc5) Importer(2089858483,0ecaa5967403d082aa24f35e1b516d23)
Start importing Assets/_Project/LowpollyGameAssets/Sprites/CoinCube.png using Guid(310b748f13288e54d8ed94e286c16fc5) Importer(2089858483,0ecaa5967403d082aa24f35e1b516d23) (ScriptedImporter)[PhysX] Initialized MultithreadedTaskDispatcher with 6 workers.
 -> (artifact id: 'd24bf286d5cb456dc307a33ab36e2d56') in 0.011333 seconds
Number of updated asset objects reloaded before import = 0Number of asset objects unloaded after import = 3

========================================================================
Received Import Request.
  Time since last request: 0.000023 seconds.
  path: Assets/_Project/LowpollyGameAssets/Sprites/gif_icon.png
  artifactKey: Guid(809ea2fd2b0e9d143b606055d7f11188) Importer(2089858483,0ecaa5967403d082aa24f35e1b516d23)
Start importing Assets/_Project/LowpollyGameAssets/Sprites/gif_icon.png using Guid(809ea2fd2b0e9d143b606055d7f11188) Importer(2089858483,0ecaa5967403d082aa24f35e1b516d23) (ScriptedImporter)[PhysX] Initialized MultithreadedTaskDispatcher with 6 workers.
 -> (artifact id: '38b4d4f5b5add5f6b05235551c4f6a3f') in 0.012804 seconds
Number of updated asset objects reloaded before import = 0Number of asset objects unloaded after import = 3

========================================================================
Received Import Request.
  Time since last request: 0.000019 seconds.
  path: Assets/_Project/LowpollyGameAssets/Sprites/share.png
  artifactKey: Guid(fe03b2dae35babf499944105ad4be01d) Importer(2089858483,0ecaa5967403d082aa24f35e1b516d23)
Start importing Assets/_Project/LowpollyGameAssets/Sprites/share.png using Guid(fe03b2dae35babf499944105ad4be01d) Importer(2089858483,0ecaa5967403d082aa24f35e1b516d23) (ScriptedImporter)[PhysX] Initialized MultithreadedTaskDispatcher with 6 workers.
 -> (artifact id: 'b845c77ebdf7abde63f2518f2d334bb4') in 0.0101424 seconds
Number of updated asset objects reloaded before import = 0Number of asset objects unloaded after import = 3

========================================================================
Received Import Request.
  Time since last request: 0.000022 seconds.
  path: Assets/_Project/LowpollyGameAssets/Sprites/music_off.png
  artifactKey: Guid(73c226ced0bb9264b950fe6547a459b5) Importer(2089858483,0ecaa5967403d082aa24f35e1b516d23)
Start importing Assets/_Project/LowpollyGameAssets/Sprites/music_off.png using Guid(73c226ced0bb9264b950fe6547a459b5) Importer(2089858483,0ecaa5967403d082aa24f35e1b516d23) (ScriptedImporter)[PhysX] Initialized MultithreadedTaskDispatcher with 6 workers.
 -> (artifact id: 'fb12b080f6ba1fdbedcd84efb3026e41') in 0.009559 seconds
Number of updated asset objects reloaded before import = 0Number of asset objects unloaded after import = 3

========================================================================
Received Import Request.
  Time since last request: 0.000021 seconds.
  path: Assets/_Project/LowpollyGameAssets/Sprites/cube.png
  artifactKey: Guid(4bd447fca9f9301408965b5f8a38290e) Importer(2089858483,0ecaa5967403d082aa24f35e1b516d23)
Start importing Assets/_Project/LowpollyGameAssets/Sprites/cube.png using Guid(4bd447fca9f9301408965b5f8a38290e) Importer(2089858483,0ecaa5967403d082aa24f35e1b516d23) (ScriptedImporter)[PhysX] Initialized MultithreadedTaskDispatcher with 6 workers.
 -> (artifact id: '0962b4f334fea788bcd02a7d6e12dba9') in 0.0084887 seconds
Number of updated asset objects reloaded before import = 0Number of asset objects unloaded after import = 3

========================================================================
Received Import Request.
  Time since last request: 0.000020 seconds.
  path: Assets/_Project/LowpollyGameAssets/Sprites/rounded.png
  artifactKey: Guid(a5343608bff5b9848887a87f791b8723) Importer(2089858483,0ecaa5967403d082aa24f35e1b516d23)
Start importing Assets/_Project/LowpollyGameAssets/Sprites/rounded.png using Guid(a5343608bff5b9848887a87f791b8723) Importer(2089858483,0ecaa5967403d082aa24f35e1b516d23) (ScriptedImporter)[PhysX] Initialized MultithreadedTaskDispatcher with 6 workers.
 -> (artifact id: 'f3a89419bf3fea05bbc3acc8adc734b6') in 0.010796 seconds
Number of updated asset objects reloaded before import = 0Number of asset objects unloaded after import = 3

========================================================================
Received Import Request.
  Time since last request: 12.268192 seconds.
  path: Assets/_Project/LowpollyGameAssets/Textures/Grass.png
  artifactKey: Guid(2802ec51f13ce0e44b666de1db1be8fb) Importer(2089858483,0ecaa5967403d082aa24f35e1b516d23)
Start importing Assets/_Project/LowpollyGameAssets/Textures/Grass.png using Guid(2802ec51f13ce0e44b666de1db1be8fb) Importer(2089858483,0ecaa5967403d082aa24f35e1b516d23) (ScriptedImporter)[PhysX] Initialized MultithreadedTaskDispatcher with 6 workers.
 -> (artifact id: 'e37a3e18be4d9f347d9f34b335e07416') in 0.0583699 seconds
Number of updated asset objects reloaded before import = 0Number of asset objects unloaded after import = 1

========================================================================
Received Import Request.
  Time since last request: 0.000023 seconds.
  path: Assets/_Project/LowpollyGameAssets/Textures/Square.png
  artifactKey: Guid(a804adbdc5ebc314c94974baa688b982) Importer(2089858483,0ecaa5967403d082aa24f35e1b516d23)
Start importing Assets/_Project/LowpollyGameAssets/Textures/Square.png using Guid(a804adbdc5ebc314c94974baa688b982) Importer(2089858483,0ecaa5967403d082aa24f35e1b516d23) (ScriptedImporter)[PhysX] Initialized MultithreadedTaskDispatcher with 6 workers.
 -> (artifact id: '42f475e90614d25096c14bf01cdba1cd') in 0.0720692 seconds
Number of updated asset objects reloaded before import = 0Number of asset objects unloaded after import = 1

========================================================================
Received Import Request.
  Time since last request: 3268.210303 seconds.
  path: Assets/_Project/LowpollyGameAssets/Prefabs/Animals/Animal.prefab
  artifactKey: Guid(851b84b3d3622cd48a8df6387b7d22f6) Importer(2089858483,0ecaa5967403d082aa24f35e1b516d23)
Start importing Assets/_Project/LowpollyGameAssets/Prefabs/Animals/Animal.prefab using Guid(851b84b3d3622cd48a8df6387b7d22f6) Importer(2089858483,0ecaa5967403d082aa24f35e1b516d23) (ScriptedImporter)[PhysX] Initialized MultithreadedTaskDispatcher with 6 workers.
 -> (artifact id: 'e5519b30564e7a5b007656a4f5218137') in 1.7696842 seconds
Number of updated asset objects reloaded before import = 0Number of asset objects unloaded after import = 13

========================================================================
Received Import Request.
  Time since last request: 826.789581 seconds.
  path: Assets/_Project/Scenes/SampleScene.unity
  artifactKey: Guid(c850ee8c3b14cc8459e7e186857cf567) Importer(2089858483,0ecaa5967403d082aa24f35e1b516d23)
Start importing Assets/_Project/Scenes/SampleScene.unity using Guid(c850ee8c3b14cc8459e7e186857cf567) Importer(2089858483,0ecaa5967403d082aa24f35e1b516d23) (ScriptedImporter)[PhysX] Initialized MultithreadedTaskDispatcher with 6 workers.
 -> (artifact id: '459364fee60147f1b4f5db0c31f1f369') in 0.0341504 seconds
Number of updated asset objects reloaded before import = 0Number of asset objects unloaded after import = 1

========================================================================
Received Prepare
'Packages/com.dcfa_pixels.dragonecs-unity/src/Connectors/EcsWorldProvider.cs' contains partial class of Unity.Object, exactly 1 of the partial classes needs to be in a file with the same filename. This is to know the one that can be referenced from ie. GameObjects
'Packages/com.dcfa_pixels.dragonecs-unity/src/Buildin/EcsWorldProvider.cs' contains partial class of Unity.Object, exactly 1 of the partial classes needs to be in a file with the same filename. This is to know the one that can be referenced from ie. GameObjects
Refreshing native plugins compatible for Editor in 3.50 ms, found 3 plugins.
Preloading 0 native plugins for Editor in 0.00 ms.
Unloading 0 Unused Serialized files (Serialized files now loaded: 0)
Unloading 3650 unused Assets / (437.8 KB). Loaded Objects now: 4362.
Memory consumption went from 120.4 MB to 119.9 MB.
Total: 882.098100 ms (FindLiveObjects: 16.191400 ms CreateObjectMapping: 0.770500 ms MarkObjects: 862.868500 ms  DeleteObjects: 2.262100 ms)

Prepare: number of updated asset objects reloaded= 0
========================================================================
Received Prepare
Begin MonoManager ReloadAssembly
- Loaded All Assemblies, in 11.149 seconds
'Packages/com.dcfa_pixels.dragonecs-unity/src/Connectors/EcsWorldProvider.cs' contains partial class of Unity.Object, exactly 1 of the partial classes needs to be in a file with the same filename. This is to know the one that can be referenced from ie. GameObjects
'Packages/com.dcfa_pixels.dragonecs-unity/src/Buildin/EcsWorldProvider.cs' contains partial class of Unity.Object, exactly 1 of the partial classes needs to be in a file with the same filename. This is to know the one that can be referenced from ie. GameObjects
Refreshing native plugins compatible for Editor in 6.15 ms, found 3 plugins.
Native extension for WindowsStandalone target not found
Mono: successfully reloaded assembly
[Package Manager] Failed to launch server process. Reason: Unity was launched with the -noUpm command-line argument
[Package Manager] Unable to send message (not connected to server process).
[Package Manager] Cannot connect to Unity Package Manager local server
- Finished resetting the current domain, in  2.500 seconds
Domain Reload Profiling: 13670ms
	BeginReloadAssembly (6962ms)
		ExecutionOrderSort (0ms)
		DisableScriptedObjects (1374ms)
		BackupInstance (0ms)
		ReleaseScriptingObjects (118ms)
		CreateAndSetChildDomain (2438ms)
	RebuildCommonClasses (227ms)
	RebuildNativeTypeToScriptingClass (50ms)
	initialDomainReloadingComplete (202ms)
	LoadAllAssembliesAndSetupDomain (3726ms)
		LoadAssemblies (3784ms)
		RebuildTransferFunctionScriptingTraits (0ms)
		AnalyzeDomain (718ms)
			TypeCache.Refresh (104ms)
				TypeCache.ScanAssembly (5ms)
			BuildScriptInfoCaches (522ms)
			ResolveRequiredComponents (18ms)
	FinalizeReload (2503ms)
		ReleaseScriptCaches (0ms)
		RebuildScriptCaches (0ms)
		SetupLoadedEditorAssemblies (2067ms)
			LogAssemblyErrors (0ms)
			InitializePlatformSupportModulesInManaged (7ms)
			SetLoadedEditorAssemblies (9ms)
			BeforeProcessingInitializeOnLoad (96ms)
			ProcessInitializeOnLoadAttributes (1348ms)
			ProcessInitializeOnLoadMethodAttributes (597ms)
			AfterProcessingInitializeOnLoad (6ms)
			EditorAssembliesLoaded (4ms)
		ExecutionOrderSort2 (0ms)
		AwakeInstancesAfterBackupRestoration (13ms)
Refreshing native plugins compatible for Editor in 3.20 ms, found 3 plugins.
Preloading 0 native plugins for Editor in 0.00 ms.
Unloading 0 Unused Serialized files (Serialized files now loaded: 0)
Unloading 3667 unused Assets / (0.7 MB). Loaded Objects now: 4361.
Memory consumption went from 121.1 MB to 120.4 MB.
Total: 57.253600 ms (FindLiveObjects: 1.766300 ms CreateObjectMapping: 1.790300 ms MarkObjects: 50.641100 ms  DeleteObjects: 3.051000 ms)

Prepare: number of updated asset objects reloaded= 0
========================================================================
Received Prepare
'Packages/com.dcfa_pixels.dragonecs-unity/src/Connectors/EcsWorldProvider.cs' contains partial class of Unity.Object, exactly 1 of the partial classes needs to be in a file with the same filename. This is to know the one that can be referenced from ie. GameObjects
'Packages/com.dcfa_pixels.dragonecs-unity/src/Buildin/EcsWorldProvider.cs' contains partial class of Unity.Object, exactly 1 of the partial classes needs to be in a file with the same filename. This is to know the one that can be referenced from ie. GameObjects
Refreshing native plugins compatible for Editor in 3.97 ms, found 3 plugins.
Preloading 0 native plugins for Editor in 0.00 ms.
Unloading 0 Unused Serialized files (Serialized files now loaded: 0)
Unloading 3650 unused Assets / (0.9 MB). Loaded Objects now: 4361.
Memory consumption went from 121.2 MB to 120.3 MB.
Total: 31.460600 ms (FindLiveObjects: 1.112600 ms CreateObjectMapping: 0.747500 ms MarkObjects: 27.543600 ms  DeleteObjects: 2.053700 ms)

Prepare: number of updated asset objects reloaded= 0
========================================================================
Received Prepare
Begin MonoManager ReloadAssembly
- Loaded All Assemblies, in  2.649 seconds
'Packages/com.dcfa_pixels.dragonecs-unity/src/Connectors/EcsWorldProvider.cs' contains partial class of Unity.Object, exactly 1 of the partial classes needs to be in a file with the same filename. This is to know the one that can be referenced from ie. GameObjects
'Packages/com.dcfa_pixels.dragonecs-unity/src/Buildin/EcsWorldProvider.cs' contains partial class of Unity.Object, exactly 1 of the partial classes needs to be in a file with the same filename. This is to know the one that can be referenced from ie. GameObjects
Refreshing native plugins compatible for Editor in 12.56 ms, found 3 plugins.
Native extension for WindowsStandalone target not found
Mono: successfully reloaded assembly
[Package Manager] Failed to launch server process. Reason: Unity was launched with the -noUpm command-line argument
[Package Manager] Unable to send message (not connected to server process).
[Package Manager] Cannot connect to Unity Package Manager local server
- Finished resetting the current domain, in  1.699 seconds
Domain Reload Profiling: 4351ms
	BeginReloadAssembly (756ms)
		ExecutionOrderSort (0ms)
		DisableScriptedObjects (22ms)
		BackupInstance (0ms)
		ReleaseScriptingObjects (5ms)
		CreateAndSetChildDomain (145ms)
	RebuildCommonClasses (58ms)
	RebuildNativeTypeToScriptingClass (12ms)
	initialDomainReloadingComplete (131ms)
	LoadAllAssembliesAndSetupDomain (1693ms)
		LoadAssemblies (1917ms)
		RebuildTransferFunctionScriptingTraits (0ms)
		AnalyzeDomain (285ms)
			TypeCache.Refresh (52ms)
				TypeCache.ScanAssembly (3ms)
			BuildScriptInfoCaches (202ms)
			ResolveRequiredComponents (8ms)
	FinalizeReload (1700ms)
		ReleaseScriptCaches (0ms)
		RebuildScriptCaches (0ms)
		SetupLoadedEditorAssemblies (1352ms)
			LogAssemblyErrors (0ms)
			InitializePlatformSupportModulesInManaged (5ms)
			SetLoadedEditorAssemblies (9ms)
			BeforeProcessingInitializeOnLoad (80ms)
			ProcessInitializeOnLoadAttributes (846ms)
			ProcessInitializeOnLoadMethodAttributes (408ms)
			AfterProcessingInitializeOnLoad (3ms)
			EditorAssembliesLoaded (1ms)
		ExecutionOrderSort2 (0ms)
		AwakeInstancesAfterBackupRestoration (8ms)
Refreshing native plugins compatible for Editor in 1.66 ms, found 3 plugins.
Preloading 0 native plugins for Editor in 0.00 ms.
Unloading 0 Unused Serialized files (Serialized files now loaded: 0)
Unloading 3667 unused Assets / (0.6 MB). Loaded Objects now: 4361.
Memory consumption went from 121.1 MB to 120.4 MB.
Total: 28.042400 ms (FindLiveObjects: 0.453000 ms CreateObjectMapping: 0.548700 ms MarkObjects: 25.513600 ms  DeleteObjects: 1.523700 ms)

Prepare: number of updated asset objects reloaded= 0
========================================================================
Received Prepare
'Packages/com.dcfa_pixels.dragonecs-unity/src/Connectors/EcsWorldProvider.cs' contains partial class of Unity.Object, exactly 1 of the partial classes needs to be in a file with the same filename. This is to know the one that can be referenced from ie. GameObjects
'Packages/com.dcfa_pixels.dragonecs-unity/src/Buildin/EcsWorldProvider.cs' contains partial class of Unity.Object, exactly 1 of the partial classes needs to be in a file with the same filename. This is to know the one that can be referenced from ie. GameObjects
Refreshing native plugins compatible for Editor in 2.34 ms, found 3 plugins.
Preloading 0 native plugins for Editor in 0.00 ms.
Unloading 0 Unused Serialized files (Serialized files now loaded: 0)
Unloading 3650 unused Assets / (148.7 KB). Loaded Objects now: 4361.
Memory consumption went from 121.2 MB to 121.0 MB.
Total: 713.061100 ms (FindLiveObjects: 9.889600 ms CreateObjectMapping: 1.413800 ms MarkObjects: 698.511900 ms  DeleteObjects: 3.240700 ms)

Prepare: number of updated asset objects reloaded= 0
========================================================================
Received Prepare
'Packages/com.dcfa_pixels.dragonecs-unity/src/Connectors/EcsWorldProvider.cs' contains partial class of Unity.Object, exactly 1 of the partial classes needs to be in a file with the same filename. This is to know the one that can be referenced from ie. GameObjects
'Packages/com.dcfa_pixels.dragonecs-unity/src/Buildin/EcsWorldProvider.cs' contains partial class of Unity.Object, exactly 1 of the partial classes needs to be in a file with the same filename. This is to know the one that can be referenced from ie. GameObjects
Refreshing native plugins compatible for Editor in 1.65 ms, found 3 plugins.
Preloading 0 native plugins for Editor in 0.00 ms.
Unloading 0 Unused Serialized files (Serialized files now loaded: 0)
Unloading 3650 unused Assets / (0.8 MB). Loaded Objects now: 4361.
Memory consumption went from 121.2 MB to 120.3 MB.
Total: 25.254600 ms (FindLiveObjects: 0.471000 ms CreateObjectMapping: 0.257100 ms MarkObjects: 23.095400 ms  DeleteObjects: 1.429600 ms)

Prepare: number of updated asset objects reloaded= 0
========================================================================
Received Prepare
'Packages/com.dcfa_pixels.dragonecs-unity/src/Connectors/EcsWorldProvider.cs' contains partial class of Unity.Object, exactly 1 of the partial classes needs to be in a file with the same filename. This is to know the one that can be referenced from ie. GameObjects
'Packages/com.dcfa_pixels.dragonecs-unity/src/Buildin/EcsWorldProvider.cs' contains partial class of Unity.Object, exactly 1 of the partial classes needs to be in a file with the same filename. This is to know the one that can be referenced from ie. GameObjects
Refreshing native plugins compatible for Editor in 1.73 ms, found 3 plugins.
Preloading 0 native plugins for Editor in 0.00 ms.
Unloading 0 Unused Serialized files (Serialized files now loaded: 0)
Unloading 3650 unused Assets / (1.5 MB). Loaded Objects now: 4361.
Memory consumption went from 121.2 MB to 119.7 MB.
Total: 26.988300 ms (FindLiveObjects: 0.681200 ms CreateObjectMapping: 0.577000 ms MarkObjects: 23.549900 ms  DeleteObjects: 2.178700 ms)

Prepare: number of updated asset objects reloaded= 0
========================================================================
Received Prepare
'Packages/com.dcfa_pixels.dragonecs-unity/src/Connectors/EcsWorldProvider.cs' contains partial class of Unity.Object, exactly 1 of the partial classes needs to be in a file with the same filename. This is to know the one that can be referenced from ie. GameObjects
'Packages/com.dcfa_pixels.dragonecs-unity/src/Buildin/EcsWorldProvider.cs' contains partial class of Unity.Object, exactly 1 of the partial classes needs to be in a file with the same filename. This is to know the one that can be referenced from ie. GameObjects
Refreshing native plugins compatible for Editor in 1.68 ms, found 3 plugins.
Preloading 0 native plugins for Editor in 0.00 ms.
Unloading 0 Unused Serialized files (Serialized files now loaded: 0)
Unloading 3650 unused Assets / (0.9 MB). Loaded Objects now: 4361.
Memory consumption went from 121.2 MB to 120.3 MB.
Total: 22.505200 ms (FindLiveObjects: 0.413800 ms CreateObjectMapping: 0.216200 ms MarkObjects: 20.674900 ms  DeleteObjects: 1.198700 ms)

Prepare: number of updated asset objects reloaded= 0
========================================================================
Received Prepare
'Packages/com.dcfa_pixels.dragonecs-unity/src/Connectors/EcsWorldProvider.cs' contains partial class of Unity.Object, exactly 1 of the partial classes needs to be in a file with the same filename. This is to know the one that can be referenced from ie. GameObjects
'Packages/com.dcfa_pixels.dragonecs-unity/src/Buildin/EcsWorldProvider.cs' contains partial class of Unity.Object, exactly 1 of the partial classes needs to be in a file with the same filename. This is to know the one that can be referenced from ie. GameObjects
Refreshing native plugins compatible for Editor in 1.59 ms, found 3 plugins.
Preloading 0 native plugins for Editor in 0.00 ms.
Unloading 0 Unused Serialized files (Serialized files now loaded: 0)
Unloading 3650 unused Assets / (0.8 MB). Loaded Objects now: 4361.
Memory consumption went from 121.2 MB to 120.3 MB.
Total: 24.079900 ms (FindLiveObjects: 0.443900 ms CreateObjectMapping: 0.239700 ms MarkObjects: 22.088900 ms  DeleteObjects: 1.306000 ms)

Prepare: number of updated asset objects reloaded= 0
========================================================================
Received Prepare
Begin MonoManager ReloadAssembly
- Loaded All Assemblies, in  3.289 seconds
'Packages/com.dcfa_pixels.dragonecs-unity/src/Connectors/EcsWorldProvider.cs' contains partial class of Unity.Object, exactly 1 of the partial classes needs to be in a file with the same filename. This is to know the one that can be referenced from ie. GameObjects
'Packages/com.dcfa_pixels.dragonecs-unity/src/Buildin/EcsWorldProvider.cs' contains partial class of Unity.Object, exactly 1 of the partial classes needs to be in a file with the same filename. This is to know the one that can be referenced from ie. GameObjects
Refreshing native plugins compatible for Editor in 1.38 ms, found 3 plugins.
Native extension for WindowsStandalone target not found
Mono: successfully reloaded assembly
[Package Manager] Failed to launch server process. Reason: Unity was launched with the -noUpm command-line argument
[Package Manager] Unable to send message (not connected to server process).
[Package Manager] Cannot connect to Unity Package Manager local server
- Finished resetting the current domain, in  1.412 seconds
Domain Reload Profiling: 4703ms
	BeginReloadAssembly (1597ms)
		ExecutionOrderSort (0ms)
		DisableScriptedObjects (193ms)
		BackupInstance (0ms)
		ReleaseScriptingObjects (2ms)
		CreateAndSetChildDomain (570ms)
	RebuildCommonClasses (53ms)
	RebuildNativeTypeToScriptingClass (14ms)
	initialDomainReloadingComplete (57ms)
	LoadAllAssembliesAndSetupDomain (1569ms)
		LoadAssemblies (1676ms)
		RebuildTransferFunctionScriptingTraits (0ms)
		AnalyzeDomain (233ms)
			TypeCache.Refresh (39ms)
				TypeCache.ScanAssembly (3ms)
			BuildScriptInfoCaches (175ms)
			ResolveRequiredComponents (6ms)
	FinalizeReload (1413ms)
		ReleaseScriptCaches (0ms)
		RebuildScriptCaches (0ms)
		SetupLoadedEditorAssemblies (1164ms)
			LogAssemblyErrors (0ms)
			InitializePlatformSupportModulesInManaged (3ms)
			SetLoadedEditorAssemblies (6ms)
			BeforeProcessingInitializeOnLoad (56ms)
			ProcessInitializeOnLoadAttributes (676ms)
			ProcessInitializeOnLoadMethodAttributes (421ms)
			AfterProcessingInitializeOnLoad (2ms)
			EditorAssembliesLoaded (0ms)
		ExecutionOrderSort2 (0ms)
		AwakeInstancesAfterBackupRestoration (6ms)
Refreshing native plugins compatible for Editor in 1.64 ms, found 3 plugins.
Preloading 0 native plugins for Editor in 0.00 ms.
Unloading 0 Unused Serialized files (Serialized files now loaded: 0)
Unloading 3667 unused Assets / (0.6 MB). Loaded Objects now: 4361.
Memory consumption went from 121.1 MB to 120.4 MB.
Total: 22.734300 ms (FindLiveObjects: 0.439100 ms CreateObjectMapping: 0.197700 ms MarkObjects: 20.692500 ms  DeleteObjects: 1.402400 ms)

Prepare: number of updated asset objects reloaded= 0
========================================================================
Received Prepare
'Packages/com.dcfa_pixels.dragonecs-unity/src/Connectors/EcsWorldProvider.cs' contains partial class of Unity.Object, exactly 1 of the partial classes needs to be in a file with the same filename. This is to know the one that can be referenced from ie. GameObjects
'Packages/com.dcfa_pixels.dragonecs-unity/src/Buildin/EcsWorldProvider.cs' contains partial class of Unity.Object, exactly 1 of the partial classes needs to be in a file with the same filename. This is to know the one that can be referenced from ie. GameObjects
Refreshing native plugins compatible for Editor in 4.34 ms, found 3 plugins.
Preloading 0 native plugins for Editor in 0.00 ms.
Unloading 0 Unused Serialized files (Serialized files now loaded: 0)
Unloading 3651 unused Assets / (0.7 MB). Loaded Objects now: 4362.
Memory consumption went from 121.2 MB to 120.5 MB.
Total: 43.396800 ms (FindLiveObjects: 2.698200 ms CreateObjectMapping: 3.592200 ms MarkObjects: 35.703000 ms  DeleteObjects: 1.402200 ms)

Prepare: number of updated asset objects reloaded= 0
========================================================================
Received Prepare
Begin MonoManager ReloadAssembly
- Loaded All Assemblies, in  1.135 seconds
'Packages/com.dcfa_pixels.dragonecs-unity/src/Connectors/EcsWorldProvider.cs' contains partial class of Unity.Object, exactly 1 of the partial classes needs to be in a file with the same filename. This is to know the one that can be referenced from ie. GameObjects
'Packages/com.dcfa_pixels.dragonecs-unity/src/Buildin/EcsWorldProvider.cs' contains partial class of Unity.Object, exactly 1 of the partial classes needs to be in a file with the same filename. This is to know the one that can be referenced from ie. GameObjects
Refreshing native plugins compatible for Editor in 2.02 ms, found 3 plugins.
Native extension for WindowsStandalone target not found
Mono: successfully reloaded assembly
[Package Manager] Failed to launch server process. Reason: Unity was launched with the -noUpm command-line argument
[Package Manager] Unable to send message (not connected to server process).
[Package Manager] Cannot connect to Unity Package Manager local server
- Finished resetting the current domain, in  1.245 seconds
Domain Reload Profiling: 2381ms
	BeginReloadAssembly (273ms)
		ExecutionOrderSort (0ms)
		DisableScriptedObjects (9ms)
		BackupInstance (0ms)
		ReleaseScriptingObjects (0ms)
		CreateAndSetChildDomain (93ms)
	RebuildCommonClasses (42ms)
	RebuildNativeTypeToScriptingClass (13ms)
	initialDomainReloadingComplete (32ms)
	LoadAllAssembliesAndSetupDomain (775ms)
		LoadAssemblies (433ms)
		RebuildTransferFunctionScriptingTraits (0ms)
		AnalyzeDomain (473ms)
			TypeCache.Refresh (11ms)
				TypeCache.ScanAssembly (2ms)
			BuildScriptInfoCaches (454ms)
			ResolveRequiredComponents (5ms)
	FinalizeReload (1245ms)
		ReleaseScriptCaches (0ms)
		RebuildScriptCaches (0ms)
		SetupLoadedEditorAssemblies (986ms)
			LogAssemblyErrors (0ms)
			InitializePlatformSupportModulesInManaged (4ms)
			SetLoadedEditorAssemblies (6ms)
			BeforeProcessingInitializeOnLoad (59ms)
			ProcessInitializeOnLoadAttributes (593ms)
			ProcessInitializeOnLoadMethodAttributes (322ms)
			AfterProcessingInitializeOnLoad (2ms)
			EditorAssembliesLoaded (0ms)
		ExecutionOrderSort2 (0ms)
		AwakeInstancesAfterBackupRestoration (5ms)
Refreshing native plugins compatible for Editor in 1.76 ms, found 3 plugins.
Preloading 0 native plugins for Editor in 0.00 ms.
Unloading 0 Unused Serialized files (Serialized files now loaded: 0)
Unloading 3668 unused Assets / (0.9 MB). Loaded Objects now: 4362.
Memory consumption went from 121.1 MB to 120.2 MB.
Total: 19.352400 ms (FindLiveObjects: 0.496800 ms CreateObjectMapping: 0.217600 ms MarkObjects: 17.493700 ms  DeleteObjects: 1.142700 ms)

Prepare: number of updated asset objects reloaded= 0
========================================================================
Received Prepare
'Packages/com.dcfa_pixels.dragonecs-unity/src/Connectors/EcsWorldProvider.cs' contains partial class of Unity.Object, exactly 1 of the partial classes needs to be in a file with the same filename. This is to know the one that can be referenced from ie. GameObjects
'Packages/com.dcfa_pixels.dragonecs-unity/src/Buildin/EcsWorldProvider.cs' contains partial class of Unity.Object, exactly 1 of the partial classes needs to be in a file with the same filename. This is to know the one that can be referenced from ie. GameObjects
Refreshing native plugins compatible for Editor in 1.42 ms, found 3 plugins.
Preloading 0 native plugins for Editor in 0.00 ms.
Unloading 0 Unused Serialized files (Serialized files now loaded: 0)
Unloading 3651 unused Assets / (0.8 MB). Loaded Objects now: 4362.
Memory consumption went from 121.2 MB to 120.4 MB.
Total: 20.043500 ms (FindLiveObjects: 0.410100 ms CreateObjectMapping: 0.191300 ms MarkObjects: 18.527700 ms  DeleteObjects: 0.912900 ms)

Prepare: number of updated asset objects reloaded= 0
========================================================================
Received Prepare
Begin MonoManager ReloadAssembly
- Loaded All Assemblies, in  1.200 seconds
'Packages/com.dcfa_pixels.dragonecs-unity/src/Connectors/EcsWorldProvider.cs' contains partial class of Unity.Object, exactly 1 of the partial classes needs to be in a file with the same filename. This is to know the one that can be referenced from ie. GameObjects
'Packages/com.dcfa_pixels.dragonecs-unity/src/Buildin/EcsWorldProvider.cs' contains partial class of Unity.Object, exactly 1 of the partial classes needs to be in a file with the same filename. This is to know the one that can be referenced from ie. GameObjects
Refreshing native plugins compatible for Editor in 1.26 ms, found 3 plugins.
Native extension for WindowsStandalone target not found
Mono: successfully reloaded assembly
[Package Manager] Failed to launch server process. Reason: Unity was launched with the -noUpm command-line argument
[Package Manager] Unable to send message (not connected to server process).
[Package Manager] Cannot connect to Unity Package Manager local server
- Finished resetting the current domain, in  1.081 seconds
Domain Reload Profiling: 2284ms
	BeginReloadAssembly (225ms)
		ExecutionOrderSort (0ms)
		DisableScriptedObjects (7ms)
		BackupInstance (0ms)
		ReleaseScriptingObjects (0ms)
		CreateAndSetChildDomain (71ms)
	RebuildCommonClasses (42ms)
	RebuildNativeTypeToScriptingClass (14ms)
	initialDomainReloadingComplete (31ms)
	LoadAllAssembliesAndSetupDomain (890ms)
		LoadAssemblies (798ms)
		RebuildTransferFunctionScriptingTraits (0ms)
		AnalyzeDomain (198ms)
			TypeCache.Refresh (10ms)
				TypeCache.ScanAssembly (2ms)
			BuildScriptInfoCaches (177ms)
			ResolveRequiredComponents (6ms)
	FinalizeReload (1081ms)
		ReleaseScriptCaches (0ms)
		RebuildScriptCaches (0ms)
		SetupLoadedEditorAssemblies (842ms)
			LogAssemblyErrors (0ms)
			InitializePlatformSupportModulesInManaged (3ms)
			SetLoadedEditorAssemblies (5ms)
			BeforeProcessingInitializeOnLoad (47ms)
			ProcessInitializeOnLoadAttributes (515ms)
			ProcessInitializeOnLoadMethodAttributes (271ms)
			AfterProcessingInitializeOnLoad (2ms)
			EditorAssembliesLoaded (0ms)
		ExecutionOrderSort2 (0ms)
		AwakeInstancesAfterBackupRestoration (6ms)
Refreshing native plugins compatible for Editor in 1.48 ms, found 3 plugins.
Preloading 0 native plugins for Editor in 0.00 ms.
Unloading 0 Unused Serialized files (Serialized files now loaded: 0)
Unloading 3668 unused Assets / (1.0 MB). Loaded Objects now: 4362.
Memory consumption went from 121.1 MB to 120.0 MB.
Total: 20.279500 ms (FindLiveObjects: 0.393400 ms CreateObjectMapping: 0.468300 ms MarkObjects: 18.231700 ms  DeleteObjects: 1.184700 ms)

Prepare: number of updated asset objects reloaded= 0
========================================================================
Received Prepare
'Packages/com.dcfa_pixels.dragonecs-unity/src/Connectors/EcsWorldProvider.cs' contains partial class of Unity.Object, exactly 1 of the partial classes needs to be in a file with the same filename. This is to know the one that can be referenced from ie. GameObjects
'Packages/com.dcfa_pixels.dragonecs-unity/src/Buildin/EcsWorldProvider.cs' contains partial class of Unity.Object, exactly 1 of the partial classes needs to be in a file with the same filename. This is to know the one that can be referenced from ie. GameObjects
Refreshing native plugins compatible for Editor in 1.80 ms, found 3 plugins.
Preloading 0 native plugins for Editor in 0.00 ms.
Unloading 0 Unused Serialized files (Serialized files now loaded: 0)
Unloading 3651 unused Assets / (1.1 MB). Loaded Objects now: 4362.
Memory consumption went from 121.2 MB to 120.1 MB.
Total: 25.257300 ms (FindLiveObjects: 1.180600 ms CreateObjectMapping: 0.582200 ms MarkObjects: 21.446600 ms  DeleteObjects: 2.045600 ms)

Prepare: number of updated asset objects reloaded= 0
========================================================================
Received Prepare
Begin MonoManager ReloadAssembly
- Loaded All Assemblies, in  1.041 seconds
'Packages/com.dcfa_pixels.dragonecs-unity/src/Connectors/EcsWorldProvider.cs' contains partial class of Unity.Object, exactly 1 of the partial classes needs to be in a file with the same filename. This is to know the one that can be referenced from ie. GameObjects
'Packages/com.dcfa_pixels.dragonecs-unity/src/Buildin/EcsWorldProvider.cs' contains partial class of Unity.Object, exactly 1 of the partial classes needs to be in a file with the same filename. This is to know the one that can be referenced from ie. GameObjects
Refreshing native plugins compatible for Editor in 2.32 ms, found 3 plugins.
Native extension for WindowsStandalone target not found
Mono: successfully reloaded assembly
[Package Manager] Failed to launch server process. Reason: Unity was launched with the -noUpm command-line argument
[Package Manager] Unable to send message (not connected to server process).
[Package Manager] Cannot connect to Unity Package Manager local server
- Finished resetting the current domain, in  1.217 seconds
Domain Reload Profiling: 2258ms
	BeginReloadAssembly (297ms)
		ExecutionOrderSort (0ms)
		DisableScriptedObjects (8ms)
		BackupInstance (0ms)
		ReleaseScriptingObjects (0ms)
		CreateAndSetChildDomain (93ms)
	RebuildCommonClasses (41ms)
	RebuildNativeTypeToScriptingClass (14ms)
	initialDomainReloadingComplete (35ms)
	LoadAllAssembliesAndSetupDomain (653ms)
		LoadAssemblies (548ms)
		RebuildTransferFunctionScriptingTraits (0ms)
		AnalyzeDomain (254ms)
			TypeCache.Refresh (77ms)
				TypeCache.ScanAssembly (3ms)
			BuildScriptInfoCaches (165ms)
			ResolveRequiredComponents (5ms)
	FinalizeReload (1218ms)
		ReleaseScriptCaches (0ms)
		RebuildScriptCaches (0ms)
		SetupLoadedEditorAssemblies (933ms)
			LogAssemblyErrors (0ms)
			InitializePlatformSupportModulesInManaged (3ms)
			SetLoadedEditorAssemblies (5ms)
			BeforeProcessingInitializeOnLoad (52ms)
			ProcessInitializeOnLoadAttributes (636ms)
			ProcessInitializeOnLoadMethodAttributes (234ms)
			AfterProcessingInitializeOnLoad (2ms)
			EditorAssembliesLoaded (0ms)
		ExecutionOrderSort2 (0ms)
		AwakeInstancesAfterBackupRestoration (6ms)
Refreshing native plugins compatible for Editor in 1.39 ms, found 3 plugins.
Preloading 0 native plugins for Editor in 0.00 ms.
Unloading 0 Unused Serialized files (Serialized files now loaded: 0)
Unloading 3668 unused Assets / (0.9 MB). Loaded Objects now: 4362.
Memory consumption went from 121.1 MB to 120.1 MB.
Total: 21.137600 ms (FindLiveObjects: 0.485700 ms CreateObjectMapping: 0.275600 ms MarkObjects: 19.020800 ms  DeleteObjects: 1.353900 ms)

Prepare: number of updated asset objects reloaded= 0
========================================================================
Received Prepare
'Packages/com.dcfa_pixels.dragonecs-unity/src/Connectors/EcsWorldProvider.cs' contains partial class of Unity.Object, exactly 1 of the partial classes needs to be in a file with the same filename. This is to know the one that can be referenced from ie. GameObjects
'Packages/com.dcfa_pixels.dragonecs-unity/src/Buildin/EcsWorldProvider.cs' contains partial class of Unity.Object, exactly 1 of the partial classes needs to be in a file with the same filename. This is to know the one that can be referenced from ie. GameObjects
Refreshing native plugins compatible for Editor in 1.58 ms, found 3 plugins.
Preloading 0 native plugins for Editor in 0.00 ms.
Unloading 0 Unused Serialized files (Serialized files now loaded: 0)
Unloading 3651 unused Assets / (0.9 MB). Loaded Objects now: 4362.
Memory consumption went from 121.2 MB to 120.3 MB.
Total: 21.817100 ms (FindLiveObjects: 0.458200 ms CreateObjectMapping: 0.249100 ms MarkObjects: 19.959100 ms  DeleteObjects: 1.148900 ms)

Prepare: number of updated asset objects reloaded= 0
========================================================================
Received Prepare
Begin MonoManager ReloadAssembly
- Loaded All Assemblies, in  0.841 seconds
'Packages/com.dcfa_pixels.dragonecs-unity/src/Connectors/EcsWorldProvider.cs' contains partial class of Unity.Object, exactly 1 of the partial classes needs to be in a file with the same filename. This is to know the one that can be referenced from ie. GameObjects
'Packages/com.dcfa_pixels.dragonecs-unity/src/Buildin/EcsWorldProvider.cs' contains partial class of Unity.Object, exactly 1 of the partial classes needs to be in a file with the same filename. This is to know the one that can be referenced from ie. GameObjects
Refreshing native plugins compatible for Editor in 1.43 ms, found 3 plugins.
Native extension for WindowsStandalone target not found
Mono: successfully reloaded assembly
[Package Manager] Failed to launch server process. Reason: Unity was launched with the -noUpm command-line argument
[Package Manager] Unable to send message (not connected to server process).
[Package Manager] Cannot connect to Unity Package Manager local server
- Finished resetting the current domain, in  1.392 seconds
Domain Reload Profiling: 2237ms
	BeginReloadAssembly (261ms)
		ExecutionOrderSort (0ms)
		DisableScriptedObjects (7ms)
		BackupInstance (0ms)
		ReleaseScriptingObjects (0ms)
		CreateAndSetChildDomain (92ms)
	RebuildCommonClasses (41ms)
	RebuildNativeTypeToScriptingClass (14ms)
	initialDomainReloadingComplete (27ms)
	LoadAllAssembliesAndSetupDomain (500ms)
		LoadAssemblies (404ms)
		RebuildTransferFunctionScriptingTraits (0ms)
		AnalyzeDomain (212ms)
			TypeCache.Refresh (17ms)
				TypeCache.ScanAssembly (2ms)
			BuildScriptInfoCaches (181ms)
			ResolveRequiredComponents (5ms)
	FinalizeReload (1393ms)
		ReleaseScriptCaches (0ms)
		RebuildScriptCaches (0ms)
		SetupLoadedEditorAssemblies (1152ms)
			LogAssemblyErrors (0ms)
			InitializePlatformSupportModulesInManaged (2ms)
			SetLoadedEditorAssemblies (4ms)
			BeforeProcessingInitializeOnLoad (43ms)
			ProcessInitializeOnLoadAttributes (513ms)
			ProcessInitializeOnLoadMethodAttributes (587ms)
			AfterProcessingInitializeOnLoad (2ms)
			EditorAssembliesLoaded (1ms)
		ExecutionOrderSort2 (0ms)
		AwakeInstancesAfterBackupRestoration (7ms)
Refreshing native plugins compatible for Editor in 2.89 ms, found 3 plugins.
Preloading 0 native plugins for Editor in 0.00 ms.
Unloading 0 Unused Serialized files (Serialized files now loaded: 0)
Unloading 3668 unused Assets / (0.8 MB). Loaded Objects now: 4362.
Memory consumption went from 121.1 MB to 120.3 MB.
Total: 41.557100 ms (FindLiveObjects: 1.455400 ms CreateObjectMapping: 0.405600 ms MarkObjects: 36.698900 ms  DeleteObjects: 2.992100 ms)

Prepare: number of updated asset objects reloaded= 0
========================================================================
Received Prepare
'Packages/com.dcfa_pixels.dragonecs-unity/src/Connectors/EcsWorldProvider.cs' contains partial class of Unity.Object, exactly 1 of the partial classes needs to be in a file with the same filename. This is to know the one that can be referenced from ie. GameObjects
'Packages/com.dcfa_pixels.dragonecs-unity/src/Buildin/EcsWorldProvider.cs' contains partial class of Unity.Object, exactly 1 of the partial classes needs to be in a file with the same filename. This is to know the one that can be referenced from ie. GameObjects
Refreshing native plugins compatible for Editor in 1.49 ms, found 3 plugins.
Preloading 0 native plugins for Editor in 0.00 ms.
Unloading 0 Unused Serialized files (Serialized files now loaded: 0)
Unloading 3651 unused Assets / (1.3 MB). Loaded Objects now: 4362.
Memory consumption went from 121.2 MB to 119.9 MB.
Total: 22.820500 ms (FindLiveObjects: 0.447400 ms CreateObjectMapping: 0.498600 ms MarkObjects: 19.990200 ms  DeleteObjects: 1.883000 ms)

Prepare: number of updated asset objects reloaded= 0
========================================================================
Received Prepare
Begin MonoManager ReloadAssembly
- Loaded All Assemblies, in  1.328 seconds
'Packages/com.dcfa_pixels.dragonecs-unity/src/Connectors/EcsWorldProvider.cs' contains partial class of Unity.Object, exactly 1 of the partial classes needs to be in a file with the same filename. This is to know the one that can be referenced from ie. GameObjects
'Packages/com.dcfa_pixels.dragonecs-unity/src/Buildin/EcsWorldProvider.cs' contains partial class of Unity.Object, exactly 1 of the partial classes needs to be in a file with the same filename. This is to know the one that can be referenced from ie. GameObjects
Refreshing native plugins compatible for Editor in 4.42 ms, found 3 plugins.
Native extension for WindowsStandalone target not found
Mono: successfully reloaded assembly
[Package Manager] Failed to launch server process. Reason: Unity was launched with the -noUpm command-line argument
[Package Manager] Unable to send message (not connected to server process).
[Package Manager] Cannot connect to Unity Package Manager local server
- Finished resetting the current domain, in  1.260 seconds
Domain Reload Profiling: 2590ms
	BeginReloadAssembly (395ms)
		ExecutionOrderSort (0ms)
		DisableScriptedObjects (14ms)
		BackupInstance (0ms)
		ReleaseScriptingObjects (1ms)
		CreateAndSetChildDomain (106ms)
	RebuildCommonClasses (51ms)
	RebuildNativeTypeToScriptingClass (13ms)
	initialDomainReloadingComplete (38ms)
	LoadAllAssembliesAndSetupDomain (832ms)
		LoadAssemblies (704ms)
		RebuildTransferFunctionScriptingTraits (0ms)
		AnalyzeDomain (334ms)
			TypeCache.Refresh (35ms)
				TypeCache.ScanAssembly (3ms)
			BuildScriptInfoCaches (253ms)
			ResolveRequiredComponents (9ms)
	FinalizeReload (1261ms)
		ReleaseScriptCaches (0ms)
		RebuildScriptCaches (0ms)
		SetupLoadedEditorAssemblies (959ms)
			LogAssemblyErrors (0ms)
			InitializePlatformSupportModulesInManaged (4ms)
			SetLoadedEditorAssemblies (7ms)
			BeforeProcessingInitializeOnLoad (63ms)
			ProcessInitializeOnLoadAttributes (640ms)
			ProcessInitializeOnLoadMethodAttributes (243ms)
			AfterProcessingInitializeOnLoad (2ms)
			EditorAssembliesLoaded (0ms)
		ExecutionOrderSort2 (0ms)
		AwakeInstancesAfterBackupRestoration (6ms)
Refreshing native plugins compatible for Editor in 1.40 ms, found 3 plugins.
Preloading 0 native plugins for Editor in 0.00 ms.
Unloading 0 Unused Serialized files (Serialized files now loaded: 0)
Unloading 3668 unused Assets / (0.7 MB). Loaded Objects now: 4362.
Memory consumption went from 121.1 MB to 120.3 MB.
Total: 21.789400 ms (FindLiveObjects: 0.714500 ms CreateObjectMapping: 0.338700 ms MarkObjects: 19.656300 ms  DeleteObjects: 1.076300 ms)

Prepare: number of updated asset objects reloaded= 0
========================================================================
Received Prepare
Begin MonoManager ReloadAssembly
- Loaded All Assemblies, in  0.996 seconds
'Packages/com.dcfa_pixels.dragonecs-unity/src/Connectors/EcsWorldProvider.cs' contains partial class of Unity.Object, exactly 1 of the partial classes needs to be in a file with the same filename. This is to know the one that can be referenced from ie. GameObjects
'Packages/com.dcfa_pixels.dragonecs-unity/src/Buildin/EcsWorldProvider.cs' contains partial class of Unity.Object, exactly 1 of the partial classes needs to be in a file with the same filename. This is to know the one that can be referenced from ie. GameObjects
Refreshing native plugins compatible for Editor in 1.35 ms, found 3 plugins.
Native extension for WindowsStandalone target not found
Mono: successfully reloaded assembly
[Package Manager] Failed to launch server process. Reason: Unity was launched with the -noUpm command-line argument
[Package Manager] Unable to send message (not connected to server process).
[Package Manager] Cannot connect to Unity Package Manager local server
- Finished resetting the current domain, in  1.121 seconds
Domain Reload Profiling: 2121ms
	BeginReloadAssembly (309ms)
		ExecutionOrderSort (0ms)
		DisableScriptedObjects (11ms)
		BackupInstance (0ms)
		ReleaseScriptingObjects (1ms)
		CreateAndSetChildDomain (92ms)
	RebuildCommonClasses (41ms)
	RebuildNativeTypeToScriptingClass (17ms)
	initialDomainReloadingComplete (36ms)
	LoadAllAssembliesAndSetupDomain (594ms)
		LoadAssemblies (502ms)
		RebuildTransferFunctionScriptingTraits (0ms)
		AnalyzeDomain (243ms)
			TypeCache.Refresh (19ms)
				TypeCache.ScanAssembly (2ms)
			BuildScriptInfoCaches (212ms)
			ResolveRequiredComponents (5ms)
	FinalizeReload (1123ms)
		ReleaseScriptCaches (0ms)
		RebuildScriptCaches (0ms)
		SetupLoadedEditorAssemblies (833ms)
			LogAssemblyErrors (0ms)
			InitializePlatformSupportModulesInManaged (2ms)
			SetLoadedEditorAssemblies (4ms)
			BeforeProcessingInitializeOnLoad (40ms)
			ProcessInitializeOnLoadAttributes (478ms)
			ProcessInitializeOnLoadMethodAttributes (306ms)
			AfterProcessingInitializeOnLoad (3ms)
			EditorAssembliesLoaded (0ms)
		ExecutionOrderSort2 (0ms)
		AwakeInstancesAfterBackupRestoration (5ms)
Refreshing native plugins compatible for Editor in 2.72 ms, found 3 plugins.
Preloading 0 native plugins for Editor in 0.00 ms.
Unloading 0 Unused Serialized files (Serialized files now loaded: 0)
Unloading 3668 unused Assets / (1.0 MB). Loaded Objects now: 4362.
Memory consumption went from 121.1 MB to 120.1 MB.
Total: 53.542400 ms (FindLiveObjects: 1.892800 ms CreateObjectMapping: 0.594700 ms MarkObjects: 47.781000 ms  DeleteObjects: 3.268700 ms)

Prepare: number of updated asset objects reloaded= 0
========================================================================
Received Prepare
Begin MonoManager ReloadAssembly
- Loaded All Assemblies, in  1.014 seconds
'Packages/com.dcfa_pixels.dragonecs-unity/src/Connectors/EcsWorldProvider.cs' contains partial class of Unity.Object, exactly 1 of the partial classes needs to be in a file with the same filename. This is to know the one that can be referenced from ie. GameObjects
'Packages/com.dcfa_pixels.dragonecs-unity/src/Buildin/EcsWorldProvider.cs' contains partial class of Unity.Object, exactly 1 of the partial classes needs to be in a file with the same filename. This is to know the one that can be referenced from ie. GameObjects
Refreshing native plugins compatible for Editor in 1.86 ms, found 3 plugins.
Native extension for WindowsStandalone target not found
Mono: successfully reloaded assembly
[Package Manager] Failed to launch server process. Reason: Unity was launched with the -noUpm command-line argument
[Package Manager] Unable to send message (not connected to server process).
[Package Manager] Cannot connect to Unity Package Manager local server
- Finished resetting the current domain, in  2.080 seconds
Domain Reload Profiling: 3099ms
	BeginReloadAssembly (280ms)
		ExecutionOrderSort (0ms)
		DisableScriptedObjects (6ms)
		BackupInstance (0ms)
		ReleaseScriptingObjects (1ms)
		CreateAndSetChildDomain (78ms)
	RebuildCommonClasses (36ms)
	RebuildNativeTypeToScriptingClass (12ms)
	initialDomainReloadingComplete (32ms)
	LoadAllAssembliesAndSetupDomain (656ms)
		LoadAssemblies (521ms)
		RebuildTransferFunctionScriptingTraits (0ms)
		AnalyzeDomain (287ms)
			TypeCache.Refresh (42ms)
				TypeCache.ScanAssembly (2ms)
			BuildScriptInfoCaches (217ms)
			ResolveRequiredComponents (8ms)
	FinalizeReload (2082ms)
		ReleaseScriptCaches (0ms)
		RebuildScriptCaches (0ms)
		SetupLoadedEditorAssemblies (1584ms)
			LogAssemblyErrors (0ms)
			InitializePlatformSupportModulesInManaged (3ms)
			SetLoadedEditorAssemblies (5ms)
			BeforeProcessingInitializeOnLoad (48ms)
			ProcessInitializeOnLoadAttributes (815ms)
			ProcessInitializeOnLoadMethodAttributes (707ms)
			AfterProcessingInitializeOnLoad (5ms)
			EditorAssembliesLoaded (1ms)
		ExecutionOrderSort2 (0ms)
		AwakeInstancesAfterBackupRestoration (13ms)
Refreshing native plugins compatible for Editor in 3.09 ms, found 3 plugins.
Preloading 0 native plugins for Editor in 0.00 ms.
Unloading 0 Unused Serialized files (Serialized files now loaded: 0)
Unloading 3668 unused Assets / (0.5 MB). Loaded Objects now: 4362.
Memory consumption went from 121.1 MB to 120.5 MB.
Total: 46.953700 ms (FindLiveObjects: 1.111000 ms CreateObjectMapping: 1.087300 ms MarkObjects: 42.059800 ms  DeleteObjects: 2.690100 ms)

Prepare: number of updated asset objects reloaded= 0
========================================================================
Received Prepare
'Packages/com.dcfa_pixels.dragonecs-unity/src/Connectors/EcsWorldProvider.cs' contains partial class of Unity.Object, exactly 1 of the partial classes needs to be in a file with the same filename. This is to know the one that can be referenced from ie. GameObjects
'Packages/com.dcfa_pixels.dragonecs-unity/src/Buildin/EcsWorldProvider.cs' contains partial class of Unity.Object, exactly 1 of the partial classes needs to be in a file with the same filename. This is to know the one that can be referenced from ie. GameObjects
Refreshing native plugins compatible for Editor in 1.88 ms, found 3 plugins.
Preloading 0 native plugins for Editor in 0.00 ms.
Unloading 0 Unused Serialized files (Serialized files now loaded: 0)
Unloading 3651 unused Assets / (454.6 KB). Loaded Objects now: 4362.
Memory consumption went from 121.2 MB to 120.8 MB.
Total: 454.491000 ms (FindLiveObjects: 3.056000 ms CreateObjectMapping: 0.553500 ms MarkObjects: 448.994000 ms  DeleteObjects: 1.884800 ms)

Prepare: number of updated asset objects reloaded= 0
========================================================================
Received Prepare
Begin MonoManager ReloadAssembly
- Loaded All Assemblies, in  2.415 seconds
'Packages/com.dcfa_pixels.dragonecs-unity/src/Connectors/EcsWorldProvider.cs' contains partial class of Unity.Object, exactly 1 of the partial classes needs to be in a file with the same filename. This is to know the one that can be referenced from ie. GameObjects
'Packages/com.dcfa_pixels.dragonecs-unity/src/Buildin/EcsWorldProvider.cs' contains partial class of Unity.Object, exactly 1 of the partial classes needs to be in a file with the same filename. This is to know the one that can be referenced from ie. GameObjects
Refreshing native plugins compatible for Editor in 3.53 ms, found 3 plugins.
Native extension for WindowsStandalone target not found
Mono: successfully reloaded assembly
[Package Manager] Failed to launch server process. Reason: Unity was launched with the -noUpm command-line argument
[Package Manager] Unable to send message (not connected to server process).
[Package Manager] Cannot connect to Unity Package Manager local server
- Finished resetting the current domain, in  1.425 seconds
Domain Reload Profiling: 3842ms
	BeginReloadAssembly (828ms)
		ExecutionOrderSort (0ms)
		DisableScriptedObjects (66ms)
		BackupInstance (0ms)
		ReleaseScriptingObjects (1ms)
		CreateAndSetChildDomain (323ms)
	RebuildCommonClasses (45ms)
	RebuildNativeTypeToScriptingClass (13ms)
	initialDomainReloadingComplete (42ms)
	LoadAllAssembliesAndSetupDomain (1488ms)
		LoadAssemblies (1536ms)
		RebuildTransferFunctionScriptingTraits (0ms)
		AnalyzeDomain (210ms)
			TypeCache.Refresh (26ms)
				TypeCache.ScanAssembly (3ms)
			BuildScriptInfoCaches (158ms)
			ResolveRequiredComponents (6ms)
	FinalizeReload (1426ms)
		ReleaseScriptCaches (0ms)
		RebuildScriptCaches (0ms)
		SetupLoadedEditorAssemblies (1130ms)
			LogAssemblyErrors (0ms)
			InitializePlatformSupportModulesInManaged (3ms)
			SetLoadedEditorAssemblies (6ms)
			BeforeProcessingInitializeOnLoad (49ms)
			ProcessInitializeOnLoadAttributes (654ms)
			ProcessInitializeOnLoadMethodAttributes (413ms)
			AfterProcessingInitializeOnLoad (5ms)
			EditorAssembliesLoaded (0ms)
		ExecutionOrderSort2 (0ms)
		AwakeInstancesAfterBackupRestoration (11ms)
Refreshing native plugins compatible for Editor in 6.77 ms, found 3 plugins.
Preloading 0 native plugins for Editor in 0.00 ms.
Unloading 0 Unused Serialized files (Serialized files now loaded: 0)
Unloading 3668 unused Assets / (1.6 MB). Loaded Objects now: 4362.
Memory consumption went from 121.1 MB to 119.5 MB.
Total: 53.926100 ms (FindLiveObjects: 0.792300 ms CreateObjectMapping: 1.141900 ms MarkObjects: 46.515800 ms  DeleteObjects: 5.470800 ms)

Prepare: number of updated asset objects reloaded= 0
========================================================================
Received Prepare
'Packages/com.dcfa_pixels.dragonecs-unity/src/Connectors/EcsWorldProvider.cs' contains partial class of Unity.Object, exactly 1 of the partial classes needs to be in a file with the same filename. This is to know the one that can be referenced from ie. GameObjects
'Packages/com.dcfa_pixels.dragonecs-unity/src/Buildin/EcsWorldProvider.cs' contains partial class of Unity.Object, exactly 1 of the partial classes needs to be in a file with the same filename. This is to know the one that can be referenced from ie. GameObjects
Refreshing native plugins compatible for Editor in 2.47 ms, found 3 plugins.
Preloading 0 native plugins for Editor in 0.00 ms.
Unloading 0 Unused Serialized files (Serialized files now loaded: 0)
Unloading 3651 unused Assets / (2.4 MB). Loaded Objects now: 4362.
Memory consumption went from 121.2 MB to 118.8 MB.
Total: 46.611900 ms (FindLiveObjects: 1.879400 ms CreateObjectMapping: 0.996700 ms MarkObjects: 39.315400 ms  DeleteObjects: 4.414600 ms)

Prepare: number of updated asset objects reloaded= 0
========================================================================
Received Prepare
'Packages/com.dcfa_pixels.dragonecs-unity/src/Connectors/EcsWorldProvider.cs' contains partial class of Unity.Object, exactly 1 of the partial classes needs to be in a file with the same filename. This is to know the one that can be referenced from ie. GameObjects
'Packages/com.dcfa_pixels.dragonecs-unity/src/Buildin/EcsWorldProvider.cs' contains partial class of Unity.Object, exactly 1 of the partial classes needs to be in a file with the same filename. This is to know the one that can be referenced from ie. GameObjects
Refreshing native plugins compatible for Editor in 2.46 ms, found 3 plugins.
Preloading 0 native plugins for Editor in 0.00 ms.
Unloading 0 Unused Serialized files (Serialized files now loaded: 0)
Unloading 3651 unused Assets / (0.6 MB). Loaded Objects now: 4362.
Memory consumption went from 121.2 MB to 120.6 MB.
Total: 56.563500 ms (FindLiveObjects: 2.080400 ms CreateObjectMapping: 0.499200 ms MarkObjects: 52.449800 ms  DeleteObjects: 1.532700 ms)

Prepare: number of updated asset objects reloaded= 0
========================================================================
Received Prepare
'Packages/com.dcfa_pixels.dragonecs-unity/src/Connectors/EcsWorldProvider.cs' contains partial class of Unity.Object, exactly 1 of the partial classes needs to be in a file with the same filename. This is to know the one that can be referenced from ie. GameObjects
'Packages/com.dcfa_pixels.dragonecs-unity/src/Buildin/EcsWorldProvider.cs' contains partial class of Unity.Object, exactly 1 of the partial classes needs to be in a file with the same filename. This is to know the one that can be referenced from ie. GameObjects
Refreshing native plugins compatible for Editor in 1.48 ms, found 3 plugins.
Preloading 0 native plugins for Editor in 0.00 ms.
Unloading 0 Unused Serialized files (Serialized files now loaded: 0)
Unloading 3651 unused Assets / (0.9 MB). Loaded Objects now: 4362.
Memory consumption went from 121.2 MB to 120.3 MB.
Total: 24.933100 ms (FindLiveObjects: 0.426700 ms CreateObjectMapping: 0.499300 ms MarkObjects: 22.436100 ms  DeleteObjects: 1.569200 ms)

Prepare: number of updated asset objects reloaded= 0
========================================================================
Received Prepare
Begin MonoManager ReloadAssembly
- Loaded All Assemblies, in  3.216 seconds
'Packages/com.dcfa_pixels.dragonecs-unity/src/Connectors/EcsWorldProvider.cs' contains partial class of Unity.Object, exactly 1 of the partial classes needs to be in a file with the same filename. This is to know the one that can be referenced from ie. GameObjects
'Packages/com.dcfa_pixels.dragonecs-unity/src/Buildin/EcsWorldProvider.cs' contains partial class of Unity.Object, exactly 1 of the partial classes needs to be in a file with the same filename. This is to know the one that can be referenced from ie. GameObjects
Refreshing native plugins compatible for Editor in 3.86 ms, found 3 plugins.
Native extension for WindowsStandalone target not found
Mono: successfully reloaded assembly
[Package Manager] Failed to launch server process. Reason: Unity was launched with the -noUpm command-line argument
[Package Manager] Unable to send message (not connected to server process).
[Package Manager] Cannot connect to Unity Package Manager local server
- Finished resetting the current domain, in  1.181 seconds
Domain Reload Profiling: 4403ms
	BeginReloadAssembly (1511ms)
		ExecutionOrderSort (0ms)
		DisableScriptedObjects (131ms)
		BackupInstance (0ms)
		ReleaseScriptingObjects (2ms)
		CreateAndSetChildDomain (592ms)
	RebuildCommonClasses (53ms)
	RebuildNativeTypeToScriptingClass (12ms)
	initialDomainReloadingComplete (45ms)
	LoadAllAssembliesAndSetupDomain (1599ms)
		LoadAssemblies (1607ms)
		RebuildTransferFunctionScriptingTraits (0ms)
		AnalyzeDomain (374ms)
			TypeCache.Refresh (49ms)
				TypeCache.ScanAssembly (3ms)
			BuildScriptInfoCaches (285ms)
			ResolveRequiredComponents (12ms)
	FinalizeReload (1182ms)
		ReleaseScriptCaches (0ms)
		RebuildScriptCaches (0ms)
		SetupLoadedEditorAssemblies (939ms)
			LogAssemblyErrors (0ms)
			InitializePlatformSupportModulesInManaged (3ms)
			SetLoadedEditorAssemblies (5ms)
			BeforeProcessingInitializeOnLoad (52ms)
			ProcessInitializeOnLoadAttributes (564ms)
			ProcessInitializeOnLoadMethodAttributes (313ms)
			AfterProcessingInitializeOnLoad (3ms)
			EditorAssembliesLoaded (0ms)
		ExecutionOrderSort2 (0ms)
		AwakeInstancesAfterBackupRestoration (6ms)
Refreshing native plugins compatible for Editor in 1.49 ms, found 3 plugins.
Preloading 0 native plugins for Editor in 0.00 ms.
Unloading 0 Unused Serialized files (Serialized files now loaded: 0)
Unloading 3668 unused Assets / (0.8 MB). Loaded Objects now: 4362.
Memory consumption went from 121.1 MB to 120.3 MB.
Total: 25.918300 ms (FindLiveObjects: 0.484500 ms CreateObjectMapping: 0.519300 ms MarkObjects: 23.599500 ms  DeleteObjects: 1.312600 ms)

Prepare: number of updated asset objects reloaded= 0
========================================================================
Received Prepare
'Packages/com.dcfa_pixels.dragonecs-unity/src/Connectors/EcsWorldProvider.cs' contains partial class of Unity.Object, exactly 1 of the partial classes needs to be in a file with the same filename. This is to know the one that can be referenced from ie. GameObjects
'Packages/com.dcfa_pixels.dragonecs-unity/src/Buildin/EcsWorldProvider.cs' contains partial class of Unity.Object, exactly 1 of the partial classes needs to be in a file with the same filename. This is to know the one that can be referenced from ie. GameObjects
Refreshing native plugins compatible for Editor in 1.49 ms, found 3 plugins.
Preloading 0 native plugins for Editor in 0.00 ms.
Unloading 0 Unused Serialized files (Serialized files now loaded: 0)
Unloading 3651 unused Assets / (1.1 MB). Loaded Objects now: 4362.
Memory consumption went from 121.2 MB to 120.1 MB.
Total: 21.563800 ms (FindLiveObjects: 0.436300 ms CreateObjectMapping: 0.521400 ms MarkObjects: 19.103200 ms  DeleteObjects: 1.501100 ms)

Prepare: number of updated asset objects reloaded= 0
========================================================================
Received Prepare
Begin MonoManager ReloadAssembly
- Loaded All Assemblies, in  0.798 seconds
'Packages/com.dcfa_pixels.dragonecs-unity/src/Connectors/EcsWorldProvider.cs' contains partial class of Unity.Object, exactly 1 of the partial classes needs to be in a file with the same filename. This is to know the one that can be referenced from ie. GameObjects
'Packages/com.dcfa_pixels.dragonecs-unity/src/Buildin/EcsWorldProvider.cs' contains partial class of Unity.Object, exactly 1 of the partial classes needs to be in a file with the same filename. This is to know the one that can be referenced from ie. GameObjects
Refreshing native plugins compatible for Editor in 1.28 ms, found 3 plugins.
Native extension for WindowsStandalone target not found
Mono: successfully reloaded assembly
[Package Manager] Failed to launch server process. Reason: Unity was launched with the -noUpm command-line argument
[Package Manager] Unable to send message (not connected to server process).
[Package Manager] Cannot connect to Unity Package Manager local server
- Finished resetting the current domain, in  0.980 seconds
Domain Reload Profiling: 1779ms
	BeginReloadAssembly (256ms)
		ExecutionOrderSort (0ms)
		DisableScriptedObjects (8ms)
		BackupInstance (0ms)
		ReleaseScriptingObjects (1ms)
		CreateAndSetChildDomain (73ms)
	RebuildCommonClasses (43ms)
	RebuildNativeTypeToScriptingClass (18ms)
	initialDomainReloadingComplete (34ms)
	LoadAllAssembliesAndSetupDomain (447ms)
		LoadAssemblies (431ms)
		RebuildTransferFunctionScriptingTraits (0ms)
		AnalyzeDomain (152ms)
			TypeCache.Refresh (14ms)
				TypeCache.ScanAssembly (3ms)
			BuildScriptInfoCaches (130ms)
			ResolveRequiredComponents (5ms)
	FinalizeReload (981ms)
		ReleaseScriptCaches (0ms)
		RebuildScriptCaches (0ms)
		SetupLoadedEditorAssemblies (779ms)
			LogAssemblyErrors (0ms)
			InitializePlatformSupportModulesInManaged (3ms)
			SetLoadedEditorAssemblies (4ms)
			BeforeProcessingInitializeOnLoad (39ms)
			ProcessInitializeOnLoadAttributes (491ms)
			ProcessInitializeOnLoadMethodAttributes (241ms)
			AfterProcessingInitializeOnLoad (2ms)
			EditorAssembliesLoaded (0ms)
		ExecutionOrderSort2 (0ms)
		AwakeInstancesAfterBackupRestoration (4ms)
Refreshing native plugins compatible for Editor in 1.45 ms, found 3 plugins.
Preloading 0 native plugins for Editor in 0.00 ms.
Unloading 0 Unused Serialized files (Serialized files now loaded: 0)
Unloading 3668 unused Assets / (1.0 MB). Loaded Objects now: 4362.
Memory consumption went from 121.1 MB to 120.0 MB.
Total: 19.501200 ms (FindLiveObjects: 0.387600 ms CreateObjectMapping: 0.440800 ms MarkObjects: 17.510700 ms  DeleteObjects: 1.160900 ms)

Prepare: number of updated asset objects reloaded= 0
========================================================================
Received Prepare
'Packages/com.dcfa_pixels.dragonecs-unity/src/Connectors/EcsWorldProvider.cs' contains partial class of Unity.Object, exactly 1 of the partial classes needs to be in a file with the same filename. This is to know the one that can be referenced from ie. GameObjects
'Packages/com.dcfa_pixels.dragonecs-unity/src/Buildin/EcsWorldProvider.cs' contains partial class of Unity.Object, exactly 1 of the partial classes needs to be in a file with the same filename. This is to know the one that can be referenced from ie. GameObjects
Refreshing native plugins compatible for Editor in 2.29 ms, found 3 plugins.
Preloading 0 native plugins for Editor in 0.00 ms.
Unloading 0 Unused Serialized files (Serialized files now loaded: 0)
Unloading 3651 unused Assets / (1.1 MB). Loaded Objects now: 4362.
Memory consumption went from 121.2 MB to 120.1 MB.
Total: 21.410900 ms (FindLiveObjects: 0.437500 ms CreateObjectMapping: 0.230000 ms MarkObjects: 18.949400 ms  DeleteObjects: 1.792400 ms)

Prepare: number of updated asset objects reloaded= 0
========================================================================
Received Prepare
Begin MonoManager ReloadAssembly
- Loaded All Assemblies, in  0.757 seconds
'Packages/com.dcfa_pixels.dragonecs-unity/src/Connectors/EcsWorldProvider.cs' contains partial class of Unity.Object, exactly 1 of the partial classes needs to be in a file with the same filename. This is to know the one that can be referenced from ie. GameObjects
'Packages/com.dcfa_pixels.dragonecs-unity/src/Buildin/EcsWorldProvider.cs' contains partial class of Unity.Object, exactly 1 of the partial classes needs to be in a file with the same filename. This is to know the one that can be referenced from ie. GameObjects
Refreshing native plugins compatible for Editor in 1.41 ms, found 3 plugins.
Native extension for WindowsStandalone target not found
Mono: successfully reloaded assembly
[Package Manager] Failed to launch server process. Reason: Unity was launched with the -noUpm command-line argument
[Package Manager] Unable to send message (not connected to server process).
[Package Manager] Cannot connect to Unity Package Manager local server
- Finished resetting the current domain, in  0.999 seconds
Domain Reload Profiling: 1758ms
	BeginReloadAssembly (242ms)
		ExecutionOrderSort (0ms)
		DisableScriptedObjects (6ms)
		BackupInstance (0ms)
		ReleaseScriptingObjects (0ms)
		CreateAndSetChildDomain (67ms)
	RebuildCommonClasses (42ms)
	RebuildNativeTypeToScriptingClass (13ms)
	initialDomainReloadingComplete (35ms)
	LoadAllAssembliesAndSetupDomain (427ms)
		LoadAssemblies (396ms)
		RebuildTransferFunctionScriptingTraits (0ms)
		AnalyzeDomain (161ms)
			TypeCache.Refresh (11ms)
				TypeCache.ScanAssembly (2ms)
			BuildScriptInfoCaches (142ms)
			ResolveRequiredComponents (4ms)
	FinalizeReload (1000ms)
		ReleaseScriptCaches (0ms)
		RebuildScriptCaches (0ms)
		SetupLoadedEditorAssemblies (783ms)
			LogAssemblyErrors (0ms)
			InitializePlatformSupportModulesInManaged (3ms)
			SetLoadedEditorAssemblies (5ms)
			BeforeProcessingInitializeOnLoad (39ms)
			ProcessInitializeOnLoadAttributes (510ms)
			ProcessInitializeOnLoadMethodAttributes (224ms)
			AfterProcessingInitializeOnLoad (3ms)
			EditorAssembliesLoaded (0ms)
		ExecutionOrderSort2 (0ms)
		AwakeInstancesAfterBackupRestoration (6ms)
Refreshing native plugins compatible for Editor in 1.29 ms, found 3 plugins.
Preloading 0 native plugins for Editor in 0.00 ms.
Unloading 0 Unused Serialized files (Serialized files now loaded: 0)
Unloading 3668 unused Assets / (0.8 MB). Loaded Objects now: 4362.
Memory consumption went from 121.1 MB to 120.3 MB.
Total: 20.103300 ms (FindLiveObjects: 0.566700 ms CreateObjectMapping: 0.243100 ms MarkObjects: 18.376600 ms  DeleteObjects: 0.915600 ms)

Prepare: number of updated asset objects reloaded= 0
========================================================================
Received Prepare
'Packages/com.dcfa_pixels.dragonecs-unity/src/Connectors/EcsWorldProvider.cs' contains partial class of Unity.Object, exactly 1 of the partial classes needs to be in a file with the same filename. This is to know the one that can be referenced from ie. GameObjects
'Packages/com.dcfa_pixels.dragonecs-unity/src/Buildin/EcsWorldProvider.cs' contains partial class of Unity.Object, exactly 1 of the partial classes needs to be in a file with the same filename. This is to know the one that can be referenced from ie. GameObjects
Refreshing native plugins compatible for Editor in 3.70 ms, found 3 plugins.
Preloading 0 native plugins for Editor in 0.00 ms.
Unloading 0 Unused Serialized files (Serialized files now loaded: 0)
Unloading 3651 unused Assets / (207.4 KB). Loaded Objects now: 4362.
Memory consumption went from 121.2 MB to 121.0 MB.
Total: 795.894200 ms (FindLiveObjects: 8.364500 ms CreateObjectMapping: 0.560200 ms MarkObjects: 783.778400 ms  DeleteObjects: 3.188900 ms)

Prepare: number of updated asset objects reloaded= 0
========================================================================
Received Prepare
Begin MonoManager ReloadAssembly
- Loaded All Assemblies, in  3.202 seconds
'Packages/com.dcfa_pixels.dragonecs-unity/src/Connectors/EcsWorldProvider.cs' contains partial class of Unity.Object, exactly 1 of the partial classes needs to be in a file with the same filename. This is to know the one that can be referenced from ie. GameObjects
'Packages/com.dcfa_pixels.dragonecs-unity/src/Buildin/EcsWorldProvider.cs' contains partial class of Unity.Object, exactly 1 of the partial classes needs to be in a file with the same filename. This is to know the one that can be referenced from ie. GameObjects
Refreshing native plugins compatible for Editor in 3.40 ms, found 3 plugins.
Native extension for WindowsStandalone target not found
Mono: successfully reloaded assembly
[Package Manager] Failed to launch server process. Reason: Unity was launched with the -noUpm command-line argument
[Package Manager] Unable to send message (not connected to server process).
[Package Manager] Cannot connect to Unity Package Manager local server
- Finished resetting the current domain, in  1.391 seconds
Domain Reload Profiling: 4595ms
	BeginReloadAssembly (1689ms)
		ExecutionOrderSort (0ms)
		DisableScriptedObjects (103ms)
		BackupInstance (0ms)
		ReleaseScriptingObjects (2ms)
		CreateAndSetChildDomain (599ms)
	RebuildCommonClasses (76ms)
	RebuildNativeTypeToScriptingClass (20ms)
	initialDomainReloadingComplete (62ms)
	LoadAllAssembliesAndSetupDomain (1356ms)
		LoadAssemblies (1554ms)
		RebuildTransferFunctionScriptingTraits (0ms)
		AnalyzeDomain (250ms)
			TypeCache.Refresh (32ms)
				TypeCache.ScanAssembly (3ms)
			BuildScriptInfoCaches (185ms)
			ResolveRequiredComponents (10ms)
	FinalizeReload (1392ms)
		ReleaseScriptCaches (0ms)
		RebuildScriptCaches (0ms)
		SetupLoadedEditorAssemblies (1136ms)
			LogAssemblyErrors (0ms)
			InitializePlatformSupportModulesInManaged (2ms)
			SetLoadedEditorAssemblies (5ms)
			BeforeProcessingInitializeOnLoad (46ms)
			ProcessInitializeOnLoadAttributes (721ms)
			ProcessInitializeOnLoadMethodAttributes (357ms)
			AfterProcessingInitializeOnLoad (4ms)
			EditorAssembliesLoaded (0ms)
		ExecutionOrderSort2 (0ms)
		AwakeInstancesAfterBackupRestoration (7ms)
Refreshing native plugins compatible for Editor in 1.46 ms, found 3 plugins.
Preloading 0 native plugins for Editor in 0.00 ms.
Unloading 0 Unused Serialized files (Serialized files now loaded: 0)
Unloading 3668 unused Assets / (389.4 KB). Loaded Objects now: 4362.
Memory consumption went from 121.1 MB to 120.7 MB.
Total: 24.561500 ms (FindLiveObjects: 0.415100 ms CreateObjectMapping: 0.468700 ms MarkObjects: 22.352000 ms  DeleteObjects: 1.323300 ms)

Prepare: number of updated asset objects reloaded= 0
========================================================================
Received Prepare
'Packages/com.dcfa_pixels.dragonecs-unity/src/Connectors/EcsWorldProvider.cs' contains partial class of Unity.Object, exactly 1 of the partial classes needs to be in a file with the same filename. This is to know the one that can be referenced from ie. GameObjects
'Packages/com.dcfa_pixels.dragonecs-unity/src/Buildin/EcsWorldProvider.cs' contains partial class of Unity.Object, exactly 1 of the partial classes needs to be in a file with the same filename. This is to know the one that can be referenced from ie. GameObjects
Refreshing native plugins compatible for Editor in 4.07 ms, found 3 plugins.
Preloading 0 native plugins for Editor in 0.00 ms.
Unloading 0 Unused Serialized files (Serialized files now loaded: 0)
Unloading 3651 unused Assets / (2.3 MB). Loaded Objects now: 4362.
Memory consumption went from 121.2 MB to 118.9 MB.
Total: 35.787700 ms (FindLiveObjects: 1.657300 ms CreateObjectMapping: 0.240400 ms MarkObjects: 31.108200 ms  DeleteObjects: 2.779500 ms)

Prepare: number of updated asset objects reloaded= 0
========================================================================
Received Prepare
'Packages/com.dcfa_pixels.dragonecs-unity/src/Connectors/EcsWorldProvider.cs' contains partial class of Unity.Object, exactly 1 of the partial classes needs to be in a file with the same filename. This is to know the one that can be referenced from ie. GameObjects
'Packages/com.dcfa_pixels.dragonecs-unity/src/Buildin/EcsWorldProvider.cs' contains partial class of Unity.Object, exactly 1 of the partial classes needs to be in a file with the same filename. This is to know the one that can be referenced from ie. GameObjects
Refreshing native plugins compatible for Editor in 1.52 ms, found 3 plugins.
Preloading 0 native plugins for Editor in 0.00 ms.
Unloading 0 Unused Serialized files (Serialized files now loaded: 0)
Unloading 3651 unused Assets / (2.3 MB). Loaded Objects now: 4362.
Memory consumption went from 121.2 MB to 118.9 MB.
Total: 29.058400 ms (FindLiveObjects: 0.451700 ms CreateObjectMapping: 0.556500 ms MarkObjects: 24.668400 ms  DeleteObjects: 3.379600 ms)

Prepare: number of updated asset objects reloaded= 0
========================================================================
Received Prepare
'Packages/com.dcfa_pixels.dragonecs-unity/src/Connectors/EcsWorldProvider.cs' contains partial class of Unity.Object, exactly 1 of the partial classes needs to be in a file with the same filename. This is to know the one that can be referenced from ie. GameObjects
'Packages/com.dcfa_pixels.dragonecs-unity/src/Buildin/EcsWorldProvider.cs' contains partial class of Unity.Object, exactly 1 of the partial classes needs to be in a file with the same filename. This is to know the one that can be referenced from ie. GameObjects
Refreshing native plugins compatible for Editor in 1.54 ms, found 3 plugins.
Preloading 0 native plugins for Editor in 0.00 ms.
Unloading 0 Unused Serialized files (Serialized files now loaded: 0)
Unloading 3651 unused Assets / (2.7 MB). Loaded Objects now: 4362.
Memory consumption went from 121.2 MB to 118.5 MB.
Total: 36.337200 ms (FindLiveObjects: 0.496000 ms CreateObjectMapping: 0.522900 ms MarkObjects: 20.726700 ms  DeleteObjects: 14.589900 ms)

Prepare: number of updated asset objects reloaded= 0
========================================================================
Received Prepare
Begin MonoManager ReloadAssembly
- Loaded All Assemblies, in  2.894 seconds
'Packages/com.dcfa_pixels.dragonecs-unity/src/Connectors/EcsWorldProvider.cs' contains partial class of Unity.Object, exactly 1 of the partial classes needs to be in a file with the same filename. This is to know the one that can be referenced from ie. GameObjects
'Packages/com.dcfa_pixels.dragonecs-unity/src/Buildin/EcsWorldProvider.cs' contains partial class of Unity.Object, exactly 1 of the partial classes needs to be in a file with the same filename. This is to know the one that can be referenced from ie. GameObjects
Refreshing native plugins compatible for Editor in 2.22 ms, found 3 plugins.
Native extension for WindowsStandalone target not found
Mono: successfully reloaded assembly
[Package Manager] Failed to launch server process. Reason: Unity was launched with the -noUpm command-line argument
[Package Manager] Unable to send message (not connected to server process).
[Package Manager] Cannot connect to Unity Package Manager local server
- Finished resetting the current domain, in  1.620 seconds
Domain Reload Profiling: 4516ms
	BeginReloadAssembly (1510ms)
		ExecutionOrderSort (0ms)
		DisableScriptedObjects (113ms)
		BackupInstance (0ms)
		ReleaseScriptingObjects (1ms)
		CreateAndSetChildDomain (640ms)
	RebuildCommonClasses (53ms)
	RebuildNativeTypeToScriptingClass (15ms)
	initialDomainReloadingComplete (43ms)
	LoadAllAssembliesAndSetupDomain (1275ms)
		LoadAssemblies (1414ms)
		RebuildTransferFunctionScriptingTraits (0ms)
		AnalyzeDomain (265ms)
			TypeCache.Refresh (39ms)
				TypeCache.ScanAssembly (2ms)
			BuildScriptInfoCaches (185ms)
			ResolveRequiredComponents (8ms)
	FinalizeReload (1621ms)
		ReleaseScriptCaches (0ms)
		RebuildScriptCaches (0ms)
		SetupLoadedEditorAssemblies (1244ms)
			LogAssemblyErrors (0ms)
			InitializePlatformSupportModulesInManaged (6ms)
			SetLoadedEditorAssemblies (7ms)
			BeforeProcessingInitializeOnLoad (67ms)
			ProcessInitializeOnLoadAttributes (772ms)
			ProcessInitializeOnLoadMethodAttributes (389ms)
			AfterProcessingInitializeOnLoad (2ms)
			EditorAssembliesLoaded (0ms)
		ExecutionOrderSort2 (0ms)
		AwakeInstancesAfterBackupRestoration (7ms)
Refreshing native plugins compatible for Editor in 2.26 ms, found 3 plugins.
Preloading 0 native plugins for Editor in 0.00 ms.
Unloading 0 Unused Serialized files (Serialized files now loaded: 0)
Unloading 3668 unused Assets / (2.6 MB). Loaded Objects now: 4362.
Memory consumption went from 121.1 MB to 118.5 MB.
Total: 50.431900 ms (FindLiveObjects: 1.059600 ms CreateObjectMapping: 0.568300 ms MarkObjects: 44.230600 ms  DeleteObjects: 4.570300 ms)

Prepare: number of updated asset objects reloaded= 0
========================================================================
Received Prepare
'Packages/com.dcfa_pixels.dragonecs-unity/src/Connectors/EcsWorldProvider.cs' contains partial class of Unity.Object, exactly 1 of the partial classes needs to be in a file with the same filename. This is to know the one that can be referenced from ie. GameObjects
'Packages/com.dcfa_pixels.dragonecs-unity/src/Buildin/EcsWorldProvider.cs' contains partial class of Unity.Object, exactly 1 of the partial classes needs to be in a file with the same filename. This is to know the one that can be referenced from ie. GameObjects
Refreshing native plugins compatible for Editor in 1.71 ms, found 3 plugins.
Preloading 0 native plugins for Editor in 0.00 ms.
Unloading 0 Unused Serialized files (Serialized files now loaded: 0)
Unloading 3651 unused Assets / (2.2 MB). Loaded Objects now: 4362.
Memory consumption went from 121.2 MB to 119.0 MB.
Total: 31.952200 ms (FindLiveObjects: 0.722100 ms CreateObjectMapping: 0.545900 ms MarkObjects: 27.043500 ms  DeleteObjects: 3.638600 ms)

Prepare: number of updated asset objects reloaded= 0
========================================================================
Received Prepare
Begin MonoManager ReloadAssembly
- Loaded All Assemblies, in  2.618 seconds
'Packages/com.dcfa_pixels.dragonecs-unity/src/Connectors/EcsWorldProvider.cs' contains partial class of Unity.Object, exactly 1 of the partial classes needs to be in a file with the same filename. This is to know the one that can be referenced from ie. GameObjects
'Packages/com.dcfa_pixels.dragonecs-unity/src/Buildin/EcsWorldProvider.cs' contains partial class of Unity.Object, exactly 1 of the partial classes needs to be in a file with the same filename. This is to know the one that can be referenced from ie. GameObjects
Refreshing native plugins compatible for Editor in 2.39 ms, found 3 plugins.
Native extension for WindowsStandalone target not found
Mono: successfully reloaded assembly
[Package Manager] Failed to launch server process. Reason: Unity was launched with the -noUpm command-line argument
[Package Manager] Unable to send message (not connected to server process).
[Package Manager] Cannot connect to Unity Package Manager local server
- Finished resetting the current domain, in  1.352 seconds
Domain Reload Profiling: 3972ms
	BeginReloadAssembly (1169ms)
		ExecutionOrderSort (0ms)
		DisableScriptedObjects (200ms)
		BackupInstance (0ms)
		ReleaseScriptingObjects (2ms)
		CreateAndSetChildDomain (333ms)
	RebuildCommonClasses (68ms)
	RebuildNativeTypeToScriptingClass (16ms)
	initialDomainReloadingComplete (58ms)
	LoadAllAssembliesAndSetupDomain (1308ms)
		LoadAssemblies (1356ms)
		RebuildTransferFunctionScriptingTraits (0ms)
		AnalyzeDomain (253ms)
			TypeCache.Refresh (38ms)
				TypeCache.ScanAssembly (3ms)
			BuildScriptInfoCaches (182ms)
			ResolveRequiredComponents (7ms)
	FinalizeReload (1353ms)
		ReleaseScriptCaches (0ms)
		RebuildScriptCaches (0ms)
		SetupLoadedEditorAssemblies (1043ms)
			LogAssemblyErrors (0ms)
			InitializePlatformSupportModulesInManaged (4ms)
			SetLoadedEditorAssemblies (7ms)
			BeforeProcessingInitializeOnLoad (76ms)
			ProcessInitializeOnLoadAttributes (628ms)
			ProcessInitializeOnLoadMethodAttributes (325ms)
			AfterProcessingInitializeOnLoad (3ms)
			EditorAssembliesLoaded (0ms)
		ExecutionOrderSort2 (0ms)
		AwakeInstancesAfterBackupRestoration (5ms)
Refreshing native plugins compatible for Editor in 1.33 ms, found 3 plugins.
Preloading 0 native plugins for Editor in 0.00 ms.
Unloading 0 Unused Serialized files (Serialized files now loaded: 0)
Unloading 3668 unused Assets / (1.8 MB). Loaded Objects now: 4362.
Memory consumption went from 121.1 MB to 119.3 MB.
Total: 23.446700 ms (FindLiveObjects: 0.514500 ms CreateObjectMapping: 0.526900 ms MarkObjects: 19.368500 ms  DeleteObjects: 3.033900 ms)

Prepare: number of updated asset objects reloaded= 0
========================================================================
Received Prepare
'Packages/com.dcfa_pixels.dragonecs-unity/src/Connectors/EcsWorldProvider.cs' contains partial class of Unity.Object, exactly 1 of the partial classes needs to be in a file with the same filename. This is to know the one that can be referenced from ie. GameObjects
'Packages/com.dcfa_pixels.dragonecs-unity/src/Buildin/EcsWorldProvider.cs' contains partial class of Unity.Object, exactly 1 of the partial classes needs to be in a file with the same filename. This is to know the one that can be referenced from ie. GameObjects
Refreshing native plugins compatible for Editor in 1.65 ms, found 3 plugins.
Preloading 0 native plugins for Editor in 0.00 ms.
Unloading 0 Unused Serialized files (Serialized files now loaded: 0)
Unloading 3651 unused Assets / (2.1 MB). Loaded Objects now: 4362.
Memory consumption went from 121.2 MB to 119.1 MB.
Total: 27.338500 ms (FindLiveObjects: 0.487000 ms CreateObjectMapping: 0.256000 ms MarkObjects: 22.687300 ms  DeleteObjects: 3.906500 ms)

Prepare: number of updated asset objects reloaded= 0
========================================================================
Received Prepare
Begin MonoManager ReloadAssembly
- Loaded All Assemblies, in  1.363 seconds
'Packages/com.dcfa_pixels.dragonecs-unity/src/Connectors/EcsWorldProvider.cs' contains partial class of Unity.Object, exactly 1 of the partial classes needs to be in a file with the same filename. This is to know the one that can be referenced from ie. GameObjects
'Packages/com.dcfa_pixels.dragonecs-unity/src/Buildin/EcsWorldProvider.cs' contains partial class of Unity.Object, exactly 1 of the partial classes needs to be in a file with the same filename. This is to know the one that can be referenced from ie. GameObjects
Refreshing native plugins compatible for Editor in 3.76 ms, found 3 plugins.
Native extension for WindowsStandalone target not found
Mono: successfully reloaded assembly
[Package Manager] Failed to launch server process. Reason: Unity was launched with the -noUpm command-line argument
[Package Manager] Unable to send message (not connected to server process).
[Package Manager] Cannot connect to Unity Package Manager local server
- Finished resetting the current domain, in  1.272 seconds
Domain Reload Profiling: 2637ms
	BeginReloadAssembly (246ms)
		ExecutionOrderSort (0ms)
		DisableScriptedObjects (6ms)
		BackupInstance (0ms)
		ReleaseScriptingObjects (0ms)
		CreateAndSetChildDomain (66ms)
	RebuildCommonClasses (42ms)
	RebuildNativeTypeToScriptingClass (14ms)
	initialDomainReloadingComplete (28ms)
	LoadAllAssembliesAndSetupDomain (1035ms)
		LoadAssemblies (959ms)
		RebuildTransferFunctionScriptingTraits (0ms)
		AnalyzeDomain (208ms)
			TypeCache.Refresh (25ms)
				TypeCache.ScanAssembly (2ms)
			BuildScriptInfoCaches (160ms)
			ResolveRequiredComponents (8ms)
	FinalizeReload (1273ms)
		ReleaseScriptCaches (0ms)
		RebuildScriptCaches (0ms)
		SetupLoadedEditorAssemblies (980ms)
			LogAssemblyErrors (0ms)
			InitializePlatformSupportModulesInManaged (3ms)
			SetLoadedEditorAssemblies (8ms)
			BeforeProcessingInitializeOnLoad (69ms)
			ProcessInitializeOnLoadAttributes (575ms)
			ProcessInitializeOnLoadMethodAttributes (323ms)
			AfterProcessingInitializeOnLoad (2ms)
			EditorAssembliesLoaded (0ms)
		ExecutionOrderSort2 (0ms)
		AwakeInstancesAfterBackupRestoration (6ms)
Refreshing native plugins compatible for Editor in 1.40 ms, found 3 plugins.
Preloading 0 native plugins for Editor in 0.00 ms.
Unloading 0 Unused Serialized files (Serialized files now loaded: 0)
Unloading 3668 unused Assets / (1.4 MB). Loaded Objects now: 4362.
Memory consumption went from 121.1 MB to 119.7 MB.
Total: 23.467200 ms (FindLiveObjects: 0.425500 ms CreateObjectMapping: 0.304600 ms MarkObjects: 20.823800 ms  DeleteObjects: 1.909900 ms)

Prepare: number of updated asset objects reloaded= 0
========================================================================
Received Prepare
'Packages/com.dcfa_pixels.dragonecs-unity/src/Connectors/EcsWorldProvider.cs' contains partial class of Unity.Object, exactly 1 of the partial classes needs to be in a file with the same filename. This is to know the one that can be referenced from ie. GameObjects
'Packages/com.dcfa_pixels.dragonecs-unity/src/Buildin/EcsWorldProvider.cs' contains partial class of Unity.Object, exactly 1 of the partial classes needs to be in a file with the same filename. This is to know the one that can be referenced from ie. GameObjects
Refreshing native plugins compatible for Editor in 2.08 ms, found 3 plugins.
Preloading 0 native plugins for Editor in 0.00 ms.
Unloading 0 Unused Serialized files (Serialized files now loaded: 0)
Unloading 3651 unused Assets / (2.0 MB). Loaded Objects now: 4362.
Memory consumption went from 121.2 MB to 119.2 MB.
Total: 31.066200 ms (FindLiveObjects: 0.457700 ms CreateObjectMapping: 0.496500 ms MarkObjects: 27.665700 ms  DeleteObjects: 2.443300 ms)

Prepare: number of updated asset objects reloaded= 0
========================================================================
Received Prepare
Begin MonoManager ReloadAssembly
- Loaded All Assemblies, in  0.884 seconds
'Packages/com.dcfa_pixels.dragonecs-unity/src/Connectors/EcsWorldProvider.cs' contains partial class of Unity.Object, exactly 1 of the partial classes needs to be in a file with the same filename. This is to know the one that can be referenced from ie. GameObjects
'Packages/com.dcfa_pixels.dragonecs-unity/src/Buildin/EcsWorldProvider.cs' contains partial class of Unity.Object, exactly 1 of the partial classes needs to be in a file with the same filename. This is to know the one that can be referenced from ie. GameObjects
Refreshing native plugins compatible for Editor in 1.58 ms, found 3 plugins.
Native extension for WindowsStandalone target not found
Mono: successfully reloaded assembly
[Package Manager] Failed to launch server process. Reason: Unity was launched with the -noUpm command-line argument
[Package Manager] Unable to send message (not connected to server process).
[Package Manager] Cannot connect to Unity Package Manager local server
- Finished resetting the current domain, in  1.144 seconds
Domain Reload Profiling: 2030ms
	BeginReloadAssembly (239ms)
		ExecutionOrderSort (0ms)
		DisableScriptedObjects (6ms)
		BackupInstance (0ms)
		ReleaseScriptingObjects (0ms)
		CreateAndSetChildDomain (70ms)
	RebuildCommonClasses (39ms)
	RebuildNativeTypeToScriptingClass (12ms)
	initialDomainReloadingComplete (29ms)
	LoadAllAssembliesAndSetupDomain (566ms)
		LoadAssemblies (393ms)
		RebuildTransferFunctionScriptingTraits (0ms)
		AnalyzeDomain (295ms)
			TypeCache.Refresh (39ms)
				TypeCache.ScanAssembly (2ms)
			BuildScriptInfoCaches (238ms)
			ResolveRequiredComponents (6ms)
	FinalizeReload (1144ms)
		ReleaseScriptCaches (0ms)
		RebuildScriptCaches (0ms)
		SetupLoadedEditorAssemblies (897ms)
			LogAssemblyErrors (0ms)
			InitializePlatformSupportModulesInManaged (4ms)
			SetLoadedEditorAssemblies (9ms)
			BeforeProcessingInitializeOnLoad (65ms)
			ProcessInitializeOnLoadAttributes (574ms)
			ProcessInitializeOnLoadMethodAttributes (243ms)
			AfterProcessingInitializeOnLoad (2ms)
			EditorAssembliesLoaded (0ms)
		ExecutionOrderSort2 (0ms)
		AwakeInstancesAfterBackupRestoration (5ms)
Refreshing native plugins compatible for Editor in 1.30 ms, found 3 plugins.
Preloading 0 native plugins for Editor in 0.00 ms.
Unloading 0 Unused Serialized files (Serialized files now loaded: 0)
Unloading 3668 unused Assets / (1.1 MB). Loaded Objects now: 4362.
Memory consumption went from 121.1 MB to 120.0 MB.
Total: 19.883200 ms (FindLiveObjects: 0.376800 ms CreateObjectMapping: 0.426100 ms MarkObjects: 17.876500 ms  DeleteObjects: 1.202700 ms)

Prepare: number of updated asset objects reloaded= 0
========================================================================
Received Prepare
'Packages/com.dcfa_pixels.dragonecs-unity/src/Connectors/EcsWorldProvider.cs' contains partial class of Unity.Object, exactly 1 of the partial classes needs to be in a file with the same filename. This is to know the one that can be referenced from ie. GameObjects
'Packages/com.dcfa_pixels.dragonecs-unity/src/Buildin/EcsWorldProvider.cs' contains partial class of Unity.Object, exactly 1 of the partial classes needs to be in a file with the same filename. This is to know the one that can be referenced from ie. GameObjects
Refreshing native plugins compatible for Editor in 1.96 ms, found 3 plugins.
Preloading 0 native plugins for Editor in 0.00 ms.
Unloading 0 Unused Serialized files (Serialized files now loaded: 0)
Unloading 3651 unused Assets / (2.8 MB). Loaded Objects now: 4362.
Memory consumption went from 121.2 MB to 118.4 MB.
Total: 31.624900 ms (FindLiveObjects: 0.501000 ms CreateObjectMapping: 0.266500 ms MarkObjects: 26.558700 ms  DeleteObjects: 4.296800 ms)

Prepare: number of updated asset objects reloaded= 0
========================================================================
Received Prepare
Begin MonoManager ReloadAssembly
- Loaded All Assemblies, in  2.854 seconds
'Packages/com.dcfa_pixels.dragonecs-unity/src/Connectors/EcsWorldProvider.cs' contains partial class of Unity.Object, exactly 1 of the partial classes needs to be in a file with the same filename. This is to know the one that can be referenced from ie. GameObjects
'Packages/com.dcfa_pixels.dragonecs-unity/src/Buildin/EcsWorldProvider.cs' contains partial class of Unity.Object, exactly 1 of the partial classes needs to be in a file with the same filename. This is to know the one that can be referenced from ie. GameObjects
Refreshing native plugins compatible for Editor in 2.95 ms, found 3 plugins.
Native extension for WindowsStandalone target not found
Mono: successfully reloaded assembly
[Package Manager] Failed to launch server process. Reason: Unity was launched with the -noUpm command-line argument
[Package Manager] Unable to send message (not connected to server process).
[Package Manager] Cannot connect to Unity Package Manager local server
- Finished resetting the current domain, in  1.550 seconds
Domain Reload Profiling: 4408ms
	BeginReloadAssembly (426ms)
		ExecutionOrderSort (0ms)
		DisableScriptedObjects (18ms)
		BackupInstance (0ms)
		ReleaseScriptingObjects (0ms)
		CreateAndSetChildDomain (191ms)
	RebuildCommonClasses (52ms)
	RebuildNativeTypeToScriptingClass (19ms)
	initialDomainReloadingComplete (34ms)
	LoadAllAssembliesAndSetupDomain (2326ms)
		LoadAssemblies (2074ms)
		RebuildTransferFunctionScriptingTraits (0ms)
		AnalyzeDomain (381ms)
			TypeCache.Refresh (60ms)
				TypeCache.ScanAssembly (4ms)
			BuildScriptInfoCaches (286ms)
			ResolveRequiredComponents (8ms)
	FinalizeReload (1551ms)
		ReleaseScriptCaches (0ms)
		RebuildScriptCaches (0ms)
		SetupLoadedEditorAssemblies (1288ms)
			LogAssemblyErrors (0ms)
			InitializePlatformSupportModulesInManaged (3ms)
			SetLoadedEditorAssemblies (5ms)
			BeforeProcessingInitializeOnLoad (56ms)
			ProcessInitializeOnLoadAttributes (697ms)
			ProcessInitializeOnLoadMethodAttributes (524ms)
			AfterProcessingInitializeOnLoad (4ms)
			EditorAssembliesLoaded (1ms)
		ExecutionOrderSort2 (0ms)
		AwakeInstancesAfterBackupRestoration (9ms)
Refreshing native plugins compatible for Editor in 1.53 ms, found 3 plugins.
Preloading 0 native plugins for Editor in 0.00 ms.
Unloading 0 Unused Serialized files (Serialized files now loaded: 0)
Unloading 3668 unused Assets / (1.8 MB). Loaded Objects now: 4362.
Memory consumption went from 121.1 MB to 119.3 MB.
Total: 25.234500 ms (FindLiveObjects: 0.514200 ms CreateObjectMapping: 0.243300 ms MarkObjects: 21.334800 ms  DeleteObjects: 3.138300 ms)

Prepare: number of updated asset objects reloaded= 0
========================================================================
Received Prepare
'Packages/com.dcfa_pixels.dragonecs-unity/src/Connectors/EcsWorldProvider.cs' contains partial class of Unity.Object, exactly 1 of the partial classes needs to be in a file with the same filename. This is to know the one that can be referenced from ie. GameObjects
'Packages/com.dcfa_pixels.dragonecs-unity/src/Buildin/EcsWorldProvider.cs' contains partial class of Unity.Object, exactly 1 of the partial classes needs to be in a file with the same filename. This is to know the one that can be referenced from ie. GameObjects
Refreshing native plugins compatible for Editor in 2.41 ms, found 3 plugins.
Preloading 0 native plugins for Editor in 0.00 ms.
Unloading 0 Unused Serialized files (Serialized files now loaded: 0)
Unloading 3651 unused Assets / (2.5 MB). Loaded Objects now: 4362.
Memory consumption went from 121.2 MB to 118.7 MB.
Total: 441.995000 ms (FindLiveObjects: 2.743900 ms CreateObjectMapping: 0.546100 ms MarkObjects: 434.828700 ms  DeleteObjects: 3.874300 ms)

Prepare: number of updated asset objects reloaded= 0
========================================================================
Received Prepare
Begin MonoManager ReloadAssembly
- Loaded All Assemblies, in  3.517 seconds
'Packages/com.dcfa_pixels.dragonecs-unity/src/Connectors/EcsWorldProvider.cs' contains partial class of Unity.Object, exactly 1 of the partial classes needs to be in a file with the same filename. This is to know the one that can be referenced from ie. GameObjects
'Packages/com.dcfa_pixels.dragonecs-unity/src/Buildin/EcsWorldProvider.cs' contains partial class of Unity.Object, exactly 1 of the partial classes needs to be in a file with the same filename. This is to know the one that can be referenced from ie. GameObjects
Refreshing native plugins compatible for Editor in 4.59 ms, found 3 plugins.
Native extension for WindowsStandalone target not found
Mono: successfully reloaded assembly
[Package Manager] Failed to launch server process. Reason: Unity was launched with the -noUpm command-line argument
[Package Manager] Unable to send message (not connected to server process).
[Package Manager] Cannot connect to Unity Package Manager local server
- Finished resetting the current domain, in  1.926 seconds
Domain Reload Profiling: 5447ms
	BeginReloadAssembly (1731ms)
		ExecutionOrderSort (0ms)
		DisableScriptedObjects (145ms)
		BackupInstance (0ms)
		ReleaseScriptingObjects (2ms)
		CreateAndSetChildDomain (762ms)
	RebuildCommonClasses (53ms)
	RebuildNativeTypeToScriptingClass (18ms)
	initialDomainReloadingComplete (53ms)
	LoadAllAssembliesAndSetupDomain (1662ms)
		LoadAssemblies (1770ms)
		RebuildTransferFunctionScriptingTraits (0ms)
		AnalyzeDomain (304ms)
			TypeCache.Refresh (58ms)
				TypeCache.ScanAssembly (3ms)
			BuildScriptInfoCaches (206ms)
			ResolveRequiredComponents (7ms)
	FinalizeReload (1930ms)
		ReleaseScriptCaches (0ms)
		RebuildScriptCaches (0ms)
		SetupLoadedEditorAssemblies (1470ms)
			LogAssemblyErrors (0ms)
			InitializePlatformSupportModulesInManaged (4ms)
			SetLoadedEditorAssemblies (6ms)
			BeforeProcessingInitializeOnLoad (81ms)
			ProcessInitializeOnLoadAttributes (825ms)
			ProcessInitializeOnLoadMethodAttributes (543ms)
			AfterProcessingInitializeOnLoad (9ms)
			EditorAssembliesLoaded (1ms)
		ExecutionOrderSort2 (0ms)
		AwakeInstancesAfterBackupRestoration (11ms)
Refreshing native plugins compatible for Editor in 6.31 ms, found 3 plugins.
Preloading 0 native plugins for Editor in 0.00 ms.
Unloading 0 Unused Serialized files (Serialized files now loaded: 0)
Unloading 3668 unused Assets / (1.0 MB). Loaded Objects now: 4362.
Memory consumption went from 121.1 MB to 120.1 MB.
Total: 47.674100 ms (FindLiveObjects: 1.405900 ms CreateObjectMapping: 9.199400 ms MarkObjects: 29.801200 ms  DeleteObjects: 4.411400 ms)

Prepare: number of updated asset objects reloaded= 0
========================================================================
Received Prepare
Begin MonoManager ReloadAssembly
- Loaded All Assemblies, in  3.342 seconds
'Packages/com.dcfa_pixels.dragonecs-unity/src/Connectors/EcsWorldProvider.cs' contains partial class of Unity.Object, exactly 1 of the partial classes needs to be in a file with the same filename. This is to know the one that can be referenced from ie. GameObjects
'Packages/com.dcfa_pixels.dragonecs-unity/src/Buildin/EcsWorldProvider.cs' contains partial class of Unity.Object, exactly 1 of the partial classes needs to be in a file with the same filename. This is to know the one that can be referenced from ie. GameObjects
Refreshing native plugins compatible for Editor in 4.48 ms, found 3 plugins.
Native extension for WindowsStandalone target not found
Mono: successfully reloaded assembly
[Package Manager] Failed to launch server process. Reason: Unity was launched with the -noUpm command-line argument
[Package Manager] Unable to send message (not connected to server process).
[Package Manager] Cannot connect to Unity Package Manager local server
- Finished resetting the current domain, in  1.324 seconds
Domain Reload Profiling: 4672ms
	BeginReloadAssembly (1086ms)
		ExecutionOrderSort (0ms)
		DisableScriptedObjects (126ms)
		BackupInstance (0ms)
		ReleaseScriptingObjects (4ms)
		CreateAndSetChildDomain (354ms)
	RebuildCommonClasses (56ms)
	RebuildNativeTypeToScriptingClass (23ms)
	initialDomainReloadingComplete (78ms)
	LoadAllAssembliesAndSetupDomain (2105ms)
		LoadAssemblies (1674ms)
		RebuildTransferFunctionScriptingTraits (0ms)
		AnalyzeDomain (669ms)
			TypeCache.Refresh (320ms)
				TypeCache.ScanAssembly (192ms)
			BuildScriptInfoCaches (293ms)
			ResolveRequiredComponents (11ms)
	FinalizeReload (1325ms)
		ReleaseScriptCaches (0ms)
		RebuildScriptCaches (0ms)
		SetupLoadedEditorAssemblies (1048ms)
			LogAssemblyErrors (0ms)
			InitializePlatformSupportModulesInManaged (3ms)
			SetLoadedEditorAssemblies (6ms)
			BeforeProcessingInitializeOnLoad (62ms)
			ProcessInitializeOnLoadAttributes (648ms)
			ProcessInitializeOnLoadMethodAttributes (327ms)
			AfterProcessingInitializeOnLoad (2ms)
			EditorAssembliesLoaded (1ms)
		ExecutionOrderSort2 (0ms)
		AwakeInstancesAfterBackupRestoration (7ms)
Refreshing native plugins compatible for Editor in 1.51 ms, found 3 plugins.
Preloading 0 native plugins for Editor in 0.00 ms.
Unloading 0 Unused Serialized files (Serialized files now loaded: 0)
Unloading 3668 unused Assets / (1.3 MB). Loaded Objects now: 4362.
Memory consumption went from 121.2 MB to 119.8 MB.
Total: 29.751000 ms (FindLiveObjects: 0.478800 ms CreateObjectMapping: 0.556400 ms MarkObjects: 26.056400 ms  DeleteObjects: 2.655700 ms)

Prepare: number of updated asset objects reloaded= 0
========================================================================
Received Prepare
'Packages/com.dcfa_pixels.dragonecs-unity/src/Connectors/EcsWorldProvider.cs' contains partial class of Unity.Object, exactly 1 of the partial classes needs to be in a file with the same filename. This is to know the one that can be referenced from ie. GameObjects
'Packages/com.dcfa_pixels.dragonecs-unity/src/Buildin/EcsWorldProvider.cs' contains partial class of Unity.Object, exactly 1 of the partial classes needs to be in a file with the same filename. This is to know the one that can be referenced from ie. GameObjects
Refreshing native plugins compatible for Editor in 1.67 ms, found 3 plugins.
Preloading 0 native plugins for Editor in 0.00 ms.
Unloading 0 Unused Serialized files (Serialized files now loaded: 0)
Unloading 3651 unused Assets / (1.2 MB). Loaded Objects now: 4362.
Memory consumption went from 121.3 MB to 120.0 MB.
Total: 700.893600 ms (FindLiveObjects: 4.722800 ms CreateObjectMapping: 0.686200 ms MarkObjects: 689.566200 ms  DeleteObjects: 5.914800 ms)

Prepare: number of updated asset objects reloaded= 0
========================================================================
Received Prepare
Begin MonoManager ReloadAssembly
- Loaded All Assemblies, in  3.775 seconds
'Packages/com.dcfa_pixels.dragonecs-unity/src/Connectors/EcsWorldProvider.cs' contains partial class of Unity.Object, exactly 1 of the partial classes needs to be in a file with the same filename. This is to know the one that can be referenced from ie. GameObjects
'Packages/com.dcfa_pixels.dragonecs-unity/src/Buildin/EcsWorldProvider.cs' contains partial class of Unity.Object, exactly 1 of the partial classes needs to be in a file with the same filename. This is to know the one that can be referenced from ie. GameObjects
Refreshing native plugins compatible for Editor in 1.99 ms, found 3 plugins.
Native extension for WindowsStandalone target not found
Mono: successfully reloaded assembly
[Package Manager] Failed to launch server process. Reason: Unity was launched with the -noUpm command-line argument
[Package Manager] Unable to send message (not connected to server process).
[Package Manager] Cannot connect to Unity Package Manager local server
- Finished resetting the current domain, in  2.022 seconds
Domain Reload Profiling: 5802ms
	BeginReloadAssembly (1930ms)
		ExecutionOrderSort (0ms)
		DisableScriptedObjects (108ms)
		BackupInstance (0ms)
		ReleaseScriptingObjects (2ms)
		CreateAndSetChildDomain (875ms)
	RebuildCommonClasses (64ms)
	RebuildNativeTypeToScriptingClass (21ms)
	initialDomainReloadingComplete (65ms)
	LoadAllAssembliesAndSetupDomain (1697ms)
		LoadAssemblies (1615ms)
		RebuildTransferFunctionScriptingTraits (0ms)
		AnalyzeDomain (490ms)
			TypeCache.Refresh (53ms)
				TypeCache.ScanAssembly (4ms)
			BuildScriptInfoCaches (392ms)
			ResolveRequiredComponents (11ms)
	FinalizeReload (2024ms)
		ReleaseScriptCaches (0ms)
		RebuildScriptCaches (0ms)
		SetupLoadedEditorAssemblies (1588ms)
			LogAssemblyErrors (0ms)
			InitializePlatformSupportModulesInManaged (7ms)
			SetLoadedEditorAssemblies (13ms)
			BeforeProcessingInitializeOnLoad (117ms)
			ProcessInitializeOnLoadAttributes (1017ms)
			ProcessInitializeOnLoadMethodAttributes (429ms)
			AfterProcessingInitializeOnLoad (3ms)
			EditorAssembliesLoaded (1ms)
		ExecutionOrderSort2 (0ms)
		AwakeInstancesAfterBackupRestoration (9ms)
Refreshing native plugins compatible for Editor in 1.90 ms, found 3 plugins.
Preloading 0 native plugins for Editor in 0.00 ms.
Unloading 0 Unused Serialized files (Serialized files now loaded: 0)
Unloading 3668 unused Assets / (1.5 MB). Loaded Objects now: 4362.
Memory consumption went from 121.2 MB to 119.6 MB.
Total: 34.484300 ms (FindLiveObjects: 1.275400 ms CreateObjectMapping: 0.643900 ms MarkObjects: 28.366100 ms  DeleteObjects: 4.196300 ms)

Prepare: number of updated asset objects reloaded= 0
========================================================================
Received Prepare
'Packages/com.dcfa_pixels.dragonecs-unity/src/Connectors/EcsWorldProvider.cs' contains partial class of Unity.Object, exactly 1 of the partial classes needs to be in a file with the same filename. This is to know the one that can be referenced from ie. GameObjects
'Packages/com.dcfa_pixels.dragonecs-unity/src/Buildin/EcsWorldProvider.cs' contains partial class of Unity.Object, exactly 1 of the partial classes needs to be in a file with the same filename. This is to know the one that can be referenced from ie. GameObjects
Refreshing native plugins compatible for Editor in 1.78 ms, found 3 plugins.
Preloading 0 native plugins for Editor in 0.00 ms.
Unloading 0 Unused Serialized files (Serialized files now loaded: 0)
Unloading 3652 unused Assets / (190.2 KB). Loaded Objects now: 4363.
Memory consumption went from 121.3 MB to 121.1 MB.
Total: 817.920000 ms (FindLiveObjects: 3.112200 ms CreateObjectMapping: 0.317800 ms MarkObjects: 812.055200 ms  DeleteObjects: 2.432400 ms)

Prepare: number of updated asset objects reloaded= 0
========================================================================
Received Prepare
Begin MonoManager ReloadAssembly
- Loaded All Assemblies, in  4.123 seconds
'Packages/com.dcfa_pixels.dragonecs-unity/src/Connectors/EcsWorldProvider.cs' contains partial class of Unity.Object, exactly 1 of the partial classes needs to be in a file with the same filename. This is to know the one that can be referenced from ie. GameObjects
'Packages/com.dcfa_pixels.dragonecs-unity/src/Buildin/EcsWorldProvider.cs' contains partial class of Unity.Object, exactly 1 of the partial classes needs to be in a file with the same filename. This is to know the one that can be referenced from ie. GameObjects
Refreshing native plugins compatible for Editor in 1.70 ms, found 3 plugins.
Native extension for WindowsStandalone target not found
Mono: successfully reloaded assembly
[Package Manager] Failed to launch server process. Reason: Unity was launched with the -noUpm command-line argument
[Package Manager] Unable to send message (not connected to server process).
[Package Manager] Cannot connect to Unity Package Manager local server
- Finished resetting the current domain, in  2.244 seconds
Domain Reload Profiling: 6371ms
	BeginReloadAssembly (2004ms)
		ExecutionOrderSort (0ms)
		DisableScriptedObjects (186ms)
		BackupInstance (0ms)
		ReleaseScriptingObjects (3ms)
		CreateAndSetChildDomain (857ms)
	RebuildCommonClasses (57ms)
	RebuildNativeTypeToScriptingClass (18ms)
	initialDomainReloadingComplete (69ms)
	LoadAllAssembliesAndSetupDomain (1977ms)
		LoadAssemblies (2134ms)
		RebuildTransferFunctionScriptingTraits (0ms)
		AnalyzeDomain (354ms)
			TypeCache.Refresh (44ms)
				TypeCache.ScanAssembly (4ms)
			BuildScriptInfoCaches (248ms)
			ResolveRequiredComponents (10ms)
	FinalizeReload (2245ms)
		ReleaseScriptCaches (0ms)
		RebuildScriptCaches (0ms)
		SetupLoadedEditorAssemblies (1811ms)
			LogAssemblyErrors (0ms)
			InitializePlatformSupportModulesInManaged (4ms)
			SetLoadedEditorAssemblies (9ms)
			BeforeProcessingInitializeOnLoad (90ms)
			ProcessInitializeOnLoadAttributes (1188ms)
			ProcessInitializeOnLoadMethodAttributes (513ms)
			AfterProcessingInitializeOnLoad (5ms)
			EditorAssembliesLoaded (1ms)
		ExecutionOrderSort2 (0ms)
		AwakeInstancesAfterBackupRestoration (8ms)
Refreshing native plugins compatible for Editor in 2.43 ms, found 3 plugins.
Preloading 0 native plugins for Editor in 0.00 ms.
Unloading 0 Unused Serialized files (Serialized files now loaded: 0)
Unloading 3669 unused Assets / (1.9 MB). Loaded Objects now: 4363.
Memory consumption went from 121.2 MB to 119.3 MB.
Total: 58.616000 ms (FindLiveObjects: 1.328200 ms CreateObjectMapping: 1.528400 ms MarkObjects: 51.279300 ms  DeleteObjects: 4.171100 ms)

Prepare: number of updated asset objects reloaded= 0
========================================================================
Received Prepare
'Packages/com.dcfa_pixels.dragonecs-unity/src/Connectors/EcsWorldProvider.cs' contains partial class of Unity.Object, exactly 1 of the partial classes needs to be in a file with the same filename. This is to know the one that can be referenced from ie. GameObjects
'Packages/com.dcfa_pixels.dragonecs-unity/src/Buildin/EcsWorldProvider.cs' contains partial class of Unity.Object, exactly 1 of the partial classes needs to be in a file with the same filename. This is to know the one that can be referenced from ie. GameObjects
Refreshing native plugins compatible for Editor in 1.79 ms, found 3 plugins.
Preloading 0 native plugins for Editor in 0.00 ms.
Unloading 0 Unused Serialized files (Serialized files now loaded: 0)
Unloading 3652 unused Assets / (2.0 MB). Loaded Objects now: 4363.
Memory consumption went from 121.3 MB to 119.3 MB.
Total: 27.446200 ms (FindLiveObjects: 0.498700 ms CreateObjectMapping: 0.261900 ms MarkObjects: 23.298300 ms  DeleteObjects: 3.385400 ms)

Prepare: number of updated asset objects reloaded= 0
========================================================================
Received Prepare
Begin MonoManager ReloadAssembly
- Loaded All Assemblies, in  1.621 seconds
'Packages/com.dcfa_pixels.dragonecs-unity/src/Connectors/EcsWorldProvider.cs' contains partial class of Unity.Object, exactly 1 of the partial classes needs to be in a file with the same filename. This is to know the one that can be referenced from ie. GameObjects
'Packages/com.dcfa_pixels.dragonecs-unity/src/Buildin/EcsWorldProvider.cs' contains partial class of Unity.Object, exactly 1 of the partial classes needs to be in a file with the same filename. This is to know the one that can be referenced from ie. GameObjects
Refreshing native plugins compatible for Editor in 1.88 ms, found 3 plugins.
Native extension for WindowsStandalone target not found
Mono: successfully reloaded assembly
[Package Manager] Failed to launch server process. Reason: Unity was launched with the -noUpm command-line argument
[Package Manager] Unable to send message (not connected to server process).
[Package Manager] Cannot connect to Unity Package Manager local server
- Finished resetting the current domain, in  1.471 seconds
Domain Reload Profiling: 3096ms
	BeginReloadAssembly (453ms)
		ExecutionOrderSort (0ms)
		DisableScriptedObjects (12ms)
		BackupInstance (0ms)
		ReleaseScriptingObjects (1ms)
		CreateAndSetChildDomain (118ms)
	RebuildCommonClasses (71ms)
	RebuildNativeTypeToScriptingClass (25ms)
	initialDomainReloadingComplete (43ms)
	LoadAllAssembliesAndSetupDomain (1032ms)
		LoadAssemblies (970ms)
		RebuildTransferFunctionScriptingTraits (0ms)
		AnalyzeDomain (307ms)
			TypeCache.Refresh (49ms)
				TypeCache.ScanAssembly (3ms)
			BuildScriptInfoCaches (209ms)
			ResolveRequiredComponents (8ms)
	FinalizeReload (1472ms)
		ReleaseScriptCaches (0ms)
		RebuildScriptCaches (0ms)
		SetupLoadedEditorAssemblies (1145ms)
			LogAssemblyErrors (0ms)
			InitializePlatformSupportModulesInManaged (4ms)
			SetLoadedEditorAssemblies (8ms)
			BeforeProcessingInitializeOnLoad (75ms)
			ProcessInitializeOnLoadAttributes (646ms)
			ProcessInitializeOnLoadMethodAttributes (410ms)
			AfterProcessingInitializeOnLoad (3ms)
			EditorAssembliesLoaded (0ms)
		ExecutionOrderSort2 (0ms)
		AwakeInstancesAfterBackupRestoration (6ms)
Refreshing native plugins compatible for Editor in 1.68 ms, found 3 plugins.
Preloading 0 native plugins for Editor in 0.00 ms.
Unloading 0 Unused Serialized files (Serialized files now loaded: 0)
Unloading 3669 unused Assets / (1.5 MB). Loaded Objects now: 4363.
Memory consumption went from 121.2 MB to 119.7 MB.
Total: 24.859900 ms (FindLiveObjects: 1.167500 ms CreateObjectMapping: 0.411500 ms MarkObjects: 20.656300 ms  DeleteObjects: 2.621000 ms)

Prepare: number of updated asset objects reloaded= 0
========================================================================
Received Prepare
'Packages/com.dcfa_pixels.dragonecs-unity/src/Connectors/EcsWorldProvider.cs' contains partial class of Unity.Object, exactly 1 of the partial classes needs to be in a file with the same filename. This is to know the one that can be referenced from ie. GameObjects
'Packages/com.dcfa_pixels.dragonecs-unity/src/Buildin/EcsWorldProvider.cs' contains partial class of Unity.Object, exactly 1 of the partial classes needs to be in a file with the same filename. This is to know the one that can be referenced from ie. GameObjects
Refreshing native plugins compatible for Editor in 2.91 ms, found 3 plugins.
Preloading 0 native plugins for Editor in 0.00 ms.
Unloading 0 Unused Serialized files (Serialized files now loaded: 0)
Unloading 3652 unused Assets / (2.8 MB). Loaded Objects now: 4363.
Memory consumption went from 121.3 MB to 118.5 MB.
Total: 240.550300 ms (FindLiveObjects: 4.196300 ms CreateObjectMapping: 0.628100 ms MarkObjects: 231.912900 ms  DeleteObjects: 3.808800 ms)

Prepare: number of updated asset objects reloaded= 0
========================================================================
Received Prepare
Begin MonoManager ReloadAssembly
- Loaded All Assemblies, in  3.598 seconds
'Packages/com.dcfa_pixels.dragonecs-unity/src/Connectors/EcsWorldProvider.cs' contains partial class of Unity.Object, exactly 1 of the partial classes needs to be in a file with the same filename. This is to know the one that can be referenced from ie. GameObjects
'Packages/com.dcfa_pixels.dragonecs-unity/src/Buildin/EcsWorldProvider.cs' contains partial class of Unity.Object, exactly 1 of the partial classes needs to be in a file with the same filename. This is to know the one that can be referenced from ie. GameObjects
Refreshing native plugins compatible for Editor in 3.85 ms, found 3 plugins.
Native extension for WindowsStandalone target not found
Mono: successfully reloaded assembly
[Package Manager] Failed to launch server process. Reason: Unity was launched with the -noUpm command-line argument
[Package Manager] Unable to send message (not connected to server process).
[Package Manager] Cannot connect to Unity Package Manager local server
- Finished resetting the current domain, in  1.526 seconds
Domain Reload Profiling: 5126ms
	BeginReloadAssembly (1836ms)
		ExecutionOrderSort (0ms)
		DisableScriptedObjects (153ms)
		BackupInstance (0ms)
		ReleaseScriptingObjects (2ms)
		CreateAndSetChildDomain (559ms)
	RebuildCommonClasses (93ms)
	RebuildNativeTypeToScriptingClass (22ms)
	initialDomainReloadingComplete (90ms)
	LoadAllAssembliesAndSetupDomain (1559ms)
		LoadAssemblies (1773ms)
		RebuildTransferFunctionScriptingTraits (0ms)
		AnalyzeDomain (275ms)
			TypeCache.Refresh (47ms)
				TypeCache.ScanAssembly (4ms)
			BuildScriptInfoCaches (201ms)
			ResolveRequiredComponents (8ms)
	FinalizeReload (1527ms)
		ReleaseScriptCaches (0ms)
		RebuildScriptCaches (0ms)
		SetupLoadedEditorAssemblies (1204ms)
			LogAssemblyErrors (0ms)
			InitializePlatformSupportModulesInManaged (4ms)
			SetLoadedEditorAssemblies (8ms)
			BeforeProcessingInitializeOnLoad (58ms)
			ProcessInitializeOnLoadAttributes (644ms)
			ProcessInitializeOnLoadMethodAttributes (486ms)
			AfterProcessingInitializeOnLoad (3ms)
			EditorAssembliesLoaded (1ms)
		ExecutionOrderSort2 (0ms)
		AwakeInstancesAfterBackupRestoration (8ms)
Refreshing native plugins compatible for Editor in 1.62 ms, found 3 plugins.
Preloading 0 native plugins for Editor in 0.00 ms.
Unloading 0 Unused Serialized files (Serialized files now loaded: 0)
Unloading 3669 unused Assets / (2.3 MB). Loaded Objects now: 4363.
Memory consumption went from 121.2 MB to 118.9 MB.
Total: 30.609400 ms (FindLiveObjects: 1.290600 ms CreateObjectMapping: 0.547600 ms MarkObjects: 24.598600 ms  DeleteObjects: 4.170300 ms)

Prepare: number of updated asset objects reloaded= 0
========================================================================
Received Prepare
'Packages/com.dcfa_pixels.dragonecs-unity/src/Connectors/EcsWorldProvider.cs' contains partial class of Unity.Object, exactly 1 of the partial classes needs to be in a file with the same filename. This is to know the one that can be referenced from ie. GameObjects
'Packages/com.dcfa_pixels.dragonecs-unity/src/Buildin/EcsWorldProvider.cs' contains partial class of Unity.Object, exactly 1 of the partial classes needs to be in a file with the same filename. This is to know the one that can be referenced from ie. GameObjects
Refreshing native plugins compatible for Editor in 5.68 ms, found 3 plugins.
Preloading 0 native plugins for Editor in 0.00 ms.
Unloading 0 Unused Serialized files (Serialized files now loaded: 0)
Unloading 3652 unused Assets / (3.0 MB). Loaded Objects now: 4363.
Memory consumption went from 121.3 MB to 118.2 MB.
Total: 409.306800 ms (FindLiveObjects: 8.579600 ms CreateObjectMapping: 1.002800 ms MarkObjects: 392.420500 ms  DeleteObjects: 7.299700 ms)

Prepare: number of updated asset objects reloaded= 0
========================================================================
Received Prepare
Begin MonoManager ReloadAssembly
- Loaded All Assemblies, in  3.594 seconds
'Packages/com.dcfa_pixels.dragonecs-unity/src/Connectors/EcsWorldProvider.cs' contains partial class of Unity.Object, exactly 1 of the partial classes needs to be in a file with the same filename. This is to know the one that can be referenced from ie. GameObjects
'Packages/com.dcfa_pixels.dragonecs-unity/src/Buildin/EcsWorldProvider.cs' contains partial class of Unity.Object, exactly 1 of the partial classes needs to be in a file with the same filename. This is to know the one that can be referenced from ie. GameObjects
Refreshing native plugins compatible for Editor in 3.94 ms, found 3 plugins.
Native extension for WindowsStandalone target not found
Mono: successfully reloaded assembly
[Package Manager] Failed to launch server process. Reason: Unity was launched with the -noUpm command-line argument
[Package Manager] Unable to send message (not connected to server process).
[Package Manager] Cannot connect to Unity Package Manager local server
- Finished resetting the current domain, in  1.399 seconds
Domain Reload Profiling: 5000ms
	BeginReloadAssembly (1500ms)
		ExecutionOrderSort (0ms)
		DisableScriptedObjects (142ms)
		BackupInstance (0ms)
		ReleaseScriptingObjects (3ms)
		CreateAndSetChildDomain (690ms)
	RebuildCommonClasses (107ms)
	RebuildNativeTypeToScriptingClass (20ms)
	initialDomainReloadingComplete (118ms)
	LoadAllAssembliesAndSetupDomain (1854ms)
		LoadAssemblies (1748ms)
		RebuildTransferFunctionScriptingTraits (0ms)
		AnalyzeDomain (468ms)
			TypeCache.Refresh (53ms)
				TypeCache.ScanAssembly (4ms)
			BuildScriptInfoCaches (383ms)
			ResolveRequiredComponents (8ms)
	FinalizeReload (1400ms)
		ReleaseScriptCaches (0ms)
		RebuildScriptCaches (0ms)
		SetupLoadedEditorAssemblies (1056ms)
			LogAssemblyErrors (0ms)
			InitializePlatformSupportModulesInManaged (3ms)
			SetLoadedEditorAssemblies (6ms)
			BeforeProcessingInitializeOnLoad (69ms)
			ProcessInitializeOnLoadAttributes (619ms)
			ProcessInitializeOnLoadMethodAttributes (349ms)
			AfterProcessingInitializeOnLoad (2ms)
			EditorAssembliesLoaded (7ms)
		ExecutionOrderSort2 (0ms)
		AwakeInstancesAfterBackupRestoration (16ms)
Refreshing native plugins compatible for Editor in 1.52 ms, found 3 plugins.
Preloading 0 native plugins for Editor in 0.00 ms.
Unloading 0 Unused Serialized files (Serialized files now loaded: 0)
Unloading 3669 unused Assets / (2.3 MB). Loaded Objects now: 4363.
Memory consumption went from 121.2 MB to 118.8 MB.
Total: 31.069500 ms (FindLiveObjects: 1.315600 ms CreateObjectMapping: 0.514300 ms MarkObjects: 25.729000 ms  DeleteObjects: 3.508500 ms)

Prepare: number of updated asset objects reloaded= 0
========================================================================
Received Prepare
'Packages/com.dcfa_pixels.dragonecs-unity/src/Connectors/EcsWorldProvider.cs' contains partial class of Unity.Object, exactly 1 of the partial classes needs to be in a file with the same filename. This is to know the one that can be referenced from ie. GameObjects
'Packages/com.dcfa_pixels.dragonecs-unity/src/Buildin/EcsWorldProvider.cs' contains partial class of Unity.Object, exactly 1 of the partial classes needs to be in a file with the same filename. This is to know the one that can be referenced from ie. GameObjects
Refreshing native plugins compatible for Editor in 2.19 ms, found 3 plugins.
Preloading 0 native plugins for Editor in 0.00 ms.
Unloading 0 Unused Serialized files (Serialized files now loaded: 0)
Unloading 3652 unused Assets / (2.4 MB). Loaded Objects now: 4363.
Memory consumption went from 121.3 MB to 118.9 MB.
Total: 311.892200 ms (FindLiveObjects: 2.205300 ms CreateObjectMapping: 0.607900 ms MarkObjects: 305.029300 ms  DeleteObjects: 4.045600 ms)

Prepare: number of updated asset objects reloaded= 0
========================================================================
Received Prepare
'Packages/com.dcfa_pixels.dragonecs-unity/src/Connectors/EcsWorldProvider.cs' contains partial class of Unity.Object, exactly 1 of the partial classes needs to be in a file with the same filename. This is to know the one that can be referenced from ie. GameObjects
'Packages/com.dcfa_pixels.dragonecs-unity/src/Buildin/EcsWorldProvider.cs' contains partial class of Unity.Object, exactly 1 of the partial classes needs to be in a file with the same filename. This is to know the one that can be referenced from ie. GameObjects
Refreshing native plugins compatible for Editor in 1.53 ms, found 3 plugins.
Preloading 0 native plugins for Editor in 0.00 ms.
Unloading 0 Unused Serialized files (Serialized files now loaded: 0)
Unloading 3652 unused Assets / (2.9 MB). Loaded Objects now: 4363.
Memory consumption went from 121.3 MB to 118.4 MB.
Total: 25.203100 ms (FindLiveObjects: 0.439000 ms CreateObjectMapping: 0.499700 ms MarkObjects: 20.382200 ms  DeleteObjects: 3.881000 ms)

Prepare: number of updated asset objects reloaded= 0
========================================================================
Received Prepare
Begin MonoManager ReloadAssembly
- Loaded All Assemblies, in  9.405 seconds
'Packages/com.dcfa_pixels.dragonecs-unity/src/Connectors/EcsWorldProvider.cs' contains partial class of Unity.Object, exactly 1 of the partial classes needs to be in a file with the same filename. This is to know the one that can be referenced from ie. GameObjects
'Packages/com.dcfa_pixels.dragonecs-unity/src/Buildin/EcsWorldProvider.cs' contains partial class of Unity.Object, exactly 1 of the partial classes needs to be in a file with the same filename. This is to know the one that can be referenced from ie. GameObjects
Refreshing native plugins compatible for Editor in 2.07 ms, found 3 plugins.
Native extension for WindowsStandalone target not found
Mono: successfully reloaded assembly
[Package Manager] Failed to launch server process. Reason: Unity was launched with the -noUpm command-line argument
[Package Manager] Unable to send message (not connected to server process).
[Package Manager] Cannot connect to Unity Package Manager local server
- Finished resetting the current domain, in  2.398 seconds
Domain Reload Profiling: 11807ms
	BeginReloadAssembly (2193ms)
		ExecutionOrderSort (0ms)
		DisableScriptedObjects (164ms)
		BackupInstance (0ms)
		ReleaseScriptingObjects (3ms)
		CreateAndSetChildDomain (668ms)
	RebuildCommonClasses (44ms)
	RebuildNativeTypeToScriptingClass (14ms)
	initialDomainReloadingComplete (49ms)
	LoadAllAssembliesAndSetupDomain (7108ms)
		LoadAssemblies (7597ms)
		RebuildTransferFunctionScriptingTraits (0ms)
		AnalyzeDomain (407ms)
			TypeCache.Refresh (65ms)
				TypeCache.ScanAssembly (7ms)
			BuildScriptInfoCaches (313ms)
			ResolveRequiredComponents (9ms)
	FinalizeReload (2399ms)
		ReleaseScriptCaches (0ms)
		RebuildScriptCaches (0ms)
		SetupLoadedEditorAssemblies (1955ms)
			LogAssemblyErrors (0ms)
			InitializePlatformSupportModulesInManaged (6ms)
			SetLoadedEditorAssemblies (8ms)
			BeforeProcessingInitializeOnLoad (94ms)
			ProcessInitializeOnLoadAttributes (1202ms)
			ProcessInitializeOnLoadMethodAttributes (633ms)
			AfterProcessingInitializeOnLoad (4ms)
			EditorAssembliesLoaded (9ms)
		ExecutionOrderSort2 (0ms)
		AwakeInstancesAfterBackupRestoration (22ms)
Refreshing native plugins compatible for Editor in 2.03 ms, found 3 plugins.
Preloading 0 native plugins for Editor in 0.00 ms.
Unloading 0 Unused Serialized files (Serialized files now loaded: 0)
Unloading 3669 unused Assets / (447.4 KB). Loaded Objects now: 4363.
Memory consumption went from 121.2 MB to 120.7 MB.
Total: 39.955300 ms (FindLiveObjects: 1.084100 ms CreateObjectMapping: 3.572700 ms MarkObjects: 31.717500 ms  DeleteObjects: 3.574900 ms)

Prepare: number of updated asset objects reloaded= 0
========================================================================
Received Prepare
'Packages/com.dcfa_pixels.dragonecs-unity/src/Connectors/EcsWorldProvider.cs' contains partial class of Unity.Object, exactly 1 of the partial classes needs to be in a file with the same filename. This is to know the one that can be referenced from ie. GameObjects
'Packages/com.dcfa_pixels.dragonecs-unity/src/Buildin/EcsWorldProvider.cs' contains partial class of Unity.Object, exactly 1 of the partial classes needs to be in a file with the same filename. This is to know the one that can be referenced from ie. GameObjects
Refreshing native plugins compatible for Editor in 2.03 ms, found 3 plugins.
Preloading 0 native plugins for Editor in 0.00 ms.
Unloading 0 Unused Serialized files (Serialized files now loaded: 0)
Unloading 3652 unused Assets / (1.7 MB). Loaded Objects now: 4363.
Memory consumption went from 121.3 MB to 119.6 MB.
Total: 25.934100 ms (FindLiveObjects: 0.919400 ms CreateObjectMapping: 0.346600 ms MarkObjects: 21.931500 ms  DeleteObjects: 2.733600 ms)

Prepare: number of updated asset objects reloaded= 0
========================================================================
Received Prepare
Begin MonoManager ReloadAssembly
- Loaded All Assemblies, in  0.835 seconds
'Packages/com.dcfa_pixels.dragonecs-unity/src/Connectors/EcsWorldProvider.cs' contains partial class of Unity.Object, exactly 1 of the partial classes needs to be in a file with the same filename. This is to know the one that can be referenced from ie. GameObjects
'Packages/com.dcfa_pixels.dragonecs-unity/src/Buildin/EcsWorldProvider.cs' contains partial class of Unity.Object, exactly 1 of the partial classes needs to be in a file with the same filename. This is to know the one that can be referenced from ie. GameObjects
Refreshing native plugins compatible for Editor in 1.35 ms, found 3 plugins.
Native extension for WindowsStandalone target not found
Mono: successfully reloaded assembly
[Package Manager] Failed to launch server process. Reason: Unity was launched with the -noUpm command-line argument
[Package Manager] Unable to send message (not connected to server process).
[Package Manager] Cannot connect to Unity Package Manager local server
- Finished resetting the current domain, in  1.111 seconds
Domain Reload Profiling: 1948ms
	BeginReloadAssembly (268ms)
		ExecutionOrderSort (0ms)
		DisableScriptedObjects (7ms)
		BackupInstance (0ms)
		ReleaseScriptingObjects (1ms)
		CreateAndSetChildDomain (78ms)
	RebuildCommonClasses (47ms)
	RebuildNativeTypeToScriptingClass (20ms)
	initialDomainReloadingComplete (36ms)
	LoadAllAssembliesAndSetupDomain (465ms)
		LoadAssemblies (449ms)
		RebuildTransferFunctionScriptingTraits (0ms)
		AnalyzeDomain (159ms)
			TypeCache.Refresh (11ms)
				TypeCache.ScanAssembly (2ms)
			BuildScriptInfoCaches (139ms)
			ResolveRequiredComponents (6ms)
	FinalizeReload (1112ms)
		ReleaseScriptCaches (0ms)
		RebuildScriptCaches (0ms)
		SetupLoadedEditorAssemblies (861ms)
			LogAssemblyErrors (0ms)
			InitializePlatformSupportModulesInManaged (2ms)
			SetLoadedEditorAssemblies (6ms)
			BeforeProcessingInitializeOnLoad (42ms)
			ProcessInitializeOnLoadAttributes (530ms)
			ProcessInitializeOnLoadMethodAttributes (278ms)
			AfterProcessingInitializeOnLoad (2ms)
			EditorAssembliesLoaded (0ms)
		ExecutionOrderSort2 (0ms)
		AwakeInstancesAfterBackupRestoration (5ms)
Refreshing native plugins compatible for Editor in 1.66 ms, found 3 plugins.
Preloading 0 native plugins for Editor in 0.00 ms.
Unloading 0 Unused Serialized files (Serialized files now loaded: 0)
Unloading 3669 unused Assets / (1.1 MB). Loaded Objects now: 4363.
Memory consumption went from 121.2 MB to 120.0 MB.
Total: 22.042400 ms (FindLiveObjects: 0.559100 ms CreateObjectMapping: 0.524400 ms MarkObjects: 19.225900 ms  DeleteObjects: 1.731700 ms)

Prepare: number of updated asset objects reloaded= 0
========================================================================
Received Prepare
'Packages/com.dcfa_pixels.dragonecs-unity/src/Connectors/EcsWorldProvider.cs' contains partial class of Unity.Object, exactly 1 of the partial classes needs to be in a file with the same filename. This is to know the one that can be referenced from ie. GameObjects
'Packages/com.dcfa_pixels.dragonecs-unity/src/Buildin/EcsWorldProvider.cs' contains partial class of Unity.Object, exactly 1 of the partial classes needs to be in a file with the same filename. This is to know the one that can be referenced from ie. GameObjects
Refreshing native plugins compatible for Editor in 1.72 ms, found 3 plugins.
Preloading 0 native plugins for Editor in 0.00 ms.
Unloading 0 Unused Serialized files (Serialized files now loaded: 0)
Unloading 3652 unused Assets / (1.3 MB). Loaded Objects now: 4363.
Memory consumption went from 121.3 MB to 120.0 MB.
Total: 22.765100 ms (FindLiveObjects: 0.488100 ms CreateObjectMapping: 0.519500 ms MarkObjects: 19.880400 ms  DeleteObjects: 1.875800 ms)

Prepare: number of updated asset objects reloaded= 0
========================================================================
Received Prepare
Begin MonoManager ReloadAssembly
- Loaded All Assemblies, in  1.800 seconds
'Packages/com.dcfa_pixels.dragonecs-unity/src/Connectors/EcsWorldProvider.cs' contains partial class of Unity.Object, exactly 1 of the partial classes needs to be in a file with the same filename. This is to know the one that can be referenced from ie. GameObjects
'Packages/com.dcfa_pixels.dragonecs-unity/src/Buildin/EcsWorldProvider.cs' contains partial class of Unity.Object, exactly 1 of the partial classes needs to be in a file with the same filename. This is to know the one that can be referenced from ie. GameObjects
Refreshing native plugins compatible for Editor in 1.21 ms, found 3 plugins.
Native extension for WindowsStandalone target not found
Mono: successfully reloaded assembly
[Package Manager] Failed to launch server process. Reason: Unity was launched with the -noUpm command-line argument
[Package Manager] Unable to send message (not connected to server process).
[Package Manager] Cannot connect to Unity Package Manager local server
- Finished resetting the current domain, in  1.664 seconds
Domain Reload Profiling: 3465ms
	BeginReloadAssembly (727ms)
		ExecutionOrderSort (0ms)
		DisableScriptedObjects (28ms)
		BackupInstance (0ms)
		ReleaseScriptingObjects (0ms)
		CreateAndSetChildDomain (110ms)
	RebuildCommonClasses (84ms)
	RebuildNativeTypeToScriptingClass (20ms)
	initialDomainReloadingComplete (73ms)
	LoadAllAssembliesAndSetupDomain (894ms)
		LoadAssemblies (1143ms)
		RebuildTransferFunctionScriptingTraits (0ms)
		AnalyzeDomain (246ms)
			TypeCache.Refresh (25ms)
				TypeCache.ScanAssembly (3ms)
			BuildScriptInfoCaches (199ms)
			ResolveRequiredComponents (9ms)
	FinalizeReload (1666ms)
		ReleaseScriptCaches (0ms)
		RebuildScriptCaches (0ms)
		SetupLoadedEditorAssemblies (1398ms)
			LogAssemblyErrors (0ms)
			InitializePlatformSupportModulesInManaged (3ms)
			SetLoadedEditorAssemblies (5ms)
			BeforeProcessingInitializeOnLoad (51ms)
			ProcessInitializeOnLoadAttributes (746ms)
			ProcessInitializeOnLoadMethodAttributes (590ms)
			AfterProcessingInitializeOnLoad (3ms)
			EditorAssembliesLoaded (0ms)
		ExecutionOrderSort2 (0ms)
		AwakeInstancesAfterBackupRestoration (8ms)
Refreshing native plugins compatible for Editor in 1.97 ms, found 3 plugins.
Preloading 0 native plugins for Editor in 0.00 ms.
Unloading 0 Unused Serialized files (Serialized files now loaded: 0)
Unloading 3669 unused Assets / (2.5 MB). Loaded Objects now: 4363.
Memory consumption went from 121.2 MB to 118.7 MB.
Total: 36.673600 ms (FindLiveObjects: 0.906100 ms CreateObjectMapping: 0.421600 ms MarkObjects: 29.939100 ms  DeleteObjects: 5.404700 ms)

Prepare: number of updated asset objects reloaded= 0
========================================================================
Received Prepare
Begin MonoManager ReloadAssembly
- Loaded All Assemblies, in  1.232 seconds
'Packages/com.dcfa_pixels.dragonecs-unity/src/Connectors/EcsWorldProvider.cs' contains partial class of Unity.Object, exactly 1 of the partial classes needs to be in a file with the same filename. This is to know the one that can be referenced from ie. GameObjects
'Packages/com.dcfa_pixels.dragonecs-unity/src/Buildin/EcsWorldProvider.cs' contains partial class of Unity.Object, exactly 1 of the partial classes needs to be in a file with the same filename. This is to know the one that can be referenced from ie. GameObjects
Refreshing native plugins compatible for Editor in 1.43 ms, found 3 plugins.
Native extension for WindowsStandalone target not found
Mono: successfully reloaded assembly
[Package Manager] Failed to launch server process. Reason: Unity was launched with the -noUpm command-line argument
[Package Manager] Unable to send message (not connected to server process).
[Package Manager] Cannot connect to Unity Package Manager local server
- Finished resetting the current domain, in  1.134 seconds
Domain Reload Profiling: 2369ms
	BeginReloadAssembly (277ms)
		ExecutionOrderSort (0ms)
		DisableScriptedObjects (11ms)
		BackupInstance (0ms)
		ReleaseScriptingObjects (0ms)
		CreateAndSetChildDomain (81ms)
	RebuildCommonClasses (50ms)
	RebuildNativeTypeToScriptingClass (23ms)
	initialDomainReloadingComplete (37ms)
	LoadAllAssembliesAndSetupDomain (848ms)
		LoadAssemblies (596ms)
		RebuildTransferFunctionScriptingTraits (0ms)
		AnalyzeDomain (387ms)
			TypeCache.Refresh (20ms)
				TypeCache.ScanAssembly (5ms)
			BuildScriptInfoCaches (333ms)
			ResolveRequiredComponents (10ms)
	FinalizeReload (1134ms)
		ReleaseScriptCaches (0ms)
		RebuildScriptCaches (0ms)
		SetupLoadedEditorAssemblies (889ms)
			LogAssemblyErrors (0ms)
			InitializePlatformSupportModulesInManaged (3ms)
			SetLoadedEditorAssemblies (8ms)
			BeforeProcessingInitializeOnLoad (53ms)
			ProcessInitializeOnLoadAttributes (540ms)
			ProcessInitializeOnLoadMethodAttributes (283ms)
			AfterProcessingInitializeOnLoad (2ms)
			EditorAssembliesLoaded (0ms)
		ExecutionOrderSort2 (0ms)
		AwakeInstancesAfterBackupRestoration (5ms)
Refreshing native plugins compatible for Editor in 1.60 ms, found 3 plugins.
Preloading 0 native plugins for Editor in 0.00 ms.
Unloading 0 Unused Serialized files (Serialized files now loaded: 0)
Unloading 3669 unused Assets / (2.0 MB). Loaded Objects now: 4363.
Memory consumption went from 121.2 MB to 119.2 MB.
Total: 23.934900 ms (FindLiveObjects: 0.425700 ms CreateObjectMapping: 0.205400 ms MarkObjects: 20.064700 ms  DeleteObjects: 3.236700 ms)

Prepare: number of updated asset objects reloaded= 0
========================================================================
Received Prepare
'Packages/com.dcfa_pixels.dragonecs-unity/src/Connectors/EcsWorldProvider.cs' contains partial class of Unity.Object, exactly 1 of the partial classes needs to be in a file with the same filename. This is to know the one that can be referenced from ie. GameObjects
'Packages/com.dcfa_pixels.dragonecs-unity/src/Buildin/EcsWorldProvider.cs' contains partial class of Unity.Object, exactly 1 of the partial classes needs to be in a file with the same filename. This is to know the one that can be referenced from ie. GameObjects
Refreshing native plugins compatible for Editor in 2.19 ms, found 3 plugins.
Preloading 0 native plugins for Editor in 0.00 ms.
Unloading 0 Unused Serialized files (Serialized files now loaded: 0)
Unloading 3652 unused Assets / (2.5 MB). Loaded Objects now: 4363.
Memory consumption went from 121.3 MB to 118.8 MB.
Total: 35.614800 ms (FindLiveObjects: 0.795500 ms CreateObjectMapping: 0.524000 ms MarkObjects: 29.322700 ms  DeleteObjects: 4.969200 ms)

Prepare: number of updated asset objects reloaded= 0
========================================================================
Received Prepare
Begin MonoManager ReloadAssembly
- Loaded All Assemblies, in  0.924 seconds
'Packages/com.dcfa_pixels.dragonecs-unity/src/Connectors/EcsWorldProvider.cs' contains partial class of Unity.Object, exactly 1 of the partial classes needs to be in a file with the same filename. This is to know the one that can be referenced from ie. GameObjects
'Packages/com.dcfa_pixels.dragonecs-unity/src/Buildin/EcsWorldProvider.cs' contains partial class of Unity.Object, exactly 1 of the partial classes needs to be in a file with the same filename. This is to know the one that can be referenced from ie. GameObjects
Refreshing native plugins compatible for Editor in 1.46 ms, found 3 plugins.
Native extension for WindowsStandalone target not found
Mono: successfully reloaded assembly
[Package Manager] Failed to launch server process. Reason: Unity was launched with the -noUpm command-line argument
[Package Manager] Unable to send message (not connected to server process).
[Package Manager] Cannot connect to Unity Package Manager local server
- Finished resetting the current domain, in  1.144 seconds
Domain Reload Profiling: 2069ms
	BeginReloadAssembly (279ms)
		ExecutionOrderSort (0ms)
		DisableScriptedObjects (7ms)
		BackupInstance (0ms)
		ReleaseScriptingObjects (0ms)
		CreateAndSetChildDomain (78ms)
	RebuildCommonClasses (50ms)
	RebuildNativeTypeToScriptingClass (20ms)
	initialDomainReloadingComplete (32ms)
	LoadAllAssembliesAndSetupDomain (544ms)
		LoadAssemblies (537ms)
		RebuildTransferFunctionScriptingTraits (0ms)
		AnalyzeDomain (157ms)
			TypeCache.Refresh (10ms)
				TypeCache.ScanAssembly (2ms)
			BuildScriptInfoCaches (139ms)
			ResolveRequiredComponents (5ms)
	FinalizeReload (1145ms)
		ReleaseScriptCaches (0ms)
		RebuildScriptCaches (0ms)
		SetupLoadedEditorAssemblies (899ms)
			LogAssemblyErrors (0ms)
			InitializePlatformSupportModulesInManaged (3ms)
			SetLoadedEditorAssemblies (5ms)
			BeforeProcessingInitializeOnLoad (49ms)
			ProcessInitializeOnLoadAttributes (551ms)
			ProcessInitializeOnLoadMethodAttributes (289ms)
			AfterProcessingInitializeOnLoad (3ms)
			EditorAssembliesLoaded (0ms)
		ExecutionOrderSort2 (0ms)
		AwakeInstancesAfterBackupRestoration (6ms)
Refreshing native plugins compatible for Editor in 1.83 ms, found 3 plugins.
Preloading 0 native plugins for Editor in 0.00 ms.
Unloading 0 Unused Serialized files (Serialized files now loaded: 0)
Unloading 3669 unused Assets / (1.7 MB). Loaded Objects now: 4363.
Memory consumption went from 121.2 MB to 119.5 MB.
Total: 22.507800 ms (FindLiveObjects: 0.441700 ms CreateObjectMapping: 0.221700 ms MarkObjects: 19.743100 ms  DeleteObjects: 2.099400 ms)

Prepare: number of updated asset objects reloaded= 0
