Using pre-set license
Built from 'trunk' branch; Version is '6000.0.11f1 (fa01dd6b76d5) revision 16384477'; Using compiler version '193933523'; Build Type 'Release'
OS: 'Windows 10  (10.0.19044) 64bit Professional' Language: 'ru' Physical Memory: 7561 MB
BatchMode: 1, IsHumanControllingUs: 0, StartBugReporterOnCrash: 0, Is64bit: 1, IsPro: 1

COMMAND LINE ARGUMENTS:
D:\games\Unity\Unity Files (Dont Touch)\2021.3.9f1\6000.0.11f1\Editor\Unity.exe
-adb2
-batchMode
-noUpm
-name
AssetImportWorker4
-projectPath
D:/games/SlidingCubesGame/SlidingBlocksGame
-logFile
Logs/AssetImportWorker4.log
-srvPort
63846
-job-worker-count
5
-background-job-worker-count
8
-asset-garbage-collectors
1
Successfully changed project path to: D:/games/SlidingCubesGame/SlidingBlocksGame
D:/games/SlidingCubesGame/SlidingBlocksGame
[UnityMemory] Configuration Parameters - Can be set up in boot.config
    "memorysetup-bucket-allocator-granularity=16"
    "memorysetup-bucket-allocator-bucket-count=8"
    "memorysetup-bucket-allocator-block-size=33554432"
    "memorysetup-bucket-allocator-block-count=8"
    "memorysetup-main-allocator-block-size=16777216"
    "memorysetup-thread-allocator-block-size=16777216"
    "memorysetup-gfx-main-allocator-block-size=16777216"
    "memorysetup-gfx-thread-allocator-block-size=16777216"
    "memorysetup-cache-allocator-block-size=4194304"
    "memorysetup-typetree-allocator-block-size=2097152"
    "memorysetup-profiler-bucket-allocator-granularity=16"
    "memorysetup-profiler-bucket-allocator-bucket-count=8"
    "memorysetup-profiler-bucket-allocator-block-size=33554432"
    "memorysetup-profiler-bucket-allocator-block-count=8"
    "memorysetup-profiler-allocator-block-size=16777216"
    "memorysetup-profiler-editor-allocator-block-size=1048576"
    "memorysetup-temp-allocator-size-main=16777216"
    "memorysetup-job-temp-allocator-block-size=2097152"
    "memorysetup-job-temp-allocator-block-size-background=1048576"
    "memorysetup-job-temp-allocator-reduction-small-platforms=262144"
    "memorysetup-allocator-temp-initial-block-size-main=262144"
    "memorysetup-allocator-temp-initial-block-size-worker=262144"
    "memorysetup-temp-allocator-size-background-worker=32768"
    "memorysetup-temp-allocator-size-job-worker=262144"
    "memorysetup-temp-allocator-size-preload-manager=33554432"
    "memorysetup-temp-allocator-size-nav-mesh-worker=65536"
    "memorysetup-temp-allocator-size-audio-worker=65536"
    "memorysetup-temp-allocator-size-cloud-worker=32768"
    "memorysetup-temp-allocator-size-gi-baking-worker=262144"
    "memorysetup-temp-allocator-size-gi-baking-worker=262144"
    "memorysetup-temp-allocator-size-gi-baking-worker=262144"
    "memorysetup-temp-allocator-size-gi-baking-worker=262144"
    "memorysetup-temp-allocator-size-gi-baking-worker=262144"
    "memorysetup-temp-allocator-size-gfx=262144"
Player connection [15280]  Target information:

Player connection [15280]  * "[IP] 192.168.170.120 [Port] 0 [Flags] 2 [Guid] 110958441 [EditorId] 110958441 [Version] 1048832 [Id] WindowsEditor(7,DESKTOP-J7U7MAN) [Debug] 1 [PackageName] WindowsEditor [ProjectName] Editor" 

Player connection [15280] Host joined multi-casting on [225.0.0.222:54997]...
Player connection [15280] Host joined alternative multi-casting on [225.0.0.222:34997]...
JobSystem: Creating JobQueue using job-worker-count value 5
Library Redirect Path: Library/
[PhysX] Initialized MultithreadedTaskDispatcher with 6 workers.
Refreshing native plugins compatible for Editor in 1.68 ms, found 3 plugins.
Preloading 0 native plugins for Editor in 0.00 ms.
Initialize engine version: 6000.0.11f1 (fa01dd6b76d5)
[Subsystems] Discovering subsystems at path D:/games/Unity/Unity Files (Dont Touch)/2021.3.9f1/6000.0.11f1/Editor/Data/Resources/UnitySubsystems
[Subsystems] Discovering subsystems at path D:/games/SlidingCubesGame/SlidingBlocksGame/Assets
GfxDevice: creating device client; kGfxThreadingModeNonThreaded
Direct3D:
    Version:  Direct3D 11.0 [level 11.1]
    Renderer: AMD Radeon (TM) Graphics (ID=0x15e7)
    Vendor:   ATI
    VRAM:     3780 MB
    Driver:   31.0.12018.5
Initialize mono
Mono path[0] = 'D:/games/Unity/Unity Files (Dont Touch)/2021.3.9f1/6000.0.11f1/Editor/Data/Managed'
Mono path[1] = 'D:/games/Unity/Unity Files (Dont Touch)/2021.3.9f1/6000.0.11f1/Editor/Data/MonoBleedingEdge/lib/mono/unityjit-win32'
Mono config path = 'D:/games/Unity/Unity Files (Dont Touch)/2021.3.9f1/6000.0.11f1/Editor/Data/MonoBleedingEdge/etc'
Using monoOptions --debugger-agent=transport=dt_socket,embedding=1,server=y,suspend=n,address=127.0.0.1:56760
Begin MonoManager ReloadAssembly
Registering precompiled unity dll's ...
Register platform support module: D:/games/Unity/Unity Files (Dont Touch)/2021.3.9f1/6000.0.11f1/Editor/Data/PlaybackEngines/WindowsStandaloneSupport/UnityEditor.WindowsStandalone.Extensions.dll
Registered in 0.001760 seconds.
- Loaded All Assemblies, in  0.362 seconds
Native extension for WindowsStandalone target not found
Mono: successfully reloaded assembly
- Finished resetting the current domain, in  0.360 seconds
Domain Reload Profiling: 722ms
	BeginReloadAssembly (123ms)
		ExecutionOrderSort (0ms)
		DisableScriptedObjects (0ms)
		BackupInstance (0ms)
		ReleaseScriptingObjects (0ms)
		CreateAndSetChildDomain (1ms)
	RebuildCommonClasses (36ms)
	RebuildNativeTypeToScriptingClass (11ms)
	initialDomainReloadingComplete (42ms)
	LoadAllAssembliesAndSetupDomain (150ms)
		LoadAssemblies (122ms)
		RebuildTransferFunctionScriptingTraits (0ms)
		AnalyzeDomain (147ms)
			TypeCache.Refresh (145ms)
				TypeCache.ScanAssembly (132ms)
			BuildScriptInfoCaches (0ms)
			ResolveRequiredComponents (0ms)
	FinalizeReload (360ms)
		ReleaseScriptCaches (0ms)
		RebuildScriptCaches (0ms)
		SetupLoadedEditorAssemblies (323ms)
			LogAssemblyErrors (0ms)
			InitializePlatformSupportModulesInManaged (25ms)
			SetLoadedEditorAssemblies (4ms)
			BeforeProcessingInitializeOnLoad (5ms)
			ProcessInitializeOnLoadAttributes (147ms)
			ProcessInitializeOnLoadMethodAttributes (141ms)
			AfterProcessingInitializeOnLoad (0ms)
			EditorAssembliesLoaded (0ms)
		ExecutionOrderSort2 (0ms)
		AwakeInstancesAfterBackupRestoration (0ms)
========================================================================
Worker process is ready to serve import requests
Import Worker Mode flag is 0x00
Begin MonoManager ReloadAssembly
- Loaded All Assemblies, in  0.805 seconds
'Packages/com.dcfa_pixels.dragonecs-unity/src/Connectors/EcsWorldProvider.cs' contains partial class of Unity.Object, exactly 1 of the partial classes needs to be in a file with the same filename. This is to know the one that can be referenced from ie. GameObjects
'Packages/com.dcfa_pixels.dragonecs-unity/src/Buildin/EcsWorldProvider.cs' contains partial class of Unity.Object, exactly 1 of the partial classes needs to be in a file with the same filename. This is to know the one that can be referenced from ie. GameObjects
Refreshing native plugins compatible for Editor in 1.41 ms, found 3 plugins.
Native extension for WindowsStandalone target not found
Launched and connected shader compiler UnityShaderCompiler.exe after 0.02 seconds
Mono: successfully reloaded assembly
Package Manager log level set to [2]
[Package Manager] Failed to launch server process. Reason: Unity was launched with the -noUpm command-line argument
[Package Manager] Unable to send message (not connected to server process).
[Package Manager] Cannot connect to Unity Package Manager local server
[Package Manager] Failed to launch server process. Reason: Unity was launched with the -noUpm command-line argument
[Package Manager] Unable to send message (not connected to server process).
[Package Manager] Cannot connect to Unity Package Manager local server
- Finished resetting the current domain, in  0.980 seconds
Domain Reload Profiling: 1785ms
	BeginReloadAssembly (338ms)
		ExecutionOrderSort (0ms)
		DisableScriptedObjects (5ms)
		BackupInstance (0ms)
		ReleaseScriptingObjects (0ms)
		CreateAndSetChildDomain (34ms)
	RebuildCommonClasses (30ms)
	RebuildNativeTypeToScriptingClass (10ms)
	initialDomainReloadingComplete (31ms)
	LoadAllAssembliesAndSetupDomain (395ms)
		LoadAssemblies (323ms)
		RebuildTransferFunctionScriptingTraits (0ms)
		AnalyzeDomain (163ms)
			TypeCache.Refresh (123ms)
				TypeCache.ScanAssembly (110ms)
			BuildScriptInfoCaches (33ms)
			ResolveRequiredComponents (4ms)
	FinalizeReload (981ms)
		ReleaseScriptCaches (0ms)
		RebuildScriptCaches (0ms)
		SetupLoadedEditorAssemblies (772ms)
			LogAssemblyErrors (0ms)
			InitializePlatformSupportModulesInManaged (2ms)
			SetLoadedEditorAssemblies (5ms)
			BeforeProcessingInitializeOnLoad (37ms)
			ProcessInitializeOnLoadAttributes (452ms)
			ProcessInitializeOnLoadMethodAttributes (274ms)
			AfterProcessingInitializeOnLoad (2ms)
			EditorAssembliesLoaded (0ms)
		ExecutionOrderSort2 (0ms)
		AwakeInstancesAfterBackupRestoration (4ms)
Refreshing native plugins compatible for Editor in 1.28 ms, found 3 plugins.
Preloading 0 native plugins for Editor in 0.00 ms.
Unloading 10 Unused Serialized files (Serialized files now loaded: 0)
Unloading 3669 unused Assets / (1.1 MB). Loaded Objects now: 4315.
Memory consumption went from 122.7 MB to 121.6 MB.
Total: 19.674300 ms (FindLiveObjects: 0.403600 ms CreateObjectMapping: 0.205800 ms MarkObjects: 17.850700 ms  DeleteObjects: 1.212200 ms)

========================================================================
Received Import Request.
  Time since last request: 5868.226534 seconds.
  path: Assets/Lowpoly Cube Animals 3D/Prefabs/Bear.prefab
  artifactKey: Guid(65f20087f41a4f447bfcbf7bad048d1d) Importer(815301076,1909f56bfc062723c751e8b465ee728b)
Start importing Assets/Lowpoly Cube Animals 3D/Prefabs/Bear.prefab using Guid(65f20087f41a4f447bfcbf7bad048d1d) Importer(815301076,1909f56bfc062723c751e8b465ee728b) (PreviewImporter)[PhysX] Initialized MultithreadedTaskDispatcher with 6 workers.
[PhysX] Initialized MultithreadedTaskDispatcher with 6 workers.
 -> (artifact id: '15e64a679dec392d03dfdf1d3bdc6285') in 0.1003265 seconds
Number of updated asset objects reloaded before import = 0Number of asset objects unloaded after import = 14

========================================================================
Received Import Request.
  Time since last request: 0.530720 seconds.
  path: Assets/Lowpoly Cube Animals 3D/Prefabs/Bull.prefab
  artifactKey: Guid(82b32c306a1326440b03fe84da8526c6) Importer(815301076,1909f56bfc062723c751e8b465ee728b)
Start importing Assets/Lowpoly Cube Animals 3D/Prefabs/Bull.prefab using Guid(82b32c306a1326440b03fe84da8526c6) Importer(815301076,1909f56bfc062723c751e8b465ee728b) (PreviewImporter)[PhysX] Initialized MultithreadedTaskDispatcher with 6 workers.
[PhysX] Initialized MultithreadedTaskDispatcher with 6 workers.
 -> (artifact id: 'ae856822c32f2d3ee73f2abf1e94251a') in 0.007067 seconds
Number of updated asset objects reloaded before import = 0Number of asset objects unloaded after import = 13

========================================================================
Received Import Request.
  Time since last request: 5.813655 seconds.
  path: Assets/Lowpoly Cube Animals 3D/Prefabs/Cow.prefab
  artifactKey: Guid(45a25154eb5e9bc48a78f55f1faf819e) Importer(815301076,1909f56bfc062723c751e8b465ee728b)
Start importing Assets/Lowpoly Cube Animals 3D/Prefabs/Cow.prefab using Guid(45a25154eb5e9bc48a78f55f1faf819e) Importer(815301076,1909f56bfc062723c751e8b465ee728b) (PreviewImporter)[PhysX] Initialized MultithreadedTaskDispatcher with 6 workers.
[PhysX] Initialized MultithreadedTaskDispatcher with 6 workers.
 -> (artifact id: 'a234a42ee349729898a3122724bb5fb6') in 0.0108035 seconds
Number of updated asset objects reloaded before import = 0Number of asset objects unloaded after import = 15

========================================================================
Received Import Request.
  Time since last request: 0.977754 seconds.
  path: Assets/Lowpoly Cube Animals 3D/Prefabs/Bull.prefab
  artifactKey: Guid(82b32c306a1326440b03fe84da8526c6) Importer(2089858483,0ecaa5967403d082aa24f35e1b516d23)
Start importing Assets/Lowpoly Cube Animals 3D/Prefabs/Bull.prefab using Guid(82b32c306a1326440b03fe84da8526c6) Importer(2089858483,0ecaa5967403d082aa24f35e1b516d23) (ScriptedImporter)[PhysX] Initialized MultithreadedTaskDispatcher with 6 workers.
 -> (artifact id: '770d26c676b734d1ce195c726ea71dc5') in 0.0902961 seconds
Number of updated asset objects reloaded before import = 0Number of asset objects unloaded after import = 11

========================================================================
Received Import Request.
  Time since last request: 14.572021 seconds.
  path: Assets/Lowpoly Cube Animals 3D/Prefabs/Lion.prefab
  artifactKey: Guid(c3b332594781a584d869682713bc1e4d) Importer(2089858483,0ecaa5967403d082aa24f35e1b516d23)
Start importing Assets/Lowpoly Cube Animals 3D/Prefabs/Lion.prefab using Guid(c3b332594781a584d869682713bc1e4d) Importer(2089858483,0ecaa5967403d082aa24f35e1b516d23) (ScriptedImporter)[PhysX] Initialized MultithreadedTaskDispatcher with 6 workers.
 -> (artifact id: 'ec82f0a32489581a37fba38207bebc5e') in 0.010508 seconds
Number of updated asset objects reloaded before import = 0Number of asset objects unloaded after import = 7

========================================================================
Received Import Request.
  Time since last request: 2.050308 seconds.
  path: Assets/Lowpoly Cube Animals 3D/Prefabs/Panda.prefab
  artifactKey: Guid(f6486c20d58ef1e49aa08975011e1926) Importer(815301076,1909f56bfc062723c751e8b465ee728b)
Start importing Assets/Lowpoly Cube Animals 3D/Prefabs/Panda.prefab using Guid(f6486c20d58ef1e49aa08975011e1926) Importer(815301076,1909f56bfc062723c751e8b465ee728b) (PreviewImporter)[PhysX] Initialized MultithreadedTaskDispatcher with 6 workers.
[PhysX] Initialized MultithreadedTaskDispatcher with 6 workers.
 -> (artifact id: 'e408c6e5e9eb898e8a7f166ddfee45be') in 0.0122544 seconds
Number of updated asset objects reloaded before import = 0Number of asset objects unloaded after import = 14

========================================================================
Received Import Request.
  Time since last request: 4.307559 seconds.
  path: Assets/Lowpoly Cube Animals 3D/Prefabs/Wall.prefab
  artifactKey: Guid(fdb28bf94a500d1438dcde2dbb8e90a5) Importer(815301076,1909f56bfc062723c751e8b465ee728b)
Start importing Assets/Lowpoly Cube Animals 3D/Prefabs/Wall.prefab using Guid(fdb28bf94a500d1438dcde2dbb8e90a5) Importer(815301076,1909f56bfc062723c751e8b465ee728b) (PreviewImporter)[PhysX] Initialized MultithreadedTaskDispatcher with 6 workers.
[PhysX] Initialized MultithreadedTaskDispatcher with 6 workers.
 -> (artifact id: '14d868b6bef05081d401af6fd7470356') in 0.0075741 seconds
Number of updated asset objects reloaded before import = 0Number of asset objects unloaded after import = 8

========================================================================
Received Import Request.
  Time since last request: 9.594454 seconds.
  path: Assets/Lowpoly Cube Animals 3D/Prefabs/_Bull.prefab
  artifactKey: Guid(b1c88c954cbc00e47857818dc24e4815) Importer(815301076,1909f56bfc062723c751e8b465ee728b)
Start importing Assets/Lowpoly Cube Animals 3D/Prefabs/_Bull.prefab using Guid(b1c88c954cbc00e47857818dc24e4815) Importer(815301076,1909f56bfc062723c751e8b465ee728b) (PreviewImporter)[PhysX] Initialized MultithreadedTaskDispatcher with 6 workers.
[PhysX] Initialized MultithreadedTaskDispatcher with 6 workers.
 -> (artifact id: 'd0a0a0d75c91378ccc9ad3a02d24f9f9') in 0.0081417 seconds
Number of updated asset objects reloaded before import = 0Number of asset objects unloaded after import = 14

========================================================================
Received Import Request.
  Time since last request: 0.967468 seconds.
  path: Assets/Lowpoly Cube Animals 3D/Prefabs/_Bull.prefab
  artifactKey: Guid(b1c88c954cbc00e47857818dc24e4815) Importer(2089858483,0ecaa5967403d082aa24f35e1b516d23)
Start importing Assets/Lowpoly Cube Animals 3D/Prefabs/_Bull.prefab using Guid(b1c88c954cbc00e47857818dc24e4815) Importer(2089858483,0ecaa5967403d082aa24f35e1b516d23) (ScriptedImporter)[PhysX] Initialized MultithreadedTaskDispatcher with 6 workers.
 -> (artifact id: '76926cf615d53d0c96e3e2c1fac2849c') in 0.0066985 seconds
Number of updated asset objects reloaded before import = 0Number of asset objects unloaded after import = 11

========================================================================
Received Import Request.
  Time since last request: 11.073172 seconds.
  path: Assets/Lowpoly Cube Animals 3D/Prefabs/_Bull.prefab
  artifactKey: Guid(b1c88c954cbc00e47857818dc24e4815) Importer(815301076,1909f56bfc062723c751e8b465ee728b)
Start importing Assets/Lowpoly Cube Animals 3D/Prefabs/_Bull.prefab using Guid(b1c88c954cbc00e47857818dc24e4815) Importer(815301076,1909f56bfc062723c751e8b465ee728b) (PreviewImporter)[PhysX] Initialized MultithreadedTaskDispatcher with 6 workers.
[PhysX] Initialized MultithreadedTaskDispatcher with 6 workers.
 -> (artifact id: '5d72ba57311d0001dd00c65d8a91a6d5') in 0.0110132 seconds
Number of updated asset objects reloaded before import = 0Number of asset objects unloaded after import = 15

========================================================================
Received Import Request.
  Time since last request: 0.955139 seconds.
  path: Assets/Lowpoly Cube Animals 3D/Prefabs/_Bull.prefab
  artifactKey: Guid(b1c88c954cbc00e47857818dc24e4815) Importer(2089858483,0ecaa5967403d082aa24f35e1b516d23)
Start importing Assets/Lowpoly Cube Animals 3D/Prefabs/_Bull.prefab using Guid(b1c88c954cbc00e47857818dc24e4815) Importer(2089858483,0ecaa5967403d082aa24f35e1b516d23) (ScriptedImporter)[PhysX] Initialized MultithreadedTaskDispatcher with 6 workers.
 -> (artifact id: '2531ea2b0f1c578f8f2b463d894bc366') in 0.0065098 seconds
Number of updated asset objects reloaded before import = 0Number of asset objects unloaded after import = 11

========================================================================
Received Import Request.
  Time since last request: 0.239002 seconds.
  path: Assets/Lowpoly Cube Animals 3D/Prefabs/_Bull.prefab
  artifactKey: Guid(b1c88c954cbc00e47857818dc24e4815) Importer(815301076,1909f56bfc062723c751e8b465ee728b)
Start importing Assets/Lowpoly Cube Animals 3D/Prefabs/_Bull.prefab using Guid(b1c88c954cbc00e47857818dc24e4815) Importer(815301076,1909f56bfc062723c751e8b465ee728b) (PreviewImporter)[PhysX] Initialized MultithreadedTaskDispatcher with 6 workers.
[PhysX] Initialized MultithreadedTaskDispatcher with 6 workers.
 -> (artifact id: '02bab69217b2fe208ab25609cb4278d1') in 0.0081232 seconds
Number of updated asset objects reloaded before import = 0Number of asset objects unloaded after import = 14

========================================================================
Received Import Request.
  Time since last request: 38.769503 seconds.
  path: Assets/Lowpoly Cube Animals 3D/Prefabs/_Bull.prefab
  artifactKey: Guid(b1c88c954cbc00e47857818dc24e4815) Importer(2089858483,0ecaa5967403d082aa24f35e1b516d23)
Start importing Assets/Lowpoly Cube Animals 3D/Prefabs/_Bull.prefab using Guid(b1c88c954cbc00e47857818dc24e4815) Importer(2089858483,0ecaa5967403d082aa24f35e1b516d23) (ScriptedImporter)[PhysX] Initialized MultithreadedTaskDispatcher with 6 workers.
 -> (artifact id: '7248ccaec43f9cc88a6470bb0dcda45a') in 0.0104422 seconds
Number of updated asset objects reloaded before import = 0Number of asset objects unloaded after import = 11

========================================================================
Received Import Request.
  Time since last request: 99.695307 seconds.
  path: Assets/Lowpoly Cube Animals 3D/Textures/palette-cubes.png
  artifactKey: Guid(9ea5ba44e82fef7428a13c6b6c08bc05) Importer(815301076,1909f56bfc062723c751e8b465ee728b)
Start importing Assets/Lowpoly Cube Animals 3D/Textures/palette-cubes.png using Guid(9ea5ba44e82fef7428a13c6b6c08bc05) Importer(815301076,1909f56bfc062723c751e8b465ee728b) (PreviewImporter)[PhysX] Initialized MultithreadedTaskDispatcher with 6 workers.
[PhysX] Initialized MultithreadedTaskDispatcher with 6 workers.
 -> (artifact id: '8b6abfad5e64323fa53244ca61d52cec') in 0.0137398 seconds
Number of updated asset objects reloaded before import = 0Number of asset objects unloaded after import = 2

========================================================================
Received Import Request.
  Time since last request: 51.991758 seconds.
  path: Assets/Lowpoly Cube Animals 3D/Prefabs/Cow.prefab
  artifactKey: Guid(45a25154eb5e9bc48a78f55f1faf819e) Importer(2089858483,0ecaa5967403d082aa24f35e1b516d23)
Start importing Assets/Lowpoly Cube Animals 3D/Prefabs/Cow.prefab using Guid(45a25154eb5e9bc48a78f55f1faf819e) Importer(2089858483,0ecaa5967403d082aa24f35e1b516d23) (ScriptedImporter)[PhysX] Initialized MultithreadedTaskDispatcher with 6 workers.
 -> (artifact id: 'f29f325218fa7d8ef41d72ada7a200fd') in 0.0080663 seconds
Number of updated asset objects reloaded before import = 0Number of asset objects unloaded after import = 11

========================================================================
Received Import Request.
  Time since last request: 7.592618 seconds.
  path: Assets/Lowpoly Cube Animals 3D/Prefabs/_Bull.prefab
  artifactKey: Guid(b1c88c954cbc00e47857818dc24e4815) Importer(815301076,1909f56bfc062723c751e8b465ee728b)
Start importing Assets/Lowpoly Cube Animals 3D/Prefabs/_Bull.prefab using Guid(b1c88c954cbc00e47857818dc24e4815) Importer(815301076,1909f56bfc062723c751e8b465ee728b) (PreviewImporter)[PhysX] Initialized MultithreadedTaskDispatcher with 6 workers.
[PhysX] Initialized MultithreadedTaskDispatcher with 6 workers.
 -> (artifact id: 'b23ae80ff33712d0ffffde4837e5eb10') in 0.0092146 seconds
Number of updated asset objects reloaded before import = 0Number of asset objects unloaded after import = 14

========================================================================
Received Import Request.
  Time since last request: 0.835623 seconds.
  path: Assets/Lowpoly Cube Animals 3D/Prefabs/Lion.prefab
  artifactKey: Guid(c3b332594781a584d869682713bc1e4d) Importer(815301076,1909f56bfc062723c751e8b465ee728b)
Start importing Assets/Lowpoly Cube Animals 3D/Prefabs/Lion.prefab using Guid(c3b332594781a584d869682713bc1e4d) Importer(815301076,1909f56bfc062723c751e8b465ee728b) (PreviewImporter)[PhysX] Initialized MultithreadedTaskDispatcher with 6 workers.
[PhysX] Initialized MultithreadedTaskDispatcher with 6 workers.
 -> (artifact id: '5914e74e1c89fac2014f03c1c2dae8d8') in 0.0091449 seconds
Number of updated asset objects reloaded before import = 0Number of asset objects unloaded after import = 8

========================================================================
Received Import Request.
  Time since last request: 81.860575 seconds.
  path: Assets/Lowpoly Cube Animals 3D/Textures/cloud_2x2_hard.png
  artifactKey: Guid(fd601fd09c034c8418d22cb4f487ae7e) Importer(2089858483,0ecaa5967403d082aa24f35e1b516d23)
Start importing Assets/Lowpoly Cube Animals 3D/Textures/cloud_2x2_hard.png using Guid(fd601fd09c034c8418d22cb4f487ae7e) Importer(2089858483,0ecaa5967403d082aa24f35e1b516d23) (ScriptedImporter)[PhysX] Initialized MultithreadedTaskDispatcher with 6 workers.
 -> (artifact id: 'acce21c108977d4f36c4ae218ac0f437') in 0.0321437 seconds
Number of updated asset objects reloaded before import = 0Number of asset objects unloaded after import = 1

========================================================================
Received Import Request.
  Time since last request: 25.262732 seconds.
  path: Assets/Lowpoly Cube Animals 3D/Prefabs/Bull.prefab
  artifactKey: Guid(82b32c306a1326440b03fe84da8526c6) Importer(815301076,1909f56bfc062723c751e8b465ee728b)
Start importing Assets/Lowpoly Cube Animals 3D/Prefabs/Bull.prefab using Guid(82b32c306a1326440b03fe84da8526c6) Importer(815301076,1909f56bfc062723c751e8b465ee728b) (PreviewImporter)[PhysX] Initialized MultithreadedTaskDispatcher with 6 workers.
[PhysX] Initialized MultithreadedTaskDispatcher with 6 workers.
 -> (artifact id: '0e827b9bddd7597857e9d0cc76296eec') in 0.0080953 seconds
Number of updated asset objects reloaded before import = 0Number of asset objects unloaded after import = 14

========================================================================
Received Import Request.
  Time since last request: 16.028020 seconds.
  path: Assets/Lowpoly Cube Animals 3D/Prefabs/Cow.prefab
  artifactKey: Guid(45a25154eb5e9bc48a78f55f1faf819e) Importer(815301076,1909f56bfc062723c751e8b465ee728b)
Start importing Assets/Lowpoly Cube Animals 3D/Prefabs/Cow.prefab using Guid(45a25154eb5e9bc48a78f55f1faf819e) Importer(815301076,1909f56bfc062723c751e8b465ee728b) (PreviewImporter)[PhysX] Initialized MultithreadedTaskDispatcher with 6 workers.
[PhysX] Initialized MultithreadedTaskDispatcher with 6 workers.
 -> (artifact id: '015ff763efd7cca248a0c14af760d844') in 0.0085824 seconds
Number of updated asset objects reloaded before import = 0Number of asset objects unloaded after import = 14

========================================================================
Received Import Request.
  Time since last request: 65.647225 seconds.
  path: Assets/Lowpoly Cube Animals 3D/Material/TileMaterial.mat
  artifactKey: Guid(806080bfc8cd32c49bdf18ab3c04402f) Importer(2089858483,0ecaa5967403d082aa24f35e1b516d23)
Start importing Assets/Lowpoly Cube Animals 3D/Material/TileMaterial.mat using Guid(806080bfc8cd32c49bdf18ab3c04402f) Importer(2089858483,0ecaa5967403d082aa24f35e1b516d23) (ScriptedImporter)[PhysX] Initialized MultithreadedTaskDispatcher with 6 workers.
 -> (artifact id: 'b4f0cf8d1399122d39e8bf91cd3c549f') in 0.0089656 seconds
Number of updated asset objects reloaded before import = 0Number of asset objects unloaded after import = 2

========================================================================
Received Import Request.
  Time since last request: 50.430123 seconds.
  path: Assets/Lowpoly Cube Animals 3D/Material/TileMaterial_0.mat
  artifactKey: Guid(806080bfc8cd32c49bdf18ab3c04402f) Importer(2089858483,0ecaa5967403d082aa24f35e1b516d23)
Start importing Assets/Lowpoly Cube Animals 3D/Material/TileMaterial_0.mat using Guid(806080bfc8cd32c49bdf18ab3c04402f) Importer(2089858483,0ecaa5967403d082aa24f35e1b516d23) (ScriptedImporter)[PhysX] Initialized MultithreadedTaskDispatcher with 6 workers.
 -> (artifact id: '532ed44b92275a23b50caffe909cc721') in 0.0044297 seconds
Number of updated asset objects reloaded before import = 0Number of asset objects unloaded after import = 2

========================================================================
Received Import Request.
  Time since last request: 238.349374 seconds.
  path: Assets/Material/Coin_Material.mat
  artifactKey: Guid(ce16c9be5e8f1c54eb279440e73659cb) Importer(2089858483,0ecaa5967403d082aa24f35e1b516d23)
Start importing Assets/Material/Coin_Material.mat using Guid(ce16c9be5e8f1c54eb279440e73659cb) Importer(2089858483,0ecaa5967403d082aa24f35e1b516d23) (ScriptedImporter)[PhysX] Initialized MultithreadedTaskDispatcher with 6 workers.
 -> (artifact id: 'bd5bc7324ce7f39c862e4965af39575a') in 0.0076683 seconds
Number of updated asset objects reloaded before import = 0Number of asset objects unloaded after import = 2

========================================================================
Received Import Request.
  Time since last request: 7.292090 seconds.
  path: Assets/Material/Grass_Material.mat
  artifactKey: Guid(fdd827e562d3ef24db28636e4b0eb273) Importer(2089858483,0ecaa5967403d082aa24f35e1b516d23)
Start importing Assets/Material/Grass_Material.mat using Guid(fdd827e562d3ef24db28636e4b0eb273) Importer(2089858483,0ecaa5967403d082aa24f35e1b516d23) (ScriptedImporter)[PhysX] Initialized MultithreadedTaskDispatcher with 6 workers.
 -> (artifact id: 'ff8f98d90cc7940bda8b0838306c4f80') in 0.0068894 seconds
Number of updated asset objects reloaded before import = 0Number of asset objects unloaded after import = 2

========================================================================
Received Import Request.
  Time since last request: 31.618419 seconds.
  path: Assets/Material/GreenLeafs_Material.mat
  artifactKey: Guid(d50327eefcae406468e433d25173c08d) Importer(2089858483,0ecaa5967403d082aa24f35e1b516d23)
Start importing Assets/Material/GreenLeafs_Material.mat using Guid(d50327eefcae406468e433d25173c08d) Importer(2089858483,0ecaa5967403d082aa24f35e1b516d23) (ScriptedImporter)[PhysX] Initialized MultithreadedTaskDispatcher with 6 workers.
 -> (artifact id: '399dc58d27d16c6777670042593300dd') in 0.0040593 seconds
Number of updated asset objects reloaded before import = 0Number of asset objects unloaded after import = 1

========================================================================
Received Import Request.
  Time since last request: 5.991702 seconds.
  path: Assets/Material/GreenLeaf_Material.mat
  artifactKey: Guid(d50327eefcae406468e433d25173c08d) Importer(2089858483,0ecaa5967403d082aa24f35e1b516d23)
Start importing Assets/Material/GreenLeaf_Material.mat using Guid(d50327eefcae406468e433d25173c08d) Importer(2089858483,0ecaa5967403d082aa24f35e1b516d23) (ScriptedImporter)[PhysX] Initialized MultithreadedTaskDispatcher with 6 workers.
 -> (artifact id: 'e632f435dca419f64bd492fba333a93b') in 0.0054652 seconds
Number of updated asset objects reloaded before import = 0Number of asset objects unloaded after import = 1

========================================================================
Received Import Request.
  Time since last request: 16.733050 seconds.
  path: Assets/Coin.prefab
  artifactKey: Guid(d19eb0a3287b1904d90b47b592422bd2) Importer(815301076,1909f56bfc062723c751e8b465ee728b)
Start importing Assets/Coin.prefab using Guid(d19eb0a3287b1904d90b47b592422bd2) Importer(815301076,1909f56bfc062723c751e8b465ee728b) (PreviewImporter)[PhysX] Initialized MultithreadedTaskDispatcher with 6 workers.
[PhysX] Initialized MultithreadedTaskDispatcher with 6 workers.
 -> (artifact id: 'c3fa3d5774bfc70ea3287e2c7bdadca6') in 0.0066441 seconds
Number of updated asset objects reloaded before import = 0Number of asset objects unloaded after import = 9

========================================================================
Received Import Request.
  Time since last request: 7.276156 seconds.
  path: Assets/Lowpoly Cube Animals 3D/Coin.prefab
  artifactKey: Guid(d19eb0a3287b1904d90b47b592422bd2) Importer(2089858483,0ecaa5967403d082aa24f35e1b516d23)
Start importing Assets/Lowpoly Cube Animals 3D/Coin.prefab using Guid(d19eb0a3287b1904d90b47b592422bd2) Importer(2089858483,0ecaa5967403d082aa24f35e1b516d23) (ScriptedImporter)[PhysX] Initialized MultithreadedTaskDispatcher with 6 workers.
 -> (artifact id: 'cea7edceda7466b84fbdbc5c67ca95a3') in 0.0064084 seconds
Number of updated asset objects reloaded before import = 0Number of asset objects unloaded after import = 7

========================================================================
Received Import Request.
  Time since last request: 0.000016 seconds.
  path: Assets/Lowpoly Cube Animals 3D/FX.prefab
  artifactKey: Guid(6cb8d13d2038d504a82630f29e139e88) Importer(2089858483,0ecaa5967403d082aa24f35e1b516d23)
Start importing Assets/Lowpoly Cube Animals 3D/FX.prefab using Guid(6cb8d13d2038d504a82630f29e139e88) Importer(2089858483,0ecaa5967403d082aa24f35e1b516d23) (ScriptedImporter)[PhysX] Initialized MultithreadedTaskDispatcher with 6 workers.
 -> (artifact id: 'f5aeb701fc570fc7325aad30ca4ac9f7') in 0.1096235 seconds
Number of updated asset objects reloaded before import = 0Number of asset objects unloaded after import = 6

========================================================================
Received Import Request.
  Time since last request: 2.966812 seconds.
  path: Assets/Texture2D/shop.png
  artifactKey: Guid(0bd175397a552a84cb69553b43b4aa21) Importer(815301076,1909f56bfc062723c751e8b465ee728b)
Start importing Assets/Texture2D/shop.png using Guid(0bd175397a552a84cb69553b43b4aa21) Importer(815301076,1909f56bfc062723c751e8b465ee728b) (PreviewImporter)[PhysX] Initialized MultithreadedTaskDispatcher with 6 workers.
[PhysX] Initialized MultithreadedTaskDispatcher with 6 workers.
 -> (artifact id: '2e71ab213c910700b0ee84b5328c47f6') in 0.0317823 seconds
Number of updated asset objects reloaded before import = 0Number of asset objects unloaded after import = 3

========================================================================
Received Import Request.
  Time since last request: 8.182616 seconds.
  path: Assets/Lowpoly Cube Animals 3D/Material/0-material.mat
  artifactKey: Guid(f8d8455d6db947442b4c9d3bf700ec99) Importer(2089858483,0ecaa5967403d082aa24f35e1b516d23)
Start importing Assets/Lowpoly Cube Animals 3D/Material/0-material.mat using Guid(f8d8455d6db947442b4c9d3bf700ec99) Importer(2089858483,0ecaa5967403d082aa24f35e1b516d23) (ScriptedImporter)[PhysX] Initialized MultithreadedTaskDispatcher with 6 workers.
 -> (artifact id: '69990b270e15b9f820f2c6d8d5ffee98') in 0.0050606 seconds
Number of updated asset objects reloaded before import = 0Number of asset objects unloaded after import = 2

========================================================================
Received Import Request.
  Time since last request: 8.018654 seconds.
  path: Assets/_Project/Scripts
  artifactKey: Guid(5c84abdff07692f4196379bc5ab7db27) Importer(815301076,1909f56bfc062723c751e8b465ee728b)
Start importing Assets/_Project/Scripts using Guid(5c84abdff07692f4196379bc5ab7db27) Importer(815301076,1909f56bfc062723c751e8b465ee728b) (PreviewImporter)[PhysX] Initialized MultithreadedTaskDispatcher with 6 workers.
 -> (artifact id: '52c780959a0739c3eef0acce55ea7fd1') in 0.0004754 seconds
Number of updated asset objects reloaded before import = 0Number of asset objects unloaded after import = 0

========================================================================
Received Import Request.
  Time since last request: 7.707629 seconds.
  path: Assets/Environment.prefab
  artifactKey: Guid(d6113a87ba3a00f4c8ee263fb77506d4) Importer(815301076,1909f56bfc062723c751e8b465ee728b)
Start importing Assets/Environment.prefab using Guid(d6113a87ba3a00f4c8ee263fb77506d4) Importer(815301076,1909f56bfc062723c751e8b465ee728b) (PreviewImporter)[PhysX] Initialized MultithreadedTaskDispatcher with 6 workers.
[PhysX] Initialized MultithreadedTaskDispatcher with 6 workers.
 -> (artifact id: '301c3d3c3cefedd07fc57937a1864258') in 0.0272353 seconds
Number of updated asset objects reloaded before import = 0Number of asset objects unloaded after import = 195

========================================================================
Received Import Request.
  Time since last request: 6.222761 seconds.
  path: Assets/GameCamera.prefab
  artifactKey: Guid(9fd2fdba5f2932249b75c19358a4d5a3) Importer(815301076,1909f56bfc062723c751e8b465ee728b)
Start importing Assets/GameCamera.prefab using Guid(9fd2fdba5f2932249b75c19358a4d5a3) Importer(815301076,1909f56bfc062723c751e8b465ee728b) (PreviewImporter)[PhysX] Initialized MultithreadedTaskDispatcher with 6 workers.
 -> (artifact id: 'd4b5005c19516a5f769d4c070c184f81') in 0.0017171 seconds
Number of updated asset objects reloaded before import = 0Number of asset objects unloaded after import = 7

========================================================================
Received Import Request.
  Time since last request: 0.942980 seconds.
  path: Assets/GameCamera.prefab
  artifactKey: Guid(9fd2fdba5f2932249b75c19358a4d5a3) Importer(2089858483,0ecaa5967403d082aa24f35e1b516d23)
Start importing Assets/GameCamera.prefab using Guid(9fd2fdba5f2932249b75c19358a4d5a3) Importer(2089858483,0ecaa5967403d082aa24f35e1b516d23) (ScriptedImporter)[PhysX] Initialized MultithreadedTaskDispatcher with 6 workers.
 -> (artifact id: '09fd00dd6d51db838126b25e04472ecb') in 0.0138593 seconds
Number of updated asset objects reloaded before import = 0Number of asset objects unloaded after import = 7

========================================================================
Received Import Request.
  Time since last request: 27.705951 seconds.
  path: Assets/Lowpoly Cube Animals 3D/Mesh
  artifactKey: Guid(00b6b9fb26b465c49a55f68d33bbc20d) Importer(2089858483,0ecaa5967403d082aa24f35e1b516d23)
Start importing Assets/Lowpoly Cube Animals 3D/Mesh using Guid(00b6b9fb26b465c49a55f68d33bbc20d) Importer(2089858483,0ecaa5967403d082aa24f35e1b516d23) (ScriptedImporter)[PhysX] Initialized MultithreadedTaskDispatcher with 6 workers.
 -> (artifact id: '83cb918266b85d88e22450cfdf98495d') in 0.0026136 seconds
Number of updated asset objects reloaded before import = 0Number of asset objects unloaded after import = 1

========================================================================
Received Import Request.
  Time since last request: 0.001247 seconds.
  path: Assets/Lowpoly Cube Animals 3D/Mesh/Box_12.asset
  artifactKey: Guid(39411464b945e12469efb0c87c659c0e) Importer(2089858483,0ecaa5967403d082aa24f35e1b516d23)
Start importing Assets/Lowpoly Cube Animals 3D/Mesh/Box_12.asset using Guid(39411464b945e12469efb0c87c659c0e) Importer(2089858483,0ecaa5967403d082aa24f35e1b516d23) (ScriptedImporter)[PhysX] Initialized MultithreadedTaskDispatcher with 6 workers.
 -> (artifact id: '323956f6435da301a1f898c48e4a6b0f') in 0.0071389 seconds
Number of updated asset objects reloaded before import = 0Number of asset objects unloaded after import = 1

========================================================================
Received Import Request.
  Time since last request: 0.000036 seconds.
  path: Assets/Lowpoly Cube Animals 3D/Mesh/Coin.asset
  artifactKey: Guid(e1eaf3650d9aecc40963080fa960591e) Importer(2089858483,0ecaa5967403d082aa24f35e1b516d23)
Start importing Assets/Lowpoly Cube Animals 3D/Mesh/Coin.asset using Guid(e1eaf3650d9aecc40963080fa960591e) Importer(2089858483,0ecaa5967403d082aa24f35e1b516d23) (ScriptedImporter)[PhysX] Initialized MultithreadedTaskDispatcher with 6 workers.
 -> (artifact id: 'eb599441174605bbc428b5ff0893fb23') in 0.0051742 seconds
Number of updated asset objects reloaded before import = 0Number of asset objects unloaded after import = 1

========================================================================
Received Import Request.
  Time since last request: 2.687336 seconds.
  path: Assets/Lowpoly Cube Animals 3D/Prefabs/Coin.prefab
  artifactKey: Guid(d19eb0a3287b1904d90b47b592422bd2) Importer(2089858483,0ecaa5967403d082aa24f35e1b516d23)
Start importing Assets/Lowpoly Cube Animals 3D/Prefabs/Coin.prefab using Guid(d19eb0a3287b1904d90b47b592422bd2) Importer(2089858483,0ecaa5967403d082aa24f35e1b516d23) (ScriptedImporter)[PhysX] Initialized MultithreadedTaskDispatcher with 6 workers.
 -> (artifact id: 'f92c570d3fed90a5d918d63640bedab6') in 0.0059935 seconds
Number of updated asset objects reloaded before import = 0Number of asset objects unloaded after import = 7

========================================================================
Received Import Request.
  Time since last request: 2.699606 seconds.
  path: Assets/Lowpoly Cube Animals 3D/Mesh/Cube_Stone.asset
  artifactKey: Guid(5107e95a25c55a348bf1d3d138304bed) Importer(2089858483,0ecaa5967403d082aa24f35e1b516d23)
Start importing Assets/Lowpoly Cube Animals 3D/Mesh/Cube_Stone.asset using Guid(5107e95a25c55a348bf1d3d138304bed) Importer(2089858483,0ecaa5967403d082aa24f35e1b516d23) (ScriptedImporter)[PhysX] Initialized MultithreadedTaskDispatcher with 6 workers.
 -> (artifact id: '8a2d508713486be0af93a9cb35d1a58c') in 0.004329 seconds
Number of updated asset objects reloaded before import = 0Number of asset objects unloaded after import = 1

========================================================================
Received Import Request.
  Time since last request: 5.048898 seconds.
  path: Assets/Lowpoly Cube Animals 3D/Material/Cube_Stone.mat
  artifactKey: Guid(ed771cb329404cc4d84d68d56303c8b7) Importer(2089858483,0ecaa5967403d082aa24f35e1b516d23)
Start importing Assets/Lowpoly Cube Animals 3D/Material/Cube_Stone.mat using Guid(ed771cb329404cc4d84d68d56303c8b7) Importer(2089858483,0ecaa5967403d082aa24f35e1b516d23) (ScriptedImporter)[PhysX] Initialized MultithreadedTaskDispatcher with 6 workers.
 -> (artifact id: '3cd109278d7fee54669cb9c6ac700d77') in 0.0095705 seconds
Number of updated asset objects reloaded before import = 0Number of asset objects unloaded after import = 1

========================================================================
Received Import Request.
  Time since last request: 11.046235 seconds.
  path: Assets/Lowpoly Cube Animals 3D/Material/Cloud_Material.mat
  artifactKey: Guid(5dad5f80188250444b6a0d2315704967) Importer(2089858483,0ecaa5967403d082aa24f35e1b516d23)
Start importing Assets/Lowpoly Cube Animals 3D/Material/Cloud_Material.mat using Guid(5dad5f80188250444b6a0d2315704967) Importer(2089858483,0ecaa5967403d082aa24f35e1b516d23) (ScriptedImporter)[PhysX] Initialized MultithreadedTaskDispatcher with 6 workers.
 -> (artifact id: 'bc753525a98de7eb67077ed943926b08') in 0.0092529 seconds
Number of updated asset objects reloaded before import = 0Number of asset objects unloaded after import = 2

========================================================================
Received Import Request.
  Time since last request: 15.883254 seconds.
  path: Assets/Lowpoly Cube Animals 3D/Prefabs/Wall.prefab
  artifactKey: Guid(fdb28bf94a500d1438dcde2dbb8e90a5) Importer(815301076,1909f56bfc062723c751e8b465ee728b)
Start importing Assets/Lowpoly Cube Animals 3D/Prefabs/Wall.prefab using Guid(fdb28bf94a500d1438dcde2dbb8e90a5) Importer(815301076,1909f56bfc062723c751e8b465ee728b) (PreviewImporter)[PhysX] Initialized MultithreadedTaskDispatcher with 6 workers.
[PhysX] Initialized MultithreadedTaskDispatcher with 6 workers.
 -> (artifact id: 'c08e606ca4885cd8beaffbf6709e47a7') in 0.0107612 seconds
Number of updated asset objects reloaded before import = 0Number of asset objects unloaded after import = 9

========================================================================
Received Import Request.
  Time since last request: 15.258905 seconds.
  path: Assets/Lowpoly Cube Animals 3D/Material/TileMaterial_1.mat
  artifactKey: Guid(b12b4baebf4f98949a33e5c238411fc2) Importer(2089858483,0ecaa5967403d082aa24f35e1b516d23)
Start importing Assets/Lowpoly Cube Animals 3D/Material/TileMaterial_1.mat using Guid(b12b4baebf4f98949a33e5c238411fc2) Importer(2089858483,0ecaa5967403d082aa24f35e1b516d23) (ScriptedImporter)[PhysX] Initialized MultithreadedTaskDispatcher with 6 workers.
 -> (artifact id: '76df561dea1a01b0b74070a804d9255d') in 0.0067905 seconds
Number of updated asset objects reloaded before import = 0Number of asset objects unloaded after import = 2

========================================================================
Received Import Request.
  Time since last request: 16.257936 seconds.
  path: Assets/Lowpoly Cube Animals 3D/Material/AnimalMaterial.mat
  artifactKey: Guid(f8d8455d6db947442b4c9d3bf700ec99) Importer(2089858483,0ecaa5967403d082aa24f35e1b516d23)
Start importing Assets/Lowpoly Cube Animals 3D/Material/AnimalMaterial.mat using Guid(f8d8455d6db947442b4c9d3bf700ec99) Importer(2089858483,0ecaa5967403d082aa24f35e1b516d23) (ScriptedImporter)[PhysX] Initialized MultithreadedTaskDispatcher with 6 workers.
 -> (artifact id: 'a8a330cb97dc1cc93063734f9a360fda') in 0.0061737 seconds
Number of updated asset objects reloaded before import = 0Number of asset objects unloaded after import = 2

========================================================================
Received Import Request.
  Time since last request: 9.937366 seconds.
  path: Assets/Lowpoly Cube Animals 3D/Prefabs/Wall.prefab
  artifactKey: Guid(fdb28bf94a500d1438dcde2dbb8e90a5) Importer(2089858483,0ecaa5967403d082aa24f35e1b516d23)
Start importing Assets/Lowpoly Cube Animals 3D/Prefabs/Wall.prefab using Guid(fdb28bf94a500d1438dcde2dbb8e90a5) Importer(2089858483,0ecaa5967403d082aa24f35e1b516d23) (ScriptedImporter)[PhysX] Initialized MultithreadedTaskDispatcher with 6 workers.
 -> (artifact id: '70956511e510db42cf3b0a7b05843696') in 0.0144584 seconds
Number of updated asset objects reloaded before import = 0Number of asset objects unloaded after import = 7

========================================================================
Received Import Request.
  Time since last request: 425.203145 seconds.
  path: Assets/Lowpoly Cube Animals 3D/MovementFX.prefab
  artifactKey: Guid(6cb8d13d2038d504a82630f29e139e88) Importer(815301076,1909f56bfc062723c751e8b465ee728b)
Start importing Assets/Lowpoly Cube Animals 3D/MovementFX.prefab using Guid(6cb8d13d2038d504a82630f29e139e88) Importer(815301076,1909f56bfc062723c751e8b465ee728b) (PreviewImporter)[PhysX] Initialized MultithreadedTaskDispatcher with 6 workers.
[PhysX] Initialized MultithreadedTaskDispatcher with 6 workers.
 -> (artifact id: 'efc6538e29191a7900d58229424a4110') in 0.0247369 seconds
Number of updated asset objects reloaded before import = 0Number of asset objects unloaded after import = 6

========================================================================
Received Import Request.
  Time since last request: 1.005787 seconds.
  path: Assets/Lowpoly Cube Animals 3D/MovementFX.prefab
  artifactKey: Guid(6cb8d13d2038d504a82630f29e139e88) Importer(2089858483,0ecaa5967403d082aa24f35e1b516d23)
Start importing Assets/Lowpoly Cube Animals 3D/MovementFX.prefab using Guid(6cb8d13d2038d504a82630f29e139e88) Importer(2089858483,0ecaa5967403d082aa24f35e1b516d23) (ScriptedImporter)[PhysX] Initialized MultithreadedTaskDispatcher with 6 workers.
 -> (artifact id: 'e1996ba0b4a3406d5ad7008f067c03a0') in 0.0922588 seconds
Number of updated asset objects reloaded before import = 0Number of asset objects unloaded after import = 6

========================================================================
Received Import Request.
  Time since last request: 126.061166 seconds.
  path: Assets/_Project/Scripts/Gameplay/Features/GameWorldCreationFeature/Components/Tile.prefab
  artifactKey: Guid(e5378788f6301a2428eb21e32a7e779b) Importer(815301076,1909f56bfc062723c751e8b465ee728b)
Start importing Assets/_Project/Scripts/Gameplay/Features/GameWorldCreationFeature/Components/Tile.prefab using Guid(e5378788f6301a2428eb21e32a7e779b) Importer(815301076,1909f56bfc062723c751e8b465ee728b) (PreviewImporter)[PhysX] Initialized MultithreadedTaskDispatcher with 6 workers.
 -> (artifact id: '28c34ee962b051e921532cac0abc5a14') in 0.0076364 seconds
Number of updated asset objects reloaded before import = 0Number of asset objects unloaded after import = 16

========================================================================
Received Import Request.
  Time since last request: 10.712889 seconds.
  path: Assets/_Project/Scripts/Gameplay/Features/GameWorldCreationFeature/Components/Tile.prefab
  artifactKey: Guid(e5378788f6301a2428eb21e32a7e779b) Importer(2089858483,0ecaa5967403d082aa24f35e1b516d23)
Start importing Assets/_Project/Scripts/Gameplay/Features/GameWorldCreationFeature/Components/Tile.prefab using Guid(e5378788f6301a2428eb21e32a7e779b) Importer(2089858483,0ecaa5967403d082aa24f35e1b516d23) (ScriptedImporter)[PhysX] Initialized MultithreadedTaskDispatcher with 6 workers.
 -> (artifact id: 'e9771b60c17deb6e94721b03c697c76d') in 0.0429023 seconds
Number of updated asset objects reloaded before import = 0Number of asset objects unloaded after import = 10

========================================================================
Received Import Request.
  Time since last request: 2.164717 seconds.
  path: Assets/_Project/Scripts/Gameplay/Features/GameWorldCreationFeature/Components/Tile.prefab
  artifactKey: Guid(e5378788f6301a2428eb21e32a7e779b) Importer(2089858483,0ecaa5967403d082aa24f35e1b516d23)
Start importing Assets/_Project/Scripts/Gameplay/Features/GameWorldCreationFeature/Components/Tile.prefab using Guid(e5378788f6301a2428eb21e32a7e779b) Importer(2089858483,0ecaa5967403d082aa24f35e1b516d23) (ScriptedImporter)[PhysX] Initialized MultithreadedTaskDispatcher with 6 workers.
 -> (artifact id: '1c4cf0ef19871bf48c0e72896b25b3ba') in 0.0051579 seconds
Number of updated asset objects reloaded before import = 0Number of asset objects unloaded after import = 10

========================================================================
Received Import Request.
  Time since last request: 11.361078 seconds.
  path: Assets/Lowpoly Cube Animals 3D/Prefabs/Wall.prefab
  artifactKey: Guid(fdb28bf94a500d1438dcde2dbb8e90a5) Importer(815301076,1909f56bfc062723c751e8b465ee728b)
Start importing Assets/Lowpoly Cube Animals 3D/Prefabs/Wall.prefab using Guid(fdb28bf94a500d1438dcde2dbb8e90a5) Importer(815301076,1909f56bfc062723c751e8b465ee728b) (PreviewImporter)[PhysX] Initialized MultithreadedTaskDispatcher with 6 workers.
[PhysX] Initialized MultithreadedTaskDispatcher with 6 workers.
 -> (artifact id: '8e956c93f94e6e68aff73b16edc1d77b') in 0.0133581 seconds
Number of updated asset objects reloaded before import = 0Number of asset objects unloaded after import = 9

========================================================================
Received Import Request.
  Time since last request: 19.437053 seconds.
  path: Assets/_Project/Scripts/Gameplay/Features/GameWorldCreationFeature/Components/Tile.prefab
  artifactKey: Guid(e5378788f6301a2428eb21e32a7e779b) Importer(2089858483,0ecaa5967403d082aa24f35e1b516d23)
Start importing Assets/_Project/Scripts/Gameplay/Features/GameWorldCreationFeature/Components/Tile.prefab using Guid(e5378788f6301a2428eb21e32a7e779b) Importer(2089858483,0ecaa5967403d082aa24f35e1b516d23) (ScriptedImporter)[PhysX] Initialized MultithreadedTaskDispatcher with 6 workers.
 -> (artifact id: '084176f6bbd13ac413ff8c00555fb549') in 0.0056625 seconds
Number of updated asset objects reloaded before import = 0Number of asset objects unloaded after import = 10

========================================================================
Received Import Request.
  Time since last request: 6.317122 seconds.
  path: Assets/_Project/Scripts/Gameplay/Features/GameWorldCreationFeature/Components/Tile.prefab
  artifactKey: Guid(e5378788f6301a2428eb21e32a7e779b) Importer(2089858483,0ecaa5967403d082aa24f35e1b516d23)
Start importing Assets/_Project/Scripts/Gameplay/Features/GameWorldCreationFeature/Components/Tile.prefab using Guid(e5378788f6301a2428eb21e32a7e779b) Importer(2089858483,0ecaa5967403d082aa24f35e1b516d23) (ScriptedImporter)[PhysX] Initialized MultithreadedTaskDispatcher with 6 workers.
 -> (artifact id: '7de76bf0213190d9ca97eb77b207a363') in 0.0127867 seconds
Number of updated asset objects reloaded before import = 0Number of asset objects unloaded after import = 13

========================================================================
Received Import Request.
  Time since last request: 4.847233 seconds.
  path: Assets/_Project/Scripts/Gameplay/Features/GameWorldCreationFeature/Components/WaveAlgorithm.cs
  artifactKey: Guid(041ed720563c45d48806f8ffcc52c6a1) Importer(815301076,1909f56bfc062723c751e8b465ee728b)
Start importing Assets/_Project/Scripts/Gameplay/Features/GameWorldCreationFeature/Components/WaveAlgorithm.cs using Guid(041ed720563c45d48806f8ffcc52c6a1) Importer(815301076,1909f56bfc062723c751e8b465ee728b) (PreviewImporter)[PhysX] Initialized MultithreadedTaskDispatcher with 6 workers.
 -> (artifact id: '06d42c22a72e9f5a94580fb5f4e30b4c') in 0.0049373 seconds
Number of updated asset objects reloaded before import = 0Number of asset objects unloaded after import = 0

========================================================================
Received Import Request.
  Time since last request: 20.518074 seconds.
  path: Assets/_Project/Scripts/Gameplay/Features/GameWorldCreationFeature/Components/Tile.prefab
  artifactKey: Guid(e5378788f6301a2428eb21e32a7e779b) Importer(2089858483,0ecaa5967403d082aa24f35e1b516d23)
Start importing Assets/_Project/Scripts/Gameplay/Features/GameWorldCreationFeature/Components/Tile.prefab using Guid(e5378788f6301a2428eb21e32a7e779b) Importer(2089858483,0ecaa5967403d082aa24f35e1b516d23) (ScriptedImporter)[PhysX] Initialized MultithreadedTaskDispatcher with 6 workers.
 -> (artifact id: '81028d362dc312595b7ae9fe9b66316d') in 0.0093074 seconds
Number of updated asset objects reloaded before import = 0Number of asset objects unloaded after import = 13

========================================================================
Received Import Request.
  Time since last request: 8.220441 seconds.
  path: Assets/_Project/Scripts/Gameplay/Features/GameWorldCreationFeature/Components/Tile.prefab
  artifactKey: Guid(e5378788f6301a2428eb21e32a7e779b) Importer(2089858483,0ecaa5967403d082aa24f35e1b516d23)
Start importing Assets/_Project/Scripts/Gameplay/Features/GameWorldCreationFeature/Components/Tile.prefab using Guid(e5378788f6301a2428eb21e32a7e779b) Importer(2089858483,0ecaa5967403d082aa24f35e1b516d23) (ScriptedImporter)[PhysX] Initialized MultithreadedTaskDispatcher with 6 workers.
 -> (artifact id: 'db9c4ece426c3cc6133f839e93cec2e0') in 0.0081135 seconds
Number of updated asset objects reloaded before import = 0Number of asset objects unloaded after import = 13

========================================================================
Received Import Request.
  Time since last request: 4.847098 seconds.
  path: Assets/_Project/Scripts/Gameplay/Features/GameWorldCreationFeature/Components/Tile.prefab
  artifactKey: Guid(e5378788f6301a2428eb21e32a7e779b) Importer(2089858483,0ecaa5967403d082aa24f35e1b516d23)
Start importing Assets/_Project/Scripts/Gameplay/Features/GameWorldCreationFeature/Components/Tile.prefab using Guid(e5378788f6301a2428eb21e32a7e779b) Importer(2089858483,0ecaa5967403d082aa24f35e1b516d23) (ScriptedImporter)[PhysX] Initialized MultithreadedTaskDispatcher with 6 workers.
 -> (artifact id: '64679e018de997832de99ab1a5da272d') in 0.0081793 seconds
Number of updated asset objects reloaded before import = 0Number of asset objects unloaded after import = 13

========================================================================
Received Import Request.
  Time since last request: 12.208841 seconds.
  path: Assets/_Project/Scripts/Gameplay/Features/GameWorldCreationFeature/Components/Levels.cs
  artifactKey: Guid(1641a7ffa436475caa30cfcfe4b2ddfb) Importer(815301076,1909f56bfc062723c751e8b465ee728b)
Start importing Assets/_Project/Scripts/Gameplay/Features/GameWorldCreationFeature/Components/Levels.cs using Guid(1641a7ffa436475caa30cfcfe4b2ddfb) Importer(815301076,1909f56bfc062723c751e8b465ee728b) (PreviewImporter)[PhysX] Initialized MultithreadedTaskDispatcher with 6 workers.
 -> (artifact id: '1b5a24b7dc346f04ea9e99cf1e979c50') in 0.0027901 seconds
Number of updated asset objects reloaded before import = 0Number of asset objects unloaded after import = 0

========================================================================
Received Import Request.
  Time since last request: 1.088947 seconds.
  path: Assets/_Project/Scripts/Gameplay/Features/GameWorldCreationFeature/Components/Board.prefab
  artifactKey: Guid(3500ab6f8e6bdf340a426b3819dfbc73) Importer(815301076,1909f56bfc062723c751e8b465ee728b)
Start importing Assets/_Project/Scripts/Gameplay/Features/GameWorldCreationFeature/Components/Board.prefab using Guid(3500ab6f8e6bdf340a426b3819dfbc73) Importer(815301076,1909f56bfc062723c751e8b465ee728b) (PreviewImporter)[PhysX] Initialized MultithreadedTaskDispatcher with 6 workers.
 -> (artifact id: 'cfa62812e4de2430dbc91f2ad0baf49a') in 0.0026903 seconds
Number of updated asset objects reloaded before import = 0Number of asset objects unloaded after import = 8

========================================================================
Received Import Request.
  Time since last request: 6.183004 seconds.
  path: Assets/_Project/Scripts/Gameplay/Features/GameWorldCreationFeature/Components/Block.prefab
  artifactKey: Guid(851b84b3d3622cd48a8df6387b7d22f6) Importer(815301076,1909f56bfc062723c751e8b465ee728b)
Start importing Assets/_Project/Scripts/Gameplay/Features/GameWorldCreationFeature/Components/Block.prefab using Guid(851b84b3d3622cd48a8df6387b7d22f6) Importer(815301076,1909f56bfc062723c751e8b465ee728b) (PreviewImporter)[PhysX] Initialized MultithreadedTaskDispatcher with 6 workers.
[PhysX] Initialized MultithreadedTaskDispatcher with 6 workers.
 -> (artifact id: 'ee854fd8a682674c9ae18c3edf441d2c') in 0.314032 seconds
Number of updated asset objects reloaded before import = 0Number of asset objects unloaded after import = 17

========================================================================
Received Import Request.
  Time since last request: 31.249695 seconds.
  path: Assets/Lowpoly Cube Animals 3D/Material/Tree2_Map2_material.mat
  artifactKey: Guid(d313e2218ad4c8847aabce4ffb01bbe5) Importer(2089858483,0ecaa5967403d082aa24f35e1b516d23)
Start importing Assets/Lowpoly Cube Animals 3D/Material/Tree2_Map2_material.mat using Guid(d313e2218ad4c8847aabce4ffb01bbe5) Importer(2089858483,0ecaa5967403d082aa24f35e1b516d23) (ScriptedImporter)[PhysX] Initialized MultithreadedTaskDispatcher with 6 workers.
 -> (artifact id: '99934209b679236d7809a77fcfd65583') in 0.0158419 seconds
Number of updated asset objects reloaded before import = 0Number of asset objects unloaded after import = 2

========================================================================
Received Import Request.
  Time since last request: 0.000016 seconds.
  path: Assets/Lowpoly Cube Animals 3D/Material/GreenLeaf_Material.mat
  artifactKey: Guid(d50327eefcae406468e433d25173c08d) Importer(2089858483,0ecaa5967403d082aa24f35e1b516d23)
Start importing Assets/Lowpoly Cube Animals 3D/Material/GreenLeaf_Material.mat using Guid(d50327eefcae406468e433d25173c08d) Importer(2089858483,0ecaa5967403d082aa24f35e1b516d23) (ScriptedImporter)[PhysX] Initialized MultithreadedTaskDispatcher with 6 workers.
 -> (artifact id: 'e891e6d4d831c0de3671f4ed807e4e69') in 0.0060555 seconds
Number of updated asset objects reloaded before import = 0Number of asset objects unloaded after import = 1

========================================================================
Received Import Request.
  Time since last request: 0.000022 seconds.
  path: Assets/Lowpoly Cube Animals 3D/Material/Grass_Material.mat
  artifactKey: Guid(fdd827e562d3ef24db28636e4b0eb273) Importer(2089858483,0ecaa5967403d082aa24f35e1b516d23)
Start importing Assets/Lowpoly Cube Animals 3D/Material/Grass_Material.mat using Guid(fdd827e562d3ef24db28636e4b0eb273) Importer(2089858483,0ecaa5967403d082aa24f35e1b516d23) (ScriptedImporter)[PhysX] Initialized MultithreadedTaskDispatcher with 6 workers.
 -> (artifact id: '46a9c7f890eddecb868ce93a1acd1a41') in 0.0266579 seconds
Number of updated asset objects reloaded before import = 0Number of asset objects unloaded after import = 2

========================================================================
Received Import Request.
  Time since last request: 0.000024 seconds.
  path: Assets/Lowpoly Cube Animals 3D/Material/Coin_Material.mat
  artifactKey: Guid(ce16c9be5e8f1c54eb279440e73659cb) Importer(2089858483,0ecaa5967403d082aa24f35e1b516d23)
Start importing Assets/Lowpoly Cube Animals 3D/Material/Coin_Material.mat using Guid(ce16c9be5e8f1c54eb279440e73659cb) Importer(2089858483,0ecaa5967403d082aa24f35e1b516d23) (ScriptedImporter)[PhysX] Initialized MultithreadedTaskDispatcher with 6 workers.
 -> (artifact id: '51689751dc141ad5c6c454222d192227') in 0.0637233 seconds
Number of updated asset objects reloaded before import = 0Number of asset objects unloaded after import = 2

========================================================================
Received Import Request.
  Time since last request: 3.340888 seconds.
  path: Assets/Lowpoly Cube Animals 3D/Materials
  artifactKey: Guid(217d34db2dfc753488682f31090ace46) Importer(815301076,1909f56bfc062723c751e8b465ee728b)
Start importing Assets/Lowpoly Cube Animals 3D/Materials using Guid(217d34db2dfc753488682f31090ace46) Importer(815301076,1909f56bfc062723c751e8b465ee728b) (PreviewImporter)[PhysX] Initialized MultithreadedTaskDispatcher with 6 workers.
 -> (artifact id: '55ea8de663c8408b56d1ff75ee385ca0') in 0.0022387 seconds
Number of updated asset objects reloaded before import = 0Number of asset objects unloaded after import = 0

========================================================================
Received Import Request.
  Time since last request: 0.943369 seconds.
  path: Assets/Lowpoly Cube Animals 3D/Materials
  artifactKey: Guid(217d34db2dfc753488682f31090ace46) Importer(2089858483,0ecaa5967403d082aa24f35e1b516d23)
Start importing Assets/Lowpoly Cube Animals 3D/Materials using Guid(217d34db2dfc753488682f31090ace46) Importer(2089858483,0ecaa5967403d082aa24f35e1b516d23) (ScriptedImporter)[PhysX] Initialized MultithreadedTaskDispatcher with 6 workers.
 -> (artifact id: '71d7d63a3ba400cfb543bb939342234b') in 0.0036976 seconds
Number of updated asset objects reloaded before import = 0Number of asset objects unloaded after import = 1

========================================================================
Received Import Request.
  Time since last request: 0.000033 seconds.
  path: Assets/Lowpoly Cube Animals 3D/Materials/GreenLeaf_Material.mat
  artifactKey: Guid(d50327eefcae406468e433d25173c08d) Importer(2089858483,0ecaa5967403d082aa24f35e1b516d23)
Start importing Assets/Lowpoly Cube Animals 3D/Materials/GreenLeaf_Material.mat using Guid(d50327eefcae406468e433d25173c08d) Importer(2089858483,0ecaa5967403d082aa24f35e1b516d23) (ScriptedImporter)[PhysX] Initialized MultithreadedTaskDispatcher with 6 workers.
 -> (artifact id: '9d8866d2e9a145f35b5f899d113eb5bd') in 0.004958 seconds
Number of updated asset objects reloaded before import = 0Number of asset objects unloaded after import = 1

========================================================================
Received Import Request.
  Time since last request: 0.000025 seconds.
  path: Assets/Lowpoly Cube Animals 3D/Materials/Grass_Material.mat
  artifactKey: Guid(fdd827e562d3ef24db28636e4b0eb273) Importer(2089858483,0ecaa5967403d082aa24f35e1b516d23)
Start importing Assets/Lowpoly Cube Animals 3D/Materials/Grass_Material.mat using Guid(fdd827e562d3ef24db28636e4b0eb273) Importer(2089858483,0ecaa5967403d082aa24f35e1b516d23) (ScriptedImporter)[PhysX] Initialized MultithreadedTaskDispatcher with 6 workers.
 -> (artifact id: '273da9accef904cb5460784b8081f8bd') in 0.0058174 seconds
Number of updated asset objects reloaded before import = 0Number of asset objects unloaded after import = 2

========================================================================
Received Import Request.
  Time since last request: 0.000033 seconds.
  path: Assets/Lowpoly Cube Animals 3D/Materials/AnimalMaterial.mat
  artifactKey: Guid(f8d8455d6db947442b4c9d3bf700ec99) Importer(2089858483,0ecaa5967403d082aa24f35e1b516d23)
Start importing Assets/Lowpoly Cube Animals 3D/Materials/AnimalMaterial.mat using Guid(f8d8455d6db947442b4c9d3bf700ec99) Importer(2089858483,0ecaa5967403d082aa24f35e1b516d23) (ScriptedImporter)[PhysX] Initialized MultithreadedTaskDispatcher with 6 workers.
 -> (artifact id: 'e10be4619883ec09f54e70a332b4a6d8') in 0.0071292 seconds
Number of updated asset objects reloaded before import = 0Number of asset objects unloaded after import = 2

========================================================================
Received Import Request.
  Time since last request: 0.000018 seconds.
  path: Assets/Lowpoly Cube Animals 3D/Materials/TreeYellow_material.mat
  artifactKey: Guid(c763843506b65cd44a6862071fbeeda4) Importer(2089858483,0ecaa5967403d082aa24f35e1b516d23)
Start importing Assets/Lowpoly Cube Animals 3D/Materials/TreeYellow_material.mat using Guid(c763843506b65cd44a6862071fbeeda4) Importer(2089858483,0ecaa5967403d082aa24f35e1b516d23) (ScriptedImporter)[PhysX] Initialized MultithreadedTaskDispatcher with 6 workers.
 -> (artifact id: '8f9c50624ef40b2ea6d52abf86f94059') in 0.050027 seconds
Number of updated asset objects reloaded before import = 0Number of asset objects unloaded after import = 2

========================================================================
Received Import Request.
  Time since last request: 34.180899 seconds.
  path: Assets/Lowpoly Cube Animals 3D/Models/Union.asset
  artifactKey: Guid(fa3dffb02f834e845854cb88c320a713) Importer(2089858483,0ecaa5967403d082aa24f35e1b516d23)
Start importing Assets/Lowpoly Cube Animals 3D/Models/Union.asset using Guid(fa3dffb02f834e845854cb88c320a713) Importer(2089858483,0ecaa5967403d082aa24f35e1b516d23) (ScriptedImporter)[PhysX] Initialized MultithreadedTaskDispatcher with 6 workers.
 -> (artifact id: 'e5420c07d2ecf7f1dcefb7f2895a8772') in 0.006066 seconds
Number of updated asset objects reloaded before import = 0Number of asset objects unloaded after import = 1

========================================================================
Received Import Request.
  Time since last request: 0.000025 seconds.
  path: Assets/Lowpoly Cube Animals 3D/Models/Cube_Stone.asset
  artifactKey: Guid(5107e95a25c55a348bf1d3d138304bed) Importer(2089858483,0ecaa5967403d082aa24f35e1b516d23)
Start importing Assets/Lowpoly Cube Animals 3D/Models/Cube_Stone.asset using Guid(5107e95a25c55a348bf1d3d138304bed) Importer(2089858483,0ecaa5967403d082aa24f35e1b516d23) (ScriptedImporter)[PhysX] Initialized MultithreadedTaskDispatcher with 6 workers.
 -> (artifact id: 'd0b53c8bc78925fe11cf86dae269acdb') in 0.0047383 seconds
Number of updated asset objects reloaded before import = 0Number of asset objects unloaded after import = 1

========================================================================
Received Import Request.
  Time since last request: 15.962561 seconds.
  path: Assets/Lowpoly Cube Animals 3D/Models/Environment/Cube_Stone.asset
  artifactKey: Guid(5107e95a25c55a348bf1d3d138304bed) Importer(2089858483,0ecaa5967403d082aa24f35e1b516d23)
Start importing Assets/Lowpoly Cube Animals 3D/Models/Environment/Cube_Stone.asset using Guid(5107e95a25c55a348bf1d3d138304bed) Importer(2089858483,0ecaa5967403d082aa24f35e1b516d23) (ScriptedImporter)[PhysX] Initialized MultithreadedTaskDispatcher with 6 workers.
 -> (artifact id: 'a8964af03460d97f32672a9d08089231') in 0.00358 seconds
Number of updated asset objects reloaded before import = 0Number of asset objects unloaded after import = 1

========================================================================
Received Import Request.
  Time since last request: 5.763202 seconds.
  path: Assets/Lowpoly Cube Animals 3D/Models/Environment/Union.asset
  artifactKey: Guid(fa3dffb02f834e845854cb88c320a713) Importer(2089858483,0ecaa5967403d082aa24f35e1b516d23)
Start importing Assets/Lowpoly Cube Animals 3D/Models/Environment/Union.asset using Guid(fa3dffb02f834e845854cb88c320a713) Importer(2089858483,0ecaa5967403d082aa24f35e1b516d23) (ScriptedImporter)[PhysX] Initialized MultithreadedTaskDispatcher with 6 workers.
 -> (artifact id: '5a1ae9f70b3ab2da67dfd5fcf307dae5') in 0.003662 seconds
Number of updated asset objects reloaded before import = 0Number of asset objects unloaded after import = 1

========================================================================
Received Import Request.
  Time since last request: 0.000015 seconds.
  path: Assets/Lowpoly Cube Animals 3D/Models/Environment/Box_5_0.asset
  artifactKey: Guid(af07b8d600b9df24aaf8781caca730ed) Importer(2089858483,0ecaa5967403d082aa24f35e1b516d23)
Start importing Assets/Lowpoly Cube Animals 3D/Models/Environment/Box_5_0.asset using Guid(af07b8d600b9df24aaf8781caca730ed) Importer(2089858483,0ecaa5967403d082aa24f35e1b516d23) (ScriptedImporter)[PhysX] Initialized MultithreadedTaskDispatcher with 6 workers.
 -> (artifact id: '9e8b8b4b996655560ad7b93339fab170') in 0.0059101 seconds
Number of updated asset objects reloaded before import = 0Number of asset objects unloaded after import = 1

========================================================================
Received Import Request.
  Time since last request: 38.394339 seconds.
  path: Assets/Lowpoly Cube Animals 3D/Models/Environment/Tree_0.asset
  artifactKey: Guid(af07b8d600b9df24aaf8781caca730ed) Importer(815301076,1909f56bfc062723c751e8b465ee728b)
Start importing Assets/Lowpoly Cube Animals 3D/Models/Environment/Tree_0.asset using Guid(af07b8d600b9df24aaf8781caca730ed) Importer(815301076,1909f56bfc062723c751e8b465ee728b) (PreviewImporter)[PhysX] Initialized MultithreadedTaskDispatcher with 6 workers.
[PhysX] Initialized MultithreadedTaskDispatcher with 6 workers.
 -> (artifact id: 'be3ac31c543ab7044095cb7cc6b30b48') in 0.1949009 seconds
Number of updated asset objects reloaded before import = 0Number of asset objects unloaded after import = 2

========================================================================
Received Import Request.
  Time since last request: 0.772680 seconds.
  path: Assets/Lowpoly Cube Animals 3D/Models/Environment/Tree_0.asset
  artifactKey: Guid(af07b8d600b9df24aaf8781caca730ed) Importer(2089858483,0ecaa5967403d082aa24f35e1b516d23)
Start importing Assets/Lowpoly Cube Animals 3D/Models/Environment/Tree_0.asset using Guid(af07b8d600b9df24aaf8781caca730ed) Importer(2089858483,0ecaa5967403d082aa24f35e1b516d23) (ScriptedImporter)[PhysX] Initialized MultithreadedTaskDispatcher with 6 workers.
 -> (artifact id: '1308e917f6e926a9dbd4c66a4ea7fbf3') in 0.0056324 seconds
Number of updated asset objects reloaded before import = 0Number of asset objects unloaded after import = 1

========================================================================
Received Import Request.
  Time since last request: 20.458423 seconds.
  path: Assets/Lowpoly Cube Animals 3D/Models/Environment/Tile_0.asset
  artifactKey: Guid(14375bc67f132ce40bd3454de4428873) Importer(815301076,1909f56bfc062723c751e8b465ee728b)
Start importing Assets/Lowpoly Cube Animals 3D/Models/Environment/Tile_0.asset using Guid(14375bc67f132ce40bd3454de4428873) Importer(815301076,1909f56bfc062723c751e8b465ee728b) (PreviewImporter)[PhysX] Initialized MultithreadedTaskDispatcher with 6 workers.
[PhysX] Initialized MultithreadedTaskDispatcher with 6 workers.
 -> (artifact id: 'e0fb4e0cab7a263713b583dc55bf4203') in 0.0113139 seconds
Number of updated asset objects reloaded before import = 0Number of asset objects unloaded after import = 2

========================================================================
Received Import Request.
  Time since last request: 0.945305 seconds.
  path: Assets/Lowpoly Cube Animals 3D/Models/Environment/Tile_0.asset
  artifactKey: Guid(14375bc67f132ce40bd3454de4428873) Importer(2089858483,0ecaa5967403d082aa24f35e1b516d23)
Start importing Assets/Lowpoly Cube Animals 3D/Models/Environment/Tile_0.asset using Guid(14375bc67f132ce40bd3454de4428873) Importer(2089858483,0ecaa5967403d082aa24f35e1b516d23) (ScriptedImporter)[PhysX] Initialized MultithreadedTaskDispatcher with 6 workers.
 -> (artifact id: '200f6ca91c172ce8fb80463c572d342d') in 0.0040193 seconds
Number of updated asset objects reloaded before import = 0Number of asset objects unloaded after import = 1

========================================================================
Received Import Request.
  Time since last request: 8.896763 seconds.
  path: Assets/Lowpoly Cube Animals 3D/Models/Environment/Flower_0.asset
  artifactKey: Guid(bd24ec988fd0423479d217411b1f6b40) Importer(815301076,1909f56bfc062723c751e8b465ee728b)
Start importing Assets/Lowpoly Cube Animals 3D/Models/Environment/Flower_0.asset using Guid(bd24ec988fd0423479d217411b1f6b40) Importer(815301076,1909f56bfc062723c751e8b465ee728b) (PreviewImporter)[PhysX] Initialized MultithreadedTaskDispatcher with 6 workers.
[PhysX] Initialized MultithreadedTaskDispatcher with 6 workers.
 -> (artifact id: 'e8b7bf47edb1089945cf7003ad90f269') in 0.0069318 seconds
Number of updated asset objects reloaded before import = 0Number of asset objects unloaded after import = 2

========================================================================
Received Import Request.
  Time since last request: 0.960713 seconds.
  path: Assets/Lowpoly Cube Animals 3D/Models/Environment/Flower_0.asset
  artifactKey: Guid(bd24ec988fd0423479d217411b1f6b40) Importer(2089858483,0ecaa5967403d082aa24f35e1b516d23)
Start importing Assets/Lowpoly Cube Animals 3D/Models/Environment/Flower_0.asset using Guid(bd24ec988fd0423479d217411b1f6b40) Importer(2089858483,0ecaa5967403d082aa24f35e1b516d23) (ScriptedImporter)[PhysX] Initialized MultithreadedTaskDispatcher with 6 workers.
 -> (artifact id: '5b17107edecf8744c264520700ea0bf1') in 0.005235 seconds
Number of updated asset objects reloaded before import = 0Number of asset objects unloaded after import = 1

========================================================================
Received Import Request.
  Time since last request: 9.006711 seconds.
  path: Assets/Lowpoly Cube Animals 3D/Models/Environment/TreeTall.asset
  artifactKey: Guid(f8ef073dad4107446bdd705518cf1fac) Importer(815301076,1909f56bfc062723c751e8b465ee728b)
Start importing Assets/Lowpoly Cube Animals 3D/Models/Environment/TreeTall.asset using Guid(f8ef073dad4107446bdd705518cf1fac) Importer(815301076,1909f56bfc062723c751e8b465ee728b) (PreviewImporter)[PhysX] Initialized MultithreadedTaskDispatcher with 6 workers.
[PhysX] Initialized MultithreadedTaskDispatcher with 6 workers.
 -> (artifact id: '4a0e160aeb9dbb3cbd7841df24a7f703') in 0.0144121 seconds
Number of updated asset objects reloaded before import = 0Number of asset objects unloaded after import = 2

========================================================================
Received Import Request.
  Time since last request: 0.949009 seconds.
  path: Assets/Lowpoly Cube Animals 3D/Models/Environment/TreeTall.asset
  artifactKey: Guid(f8ef073dad4107446bdd705518cf1fac) Importer(2089858483,0ecaa5967403d082aa24f35e1b516d23)
Start importing Assets/Lowpoly Cube Animals 3D/Models/Environment/TreeTall.asset using Guid(f8ef073dad4107446bdd705518cf1fac) Importer(2089858483,0ecaa5967403d082aa24f35e1b516d23) (ScriptedImporter)[PhysX] Initialized MultithreadedTaskDispatcher with 6 workers.
 -> (artifact id: '106094110b9485e81f639ece910897ae') in 0.0048937 seconds
Number of updated asset objects reloaded before import = 0Number of asset objects unloaded after import = 1

========================================================================
Received Import Request.
  Time since last request: 36.249127 seconds.
  path: Assets/Lowpoly Cube Animals 3D/Models/Environment/Tree_1.asset
  artifactKey: Guid(fa3dffb02f834e845854cb88c320a713) Importer(815301076,1909f56bfc062723c751e8b465ee728b)
Start importing Assets/Lowpoly Cube Animals 3D/Models/Environment/Tree_1.asset using Guid(fa3dffb02f834e845854cb88c320a713) Importer(815301076,1909f56bfc062723c751e8b465ee728b) (PreviewImporter)[PhysX] Initialized MultithreadedTaskDispatcher with 6 workers.
[PhysX] Initialized MultithreadedTaskDispatcher with 6 workers.
 -> (artifact id: '6565a877a06fa72d133c73c8cc5a29e0') in 0.0073425 seconds
Number of updated asset objects reloaded before import = 0Number of asset objects unloaded after import = 2

========================================================================
Received Import Request.
  Time since last request: 0.961562 seconds.
  path: Assets/Lowpoly Cube Animals 3D/Models/Environment/Tree_1.asset
  artifactKey: Guid(fa3dffb02f834e845854cb88c320a713) Importer(2089858483,0ecaa5967403d082aa24f35e1b516d23)
Start importing Assets/Lowpoly Cube Animals 3D/Models/Environment/Tree_1.asset using Guid(fa3dffb02f834e845854cb88c320a713) Importer(2089858483,0ecaa5967403d082aa24f35e1b516d23) (ScriptedImporter)[PhysX] Initialized MultithreadedTaskDispatcher with 6 workers.
 -> (artifact id: '40427e3396469372e4fad31b99f7855b') in 0.002775 seconds
Number of updated asset objects reloaded before import = 0Number of asset objects unloaded after import = 1

========================================================================
Received Import Request.
  Time since last request: 6.028123 seconds.
  path: Assets/Lowpoly Cube Animals 3D/Models/Environment/Stone_0.asset
  artifactKey: Guid(91b9de92aa1f79c4bbe81f5c7d906ee6) Importer(815301076,1909f56bfc062723c751e8b465ee728b)
Start importing Assets/Lowpoly Cube Animals 3D/Models/Environment/Stone_0.asset using Guid(91b9de92aa1f79c4bbe81f5c7d906ee6) Importer(815301076,1909f56bfc062723c751e8b465ee728b) (PreviewImporter)[PhysX] Initialized MultithreadedTaskDispatcher with 6 workers.
[PhysX] Initialized MultithreadedTaskDispatcher with 6 workers.
 -> (artifact id: '56ae622dac40eab763970ee0a6fb6b04') in 0.0139623 seconds
Number of updated asset objects reloaded before import = 0Number of asset objects unloaded after import = 2

========================================================================
Received Import Request.
  Time since last request: 0.943440 seconds.
  path: Assets/Lowpoly Cube Animals 3D/Models/Environment/Stone_0.asset
  artifactKey: Guid(91b9de92aa1f79c4bbe81f5c7d906ee6) Importer(2089858483,0ecaa5967403d082aa24f35e1b516d23)
Start importing Assets/Lowpoly Cube Animals 3D/Models/Environment/Stone_0.asset using Guid(91b9de92aa1f79c4bbe81f5c7d906ee6) Importer(2089858483,0ecaa5967403d082aa24f35e1b516d23) (ScriptedImporter)[PhysX] Initialized MultithreadedTaskDispatcher with 6 workers.
 -> (artifact id: '58bce8b49b4e299874ec399e1848c1fa') in 0.0065169 seconds
Number of updated asset objects reloaded before import = 0Number of asset objects unloaded after import = 1

========================================================================
Received Import Request.
  Time since last request: 29.200022 seconds.
  path: Assets/Lowpoly Cube Animals 3D/Models/Environment/Fir.asset
  artifactKey: Guid(1866afe65da865445b27de094ce0cf3d) Importer(815301076,1909f56bfc062723c751e8b465ee728b)
Start importing Assets/Lowpoly Cube Animals 3D/Models/Environment/Fir.asset using Guid(1866afe65da865445b27de094ce0cf3d) Importer(815301076,1909f56bfc062723c751e8b465ee728b) (PreviewImporter)[PhysX] Initialized MultithreadedTaskDispatcher with 6 workers.
[PhysX] Initialized MultithreadedTaskDispatcher with 6 workers.
 -> (artifact id: '887c63e03cac1a69db27b8cc4035eea7') in 0.0067559 seconds
Number of updated asset objects reloaded before import = 0Number of asset objects unloaded after import = 2

========================================================================
Received Import Request.
  Time since last request: 1.030433 seconds.
  path: Assets/Lowpoly Cube Animals 3D/Models/Environment/Fir.asset
  artifactKey: Guid(1866afe65da865445b27de094ce0cf3d) Importer(2089858483,0ecaa5967403d082aa24f35e1b516d23)
Start importing Assets/Lowpoly Cube Animals 3D/Models/Environment/Fir.asset using Guid(1866afe65da865445b27de094ce0cf3d) Importer(2089858483,0ecaa5967403d082aa24f35e1b516d23) (ScriptedImporter)[PhysX] Initialized MultithreadedTaskDispatcher with 6 workers.
 -> (artifact id: 'd9fb9e4e4b03211108a8123ad1fe0663') in 0.0038118 seconds
Number of updated asset objects reloaded before import = 0Number of asset objects unloaded after import = 1

========================================================================
Received Import Request.
  Time since last request: 32.366181 seconds.
  path: Assets/Lowpoly Cube Animals 3D/Models/Environment/Tile_1.asset
  artifactKey: Guid(abbf58ace82efc84f9a50105ecfa0877) Importer(815301076,1909f56bfc062723c751e8b465ee728b)
Start importing Assets/Lowpoly Cube Animals 3D/Models/Environment/Tile_1.asset using Guid(abbf58ace82efc84f9a50105ecfa0877) Importer(815301076,1909f56bfc062723c751e8b465ee728b) (PreviewImporter)[PhysX] Initialized MultithreadedTaskDispatcher with 6 workers.
[PhysX] Initialized MultithreadedTaskDispatcher with 6 workers.
 -> (artifact id: '94ed8e6f4c014de728f733777d880632') in 0.0057735 seconds
Number of updated asset objects reloaded before import = 0Number of asset objects unloaded after import = 2

========================================================================
Received Import Request.
  Time since last request: 0.957212 seconds.
  path: Assets/Lowpoly Cube Animals 3D/Models/Environment/Tile_1.asset
  artifactKey: Guid(abbf58ace82efc84f9a50105ecfa0877) Importer(2089858483,0ecaa5967403d082aa24f35e1b516d23)
Start importing Assets/Lowpoly Cube Animals 3D/Models/Environment/Tile_1.asset using Guid(abbf58ace82efc84f9a50105ecfa0877) Importer(2089858483,0ecaa5967403d082aa24f35e1b516d23) (ScriptedImporter)[PhysX] Initialized MultithreadedTaskDispatcher with 6 workers.
 -> (artifact id: '0ff4f4a5647180941a8ef2b1b0d6a38a') in 0.0035061 seconds
Number of updated asset objects reloaded before import = 0Number of asset objects unloaded after import = 1

========================================================================
Received Import Request.
  Time since last request: 9.729400 seconds.
  path: Assets/Lowpoly Cube Animals 3D/Models/Environment/FenceEnd.asset
  artifactKey: Guid(a7fd47858d5d6974f9b36011422ec3f8) Importer(815301076,1909f56bfc062723c751e8b465ee728b)
Start importing Assets/Lowpoly Cube Animals 3D/Models/Environment/FenceEnd.asset using Guid(a7fd47858d5d6974f9b36011422ec3f8) Importer(815301076,1909f56bfc062723c751e8b465ee728b) (PreviewImporter)[PhysX] Initialized MultithreadedTaskDispatcher with 6 workers.
[PhysX] Initialized MultithreadedTaskDispatcher with 6 workers.
 -> (artifact id: '9961b1b1bb70142b70bb121af9608099') in 0.0066675 seconds
Number of updated asset objects reloaded before import = 0Number of asset objects unloaded after import = 2

========================================================================
Received Import Request.
  Time since last request: 0.964943 seconds.
  path: Assets/Lowpoly Cube Animals 3D/Models/Environment/FenceEnd.asset
  artifactKey: Guid(a7fd47858d5d6974f9b36011422ec3f8) Importer(2089858483,0ecaa5967403d082aa24f35e1b516d23)
Start importing Assets/Lowpoly Cube Animals 3D/Models/Environment/FenceEnd.asset using Guid(a7fd47858d5d6974f9b36011422ec3f8) Importer(2089858483,0ecaa5967403d082aa24f35e1b516d23) (ScriptedImporter)[PhysX] Initialized MultithreadedTaskDispatcher with 6 workers.
 -> (artifact id: '60cbe663bd734c3e658eed8bd3dd511d') in 0.0040456 seconds
Number of updated asset objects reloaded before import = 0Number of asset objects unloaded after import = 1

========================================================================
Received Import Request.
  Time since last request: 34.021026 seconds.
  path: Assets/Lowpoly Cube Animals 3D/Models/Environment/GrassStems_1.asset
  artifactKey: Guid(39411464b945e12469efb0c87c659c0e) Importer(815301076,1909f56bfc062723c751e8b465ee728b)
Start importing Assets/Lowpoly Cube Animals 3D/Models/Environment/GrassStems_1.asset using Guid(39411464b945e12469efb0c87c659c0e) Importer(815301076,1909f56bfc062723c751e8b465ee728b) (PreviewImporter)[PhysX] Initialized MultithreadedTaskDispatcher with 6 workers.
[PhysX] Initialized MultithreadedTaskDispatcher with 6 workers.
 -> (artifact id: 'c5f4d275323c5db1ffa6062a3901556d') in 0.0051462 seconds
Number of updated asset objects reloaded before import = 0Number of asset objects unloaded after import = 2

========================================================================
Received Import Request.
  Time since last request: 0.962867 seconds.
  path: Assets/Lowpoly Cube Animals 3D/Models/Environment/GrassStems_1.asset
  artifactKey: Guid(39411464b945e12469efb0c87c659c0e) Importer(2089858483,0ecaa5967403d082aa24f35e1b516d23)
Start importing Assets/Lowpoly Cube Animals 3D/Models/Environment/GrassStems_1.asset using Guid(39411464b945e12469efb0c87c659c0e) Importer(2089858483,0ecaa5967403d082aa24f35e1b516d23) (ScriptedImporter)[PhysX] Initialized MultithreadedTaskDispatcher with 6 workers.
 -> (artifact id: '9a7bff0e3d85a5bbb8fa72d601c25dcf') in 0.002982 seconds
Number of updated asset objects reloaded before import = 0Number of asset objects unloaded after import = 1

========================================================================
Received Import Request.
  Time since last request: 3.293929 seconds.
  path: Assets/Lowpoly Cube Animals 3D/Models/Environment/GrassStems_0.asset
  artifactKey: Guid(06bed5847a7bc494189415a8c2d85911) Importer(815301076,1909f56bfc062723c751e8b465ee728b)
Start importing Assets/Lowpoly Cube Animals 3D/Models/Environment/GrassStems_0.asset using Guid(06bed5847a7bc494189415a8c2d85911) Importer(815301076,1909f56bfc062723c751e8b465ee728b) (PreviewImporter)[PhysX] Initialized MultithreadedTaskDispatcher with 6 workers.
[PhysX] Initialized MultithreadedTaskDispatcher with 6 workers.
 -> (artifact id: 'fcc4b375559bcb0adc29a0b99b56bf80') in 0.0051068 seconds
Number of updated asset objects reloaded before import = 0Number of asset objects unloaded after import = 2

========================================================================
Received Import Request.
  Time since last request: 0.965714 seconds.
  path: Assets/Lowpoly Cube Animals 3D/Models/Environment/GrassStems_0.asset
  artifactKey: Guid(06bed5847a7bc494189415a8c2d85911) Importer(2089858483,0ecaa5967403d082aa24f35e1b516d23)
Start importing Assets/Lowpoly Cube Animals 3D/Models/Environment/GrassStems_0.asset using Guid(06bed5847a7bc494189415a8c2d85911) Importer(2089858483,0ecaa5967403d082aa24f35e1b516d23) (ScriptedImporter)[PhysX] Initialized MultithreadedTaskDispatcher with 6 workers.
 -> (artifact id: '7fd48a191426a50318e7ed15ee72092f') in 0.0054445 seconds
Number of updated asset objects reloaded before import = 0Number of asset objects unloaded after import = 1

========================================================================
Received Import Request.
  Time since last request: 14.622899 seconds.
  path: Assets/Lowpoly Cube Animals 3D/Models/Environment/Stone_1.asset
  artifactKey: Guid(5107e95a25c55a348bf1d3d138304bed) Importer(815301076,1909f56bfc062723c751e8b465ee728b)
Start importing Assets/Lowpoly Cube Animals 3D/Models/Environment/Stone_1.asset using Guid(5107e95a25c55a348bf1d3d138304bed) Importer(815301076,1909f56bfc062723c751e8b465ee728b) (PreviewImporter)[PhysX] Initialized MultithreadedTaskDispatcher with 6 workers.
[PhysX] Initialized MultithreadedTaskDispatcher with 6 workers.
 -> (artifact id: '2c8d7955246019d390a277444a305b10') in 0.0065726 seconds
Number of updated asset objects reloaded before import = 0Number of asset objects unloaded after import = 2

========================================================================
Received Import Request.
  Time since last request: 0.955202 seconds.
  path: Assets/Lowpoly Cube Animals 3D/Models/Environment/Stone_1.asset
  artifactKey: Guid(5107e95a25c55a348bf1d3d138304bed) Importer(2089858483,0ecaa5967403d082aa24f35e1b516d23)
Start importing Assets/Lowpoly Cube Animals 3D/Models/Environment/Stone_1.asset using Guid(5107e95a25c55a348bf1d3d138304bed) Importer(2089858483,0ecaa5967403d082aa24f35e1b516d23) (ScriptedImporter)[PhysX] Initialized MultithreadedTaskDispatcher with 6 workers.
 -> (artifact id: '630b338125812c1bd05f846fa8028533') in 0.0055275 seconds
Number of updated asset objects reloaded before import = 0Number of asset objects unloaded after import = 1

========================================================================
Received Import Request.
  Time since last request: 78.559142 seconds.
  path: Assets/Lowpoly Cube Animals 3D/Prefabs/Lion.prefab
  artifactKey: Guid(c3b332594781a584d869682713bc1e4d) Importer(815301076,1909f56bfc062723c751e8b465ee728b)
Start importing Assets/Lowpoly Cube Animals 3D/Prefabs/Lion.prefab using Guid(c3b332594781a584d869682713bc1e4d) Importer(815301076,1909f56bfc062723c751e8b465ee728b) (PreviewImporter)[PhysX] Initialized MultithreadedTaskDispatcher with 6 workers.
[PhysX] Initialized MultithreadedTaskDispatcher with 6 workers.
 -> (artifact id: '2501dfa8271a0a7fa32ad13cc0a69c02') in 0.0127726 seconds
Number of updated asset objects reloaded before import = 0Number of asset objects unloaded after import = 9

========================================================================
Received Import Request.
  Time since last request: 7.743791 seconds.
  path: Assets/Lowpoly Cube Animals 3D/Prefabs/Bull.prefab
  artifactKey: Guid(82b32c306a1326440b03fe84da8526c6) Importer(815301076,1909f56bfc062723c751e8b465ee728b)
Start importing Assets/Lowpoly Cube Animals 3D/Prefabs/Bull.prefab using Guid(82b32c306a1326440b03fe84da8526c6) Importer(815301076,1909f56bfc062723c751e8b465ee728b) (PreviewImporter)[PhysX] Initialized MultithreadedTaskDispatcher with 6 workers.
[PhysX] Initialized MultithreadedTaskDispatcher with 6 workers.
 -> (artifact id: 'b78415fd853f7ea90acc5cf6adfdd925') in 0.0194929 seconds
Number of updated asset objects reloaded before import = 0Number of asset objects unloaded after import = 15

========================================================================
Received Import Request.
  Time since last request: 0.644845 seconds.
  path: Assets/Lowpoly Cube Animals 3D/Prefabs/Bear.prefab
  artifactKey: Guid(65f20087f41a4f447bfcbf7bad048d1d) Importer(815301076,1909f56bfc062723c751e8b465ee728b)
Start importing Assets/Lowpoly Cube Animals 3D/Prefabs/Bear.prefab using Guid(65f20087f41a4f447bfcbf7bad048d1d) Importer(815301076,1909f56bfc062723c751e8b465ee728b) (PreviewImporter)[PhysX] Initialized MultithreadedTaskDispatcher with 6 workers.
[PhysX] Initialized MultithreadedTaskDispatcher with 6 workers.
 -> (artifact id: 'bedfcb3222d846c0803b6b093a7e451d') in 0.0166747 seconds
Number of updated asset objects reloaded before import = 0Number of asset objects unloaded after import = 15

========================================================================
Received Import Request.
  Time since last request: 11.396930 seconds.
  path: Assets/Lowpoly Cube Animals 3D/Prefabs/Lion.prefab
  artifactKey: Guid(c3b332594781a584d869682713bc1e4d) Importer(2089858483,0ecaa5967403d082aa24f35e1b516d23)
Start importing Assets/Lowpoly Cube Animals 3D/Prefabs/Lion.prefab using Guid(c3b332594781a584d869682713bc1e4d) Importer(2089858483,0ecaa5967403d082aa24f35e1b516d23) (ScriptedImporter)[PhysX] Initialized MultithreadedTaskDispatcher with 6 workers.
 -> (artifact id: '3f14e2c4aa25be34c960fc787ffd1dad') in 0.0090807 seconds
Number of updated asset objects reloaded before import = 0Number of asset objects unloaded after import = 9

========================================================================
Received Import Request.
  Time since last request: 3.655239 seconds.
  path: Assets/Lowpoly Cube Animals 3D/Prefabs/Lion.prefab
  artifactKey: Guid(c3b332594781a584d869682713bc1e4d) Importer(2089858483,0ecaa5967403d082aa24f35e1b516d23)
Start importing Assets/Lowpoly Cube Animals 3D/Prefabs/Lion.prefab using Guid(c3b332594781a584d869682713bc1e4d) Importer(2089858483,0ecaa5967403d082aa24f35e1b516d23) (ScriptedImporter)[PhysX] Initialized MultithreadedTaskDispatcher with 6 workers.
 -> (artifact id: '8c9385554a98b87ecb890a0a5598b7f8') in 0.0065582 seconds
Number of updated asset objects reloaded before import = 0Number of asset objects unloaded after import = 9

========================================================================
Received Import Request.
  Time since last request: 14.264459 seconds.
  path: Assets/Lowpoly Cube Animals 3D/Prefabs/Lion.prefab
  artifactKey: Guid(c3b332594781a584d869682713bc1e4d) Importer(2089858483,0ecaa5967403d082aa24f35e1b516d23)
Start importing Assets/Lowpoly Cube Animals 3D/Prefabs/Lion.prefab using Guid(c3b332594781a584d869682713bc1e4d) Importer(2089858483,0ecaa5967403d082aa24f35e1b516d23) (ScriptedImporter)[PhysX] Initialized MultithreadedTaskDispatcher with 6 workers.
 -> (artifact id: 'e6657204d64dddca548f660b4e82f879') in 0.0085986 seconds
Number of updated asset objects reloaded before import = 0Number of asset objects unloaded after import = 10

========================================================================
Received Import Request.
  Time since last request: 12.939666 seconds.
  path: Assets/Lowpoly Cube Animals 3D/Prefabs/Lion.prefab
  artifactKey: Guid(c3b332594781a584d869682713bc1e4d) Importer(2089858483,0ecaa5967403d082aa24f35e1b516d23)
Start importing Assets/Lowpoly Cube Animals 3D/Prefabs/Lion.prefab using Guid(c3b332594781a584d869682713bc1e4d) Importer(2089858483,0ecaa5967403d082aa24f35e1b516d23) (ScriptedImporter)[PhysX] Initialized MultithreadedTaskDispatcher with 6 workers.
 -> (artifact id: '16ee2e5e7bde1fcb6f67f3254447e8aa') in 0.0082788 seconds
Number of updated asset objects reloaded before import = 0Number of asset objects unloaded after import = 11

========================================================================
Received Import Request.
  Time since last request: 4.107113 seconds.
  path: Assets/Lowpoly Cube Animals 3D/Prefabs/Lion.prefab
  artifactKey: Guid(c3b332594781a584d869682713bc1e4d) Importer(2089858483,0ecaa5967403d082aa24f35e1b516d23)
Start importing Assets/Lowpoly Cube Animals 3D/Prefabs/Lion.prefab using Guid(c3b332594781a584d869682713bc1e4d) Importer(2089858483,0ecaa5967403d082aa24f35e1b516d23) (ScriptedImporter)[PhysX] Initialized MultithreadedTaskDispatcher with 6 workers.
 -> (artifact id: '00000000000000000000000000000000') in 0.0058909 seconds
Import Error Code:(4)
Message: Build asset version error: assets/lowpoly cube animals 3d/prefabs/lion.prefab in SourceAssetDB has modification time of '2024-08-05T09:09:16.3630494Z' while content on disk has modification time of '2024-08-05T09:09:17.7634704Z'
  ERROR: Build asset version error: assets/lowpoly cube animals 3d/prefabs/lion.prefab in SourceAssetDB has modification time of '2024-08-05T09:09:16.3630494Z' while content on disk has modification time of '2024-08-05T09:09:17.7634704Z'
Number of updated asset objects reloaded before import = 0Number of asset objects unloaded after import = 1

========================================================================
Received Import Request.
  Time since last request: 10.000382 seconds.
  path: Assets/Lowpoly Cube Animals 3D/Prefabs/Lion.prefab
  artifactKey: Guid(c3b332594781a584d869682713bc1e4d) Importer(2089858483,0ecaa5967403d082aa24f35e1b516d23)
Start importing Assets/Lowpoly Cube Animals 3D/Prefabs/Lion.prefab using Guid(c3b332594781a584d869682713bc1e4d) Importer(2089858483,0ecaa5967403d082aa24f35e1b516d23) (ScriptedImporter)[PhysX] Initialized MultithreadedTaskDispatcher with 6 workers.
 -> (artifact id: 'd7e2e3641e2a0d72e158d002bcaf3b76') in 0.0044695 seconds
Number of updated asset objects reloaded before import = 0Number of asset objects unloaded after import = 9

========================================================================
Received Import Request.
  Time since last request: 9.270139 seconds.
  path: Assets/Lowpoly Cube Animals 3D/Prefabs/Lion.prefab
  artifactKey: Guid(c3b332594781a584d869682713bc1e4d) Importer(2089858483,0ecaa5967403d082aa24f35e1b516d23)
Start importing Assets/Lowpoly Cube Animals 3D/Prefabs/Lion.prefab using Guid(c3b332594781a584d869682713bc1e4d) Importer(2089858483,0ecaa5967403d082aa24f35e1b516d23) (ScriptedImporter)[PhysX] Initialized MultithreadedTaskDispatcher with 6 workers.
 -> (artifact id: 'e2bc8427bc36acfc53c92bc0229dace3') in 0.0060707 seconds
Number of updated asset objects reloaded before import = 0Number of asset objects unloaded after import = 9

========================================================================
Received Import Request.
  Time since last request: 8.464992 seconds.
  path: Assets/Lowpoly Cube Animals 3D/Materials/Cloud_Material.mat
  artifactKey: Guid(5dad5f80188250444b6a0d2315704967) Importer(815301076,1909f56bfc062723c751e8b465ee728b)
Start importing Assets/Lowpoly Cube Animals 3D/Materials/Cloud_Material.mat using Guid(5dad5f80188250444b6a0d2315704967) Importer(815301076,1909f56bfc062723c751e8b465ee728b) (PreviewImporter)[PhysX] Initialized MultithreadedTaskDispatcher with 6 workers.
[PhysX] Initialized MultithreadedTaskDispatcher with 6 workers.
 -> (artifact id: '28a158ee02b310e68659b47ee82a1281') in 0.1631741 seconds
Number of updated asset objects reloaded before import = 0Number of asset objects unloaded after import = 2

========================================================================
Received Import Request.
  Time since last request: 7.257001 seconds.
  path: Assets/_Project/Scripts/Gameplay/Features/MovementFeature
  artifactKey: Guid(d02475f7f82342c89698398838d9cba3) Importer(815301076,1909f56bfc062723c751e8b465ee728b)
Start importing Assets/_Project/Scripts/Gameplay/Features/MovementFeature using Guid(d02475f7f82342c89698398838d9cba3) Importer(815301076,1909f56bfc062723c751e8b465ee728b) (PreviewImporter)[PhysX] Initialized MultithreadedTaskDispatcher with 6 workers.
 -> (artifact id: '6952e33c1889d99fa29a35b9250605ea') in 0.0022279 seconds
Number of updated asset objects reloaded before import = 0Number of asset objects unloaded after import = 0

========================================================================
Received Import Request.
  Time since last request: 0.505753 seconds.
  path: Assets/_Project/Scripts/Gameplay/BlockMovement.cs
  artifactKey: Guid(b5b66c7cbcf14bc6ac1e0e56f39215e0) Importer(815301076,1909f56bfc062723c751e8b465ee728b)
Start importing Assets/_Project/Scripts/Gameplay/BlockMovement.cs using Guid(b5b66c7cbcf14bc6ac1e0e56f39215e0) Importer(815301076,1909f56bfc062723c751e8b465ee728b) (PreviewImporter)[PhysX] Initialized MultithreadedTaskDispatcher with 6 workers.
 -> (artifact id: '183fe86e684ac0aff3bbcf01bfdd18d5') in 0.0029079 seconds
Number of updated asset objects reloaded before import = 0Number of asset objects unloaded after import = 0

========================================================================
Received Import Request.
  Time since last request: 0.064319 seconds.
  path: Assets/_Project/Scripts/Gameplay/Features/MovementFeature/Systems/BlockMovementChainCommandSystem.cs
  artifactKey: Guid(1918550cdada462296b52efcf024c4e8) Importer(815301076,1909f56bfc062723c751e8b465ee728b)
Start importing Assets/_Project/Scripts/Gameplay/Features/MovementFeature/Systems/BlockMovementChainCommandSystem.cs using Guid(1918550cdada462296b52efcf024c4e8) Importer(815301076,1909f56bfc062723c751e8b465ee728b) (PreviewImporter)[PhysX] Initialized MultithreadedTaskDispatcher with 6 workers.
 -> (artifact id: '6d674d78d472bd22b843368cda4f541e') in 0.0029284 seconds
Number of updated asset objects reloaded before import = 0Number of asset objects unloaded after import = 0

========================================================================
Received Import Request.
  Time since last request: 0.039341 seconds.
  path: Assets/_Project/Scripts/Gameplay/Features/MovementFeature/Components/ChainMovementCooldown.cs
  artifactKey: Guid(492ca53012c640be9dbc23d26aa8e93c) Importer(815301076,1909f56bfc062723c751e8b465ee728b)
Start importing Assets/_Project/Scripts/Gameplay/Features/MovementFeature/Components/ChainMovementCooldown.cs using Guid(492ca53012c640be9dbc23d26aa8e93c) Importer(815301076,1909f56bfc062723c751e8b465ee728b) (PreviewImporter)[PhysX] Initialized MultithreadedTaskDispatcher with 6 workers.
 -> (artifact id: '163a1e50a2638a0177bf5c0539a948cc') in 0.0009592 seconds
Number of updated asset objects reloaded before import = 0Number of asset objects unloaded after import = 0

========================================================================
Received Import Request.
  Time since last request: 0.030636 seconds.
  path: Assets/_Project/Scripts/Gameplay/Features/MovementFeature/Components/ChainMovementMarker.cs
  artifactKey: Guid(0aa7af30c3654868b6236abdc1a4d0bd) Importer(815301076,1909f56bfc062723c751e8b465ee728b)
Start importing Assets/_Project/Scripts/Gameplay/Features/MovementFeature/Components/ChainMovementMarker.cs using Guid(0aa7af30c3654868b6236abdc1a4d0bd) Importer(815301076,1909f56bfc062723c751e8b465ee728b) (PreviewImporter)[PhysX] Initialized MultithreadedTaskDispatcher with 6 workers.
 -> (artifact id: 'bf397a07add3b90f393290deb23c354b') in 0.00158 seconds
Number of updated asset objects reloaded before import = 0Number of asset objects unloaded after import = 0

========================================================================
Received Import Request.
  Time since last request: 0.029033 seconds.
  path: Assets/_Project/Scripts/Gameplay/Features/MovementFeature/Systems/ChainMovementSystem.cs
  artifactKey: Guid(ff2f9e4cea324f12bbe141ae949d8de5) Importer(815301076,1909f56bfc062723c751e8b465ee728b)
Start importing Assets/_Project/Scripts/Gameplay/Features/MovementFeature/Systems/ChainMovementSystem.cs using Guid(ff2f9e4cea324f12bbe141ae949d8de5) Importer(815301076,1909f56bfc062723c751e8b465ee728b) (PreviewImporter)[PhysX] Initialized MultithreadedTaskDispatcher with 6 workers.
 -> (artifact id: 'e2202fd6227ffd5e858ebbdfe8c7e374') in 0.0009234 seconds
Number of updated asset objects reloaded before import = 0Number of asset objects unloaded after import = 0

========================================================================
Received Import Request.
  Time since last request: 0.049570 seconds.
  path: Assets/_Project/Scripts/Gameplay/Features/MovementFeature/Systems/DestinationMovementSystem.cs
  artifactKey: Guid(528087d6b5d648e388e1a7272e83128e) Importer(815301076,1909f56bfc062723c751e8b465ee728b)
Start importing Assets/_Project/Scripts/Gameplay/Features/MovementFeature/Systems/DestinationMovementSystem.cs using Guid(528087d6b5d648e388e1a7272e83128e) Importer(815301076,1909f56bfc062723c751e8b465ee728b) (PreviewImporter)[PhysX] Initialized MultithreadedTaskDispatcher with 6 workers.
 -> (artifact id: '9ab24c3d37a8cefb59418e28e55c08c3') in 0.0013504 seconds
Number of updated asset objects reloaded before import = 0Number of asset objects unloaded after import = 0

========================================================================
Received Import Request.
  Time since last request: 0.039656 seconds.
  path: Assets/_Project/Scripts/Gameplay/Features/MovementFeature/Components/MovementDirection.cs
  artifactKey: Guid(0ee943a6d4aa409fbeae0c7544c4037d) Importer(815301076,1909f56bfc062723c751e8b465ee728b)
Start importing Assets/_Project/Scripts/Gameplay/Features/MovementFeature/Components/MovementDirection.cs using Guid(0ee943a6d4aa409fbeae0c7544c4037d) Importer(815301076,1909f56bfc062723c751e8b465ee728b) (PreviewImporter)[PhysX] Initialized MultithreadedTaskDispatcher with 6 workers.
 -> (artifact id: '6000c4dd50772d45454eb8984165ff6e') in 0.0009525 seconds
Number of updated asset objects reloaded before import = 0Number of asset objects unloaded after import = 0

========================================================================
Received Import Request.
  Time since last request: 0.030617 seconds.
  path: Assets/_Project/Scripts/Gameplay/Features/MovementFeature/Components/MovementEasingCfg.cs
  artifactKey: Guid(7e1f78ddbc694ada8d26d9367aa1869d) Importer(815301076,1909f56bfc062723c751e8b465ee728b)
Start importing Assets/_Project/Scripts/Gameplay/Features/MovementFeature/Components/MovementEasingCfg.cs using Guid(7e1f78ddbc694ada8d26d9367aa1869d) Importer(815301076,1909f56bfc062723c751e8b465ee728b) (PreviewImporter)[PhysX] Initialized MultithreadedTaskDispatcher with 6 workers.
 -> (artifact id: '588b9534f95467ba6c9bb06c9562d9f2') in 0.0011844 seconds
Number of updated asset objects reloaded before import = 0Number of asset objects unloaded after import = 0

========================================================================
Received Import Request.
  Time since last request: 0.029919 seconds.
  path: Assets/_Project/Scripts/Gameplay/MovementEasingCfg.asset
  artifactKey: Guid(d55202cee31e22649b7804fe3d4888f7) Importer(815301076,1909f56bfc062723c751e8b465ee728b)
Start importing Assets/_Project/Scripts/Gameplay/MovementEasingCfg.asset using Guid(d55202cee31e22649b7804fe3d4888f7) Importer(815301076,1909f56bfc062723c751e8b465ee728b) (PreviewImporter)[PhysX] Initialized MultithreadedTaskDispatcher with 6 workers.
 -> (artifact id: '0cb7378ebd11898d90f6eceda41ad0a4') in 0.0013795 seconds
Number of updated asset objects reloaded before import = 0Number of asset objects unloaded after import = 1

========================================================================
Received Import Request.
  Time since last request: 14.701908 seconds.
  path: Assets/Lowpoly Cube Animals 3D/ExplosionFX.prefab
  artifactKey: Guid(6cb8d13d2038d504a82630f29e139e88) Importer(815301076,1909f56bfc062723c751e8b465ee728b)
Start importing Assets/Lowpoly Cube Animals 3D/ExplosionFX.prefab using Guid(6cb8d13d2038d504a82630f29e139e88) Importer(815301076,1909f56bfc062723c751e8b465ee728b) (PreviewImporter)[PhysX] Initialized MultithreadedTaskDispatcher with 6 workers.
[PhysX] Initialized MultithreadedTaskDispatcher with 6 workers.
 -> (artifact id: '34d2a3de0be75423afef731bdb0e22d5') in 0.0064896 seconds
Number of updated asset objects reloaded before import = 0Number of asset objects unloaded after import = 6

========================================================================
Received Import Request.
  Time since last request: 0.939240 seconds.
  path: Assets/Lowpoly Cube Animals 3D/ExplosionFX.prefab
  artifactKey: Guid(6cb8d13d2038d504a82630f29e139e88) Importer(2089858483,0ecaa5967403d082aa24f35e1b516d23)
Start importing Assets/Lowpoly Cube Animals 3D/ExplosionFX.prefab using Guid(6cb8d13d2038d504a82630f29e139e88) Importer(2089858483,0ecaa5967403d082aa24f35e1b516d23) (ScriptedImporter)[PhysX] Initialized MultithreadedTaskDispatcher with 6 workers.
 -> (artifact id: '5610b577e947b95bdae9fe20f6916948') in 0.0310382 seconds
Number of updated asset objects reloaded before import = 0Number of asset objects unloaded after import = 6

========================================================================
Received Import Request.
  Time since last request: 8.514840 seconds.
  path: Assets/Lowpoly Cube Animals 3D/Prefabs/Pig.prefab
  artifactKey: Guid(c261ac2de84915042b720b25b9888203) Importer(815301076,1909f56bfc062723c751e8b465ee728b)
Start importing Assets/Lowpoly Cube Animals 3D/Prefabs/Pig.prefab using Guid(c261ac2de84915042b720b25b9888203) Importer(815301076,1909f56bfc062723c751e8b465ee728b) (PreviewImporter)[PhysX] Initialized MultithreadedTaskDispatcher with 6 workers.
[PhysX] Initialized MultithreadedTaskDispatcher with 6 workers.
 -> (artifact id: 'dfd454bb027b83942781ef2a0084bd34') in 0.0142927 seconds
Number of updated asset objects reloaded before import = 0Number of asset objects unloaded after import = 15

========================================================================
Received Import Request.
  Time since last request: 4.340390 seconds.
  path: Assets/Lowpoly Cube Animals 3D/Prefabs/Pig.prefab
  artifactKey: Guid(c261ac2de84915042b720b25b9888203) Importer(2089858483,0ecaa5967403d082aa24f35e1b516d23)
Start importing Assets/Lowpoly Cube Animals 3D/Prefabs/Pig.prefab using Guid(c261ac2de84915042b720b25b9888203) Importer(2089858483,0ecaa5967403d082aa24f35e1b516d23) (ScriptedImporter)[PhysX] Initialized MultithreadedTaskDispatcher with 6 workers.
 -> (artifact id: '277c7c509c94f1a0d341147ab50e886d') in 0.008978 seconds
Number of updated asset objects reloaded before import = 0Number of asset objects unloaded after import = 13

========================================================================
Received Import Request.
  Time since last request: 1.993203 seconds.
  path: Assets/Lowpoly Cube Animals 3D/Prefabs/Pig.prefab
  artifactKey: Guid(c261ac2de84915042b720b25b9888203) Importer(2089858483,0ecaa5967403d082aa24f35e1b516d23)
Start importing Assets/Lowpoly Cube Animals 3D/Prefabs/Pig.prefab using Guid(c261ac2de84915042b720b25b9888203) Importer(2089858483,0ecaa5967403d082aa24f35e1b516d23) (ScriptedImporter)[PhysX] Initialized MultithreadedTaskDispatcher with 6 workers.
 -> (artifact id: 'fbe27c4b8ea2ea8f497004decb2e1d22') in 0.0089218 seconds
Number of updated asset objects reloaded before import = 0Number of asset objects unloaded after import = 13

========================================================================
Received Import Request.
  Time since last request: 7.349574 seconds.
  path: Assets/Lowpoly Cube Animals 3D/Prefabs/Pig.prefab
  artifactKey: Guid(c261ac2de84915042b720b25b9888203) Importer(2089858483,0ecaa5967403d082aa24f35e1b516d23)
Start importing Assets/Lowpoly Cube Animals 3D/Prefabs/Pig.prefab using Guid(c261ac2de84915042b720b25b9888203) Importer(2089858483,0ecaa5967403d082aa24f35e1b516d23) (ScriptedImporter)[PhysX] Initialized MultithreadedTaskDispatcher with 6 workers.
 -> (artifact id: '7829eb8958ce5735f36e63930d07ea73') in 0.0086506 seconds
Number of updated asset objects reloaded before import = 0Number of asset objects unloaded after import = 14

========================================================================
Received Import Request.
  Time since last request: 7.312947 seconds.
  path: Assets/Lowpoly Cube Animals 3D/Prefabs/Pig.prefab
  artifactKey: Guid(c261ac2de84915042b720b25b9888203) Importer(2089858483,0ecaa5967403d082aa24f35e1b516d23)
Start importing Assets/Lowpoly Cube Animals 3D/Prefabs/Pig.prefab using Guid(c261ac2de84915042b720b25b9888203) Importer(2089858483,0ecaa5967403d082aa24f35e1b516d23) (ScriptedImporter)[PhysX] Initialized MultithreadedTaskDispatcher with 6 workers.
 -> (artifact id: 'c0b16cdfee0bea6dd2f41be8bde350b7') in 0.0078332 seconds
Number of updated asset objects reloaded before import = 0Number of asset objects unloaded after import = 15

========================================================================
Received Import Request.
  Time since last request: 8.087955 seconds.
  path: Assets/Lowpoly Cube Animals 3D/Prefabs/Pig.prefab
  artifactKey: Guid(c261ac2de84915042b720b25b9888203) Importer(2089858483,0ecaa5967403d082aa24f35e1b516d23)
Start importing Assets/Lowpoly Cube Animals 3D/Prefabs/Pig.prefab using Guid(c261ac2de84915042b720b25b9888203) Importer(2089858483,0ecaa5967403d082aa24f35e1b516d23) (ScriptedImporter)[PhysX] Initialized MultithreadedTaskDispatcher with 6 workers.
 -> (artifact id: '00000000000000000000000000000000') in 0.008411 seconds
Import Error Code:(4)
Message: Build asset version error: assets/lowpoly cube animals 3d/prefabs/pig.prefab in SourceAssetDB has modification time of '2024-08-05T09:10:46.0025674Z' while content on disk has modification time of '2024-08-05T09:10:47.1155244Z'
  ERROR: Build asset version error: assets/lowpoly cube animals 3d/prefabs/pig.prefab in SourceAssetDB has modification time of '2024-08-05T09:10:46.0025674Z' while content on disk has modification time of '2024-08-05T09:10:47.1155244Z'
Number of updated asset objects reloaded before import = 0Number of asset objects unloaded after import = 1

========================================================================
Received Import Request.
  Time since last request: 10.008992 seconds.
  path: Assets/Lowpoly Cube Animals 3D/Prefabs/Pig.prefab
  artifactKey: Guid(c261ac2de84915042b720b25b9888203) Importer(2089858483,0ecaa5967403d082aa24f35e1b516d23)
Start importing Assets/Lowpoly Cube Animals 3D/Prefabs/Pig.prefab using Guid(c261ac2de84915042b720b25b9888203) Importer(2089858483,0ecaa5967403d082aa24f35e1b516d23) (ScriptedImporter)[PhysX] Initialized MultithreadedTaskDispatcher with 6 workers.
 -> (artifact id: 'e06c2c9ba7ea026b26a6f8ec7804363b') in 0.0082389 seconds
Number of updated asset objects reloaded before import = 0Number of asset objects unloaded after import = 13

========================================================================
Received Import Request.
  Time since last request: 10.089610 seconds.
  path: Assets/Lowpoly Cube Animals 3D/Prefabs/Pig.prefab
  artifactKey: Guid(c261ac2de84915042b720b25b9888203) Importer(2089858483,0ecaa5967403d082aa24f35e1b516d23)
Start importing Assets/Lowpoly Cube Animals 3D/Prefabs/Pig.prefab using Guid(c261ac2de84915042b720b25b9888203) Importer(2089858483,0ecaa5967403d082aa24f35e1b516d23) (ScriptedImporter)[PhysX] Initialized MultithreadedTaskDispatcher with 6 workers.
 -> (artifact id: '7be2e477fd6a68375ae1d79cb2677ae7') in 0.0077176 seconds
Number of updated asset objects reloaded before import = 0Number of asset objects unloaded after import = 13

========================================================================
Received Import Request.
  Time since last request: 8.607047 seconds.
  path: Assets/Lowpoly Cube Animals 3D/Materials/Animal.mat
  artifactKey: Guid(f8d8455d6db947442b4c9d3bf700ec99) Importer(2089858483,0ecaa5967403d082aa24f35e1b516d23)
Start importing Assets/Lowpoly Cube Animals 3D/Materials/Animal.mat using Guid(f8d8455d6db947442b4c9d3bf700ec99) Importer(2089858483,0ecaa5967403d082aa24f35e1b516d23) (ScriptedImporter)[PhysX] Initialized MultithreadedTaskDispatcher with 6 workers.
 -> (artifact id: 'ac25abf2aef14f4a5d6565a960d0a4ad') in 0.0048224 seconds
Number of updated asset objects reloaded before import = 0Number of asset objects unloaded after import = 2

========================================================================
Received Import Request.
  Time since last request: 13.217381 seconds.
  path: Assets/Lowpoly Cube Animals 3D/SmokeWhiteTrail.prefab
  artifactKey: Guid(fee3b9b6521d21c4cb0e7f3dfa6d67fb) Importer(815301076,1909f56bfc062723c751e8b465ee728b)
Start importing Assets/Lowpoly Cube Animals 3D/SmokeWhiteTrail.prefab using Guid(fee3b9b6521d21c4cb0e7f3dfa6d67fb) Importer(815301076,1909f56bfc062723c751e8b465ee728b) (PreviewImporter)[PhysX] Initialized MultithreadedTaskDispatcher with 6 workers.
[PhysX] Initialized MultithreadedTaskDispatcher with 6 workers.
 -> (artifact id: '50cd9391e4ac4ea55d20d1df819f6ccb') in 0.0083686 seconds
Number of updated asset objects reloaded before import = 0Number of asset objects unloaded after import = 8

========================================================================
Received Import Request.
  Time since last request: 1.830899 seconds.
  path: Assets/Lowpoly Cube Animals 3D/SmokeWhiteTrail.prefab
  artifactKey: Guid(fee3b9b6521d21c4cb0e7f3dfa6d67fb) Importer(2089858483,0ecaa5967403d082aa24f35e1b516d23)
Start importing Assets/Lowpoly Cube Animals 3D/SmokeWhiteTrail.prefab using Guid(fee3b9b6521d21c4cb0e7f3dfa6d67fb) Importer(2089858483,0ecaa5967403d082aa24f35e1b516d23) (ScriptedImporter)[PhysX] Initialized MultithreadedTaskDispatcher with 6 workers.
 -> (artifact id: '3f8283ba2fbf2e31e68fa47b5c626488') in 0.0249409 seconds
Number of updated asset objects reloaded before import = 0Number of asset objects unloaded after import = 6

========================================================================
Received Import Request.
  Time since last request: 1.797980 seconds.
  path: Assets/Lowpoly Cube Animals 3D/Prefabs/Pig.prefab
  artifactKey: Guid(c261ac2de84915042b720b25b9888203) Importer(2089858483,0ecaa5967403d082aa24f35e1b516d23)
Start importing Assets/Lowpoly Cube Animals 3D/Prefabs/Pig.prefab using Guid(c261ac2de84915042b720b25b9888203) Importer(2089858483,0ecaa5967403d082aa24f35e1b516d23) (ScriptedImporter)[PhysX] Initialized MultithreadedTaskDispatcher with 6 workers.
 -> (artifact id: '7f131b1043b299a3332a9705ccc914f7') in 0.0063501 seconds
Number of updated asset objects reloaded before import = 0Number of asset objects unloaded after import = 9

========================================================================
Received Import Request.
  Time since last request: 8.074931 seconds.
  path: Assets/Lowpoly Cube Animals 3D/MovementTrailFX.prefab
  artifactKey: Guid(fee3b9b6521d21c4cb0e7f3dfa6d67fb) Importer(815301076,1909f56bfc062723c751e8b465ee728b)
Start importing Assets/Lowpoly Cube Animals 3D/MovementTrailFX.prefab using Guid(fee3b9b6521d21c4cb0e7f3dfa6d67fb) Importer(815301076,1909f56bfc062723c751e8b465ee728b) (PreviewImporter)[PhysX] Initialized MultithreadedTaskDispatcher with 6 workers.
[PhysX] Initialized MultithreadedTaskDispatcher with 6 workers.
 -> (artifact id: '647f55dc9b3819bee941f26d8be3c490') in 0.0094406 seconds
Number of updated asset objects reloaded before import = 0Number of asset objects unloaded after import = 8

========================================================================
Received Import Request.
  Time since last request: 0.946674 seconds.
  path: Assets/Lowpoly Cube Animals 3D/MovementTrailFX.prefab
  artifactKey: Guid(fee3b9b6521d21c4cb0e7f3dfa6d67fb) Importer(2089858483,0ecaa5967403d082aa24f35e1b516d23)
Start importing Assets/Lowpoly Cube Animals 3D/MovementTrailFX.prefab using Guid(fee3b9b6521d21c4cb0e7f3dfa6d67fb) Importer(2089858483,0ecaa5967403d082aa24f35e1b516d23) (ScriptedImporter)[PhysX] Initialized MultithreadedTaskDispatcher with 6 workers.
 -> (artifact id: '1581463c04cb7ed61eb9b38c43ac062b') in 0.0225247 seconds
Number of updated asset objects reloaded before import = 0Number of asset objects unloaded after import = 6

========================================================================
Received Import Request.
  Time since last request: 19.113271 seconds.
  path: Assets/Lowpoly Cube Animals 3D/Prefabs/Bear.prefab
  artifactKey: Guid(65f20087f41a4f447bfcbf7bad048d1d) Importer(815301076,1909f56bfc062723c751e8b465ee728b)
Start importing Assets/Lowpoly Cube Animals 3D/Prefabs/Bear.prefab using Guid(65f20087f41a4f447bfcbf7bad048d1d) Importer(815301076,1909f56bfc062723c751e8b465ee728b) (PreviewImporter)[PhysX] Initialized MultithreadedTaskDispatcher with 6 workers.
[PhysX] Initialized MultithreadedTaskDispatcher with 6 workers.
 -> (artifact id: '4bf183a5042cffc9777b9abb1fd9577a') in 0.008537 seconds
Number of updated asset objects reloaded before import = 0Number of asset objects unloaded after import = 15

========================================================================
Received Import Request.
  Time since last request: 3.063617 seconds.
  path: Assets/Lowpoly Cube Animals 3D/Prefabs/Bear.prefab
  artifactKey: Guid(65f20087f41a4f447bfcbf7bad048d1d) Importer(2089858483,0ecaa5967403d082aa24f35e1b516d23)
Start importing Assets/Lowpoly Cube Animals 3D/Prefabs/Bear.prefab using Guid(65f20087f41a4f447bfcbf7bad048d1d) Importer(2089858483,0ecaa5967403d082aa24f35e1b516d23) (ScriptedImporter)[PhysX] Initialized MultithreadedTaskDispatcher with 6 workers.
 -> (artifact id: 'b1510ed3ca0059838a75e28308466cd5') in 0.0084295 seconds
Number of updated asset objects reloaded before import = 0Number of asset objects unloaded after import = 16

========================================================================
Received Import Request.
  Time since last request: 5.640353 seconds.
  path: Assets/Lowpoly Cube Animals 3D/Prefabs/Bear.prefab
  artifactKey: Guid(65f20087f41a4f447bfcbf7bad048d1d) Importer(2089858483,0ecaa5967403d082aa24f35e1b516d23)
Start importing Assets/Lowpoly Cube Animals 3D/Prefabs/Bear.prefab using Guid(65f20087f41a4f447bfcbf7bad048d1d) Importer(2089858483,0ecaa5967403d082aa24f35e1b516d23) (ScriptedImporter)[PhysX] Initialized MultithreadedTaskDispatcher with 6 workers.
 -> (artifact id: 'e64d0ecbe749cdc113dfffafc0931b89') in 0.0078913 seconds
Number of updated asset objects reloaded before import = 0Number of asset objects unloaded after import = 15

========================================================================
Received Import Request.
  Time since last request: 3.130574 seconds.
  path: Assets/Lowpoly Cube Animals 3D/Prefabs/Bear.prefab
  artifactKey: Guid(65f20087f41a4f447bfcbf7bad048d1d) Importer(2089858483,0ecaa5967403d082aa24f35e1b516d23)
Start importing Assets/Lowpoly Cube Animals 3D/Prefabs/Bear.prefab using Guid(65f20087f41a4f447bfcbf7bad048d1d) Importer(2089858483,0ecaa5967403d082aa24f35e1b516d23) (ScriptedImporter)[PhysX] Initialized MultithreadedTaskDispatcher with 6 workers.
 -> (artifact id: '00000000000000000000000000000000') in 0.0073382 seconds
Import Error Code:(4)
Message: Build asset version error: assets/lowpoly cube animals 3d/prefabs/bear.prefab in SourceAssetDB has modification time of '2024-08-05T09:12:11.2700567Z' while content on disk has modification time of '2024-08-05T09:12:12.7728439Z'
  ERROR: Build asset version error: assets/lowpoly cube animals 3d/prefabs/bear.prefab in SourceAssetDB has modification time of '2024-08-05T09:12:11.2700567Z' while content on disk has modification time of '2024-08-05T09:12:12.7728439Z'
Number of updated asset objects reloaded before import = 0Number of asset objects unloaded after import = 1

========================================================================
Received Import Request.
  Time since last request: 10.016301 seconds.
  path: Assets/Lowpoly Cube Animals 3D/Prefabs/Bear.prefab
  artifactKey: Guid(65f20087f41a4f447bfcbf7bad048d1d) Importer(2089858483,0ecaa5967403d082aa24f35e1b516d23)
Start importing Assets/Lowpoly Cube Animals 3D/Prefabs/Bear.prefab using Guid(65f20087f41a4f447bfcbf7bad048d1d) Importer(2089858483,0ecaa5967403d082aa24f35e1b516d23) (ScriptedImporter)[PhysX] Initialized MultithreadedTaskDispatcher with 6 workers.
 -> (artifact id: 'a37ed0dc506dc19c7e8389c23d13b63c') in 0.0046777 seconds
Number of updated asset objects reloaded before import = 0Number of asset objects unloaded after import = 13

========================================================================
Received Import Request.
  Time since last request: 3.074158 seconds.
  path: Assets/Lowpoly Cube Animals 3D/Prefabs/Bear.prefab
  artifactKey: Guid(65f20087f41a4f447bfcbf7bad048d1d) Importer(2089858483,0ecaa5967403d082aa24f35e1b516d23)
Start importing Assets/Lowpoly Cube Animals 3D/Prefabs/Bear.prefab using Guid(65f20087f41a4f447bfcbf7bad048d1d) Importer(2089858483,0ecaa5967403d082aa24f35e1b516d23) (ScriptedImporter)[PhysX] Initialized MultithreadedTaskDispatcher with 6 workers.
 -> (artifact id: 'aa4c77072fd4c94afef34a9bcfc77602') in 0.0068982 seconds
Number of updated asset objects reloaded before import = 0Number of asset objects unloaded after import = 13

========================================================================
Received Import Request.
  Time since last request: 2.219544 seconds.
  path: Assets/Lowpoly Cube Animals 3D/Prefabs/Bear.prefab
  artifactKey: Guid(65f20087f41a4f447bfcbf7bad048d1d) Importer(2089858483,0ecaa5967403d082aa24f35e1b516d23)
Start importing Assets/Lowpoly Cube Animals 3D/Prefabs/Bear.prefab using Guid(65f20087f41a4f447bfcbf7bad048d1d) Importer(2089858483,0ecaa5967403d082aa24f35e1b516d23) (ScriptedImporter)[PhysX] Initialized MultithreadedTaskDispatcher with 6 workers.
 -> (artifact id: '2a964bdf4702fd342bdf9af82f6365f5') in 0.0062964 seconds
Number of updated asset objects reloaded before import = 0Number of asset objects unloaded after import = 13

========================================================================
Received Import Request.
  Time since last request: 6.074161 seconds.
  path: Assets/Lowpoly Cube Animals 3D/Prefabs/Bear.prefab
  artifactKey: Guid(65f20087f41a4f447bfcbf7bad048d1d) Importer(2089858483,0ecaa5967403d082aa24f35e1b516d23)
Start importing Assets/Lowpoly Cube Animals 3D/Prefabs/Bear.prefab using Guid(65f20087f41a4f447bfcbf7bad048d1d) Importer(2089858483,0ecaa5967403d082aa24f35e1b516d23) (ScriptedImporter)[PhysX] Initialized MultithreadedTaskDispatcher with 6 workers.
 -> (artifact id: 'c80f42899e102d1b67c7f2a2987c48e5') in 0.0057696 seconds
Number of updated asset objects reloaded before import = 0Number of asset objects unloaded after import = 13

========================================================================
Received Import Request.
  Time since last request: 6.741270 seconds.
  path: Assets/Lowpoly Cube Animals 3D/Prefabs/Pig.prefab
  artifactKey: Guid(c261ac2de84915042b720b25b9888203) Importer(815301076,1909f56bfc062723c751e8b465ee728b)
Start importing Assets/Lowpoly Cube Animals 3D/Prefabs/Pig.prefab using Guid(c261ac2de84915042b720b25b9888203) Importer(815301076,1909f56bfc062723c751e8b465ee728b) (PreviewImporter)[PhysX] Initialized MultithreadedTaskDispatcher with 6 workers.
[PhysX] Initialized MultithreadedTaskDispatcher with 6 workers.
 -> (artifact id: '88128054254a3bf3744a6c2a8e053b64') in 0.0112044 seconds
Number of updated asset objects reloaded before import = 0Number of asset objects unloaded after import = 11

========================================================================
Received Import Request.
  Time since last request: 3.092787 seconds.
  path: Assets/Lowpoly Cube Animals 3D/Prefabs/Panda.prefab
  artifactKey: Guid(f6486c20d58ef1e49aa08975011e1926) Importer(815301076,1909f56bfc062723c751e8b465ee728b)
Start importing Assets/Lowpoly Cube Animals 3D/Prefabs/Panda.prefab using Guid(f6486c20d58ef1e49aa08975011e1926) Importer(815301076,1909f56bfc062723c751e8b465ee728b) (PreviewImporter)[PhysX] Initialized MultithreadedTaskDispatcher with 6 workers.
[PhysX] Initialized MultithreadedTaskDispatcher with 6 workers.
 -> (artifact id: '02a1adad0aac9fd5da253511794bba2a') in 0.0114936 seconds
Number of updated asset objects reloaded before import = 0Number of asset objects unloaded after import = 15

========================================================================
Received Import Request.
  Time since last request: 0.407724 seconds.
  path: Assets/Lowpoly Cube Animals 3D/Prefabs/Bear.prefab
  artifactKey: Guid(65f20087f41a4f447bfcbf7bad048d1d) Importer(815301076,1909f56bfc062723c751e8b465ee728b)
Start importing Assets/Lowpoly Cube Animals 3D/Prefabs/Bear.prefab using Guid(65f20087f41a4f447bfcbf7bad048d1d) Importer(815301076,1909f56bfc062723c751e8b465ee728b) (PreviewImporter)[PhysX] Initialized MultithreadedTaskDispatcher with 6 workers.
[PhysX] Initialized MultithreadedTaskDispatcher with 6 workers.
 -> (artifact id: '65f21e8a66d3ff6a61005736b9bd85f3') in 0.0102525 seconds
Number of updated asset objects reloaded before import = 0Number of asset objects unloaded after import = 17

========================================================================
Received Import Request.
  Time since last request: 6.702685 seconds.
  path: Assets/Lowpoly Cube Animals 3D/Prefabs/Bear.prefab
  artifactKey: Guid(65f20087f41a4f447bfcbf7bad048d1d) Importer(2089858483,0ecaa5967403d082aa24f35e1b516d23)
Start importing Assets/Lowpoly Cube Animals 3D/Prefabs/Bear.prefab using Guid(65f20087f41a4f447bfcbf7bad048d1d) Importer(2089858483,0ecaa5967403d082aa24f35e1b516d23) (ScriptedImporter)[PhysX] Initialized MultithreadedTaskDispatcher with 6 workers.
 -> (artifact id: 'ea07dcd7ffdf1c8ae5499cf9f1e61a67') in 0.0059776 seconds
Number of updated asset objects reloaded before import = 0Number of asset objects unloaded after import = 13

========================================================================
Received Import Request.
  Time since last request: 7.721446 seconds.
  path: Assets/Lowpoly Cube Animals 3D/Prefabs/Bull.prefab
  artifactKey: Guid(82b32c306a1326440b03fe84da8526c6) Importer(815301076,1909f56bfc062723c751e8b465ee728b)
Start importing Assets/Lowpoly Cube Animals 3D/Prefabs/Bull.prefab using Guid(82b32c306a1326440b03fe84da8526c6) Importer(815301076,1909f56bfc062723c751e8b465ee728b) (PreviewImporter)[PhysX] Initialized MultithreadedTaskDispatcher with 6 workers.
[PhysX] Initialized MultithreadedTaskDispatcher with 6 workers.
 -> (artifact id: 'b79d6bef0d0bb5c7ed9d6f368a7bf81b') in 0.0109763 seconds
Number of updated asset objects reloaded before import = 0Number of asset objects unloaded after import = 15

========================================================================
Received Import Request.
  Time since last request: 3.547306 seconds.
  path: Assets/Lowpoly Cube Animals 3D/Prefabs/Bull.prefab
  artifactKey: Guid(82b32c306a1326440b03fe84da8526c6) Importer(2089858483,0ecaa5967403d082aa24f35e1b516d23)
Start importing Assets/Lowpoly Cube Animals 3D/Prefabs/Bull.prefab using Guid(82b32c306a1326440b03fe84da8526c6) Importer(2089858483,0ecaa5967403d082aa24f35e1b516d23) (ScriptedImporter)[PhysX] Initialized MultithreadedTaskDispatcher with 6 workers.
 -> (artifact id: '3405407300e9fbf8ebeb3134df0cf9dc') in 0.0077824 seconds
Number of updated asset objects reloaded before import = 0Number of asset objects unloaded after import = 16

========================================================================
Received Import Request.
  Time since last request: 2.201695 seconds.
  path: Assets/Lowpoly Cube Animals 3D/Prefabs/Bull.prefab
  artifactKey: Guid(82b32c306a1326440b03fe84da8526c6) Importer(2089858483,0ecaa5967403d082aa24f35e1b516d23)
Start importing Assets/Lowpoly Cube Animals 3D/Prefabs/Bull.prefab using Guid(82b32c306a1326440b03fe84da8526c6) Importer(2089858483,0ecaa5967403d082aa24f35e1b516d23) (ScriptedImporter)[PhysX] Initialized MultithreadedTaskDispatcher with 6 workers.
 -> (artifact id: '8fcce5e6d58417b0f13d64db3c114f8d') in 0.0100885 seconds
Number of updated asset objects reloaded before import = 0Number of asset objects unloaded after import = 16

========================================================================
Received Import Request.
  Time since last request: 2.011882 seconds.
  path: Assets/Lowpoly Cube Animals 3D/Prefabs/Bull.prefab
  artifactKey: Guid(82b32c306a1326440b03fe84da8526c6) Importer(2089858483,0ecaa5967403d082aa24f35e1b516d23)
Start importing Assets/Lowpoly Cube Animals 3D/Prefabs/Bull.prefab using Guid(82b32c306a1326440b03fe84da8526c6) Importer(2089858483,0ecaa5967403d082aa24f35e1b516d23) (ScriptedImporter)[PhysX] Initialized MultithreadedTaskDispatcher with 6 workers.
 -> (artifact id: '20f206966d51fe555458ecadaef35dad') in 0.008269 seconds
Number of updated asset objects reloaded before import = 0Number of asset objects unloaded after import = 16

========================================================================
Received Import Request.
  Time since last request: 1.795388 seconds.
  path: Assets/Lowpoly Cube Animals 3D/Prefabs/Bull.prefab
  artifactKey: Guid(82b32c306a1326440b03fe84da8526c6) Importer(2089858483,0ecaa5967403d082aa24f35e1b516d23)
Start importing Assets/Lowpoly Cube Animals 3D/Prefabs/Bull.prefab using Guid(82b32c306a1326440b03fe84da8526c6) Importer(2089858483,0ecaa5967403d082aa24f35e1b516d23) (ScriptedImporter)[PhysX] Initialized MultithreadedTaskDispatcher with 6 workers.
 -> (artifact id: 'b4d9cf713f82fd8e3237e5e3b6b95b33') in 0.0070603 seconds
Number of updated asset objects reloaded before import = 0Number of asset objects unloaded after import = 16

========================================================================
Received Import Request.
  Time since last request: 2.009249 seconds.
  path: Assets/Lowpoly Cube Animals 3D/Prefabs/Bull.prefab
  artifactKey: Guid(82b32c306a1326440b03fe84da8526c6) Importer(2089858483,0ecaa5967403d082aa24f35e1b516d23)
Start importing Assets/Lowpoly Cube Animals 3D/Prefabs/Bull.prefab using Guid(82b32c306a1326440b03fe84da8526c6) Importer(2089858483,0ecaa5967403d082aa24f35e1b516d23) (ScriptedImporter)[PhysX] Initialized MultithreadedTaskDispatcher with 6 workers.
 -> (artifact id: 'cfd0ab73887d71f48c4c209723ca55bf') in 0.0103442 seconds
Number of updated asset objects reloaded before import = 0Number of asset objects unloaded after import = 12

========================================================================
Received Import Request.
  Time since last request: 3.027471 seconds.
  path: Assets/Lowpoly Cube Animals 3D/Prefabs/Bull.prefab
  artifactKey: Guid(82b32c306a1326440b03fe84da8526c6) Importer(2089858483,0ecaa5967403d082aa24f35e1b516d23)
Start importing Assets/Lowpoly Cube Animals 3D/Prefabs/Bull.prefab using Guid(82b32c306a1326440b03fe84da8526c6) Importer(2089858483,0ecaa5967403d082aa24f35e1b516d23) (ScriptedImporter)[PhysX] Initialized MultithreadedTaskDispatcher with 6 workers.
 -> (artifact id: 'e97fe0f279ff32de7baf9ab793f042c7') in 0.0124089 seconds
Number of updated asset objects reloaded before import = 0Number of asset objects unloaded after import = 10

========================================================================
Received Import Request.
  Time since last request: 2.502765 seconds.
  path: Assets/Lowpoly Cube Animals 3D/Prefabs/Bull.prefab
  artifactKey: Guid(82b32c306a1326440b03fe84da8526c6) Importer(2089858483,0ecaa5967403d082aa24f35e1b516d23)
Start importing Assets/Lowpoly Cube Animals 3D/Prefabs/Bull.prefab using Guid(82b32c306a1326440b03fe84da8526c6) Importer(2089858483,0ecaa5967403d082aa24f35e1b516d23) (ScriptedImporter)[PhysX] Initialized MultithreadedTaskDispatcher with 6 workers.
 -> (artifact id: '4e1b7bfa7fcf3c2bb8fbafba1e91dcaa') in 0.0072468 seconds
Number of updated asset objects reloaded before import = 0Number of asset objects unloaded after import = 9

========================================================================
Received Import Request.
  Time since last request: 6.216608 seconds.
  path: Assets/Lowpoly Cube Animals 3D/Prefabs/Bull.prefab
  artifactKey: Guid(82b32c306a1326440b03fe84da8526c6) Importer(2089858483,0ecaa5967403d082aa24f35e1b516d23)
Start importing Assets/Lowpoly Cube Animals 3D/Prefabs/Bull.prefab using Guid(82b32c306a1326440b03fe84da8526c6) Importer(2089858483,0ecaa5967403d082aa24f35e1b516d23) (ScriptedImporter)[PhysX] Initialized MultithreadedTaskDispatcher with 6 workers.
 -> (artifact id: '08e6dd0bb7860b42c79bef9741522550') in 0.0057691 seconds
Number of updated asset objects reloaded before import = 0Number of asset objects unloaded after import = 9

========================================================================
Received Import Request.
  Time since last request: 3.456802 seconds.
  path: Assets/Lowpoly Cube Animals 3D/Prefabs/Bull.prefab
  artifactKey: Guid(82b32c306a1326440b03fe84da8526c6) Importer(2089858483,0ecaa5967403d082aa24f35e1b516d23)
Start importing Assets/Lowpoly Cube Animals 3D/Prefabs/Bull.prefab using Guid(82b32c306a1326440b03fe84da8526c6) Importer(2089858483,0ecaa5967403d082aa24f35e1b516d23) (ScriptedImporter)[PhysX] Initialized MultithreadedTaskDispatcher with 6 workers.
 -> (artifact id: 'a3065af2204957546f480b275bab35bd') in 0.0039535 seconds
Number of updated asset objects reloaded before import = 0Number of asset objects unloaded after import = 9

========================================================================
Received Import Request.
  Time since last request: 2.805637 seconds.
  path: Assets/Lowpoly Cube Animals 3D/Prefabs/Bull.prefab
  artifactKey: Guid(82b32c306a1326440b03fe84da8526c6) Importer(2089858483,0ecaa5967403d082aa24f35e1b516d23)
Start importing Assets/Lowpoly Cube Animals 3D/Prefabs/Bull.prefab using Guid(82b32c306a1326440b03fe84da8526c6) Importer(2089858483,0ecaa5967403d082aa24f35e1b516d23) (ScriptedImporter)[PhysX] Initialized MultithreadedTaskDispatcher with 6 workers.
 -> (artifact id: '177fdf4998258e204ea404817d8136b7') in 0.0042847 seconds
Number of updated asset objects reloaded before import = 0Number of asset objects unloaded after import = 9

========================================================================
Received Import Request.
  Time since last request: 1.627387 seconds.
  path: Assets/Lowpoly Cube Animals 3D/Prefabs/Bear.prefab
  artifactKey: Guid(65f20087f41a4f447bfcbf7bad048d1d) Importer(815301076,1909f56bfc062723c751e8b465ee728b)
Start importing Assets/Lowpoly Cube Animals 3D/Prefabs/Bear.prefab using Guid(65f20087f41a4f447bfcbf7bad048d1d) Importer(815301076,1909f56bfc062723c751e8b465ee728b) (PreviewImporter)[PhysX] Initialized MultithreadedTaskDispatcher with 6 workers.
[PhysX] Initialized MultithreadedTaskDispatcher with 6 workers.
 -> (artifact id: 'e73504fab0b404ffcb838cf99cc62633') in 0.0103411 seconds
Number of updated asset objects reloaded before import = 0Number of asset objects unloaded after import = 17

========================================================================
Received Import Request.
  Time since last request: 0.620275 seconds.
  path: Assets/Lowpoly Cube Animals 3D/Prefabs/Bull.prefab
  artifactKey: Guid(82b32c306a1326440b03fe84da8526c6) Importer(815301076,1909f56bfc062723c751e8b465ee728b)
Start importing Assets/Lowpoly Cube Animals 3D/Prefabs/Bull.prefab using Guid(82b32c306a1326440b03fe84da8526c6) Importer(815301076,1909f56bfc062723c751e8b465ee728b) (PreviewImporter)[PhysX] Initialized MultithreadedTaskDispatcher with 6 workers.
[PhysX] Initialized MultithreadedTaskDispatcher with 6 workers.
 -> (artifact id: '459e74c7d22f5440806f38a2e8608dbe') in 0.008305 seconds
Number of updated asset objects reloaded before import = 0Number of asset objects unloaded after import = 11

========================================================================
Received Import Request.
  Time since last request: 7.053766 seconds.
  path: Assets/Lowpoly Cube Animals 3D/Prefabs/Bear.prefab
  artifactKey: Guid(65f20087f41a4f447bfcbf7bad048d1d) Importer(2089858483,0ecaa5967403d082aa24f35e1b516d23)
Start importing Assets/Lowpoly Cube Animals 3D/Prefabs/Bear.prefab using Guid(65f20087f41a4f447bfcbf7bad048d1d) Importer(2089858483,0ecaa5967403d082aa24f35e1b516d23) (ScriptedImporter)[PhysX] Initialized MultithreadedTaskDispatcher with 6 workers.
 -> (artifact id: 'c5b301b42495452c12e942a47b7c3866') in 0.0049805 seconds
Number of updated asset objects reloaded before import = 0Number of asset objects unloaded after import = 9

========================================================================
Received Import Request.
  Time since last request: 3.860577 seconds.
  path: Assets/Lowpoly Cube Animals 3D/Prefabs/Lion.prefab
  artifactKey: Guid(c3b332594781a584d869682713bc1e4d) Importer(815301076,1909f56bfc062723c751e8b465ee728b)
Start importing Assets/Lowpoly Cube Animals 3D/Prefabs/Lion.prefab using Guid(c3b332594781a584d869682713bc1e4d) Importer(815301076,1909f56bfc062723c751e8b465ee728b) (PreviewImporter)[PhysX] Initialized MultithreadedTaskDispatcher with 6 workers.
[PhysX] Initialized MultithreadedTaskDispatcher with 6 workers.
 -> (artifact id: '0302fff5e54eca696f827709323d4ba8') in 0.0083751 seconds
Number of updated asset objects reloaded before import = 0Number of asset objects unloaded after import = 11

========================================================================
Received Import Request.
  Time since last request: 7.057623 seconds.
  path: Assets/Lowpoly Cube Animals 3D/Prefabs/Panda.prefab
  artifactKey: Guid(f6486c20d58ef1e49aa08975011e1926) Importer(2089858483,0ecaa5967403d082aa24f35e1b516d23)
Start importing Assets/Lowpoly Cube Animals 3D/Prefabs/Panda.prefab using Guid(f6486c20d58ef1e49aa08975011e1926) Importer(2089858483,0ecaa5967403d082aa24f35e1b516d23) (ScriptedImporter)[PhysX] Initialized MultithreadedTaskDispatcher with 6 workers.
 -> (artifact id: '91decdda3c9685622b8b52d5d9ce0a63') in 0.0088506 seconds
Number of updated asset objects reloaded before import = 0Number of asset objects unloaded after import = 16

========================================================================
Received Import Request.
  Time since last request: 4.635591 seconds.
  path: Assets/Lowpoly Cube Animals 3D/Prefabs/Panda.prefab
  artifactKey: Guid(f6486c20d58ef1e49aa08975011e1926) Importer(2089858483,0ecaa5967403d082aa24f35e1b516d23)
Start importing Assets/Lowpoly Cube Animals 3D/Prefabs/Panda.prefab using Guid(f6486c20d58ef1e49aa08975011e1926) Importer(2089858483,0ecaa5967403d082aa24f35e1b516d23) (ScriptedImporter)[PhysX] Initialized MultithreadedTaskDispatcher with 6 workers.
 -> (artifact id: '3f241e1468381a9e75cb2d2b2ef50378') in 0.009535 seconds
Number of updated asset objects reloaded before import = 0Number of asset objects unloaded after import = 16

========================================================================
Received Import Request.
  Time since last request: 2.798127 seconds.
  path: Assets/Lowpoly Cube Animals 3D/Prefabs/Panda.prefab
  artifactKey: Guid(f6486c20d58ef1e49aa08975011e1926) Importer(2089858483,0ecaa5967403d082aa24f35e1b516d23)
Start importing Assets/Lowpoly Cube Animals 3D/Prefabs/Panda.prefab using Guid(f6486c20d58ef1e49aa08975011e1926) Importer(2089858483,0ecaa5967403d082aa24f35e1b516d23) (ScriptedImporter)[PhysX] Initialized MultithreadedTaskDispatcher with 6 workers.
 -> (artifact id: '81acd8f01baee92e53b98e567fdd847e') in 0.0130792 seconds
Number of updated asset objects reloaded before import = 0Number of asset objects unloaded after import = 16

========================================================================
Received Import Request.
  Time since last request: 1.620698 seconds.
  path: Assets/Lowpoly Cube Animals 3D/Prefabs/Panda.prefab
  artifactKey: Guid(f6486c20d58ef1e49aa08975011e1926) Importer(2089858483,0ecaa5967403d082aa24f35e1b516d23)
Start importing Assets/Lowpoly Cube Animals 3D/Prefabs/Panda.prefab using Guid(f6486c20d58ef1e49aa08975011e1926) Importer(2089858483,0ecaa5967403d082aa24f35e1b516d23) (ScriptedImporter)[PhysX] Initialized MultithreadedTaskDispatcher with 6 workers.
 -> (artifact id: '134d9cf649724971e14093a414a35cc9') in 0.0083356 seconds
Number of updated asset objects reloaded before import = 0Number of asset objects unloaded after import = 16

========================================================================
Received Import Request.
  Time since last request: 3.948718 seconds.
  path: Assets/Lowpoly Cube Animals 3D/Prefabs/Panda.prefab
  artifactKey: Guid(f6486c20d58ef1e49aa08975011e1926) Importer(2089858483,0ecaa5967403d082aa24f35e1b516d23)
Start importing Assets/Lowpoly Cube Animals 3D/Prefabs/Panda.prefab using Guid(f6486c20d58ef1e49aa08975011e1926) Importer(2089858483,0ecaa5967403d082aa24f35e1b516d23) (ScriptedImporter)[PhysX] Initialized MultithreadedTaskDispatcher with 6 workers.
 -> (artifact id: '00000000000000000000000000000000') in 0.0087997 seconds
Import Error Code:(4)
Message: Build asset version error: assets/lowpoly cube animals 3d/prefabs/panda.prefab in SourceAssetDB has modification time of '2024-08-05T09:13:59.8309904Z' while content on disk has modification time of '2024-08-05T09:14:01.8774637Z'
  ERROR: Build asset version error: assets/lowpoly cube animals 3d/prefabs/panda.prefab in SourceAssetDB has modification time of '2024-08-05T09:13:59.8309904Z' while content on disk has modification time of '2024-08-05T09:14:01.8774637Z'
Number of updated asset objects reloaded before import = 0Number of asset objects unloaded after import = 2

========================================================================
Received Import Request.
  Time since last request: 10.073941 seconds.
  path: Assets/Lowpoly Cube Animals 3D/Prefabs/Panda.prefab
  artifactKey: Guid(f6486c20d58ef1e49aa08975011e1926) Importer(2089858483,0ecaa5967403d082aa24f35e1b516d23)
Start importing Assets/Lowpoly Cube Animals 3D/Prefabs/Panda.prefab using Guid(f6486c20d58ef1e49aa08975011e1926) Importer(2089858483,0ecaa5967403d082aa24f35e1b516d23) (ScriptedImporter)[PhysX] Initialized MultithreadedTaskDispatcher with 6 workers.
 -> (artifact id: '617ef7ed434d370471c5441d7b8a7b89') in 0.0097534 seconds
Number of updated asset objects reloaded before import = 0Number of asset objects unloaded after import = 11

========================================================================
Received Import Request.
  Time since last request: 3.090355 seconds.
  path: Assets/Lowpoly Cube Animals 3D/Prefabs/Panda.prefab
  artifactKey: Guid(f6486c20d58ef1e49aa08975011e1926) Importer(2089858483,0ecaa5967403d082aa24f35e1b516d23)
Start importing Assets/Lowpoly Cube Animals 3D/Prefabs/Panda.prefab using Guid(f6486c20d58ef1e49aa08975011e1926) Importer(2089858483,0ecaa5967403d082aa24f35e1b516d23) (ScriptedImporter)[PhysX] Initialized MultithreadedTaskDispatcher with 6 workers.
 -> (artifact id: '00000000000000000000000000000000') in 0.0057221 seconds
Import Error Code:(4)
Message: Build asset version error: assets/lowpoly cube animals 3d/prefabs/panda.prefab in SourceAssetDB has modification time of '2024-08-05T09:14:13.6986881Z' while content on disk has modification time of '2024-08-05T09:14:15.0597955Z'
  ERROR: Build asset version error: assets/lowpoly cube animals 3d/prefabs/panda.prefab in SourceAssetDB has modification time of '2024-08-05T09:14:13.6986881Z' while content on disk has modification time of '2024-08-05T09:14:15.0597955Z'
Number of updated asset objects reloaded before import = 0Number of asset objects unloaded after import = 1

========================================================================
Received Import Request.
  Time since last request: 4.630711 seconds.
  path: Assets/Lowpoly Cube Animals 3D/Prefabs/Bear.prefab
  artifactKey: Guid(65f20087f41a4f447bfcbf7bad048d1d) Importer(815301076,1909f56bfc062723c751e8b465ee728b)
Start importing Assets/Lowpoly Cube Animals 3D/Prefabs/Bear.prefab using Guid(65f20087f41a4f447bfcbf7bad048d1d) Importer(815301076,1909f56bfc062723c751e8b465ee728b) (PreviewImporter)[PhysX] Initialized MultithreadedTaskDispatcher with 6 workers.
[PhysX] Initialized MultithreadedTaskDispatcher with 6 workers.
 -> (artifact id: '51d936d31903cf07be4c6fb0a409c867') in 0.0072212 seconds
Number of updated asset objects reloaded before import = 0Number of asset objects unloaded after import = 11

========================================================================
Received Import Request.
  Time since last request: 2.875436 seconds.
  path: Assets/Lowpoly Cube Animals 3D/Prefabs/Cow.prefab
  artifactKey: Guid(45a25154eb5e9bc48a78f55f1faf819e) Importer(815301076,1909f56bfc062723c751e8b465ee728b)
Start importing Assets/Lowpoly Cube Animals 3D/Prefabs/Cow.prefab using Guid(45a25154eb5e9bc48a78f55f1faf819e) Importer(815301076,1909f56bfc062723c751e8b465ee728b) (PreviewImporter)[PhysX] Initialized MultithreadedTaskDispatcher with 6 workers.
[PhysX] Initialized MultithreadedTaskDispatcher with 6 workers.
 -> (artifact id: '5436a69e1bc67d5060dd67086162d2b1') in 0.009686 seconds
Number of updated asset objects reloaded before import = 0Number of asset objects unloaded after import = 15

========================================================================
Received Import Request.
  Time since last request: 2.564706 seconds.
  path: Assets/Lowpoly Cube Animals 3D/Prefabs/Panda.prefab
  artifactKey: Guid(f6486c20d58ef1e49aa08975011e1926) Importer(2089858483,0ecaa5967403d082aa24f35e1b516d23)
Start importing Assets/Lowpoly Cube Animals 3D/Prefabs/Panda.prefab using Guid(f6486c20d58ef1e49aa08975011e1926) Importer(2089858483,0ecaa5967403d082aa24f35e1b516d23) (ScriptedImporter)[PhysX] Initialized MultithreadedTaskDispatcher with 6 workers.
 -> (artifact id: '508adc47bbb4a71c7266856ffe974d8a') in 0.0041572 seconds
Number of updated asset objects reloaded before import = 0Number of asset objects unloaded after import = 9

========================================================================
Received Import Request.
  Time since last request: 1.220057 seconds.
  path: Assets/Lowpoly Cube Animals 3D/Prefabs/Cow.prefab
  artifactKey: Guid(45a25154eb5e9bc48a78f55f1faf819e) Importer(2089858483,0ecaa5967403d082aa24f35e1b516d23)
Start importing Assets/Lowpoly Cube Animals 3D/Prefabs/Cow.prefab using Guid(45a25154eb5e9bc48a78f55f1faf819e) Importer(2089858483,0ecaa5967403d082aa24f35e1b516d23) (ScriptedImporter)[PhysX] Initialized MultithreadedTaskDispatcher with 6 workers.
 -> (artifact id: 'd54b115e0d7cac7d06b3906758aca091') in 0.0092711 seconds
Number of updated asset objects reloaded before import = 0Number of asset objects unloaded after import = 16

========================================================================
Received Import Request.
  Time since last request: 3.201120 seconds.
  path: Assets/Lowpoly Cube Animals 3D/Prefabs/Cow.prefab
  artifactKey: Guid(45a25154eb5e9bc48a78f55f1faf819e) Importer(2089858483,0ecaa5967403d082aa24f35e1b516d23)
Start importing Assets/Lowpoly Cube Animals 3D/Prefabs/Cow.prefab using Guid(45a25154eb5e9bc48a78f55f1faf819e) Importer(2089858483,0ecaa5967403d082aa24f35e1b516d23) (ScriptedImporter)[PhysX] Initialized MultithreadedTaskDispatcher with 6 workers.
 -> (artifact id: '9e0cd18e2adaffb304862ce20d22e4b4') in 0.0104113 seconds
Number of updated asset objects reloaded before import = 0Number of asset objects unloaded after import = 16

========================================================================
Received Import Request.
  Time since last request: 3.210429 seconds.
  path: Assets/Lowpoly Cube Animals 3D/Prefabs/Cow.prefab
  artifactKey: Guid(45a25154eb5e9bc48a78f55f1faf819e) Importer(2089858483,0ecaa5967403d082aa24f35e1b516d23)
Start importing Assets/Lowpoly Cube Animals 3D/Prefabs/Cow.prefab using Guid(45a25154eb5e9bc48a78f55f1faf819e) Importer(2089858483,0ecaa5967403d082aa24f35e1b516d23) (ScriptedImporter)[PhysX] Initialized MultithreadedTaskDispatcher with 6 workers.
 -> (artifact id: 'ae8a4dd31acf2f7cb9440cc6a326d006') in 0.0079711 seconds
Number of updated asset objects reloaded before import = 0Number of asset objects unloaded after import = 16

========================================================================
Received Import Request.
  Time since last request: 10.710607 seconds.
  path: Assets/Lowpoly Cube Animals 3D/Prefabs/Cow.prefab
  artifactKey: Guid(45a25154eb5e9bc48a78f55f1faf819e) Importer(2089858483,0ecaa5967403d082aa24f35e1b516d23)
Start importing Assets/Lowpoly Cube Animals 3D/Prefabs/Cow.prefab using Guid(45a25154eb5e9bc48a78f55f1faf819e) Importer(2089858483,0ecaa5967403d082aa24f35e1b516d23) (ScriptedImporter)[PhysX] Initialized MultithreadedTaskDispatcher with 6 workers.
 -> (artifact id: '00000000000000000000000000000000') in 0.006044 seconds
Import Error Code:(4)
Message: Build asset version error: assets/lowpoly cube animals 3d/prefabs/cow.prefab in SourceAssetDB has modification time of '2024-08-05T09:14:41.9908636Z' while content on disk has modification time of '2024-08-05T09:14:43.5339067Z'
  ERROR: Build asset version error: assets/lowpoly cube animals 3d/prefabs/cow.prefab in SourceAssetDB has modification time of '2024-08-05T09:14:41.9908636Z' while content on disk has modification time of '2024-08-05T09:14:43.5339067Z'
Number of updated asset objects reloaded before import = 0Number of asset objects unloaded after import = 1

========================================================================
Received Import Request.
  Time since last request: 10.190572 seconds.
  path: Assets/Lowpoly Cube Animals 3D/Prefabs/Cow.prefab
  artifactKey: Guid(45a25154eb5e9bc48a78f55f1faf819e) Importer(2089858483,0ecaa5967403d082aa24f35e1b516d23)
Start importing Assets/Lowpoly Cube Animals 3D/Prefabs/Cow.prefab using Guid(45a25154eb5e9bc48a78f55f1faf819e) Importer(2089858483,0ecaa5967403d082aa24f35e1b516d23) (ScriptedImporter)[PhysX] Initialized MultithreadedTaskDispatcher with 6 workers.
 -> (artifact id: 'bf9b755bc28e485cbd869a028caf0416') in 0.0035078 seconds
Number of updated asset objects reloaded before import = 0Number of asset objects unloaded after import = 9

========================================================================
Received Import Request.
  Time since last request: 0.722589 seconds.
  path: Assets/Lowpoly Cube Animals 3D/Prefabs/Cow.prefab
  artifactKey: Guid(45a25154eb5e9bc48a78f55f1faf819e) Importer(815301076,1909f56bfc062723c751e8b465ee728b)
Start importing Assets/Lowpoly Cube Animals 3D/Prefabs/Cow.prefab using Guid(45a25154eb5e9bc48a78f55f1faf819e) Importer(815301076,1909f56bfc062723c751e8b465ee728b) (PreviewImporter)[PhysX] Initialized MultithreadedTaskDispatcher with 6 workers.
[PhysX] Initialized MultithreadedTaskDispatcher with 6 workers.
 -> (artifact id: '564d3d3d5259017214e0ceafacfedd73') in 0.007212 seconds
Number of updated asset objects reloaded before import = 0Number of asset objects unloaded after import = 11

========================================================================
Received Import Request.
  Time since last request: 1.289019 seconds.
  path: Assets/Lowpoly Cube Animals 3D/Prefabs/Panda.prefab
  artifactKey: Guid(f6486c20d58ef1e49aa08975011e1926) Importer(815301076,1909f56bfc062723c751e8b465ee728b)
Start importing Assets/Lowpoly Cube Animals 3D/Prefabs/Panda.prefab using Guid(f6486c20d58ef1e49aa08975011e1926) Importer(815301076,1909f56bfc062723c751e8b465ee728b) (PreviewImporter)[PhysX] Initialized MultithreadedTaskDispatcher with 6 workers.
[PhysX] Initialized MultithreadedTaskDispatcher with 6 workers.
 -> (artifact id: '798d77c76c0ca7ed9943fd9509c3d7f3') in 0.0126818 seconds
Number of updated asset objects reloaded before import = 0Number of asset objects unloaded after import = 11

========================================================================
Received Import Request.
  Time since last request: 6.707699 seconds.
  path: Assets/Lowpoly Cube Animals 3D/Prefabs/Coin.prefab
  artifactKey: Guid(d19eb0a3287b1904d90b47b592422bd2) Importer(815301076,1909f56bfc062723c751e8b465ee728b)
Start importing Assets/Lowpoly Cube Animals 3D/Prefabs/Coin.prefab using Guid(d19eb0a3287b1904d90b47b592422bd2) Importer(815301076,1909f56bfc062723c751e8b465ee728b) (PreviewImporter)[PhysX] Initialized MultithreadedTaskDispatcher with 6 workers.
[PhysX] Initialized MultithreadedTaskDispatcher with 6 workers.
 -> (artifact id: '9bd4acdda8dba4f299dbbf91920e8e0b') in 0.0090488 seconds
Number of updated asset objects reloaded before import = 0Number of asset objects unloaded after import = 9

========================================================================
Received Import Request.
  Time since last request: 0.947808 seconds.
  path: Assets/Lowpoly Cube Animals 3D/Prefabs/Bear.prefab
  artifactKey: Guid(65f20087f41a4f447bfcbf7bad048d1d) Importer(2089858483,0ecaa5967403d082aa24f35e1b516d23)
Start importing Assets/Lowpoly Cube Animals 3D/Prefabs/Bear.prefab using Guid(65f20087f41a4f447bfcbf7bad048d1d) Importer(2089858483,0ecaa5967403d082aa24f35e1b516d23) (ScriptedImporter)[PhysX] Initialized MultithreadedTaskDispatcher with 6 workers.
 -> (artifact id: 'e97bed1fa177e90ffcb38ed97da0e112') in 0.0042661 seconds
Number of updated asset objects reloaded before import = 0Number of asset objects unloaded after import = 9

========================================================================
Received Import Request.
  Time since last request: 0.357947 seconds.
  path: Assets/Lowpoly Cube Animals 3D/Prefabs/Bear.prefab
  artifactKey: Guid(65f20087f41a4f447bfcbf7bad048d1d) Importer(815301076,1909f56bfc062723c751e8b465ee728b)
Start importing Assets/Lowpoly Cube Animals 3D/Prefabs/Bear.prefab using Guid(65f20087f41a4f447bfcbf7bad048d1d) Importer(815301076,1909f56bfc062723c751e8b465ee728b) (PreviewImporter)[PhysX] Initialized MultithreadedTaskDispatcher with 6 workers.
[PhysX] Initialized MultithreadedTaskDispatcher with 6 workers.
 -> (artifact id: '3ce04e57345cd30b220cbdc21df3234c') in 0.0112826 seconds
Number of updated asset objects reloaded before import = 0Number of asset objects unloaded after import = 11

========================================================================
Received Import Request.
  Time since last request: 1251.572674 seconds.
  path: Assets/Scenes/SampleScene.unity
  artifactKey: Guid(c850ee8c3b14cc8459e7e186857cf567) Importer(2089858483,0ecaa5967403d082aa24f35e1b516d23)
Start importing Assets/Scenes/SampleScene.unity using Guid(c850ee8c3b14cc8459e7e186857cf567) Importer(2089858483,0ecaa5967403d082aa24f35e1b516d23) (ScriptedImporter)[PhysX] Initialized MultithreadedTaskDispatcher with 6 workers.
 -> (artifact id: '2a360f83965fa66bfb41987f90edda29') in 0.0053229 seconds
Number of updated asset objects reloaded before import = 0Number of asset objects unloaded after import = 1

========================================================================
Received Import Request.
  Time since last request: 33.433461 seconds.
  path: Assets/Audio
  artifactKey: Guid(73c9d2f4893fa6240a2b64c6d7a07f31) Importer(815301076,1909f56bfc062723c751e8b465ee728b)
Start importing Assets/Audio using Guid(73c9d2f4893fa6240a2b64c6d7a07f31) Importer(815301076,1909f56bfc062723c751e8b465ee728b) (PreviewImporter)[PhysX] Initialized MultithreadedTaskDispatcher with 6 workers.
 -> (artifact id: 'c5cd68871c54503b19ea4e7875218936') in 0.0008866 seconds
Number of updated asset objects reloaded before import = 0Number of asset objects unloaded after import = 0

========================================================================
Received Import Request.
  Time since last request: 0.956585 seconds.
  path: Assets/Audio
  artifactKey: Guid(73c9d2f4893fa6240a2b64c6d7a07f31) Importer(2089858483,0ecaa5967403d082aa24f35e1b516d23)
Start importing Assets/Audio using Guid(73c9d2f4893fa6240a2b64c6d7a07f31) Importer(2089858483,0ecaa5967403d082aa24f35e1b516d23) (ScriptedImporter)[PhysX] Initialized MultithreadedTaskDispatcher with 6 workers.
 -> (artifact id: '2d6b354356986b664932d5170411ed43') in 0.0028755 seconds
Number of updated asset objects reloaded before import = 0Number of asset objects unloaded after import = 1

========================================================================
Received Import Request.
  Time since last request: 0.007846 seconds.
  path: Assets/Audio/jump.ogg
  artifactKey: Guid(0c3a9c53f25402144b7410e4dcec5fe4) Importer(2089858483,0ecaa5967403d082aa24f35e1b516d23)
Start importing Assets/Audio/jump.ogg using Guid(0c3a9c53f25402144b7410e4dcec5fe4) Importer(2089858483,0ecaa5967403d082aa24f35e1b516d23) (ScriptedImporter)[PhysX] Initialized MultithreadedTaskDispatcher with 6 workers.
 -> (artifact id: '2f8c270b5786e9556343abc7fd59ca82') in 0.2255478 seconds
Number of updated asset objects reloaded before import = 0Number of asset objects unloaded after import = 1

========================================================================
Received Import Request.
  Time since last request: 0.000040 seconds.
  path: Assets/Audio/tick.ogg
  artifactKey: Guid(f500c7b5bbbbfc24bbcd31d971393081) Importer(2089858483,0ecaa5967403d082aa24f35e1b516d23)
Start importing Assets/Audio/tick.ogg using Guid(f500c7b5bbbbfc24bbcd31d971393081) Importer(2089858483,0ecaa5967403d082aa24f35e1b516d23) (ScriptedImporter)[PhysX] Initialized MultithreadedTaskDispatcher with 6 workers.
 -> (artifact id: 'b63ef60c89860928ab230b53dea5eeb1') in 0.0425632 seconds
Number of updated asset objects reloaded before import = 0Number of asset objects unloaded after import = 1

========================================================================
Received Import Request.
  Time since last request: 0.000030 seconds.
  path: Assets/Audio/unlock.ogg
  artifactKey: Guid(a29a3b17cbf8c2349aad67d1104940b9) Importer(2089858483,0ecaa5967403d082aa24f35e1b516d23)
Start importing Assets/Audio/unlock.ogg using Guid(a29a3b17cbf8c2349aad67d1104940b9) Importer(2089858483,0ecaa5967403d082aa24f35e1b516d23) (ScriptedImporter)[PhysX] Initialized MultithreadedTaskDispatcher with 6 workers.
 -> (artifact id: '26271cf0a6166636a7e1428f52a2600d') in 0.026384 seconds
Number of updated asset objects reloaded before import = 0Number of asset objects unloaded after import = 1

========================================================================
Received Import Request.
  Time since last request: 0.000021 seconds.
  path: Assets/Audio/score.ogg
  artifactKey: Guid(c0d8b3381d0b98a43bb2b8c4de9a98c1) Importer(2089858483,0ecaa5967403d082aa24f35e1b516d23)
Start importing Assets/Audio/score.ogg using Guid(c0d8b3381d0b98a43bb2b8c4de9a98c1) Importer(2089858483,0ecaa5967403d082aa24f35e1b516d23) (ScriptedImporter)[PhysX] Initialized MultithreadedTaskDispatcher with 6 workers.
 -> (artifact id: '8b21679477a1c767e01972921af78d52') in 0.0308853 seconds
Number of updated asset objects reloaded before import = 0Number of asset objects unloaded after import = 1

========================================================================
Received Import Request.
  Time since last request: 1.664159 seconds.
  path: Assets/_Project/Audio
  artifactKey: Guid(73c9d2f4893fa6240a2b64c6d7a07f31) Importer(2089858483,0ecaa5967403d082aa24f35e1b516d23)
Start importing Assets/_Project/Audio using Guid(73c9d2f4893fa6240a2b64c6d7a07f31) Importer(2089858483,0ecaa5967403d082aa24f35e1b516d23) (ScriptedImporter)[PhysX] Initialized MultithreadedTaskDispatcher with 6 workers.
 -> (artifact id: '5e33187efc628f68f93f43dcbaf094bc') in 0.002535 seconds
Number of updated asset objects reloaded before import = 0Number of asset objects unloaded after import = 1

========================================================================
Received Import Request.
  Time since last request: 0.000032 seconds.
  path: Assets/_Project/Audio/jump.ogg
  artifactKey: Guid(0c3a9c53f25402144b7410e4dcec5fe4) Importer(2089858483,0ecaa5967403d082aa24f35e1b516d23)
Start importing Assets/_Project/Audio/jump.ogg using Guid(0c3a9c53f25402144b7410e4dcec5fe4) Importer(2089858483,0ecaa5967403d082aa24f35e1b516d23) (ScriptedImporter)[PhysX] Initialized MultithreadedTaskDispatcher with 6 workers.
 -> (artifact id: 'b1b74161e3307d664628a3a3cf6595c2') in 0.0227122 seconds
Number of updated asset objects reloaded before import = 0Number of asset objects unloaded after import = 1

========================================================================
Received Import Request.
  Time since last request: 0.000022 seconds.
  path: Assets/_Project/Audio/tick.ogg
  artifactKey: Guid(f500c7b5bbbbfc24bbcd31d971393081) Importer(2089858483,0ecaa5967403d082aa24f35e1b516d23)
Start importing Assets/_Project/Audio/tick.ogg using Guid(f500c7b5bbbbfc24bbcd31d971393081) Importer(2089858483,0ecaa5967403d082aa24f35e1b516d23) (ScriptedImporter)[PhysX] Initialized MultithreadedTaskDispatcher with 6 workers.
 -> (artifact id: '8499a56b01871cb628bc21861898dad5') in 0.0302391 seconds
Number of updated asset objects reloaded before import = 0Number of asset objects unloaded after import = 1

========================================================================
Received Import Request.
  Time since last request: 0.000016 seconds.
  path: Assets/_Project/Audio/unlock.ogg
  artifactKey: Guid(a29a3b17cbf8c2349aad67d1104940b9) Importer(2089858483,0ecaa5967403d082aa24f35e1b516d23)
Start importing Assets/_Project/Audio/unlock.ogg using Guid(a29a3b17cbf8c2349aad67d1104940b9) Importer(2089858483,0ecaa5967403d082aa24f35e1b516d23) (ScriptedImporter)[PhysX] Initialized MultithreadedTaskDispatcher with 6 workers.
 -> (artifact id: 'a39e166697b1cd51873ff29958615a7a') in 0.0260503 seconds
Number of updated asset objects reloaded before import = 0Number of asset objects unloaded after import = 1

========================================================================
Received Import Request.
  Time since last request: 0.000021 seconds.
  path: Assets/_Project/Audio/oaklawn-dreams.ogg
  artifactKey: Guid(dd5ef66239f3c3c4fb1ff5a3561d04c7) Importer(2089858483,0ecaa5967403d082aa24f35e1b516d23)
Start importing Assets/_Project/Audio/oaklawn-dreams.ogg using Guid(dd5ef66239f3c3c4fb1ff5a3561d04c7) Importer(2089858483,0ecaa5967403d082aa24f35e1b516d23) (ScriptedImporter)[PhysX] Initialized MultithreadedTaskDispatcher with 6 workers.
 -> (artifact id: '271abd4af4cf44091960faecbbd8d124') in 0.2711489 seconds
Number of updated asset objects reloaded before import = 0Number of asset objects unloaded after import = 1

========================================================================
Received Import Request.
  Time since last request: 1.463345 seconds.
  path: Assets/_Project/AudioMixerController
  artifactKey: Guid(780a9f8c9db8dc94095f3075622981a0) Importer(2089858483,0ecaa5967403d082aa24f35e1b516d23)
Start importing Assets/_Project/AudioMixerController using Guid(780a9f8c9db8dc94095f3075622981a0) Importer(2089858483,0ecaa5967403d082aa24f35e1b516d23) (ScriptedImporter)[PhysX] Initialized MultithreadedTaskDispatcher with 6 workers.
 -> (artifact id: '3b6696bc0442b4d96829dc1f103436c2') in 0.004418 seconds
Number of updated asset objects reloaded before import = 0Number of asset objects unloaded after import = 1

========================================================================
Received Import Request.
  Time since last request: 121.617586 seconds.
  path: Assets/Scenes/Levels
  artifactKey: Guid(ea300cbae46abaa44bf40f9f90ec36bb) Importer(815301076,1909f56bfc062723c751e8b465ee728b)
Start importing Assets/Scenes/Levels using Guid(ea300cbae46abaa44bf40f9f90ec36bb) Importer(815301076,1909f56bfc062723c751e8b465ee728b) (PreviewImporter)[PhysX] Initialized MultithreadedTaskDispatcher with 6 workers.
 -> (artifact id: 'b18f559b0173831d30ec4f79c1a7093a') in 0.0010535 seconds
Number of updated asset objects reloaded before import = 0Number of asset objects unloaded after import = 0

========================================================================
Received Import Request.
  Time since last request: 0.667809 seconds.
  path: Assets/Scenes/Levels/SomeLevel.unity
  artifactKey: Guid(2d90e4a3abc04e646a4e95f572ff2902) Importer(815301076,1909f56bfc062723c751e8b465ee728b)
Start importing Assets/Scenes/Levels/SomeLevel.unity using Guid(2d90e4a3abc04e646a4e95f572ff2902) Importer(815301076,1909f56bfc062723c751e8b465ee728b) (PreviewImporter)[PhysX] Initialized MultithreadedTaskDispatcher with 6 workers.
 -> (artifact id: '4616643d8017cc3d028f7c706cafb262') in 0.0036703 seconds
Number of updated asset objects reloaded before import = 0Number of asset objects unloaded after import = 0

========================================================================
Received Import Request.
  Time since last request: 1.811618 seconds.
  path: Assets/Scenes/SampleScene.unity
  artifactKey: Guid(c850ee8c3b14cc8459e7e186857cf567) Importer(815301076,1909f56bfc062723c751e8b465ee728b)
Start importing Assets/Scenes/SampleScene.unity using Guid(c850ee8c3b14cc8459e7e186857cf567) Importer(815301076,1909f56bfc062723c751e8b465ee728b) (PreviewImporter)[PhysX] Initialized MultithreadedTaskDispatcher with 6 workers.
 -> (artifact id: '3a5912c7a02c89dd17f2f67c5a106b5d') in 0.0005799 seconds
Number of updated asset objects reloaded before import = 0Number of asset objects unloaded after import = 0

========================================================================
Received Import Request.
  Time since last request: 17.926775 seconds.
  path: Assets/Lowpoly Cube Animals 3D/Texture2D
  artifactKey: Guid(2168e06b94d55e549a0fefab9b802145) Importer(2089858483,0ecaa5967403d082aa24f35e1b516d23)
Start importing Assets/Lowpoly Cube Animals 3D/Texture2D using Guid(2168e06b94d55e549a0fefab9b802145) Importer(2089858483,0ecaa5967403d082aa24f35e1b516d23) (ScriptedImporter)[PhysX] Initialized MultithreadedTaskDispatcher with 6 workers.
 -> (artifact id: '60fd58c5bf1fd19220247dce55d897f0') in 0.0111939 seconds
Number of updated asset objects reloaded before import = 0Number of asset objects unloaded after import = 1

========================================================================
Received Import Request.
  Time since last request: 0.000052 seconds.
  path: Assets/Lowpoly Cube Animals 3D/Texture2D/play.png
  artifactKey: Guid(635a3cc2da0272541bcc83a2b66e7a79) Importer(2089858483,0ecaa5967403d082aa24f35e1b516d23)
Start importing Assets/Lowpoly Cube Animals 3D/Texture2D/play.png using Guid(635a3cc2da0272541bcc83a2b66e7a79) Importer(2089858483,0ecaa5967403d082aa24f35e1b516d23) (ScriptedImporter)[PhysX] Initialized MultithreadedTaskDispatcher with 6 workers.
 -> (artifact id: '568dc2da2185150400fbcb2b29099aa8') in 0.6751933 seconds
Number of updated asset objects reloaded before import = 0Number of asset objects unloaded after import = 3

========================================================================
Received Import Request.
  Time since last request: 0.000037 seconds.
  path: Assets/Lowpoly Cube Animals 3D/Texture2D/sound_on.png
  artifactKey: Guid(2e505634add7091439b8205dc091df20) Importer(2089858483,0ecaa5967403d082aa24f35e1b516d23)
Start importing Assets/Lowpoly Cube Animals 3D/Texture2D/sound_on.png using Guid(2e505634add7091439b8205dc091df20) Importer(2089858483,0ecaa5967403d082aa24f35e1b516d23) (ScriptedImporter)[PhysX] Initialized MultithreadedTaskDispatcher with 6 workers.
 -> (artifact id: 'ca39eddd9ba8d744e2d2eb27871839db') in 0.0248862 seconds
Number of updated asset objects reloaded before import = 0Number of asset objects unloaded after import = 3

========================================================================
Received Import Request.
  Time since last request: 0.000044 seconds.
  path: Assets/Lowpoly Cube Animals 3D/Texture2D/Grass.png
  artifactKey: Guid(2802ec51f13ce0e44b666de1db1be8fb) Importer(2089858483,0ecaa5967403d082aa24f35e1b516d23)
Start importing Assets/Lowpoly Cube Animals 3D/Texture2D/Grass.png using Guid(2802ec51f13ce0e44b666de1db1be8fb) Importer(2089858483,0ecaa5967403d082aa24f35e1b516d23) (ScriptedImporter)[PhysX] Initialized MultithreadedTaskDispatcher with 6 workers.
 -> (artifact id: '9d5559f88311e2f69bbf91725ee51ccb') in 0.0217492 seconds
Number of updated asset objects reloaded before import = 0Number of asset objects unloaded after import = 1

========================================================================
Received Import Request.
  Time since last request: 0.000024 seconds.
  path: Assets/Lowpoly Cube Animals 3D/Texture2D/Poweredby_640px-White_HorizLogo.png
  artifactKey: Guid(866f4ca6ffdfee04a8b65987b4b81c6a) Importer(2089858483,0ecaa5967403d082aa24f35e1b516d23)
Start importing Assets/Lowpoly Cube Animals 3D/Texture2D/Poweredby_640px-White_HorizLogo.png using Guid(866f4ca6ffdfee04a8b65987b4b81c6a) Importer(2089858483,0ecaa5967403d082aa24f35e1b516d23) (ScriptedImporter)[PhysX] Initialized MultithreadedTaskDispatcher with 6 workers.
 -> (artifact id: '5936bdd63bf7466ecdbd35298fb77dd5') in 0.0173042 seconds
Number of updated asset objects reloaded before import = 0Number of asset objects unloaded after import = 3

========================================================================
Received Import Request.
  Time since last request: 0.000025 seconds.
  path: Assets/Lowpoly Cube Animals 3D/Texture2D/arrow.png
  artifactKey: Guid(8ceb7460413dc854a96527623d0613b2) Importer(2089858483,0ecaa5967403d082aa24f35e1b516d23)
Start importing Assets/Lowpoly Cube Animals 3D/Texture2D/arrow.png using Guid(8ceb7460413dc854a96527623d0613b2) Importer(2089858483,0ecaa5967403d082aa24f35e1b516d23) (ScriptedImporter)[PhysX] Initialized MultithreadedTaskDispatcher with 6 workers.
 -> (artifact id: '4796df00b94e78c7ad093b1b30536116') in 0.0116829 seconds
Number of updated asset objects reloaded before import = 0Number of asset objects unloaded after import = 3

========================================================================
Received Import Request.
  Time since last request: 0.000023 seconds.
  path: Assets/Lowpoly Cube Animals 3D/Texture2D/Tut03.png
  artifactKey: Guid(68934a6f5bad3e444bf6eedb91e7bc58) Importer(2089858483,0ecaa5967403d082aa24f35e1b516d23)
Start importing Assets/Lowpoly Cube Animals 3D/Texture2D/Tut03.png using Guid(68934a6f5bad3e444bf6eedb91e7bc58) Importer(2089858483,0ecaa5967403d082aa24f35e1b516d23) (ScriptedImporter)[PhysX] Initialized MultithreadedTaskDispatcher with 6 workers.
 -> (artifact id: '882d740bf8aa4d422e3c9001682ad8f8') in 0.0167909 seconds
Number of updated asset objects reloaded before import = 0Number of asset objects unloaded after import = 3

========================================================================
Received Import Request.
  Time since last request: 0.000022 seconds.
  path: Assets/Lowpoly Cube Animals 3D/Texture2D/TreeYellow.png
  artifactKey: Guid(878883cabf51cb248900b9040e81ba7d) Importer(2089858483,0ecaa5967403d082aa24f35e1b516d23)
Start importing Assets/Lowpoly Cube Animals 3D/Texture2D/TreeYellow.png using Guid(878883cabf51cb248900b9040e81ba7d) Importer(2089858483,0ecaa5967403d082aa24f35e1b516d23) (ScriptedImporter)[PhysX] Initialized MultithreadedTaskDispatcher with 6 workers.
 -> (artifact id: 'aec4ab457b831fd96fa99cf27fed4aac') in 0.0265955 seconds
Number of updated asset objects reloaded before import = 0Number of asset objects unloaded after import = 1

========================================================================
Received Import Request.
  Time since last request: 0.000041 seconds.
  path: Assets/Lowpoly Cube Animals 3D/Texture2D/giftbox.png
  artifactKey: Guid(0c4afcb5d27e95d4eb5d90e991ab5872) Importer(2089858483,0ecaa5967403d082aa24f35e1b516d23)
Start importing Assets/Lowpoly Cube Animals 3D/Texture2D/giftbox.png using Guid(0c4afcb5d27e95d4eb5d90e991ab5872) Importer(2089858483,0ecaa5967403d082aa24f35e1b516d23) (ScriptedImporter)[PhysX] Initialized MultithreadedTaskDispatcher with 6 workers.
 -> (artifact id: '9e8a9c630b27bc3a03bb81abd5d0be02') in 0.0142036 seconds
Number of updated asset objects reloaded before import = 0Number of asset objects unloaded after import = 3

========================================================================
Received Import Request.
  Time since last request: 0.000026 seconds.
  path: Assets/Lowpoly Cube Animals 3D/Texture2D/unlock.png
  artifactKey: Guid(4b6366a3b2d25fe4485cb7f7815b883d) Importer(2089858483,0ecaa5967403d082aa24f35e1b516d23)
Start importing Assets/Lowpoly Cube Animals 3D/Texture2D/unlock.png using Guid(4b6366a3b2d25fe4485cb7f7815b883d) Importer(2089858483,0ecaa5967403d082aa24f35e1b516d23) (ScriptedImporter)[PhysX] Initialized MultithreadedTaskDispatcher with 6 workers.
 -> (artifact id: '51ca544053a32f079c047e152a0a78da') in 0.0125991 seconds
Number of updated asset objects reloaded before import = 0Number of asset objects unloaded after import = 3

========================================================================
Received Import Request.
  Time since last request: 0.000025 seconds.
  path: Assets/Lowpoly Cube Animals 3D/Texture2D/Tut04.png
  artifactKey: Guid(c97f1976460032247b52bceab31b63f1) Importer(2089858483,0ecaa5967403d082aa24f35e1b516d23)
Start importing Assets/Lowpoly Cube Animals 3D/Texture2D/Tut04.png using Guid(c97f1976460032247b52bceab31b63f1) Importer(2089858483,0ecaa5967403d082aa24f35e1b516d23) (ScriptedImporter)[PhysX] Initialized MultithreadedTaskDispatcher with 6 workers.
 -> (artifact id: '3bdaf801852b3494127fdaecf5d13d7c') in 0.0135041 seconds
Number of updated asset objects reloaded before import = 0Number of asset objects unloaded after import = 3

========================================================================
Received Import Request.
  Time since last request: 0.000029 seconds.
  path: Assets/Lowpoly Cube Animals 3D/Texture2D/cube.png
  artifactKey: Guid(4bd447fca9f9301408965b5f8a38290e) Importer(2089858483,0ecaa5967403d082aa24f35e1b516d23)
Start importing Assets/Lowpoly Cube Animals 3D/Texture2D/cube.png using Guid(4bd447fca9f9301408965b5f8a38290e) Importer(2089858483,0ecaa5967403d082aa24f35e1b516d23) (ScriptedImporter)[PhysX] Initialized MultithreadedTaskDispatcher with 6 workers.
 -> (artifact id: '87a57540c5acd480171572d8a39e5ad0') in 0.0114109 seconds
Number of updated asset objects reloaded before import = 0Number of asset objects unloaded after import = 3

========================================================================
Received Import Request.
  Time since last request: 0.000024 seconds.
  path: Assets/Lowpoly Cube Animals 3D/Texture2D/shop.png
  artifactKey: Guid(0bd175397a552a84cb69553b43b4aa21) Importer(2089858483,0ecaa5967403d082aa24f35e1b516d23)
Start importing Assets/Lowpoly Cube Animals 3D/Texture2D/shop.png using Guid(0bd175397a552a84cb69553b43b4aa21) Importer(2089858483,0ecaa5967403d082aa24f35e1b516d23) (ScriptedImporter)[PhysX] Initialized MultithreadedTaskDispatcher with 6 workers.
 -> (artifact id: 'e3cdd672e75cae411800f5aed7bee8e3') in 0.0135036 seconds
Number of updated asset objects reloaded before import = 0Number of asset objects unloaded after import = 3

========================================================================
Received Import Request.
  Time since last request: 9.596548 seconds.
  path: Assets/_Project/Lowpoly Cube Animals 3D/Texture2D
  artifactKey: Guid(2168e06b94d55e549a0fefab9b802145) Importer(2089858483,0ecaa5967403d082aa24f35e1b516d23)
Start importing Assets/_Project/Lowpoly Cube Animals 3D/Texture2D using Guid(2168e06b94d55e549a0fefab9b802145) Importer(2089858483,0ecaa5967403d082aa24f35e1b516d23) (ScriptedImporter)[PhysX] Initialized MultithreadedTaskDispatcher with 6 workers.
 -> (artifact id: '3106a8271228c0a605fc7f79a5f3d9ae') in 0.0035798 seconds
Number of updated asset objects reloaded before import = 0Number of asset objects unloaded after import = 1

========================================================================
Received Import Request.
  Time since last request: 0.000029 seconds.
  path: Assets/_Project/Lowpoly Cube Animals 3D/Prefabs
  artifactKey: Guid(0388c538d16c665489f3b456e0cc1239) Importer(2089858483,0ecaa5967403d082aa24f35e1b516d23)
Start importing Assets/_Project/Lowpoly Cube Animals 3D/Prefabs using Guid(0388c538d16c665489f3b456e0cc1239) Importer(2089858483,0ecaa5967403d082aa24f35e1b516d23) (ScriptedImporter)[PhysX] Initialized MultithreadedTaskDispatcher with 6 workers.
 -> (artifact id: '75fbc3be26ec3ed4f2c5de6a5b3e36c1') in 0.005815 seconds
Number of updated asset objects reloaded before import = 0Number of asset objects unloaded after import = 1

========================================================================
Received Import Request.
  Time since last request: 0.000019 seconds.
  path: Assets/_Project/Lowpoly Cube Animals 3D/Texture2D/play.png
  artifactKey: Guid(635a3cc2da0272541bcc83a2b66e7a79) Importer(2089858483,0ecaa5967403d082aa24f35e1b516d23)
Start importing Assets/_Project/Lowpoly Cube Animals 3D/Texture2D/play.png using Guid(635a3cc2da0272541bcc83a2b66e7a79) Importer(2089858483,0ecaa5967403d082aa24f35e1b516d23) (ScriptedImporter)[PhysX] Initialized MultithreadedTaskDispatcher with 6 workers.
 -> (artifact id: '5ee50bd69b9026512425c5af7d6c4f35') in 0.0099318 seconds
Number of updated asset objects reloaded before import = 0Number of asset objects unloaded after import = 3

========================================================================
Received Import Request.
  Time since last request: 0.000023 seconds.
  path: Assets/_Project/Lowpoly Cube Animals 3D/Texture2D/square_0.png
  artifactKey: Guid(1532648721b441f439f5896d26d32ca5) Importer(2089858483,0ecaa5967403d082aa24f35e1b516d23)
Start importing Assets/_Project/Lowpoly Cube Animals 3D/Texture2D/square_0.png using Guid(1532648721b441f439f5896d26d32ca5) Importer(2089858483,0ecaa5967403d082aa24f35e1b516d23) (ScriptedImporter)[PhysX] Initialized MultithreadedTaskDispatcher with 6 workers.
 -> (artifact id: 'f626d258ef5fcfc309aed2c84af94f76') in 0.0151769 seconds
Number of updated asset objects reloaded before import = 0Number of asset objects unloaded after import = 3

========================================================================
Received Import Request.
  Time since last request: 0.000023 seconds.
  path: Assets/_Project/Lowpoly Cube Animals 3D/Texture2D/Coin_1.png
  artifactKey: Guid(33d54d415423e134487db0ef9b8048ca) Importer(2089858483,0ecaa5967403d082aa24f35e1b516d23)
Start importing Assets/_Project/Lowpoly Cube Animals 3D/Texture2D/Coin_1.png using Guid(33d54d415423e134487db0ef9b8048ca) Importer(2089858483,0ecaa5967403d082aa24f35e1b516d23) (ScriptedImporter)[PhysX] Initialized MultithreadedTaskDispatcher with 6 workers.
 -> (artifact id: '5bddf12648a0b2df4cf308e5b3aa897f') in 0.0181986 seconds
Number of updated asset objects reloaded before import = 0Number of asset objects unloaded after import = 1

========================================================================
Received Import Request.
  Time since last request: 0.000044 seconds.
  path: Assets/_Project/Lowpoly Cube Animals 3D/Texture2D/Tree2_Map2.png
  artifactKey: Guid(44c475b5541160a42bad38caad2ebdb2) Importer(2089858483,0ecaa5967403d082aa24f35e1b516d23)
Start importing Assets/_Project/Lowpoly Cube Animals 3D/Texture2D/Tree2_Map2.png using Guid(44c475b5541160a42bad38caad2ebdb2) Importer(2089858483,0ecaa5967403d082aa24f35e1b516d23) (ScriptedImporter)[PhysX] Initialized MultithreadedTaskDispatcher with 6 workers.
 -> (artifact id: '4bbd186d2a8e094838b36a920a655c91') in 0.0315506 seconds
Number of updated asset objects reloaded before import = 0Number of asset objects unloaded after import = 1

========================================================================
Received Import Request.
  Time since last request: 0.000030 seconds.
  path: Assets/_Project/Lowpoly Cube Animals 3D/Texture2D/video.png
  artifactKey: Guid(4caf63eab6cb4d744ba7390edbbc6dad) Importer(2089858483,0ecaa5967403d082aa24f35e1b516d23)
Start importing Assets/_Project/Lowpoly Cube Animals 3D/Texture2D/video.png using Guid(4caf63eab6cb4d744ba7390edbbc6dad) Importer(2089858483,0ecaa5967403d082aa24f35e1b516d23) (ScriptedImporter)[PhysX] Initialized MultithreadedTaskDispatcher with 6 workers.
 -> (artifact id: 'dfbd789180d8d1d6065f03c65d642d82') in 0.0142501 seconds
Number of updated asset objects reloaded before import = 0Number of asset objects unloaded after import = 3

========================================================================
Received Import Request.
  Time since last request: 0.000036 seconds.
  path: Assets/_Project/Lowpoly Cube Animals 3D/Models/Animals/Lion.mesh
  artifactKey: Guid(62c7e16ee84a0ed4b9ae589717e5f384) Importer(2089858483,0ecaa5967403d082aa24f35e1b516d23)
Start importing Assets/_Project/Lowpoly Cube Animals 3D/Models/Animals/Lion.mesh using Guid(62c7e16ee84a0ed4b9ae589717e5f384) Importer(2089858483,0ecaa5967403d082aa24f35e1b516d23) (ScriptedImporter)[PhysX] Initialized MultithreadedTaskDispatcher with 6 workers.
 -> (artifact id: 'd44a0be6e5226e503e2af24b7f8c2235') in 0.0153056 seconds
Number of updated asset objects reloaded before import = 0Number of asset objects unloaded after import = 1

========================================================================
Received Import Request.
  Time since last request: 0.000032 seconds.
  path: Assets/_Project/Lowpoly Cube Animals 3D/Models/Environment/GrassStems_1.asset
  artifactKey: Guid(39411464b945e12469efb0c87c659c0e) Importer(2089858483,0ecaa5967403d082aa24f35e1b516d23)
Start importing Assets/_Project/Lowpoly Cube Animals 3D/Models/Environment/GrassStems_1.asset using Guid(39411464b945e12469efb0c87c659c0e) Importer(2089858483,0ecaa5967403d082aa24f35e1b516d23) (ScriptedImporter)[PhysX] Initialized MultithreadedTaskDispatcher with 6 workers.
 -> (artifact id: 'f7a9a4023601dbf82cc83da2f9562235') in 0.0064998 seconds
Number of updated asset objects reloaded before import = 0Number of asset objects unloaded after import = 1

========================================================================
Received Import Request.
  Time since last request: 0.000025 seconds.
  path: Assets/_Project/Lowpoly Cube Animals 3D/Texture2D/music_on.png
  artifactKey: Guid(8b8e2bb654fb2a740a86444b288b9b17) Importer(2089858483,0ecaa5967403d082aa24f35e1b516d23)
Start importing Assets/_Project/Lowpoly Cube Animals 3D/Texture2D/music_on.png using Guid(8b8e2bb654fb2a740a86444b288b9b17) Importer(2089858483,0ecaa5967403d082aa24f35e1b516d23) (ScriptedImporter)[PhysX] Initialized MultithreadedTaskDispatcher with 6 workers.
 -> (artifact id: '5f50983dc446f82348f3e8e7d4dfd5ba') in 0.0171173 seconds
Number of updated asset objects reloaded before import = 0Number of asset objects unloaded after import = 3

========================================================================
Received Import Request.
  Time since last request: 0.000028 seconds.
  path: Assets/_Project/Lowpoly Cube Animals 3D/Models/Animals/Horse.asset
  artifactKey: Guid(cd45bb45205d3b84da87da997cd56be0) Importer(2089858483,0ecaa5967403d082aa24f35e1b516d23)
Start importing Assets/_Project/Lowpoly Cube Animals 3D/Models/Animals/Horse.asset using Guid(cd45bb45205d3b84da87da997cd56be0) Importer(2089858483,0ecaa5967403d082aa24f35e1b516d23) (ScriptedImporter)[PhysX] Initialized MultithreadedTaskDispatcher with 6 workers.
 -> (artifact id: 'd5743782b88576ad3a875908da4fff23') in 0.0071723 seconds
Number of updated asset objects reloaded before import = 0Number of asset objects unloaded after import = 1

========================================================================
Received Import Request.
  Time since last request: 0.000029 seconds.
  path: Assets/_Project/Lowpoly Cube Animals 3D/Texture2D/achievement.png
  artifactKey: Guid(869d2f04e72a9274fafe02691af19c1a) Importer(2089858483,0ecaa5967403d082aa24f35e1b516d23)
Start importing Assets/_Project/Lowpoly Cube Animals 3D/Texture2D/achievement.png using Guid(869d2f04e72a9274fafe02691af19c1a) Importer(2089858483,0ecaa5967403d082aa24f35e1b516d23) (ScriptedImporter)[PhysX] Initialized MultithreadedTaskDispatcher with 6 workers.
 -> (artifact id: '851433e4ce5bfa42930379fcb07cebd2') in 0.011524 seconds
Number of updated asset objects reloaded before import = 0Number of asset objects unloaded after import = 3

========================================================================
Received Import Request.
  Time since last request: 0.000024 seconds.
  path: Assets/_Project/Lowpoly Cube Animals 3D/Texture2D/remove-ads.png
  artifactKey: Guid(9cdad3a5f82e89441a7c201f2a59b65a) Importer(2089858483,0ecaa5967403d082aa24f35e1b516d23)
Start importing Assets/_Project/Lowpoly Cube Animals 3D/Texture2D/remove-ads.png using Guid(9cdad3a5f82e89441a7c201f2a59b65a) Importer(2089858483,0ecaa5967403d082aa24f35e1b516d23) (ScriptedImporter)[PhysX] Initialized MultithreadedTaskDispatcher with 6 workers.
 -> (artifact id: '05c128f557424e089885fa8a1502fd44') in 0.016691 seconds
Number of updated asset objects reloaded before import = 0Number of asset objects unloaded after import = 3

========================================================================
Received Import Request.
  Time since last request: 0.000043 seconds.
  path: Assets/_Project/Lowpoly Cube Animals 3D/Texture2D/rate.png
  artifactKey: Guid(f7532b1658cd0f444868012aa8811685) Importer(2089858483,0ecaa5967403d082aa24f35e1b516d23)
Start importing Assets/_Project/Lowpoly Cube Animals 3D/Texture2D/rate.png using Guid(f7532b1658cd0f444868012aa8811685) Importer(2089858483,0ecaa5967403d082aa24f35e1b516d23) (ScriptedImporter)[PhysX] Initialized MultithreadedTaskDispatcher with 6 workers.
 -> (artifact id: '5fbd58fe012be5b3a0e603415f2ff30f') in 0.0148473 seconds
Number of updated asset objects reloaded before import = 0Number of asset objects unloaded after import = 3

========================================================================
Received Import Request.
  Time since last request: 0.000035 seconds.
  path: Assets/_Project/Lowpoly Cube Animals 3D/Texture2D/ButtonCircle.png
  artifactKey: Guid(60cc23fa03c357f49a961b7a04b7ef78) Importer(2089858483,0ecaa5967403d082aa24f35e1b516d23)
Start importing Assets/_Project/Lowpoly Cube Animals 3D/Texture2D/ButtonCircle.png using Guid(60cc23fa03c357f49a961b7a04b7ef78) Importer(2089858483,0ecaa5967403d082aa24f35e1b516d23) (ScriptedImporter)[PhysX] Initialized MultithreadedTaskDispatcher with 6 workers.
 -> (artifact id: 'cd05c9fddbeb6cb1d09f4bf6893f04ec') in 0.0148832 seconds
Number of updated asset objects reloaded before import = 0Number of asset objects unloaded after import = 3

========================================================================
Received Import Request.
  Time since last request: 0.000027 seconds.
  path: Assets/_Project/Lowpoly Cube Animals 3D/Models/Environment/GrassStems_0.asset
  artifactKey: Guid(06bed5847a7bc494189415a8c2d85911) Importer(2089858483,0ecaa5967403d082aa24f35e1b516d23)
Start importing Assets/_Project/Lowpoly Cube Animals 3D/Models/Environment/GrassStems_0.asset using Guid(06bed5847a7bc494189415a8c2d85911) Importer(2089858483,0ecaa5967403d082aa24f35e1b516d23) (ScriptedImporter)[PhysX] Initialized MultithreadedTaskDispatcher with 6 workers.
 -> (artifact id: 'b251af8c13c939edb3d97ae623ae1844') in 0.0078469 seconds
Number of updated asset objects reloaded before import = 0Number of asset objects unloaded after import = 1

========================================================================
Received Import Request.
  Time since last request: 0.000023 seconds.
  path: Assets/_Project/Lowpoly Cube Animals 3D/Models/Animals/Pig.asset
  artifactKey: Guid(9b69eb101571009479a5fd3dd5cf25a3) Importer(2089858483,0ecaa5967403d082aa24f35e1b516d23)
Start importing Assets/_Project/Lowpoly Cube Animals 3D/Models/Animals/Pig.asset using Guid(9b69eb101571009479a5fd3dd5cf25a3) Importer(2089858483,0ecaa5967403d082aa24f35e1b516d23) (ScriptedImporter)[PhysX] Initialized MultithreadedTaskDispatcher with 6 workers.
 -> (artifact id: '140b33d27fd096a499fe935a3d0d9df4') in 0.0107793 seconds
Number of updated asset objects reloaded before import = 0Number of asset objects unloaded after import = 1

========================================================================
Received Import Request.
  Time since last request: 0.000184 seconds.
  path: Assets/_Project/Lowpoly Cube Animals 3D/Models/Animals/Cube.asset
  artifactKey: Guid(93d5788b12225264da2b55e40e3ee9f7) Importer(2089858483,0ecaa5967403d082aa24f35e1b516d23)
Start importing Assets/_Project/Lowpoly Cube Animals 3D/Models/Animals/Cube.asset using Guid(93d5788b12225264da2b55e40e3ee9f7) Importer(2089858483,0ecaa5967403d082aa24f35e1b516d23) (ScriptedImporter)[PhysX] Initialized MultithreadedTaskDispatcher with 6 workers.
 -> (artifact id: '4b70408219703fe257c0778da839ba84') in 0.0091769 seconds
Number of updated asset objects reloaded before import = 0Number of asset objects unloaded after import = 1

========================================================================
Received Import Request.
  Time since last request: 0.000027 seconds.
  path: Assets/_Project/Lowpoly Cube Animals 3D/Texture2D/Poweredby_640px-White_HorizLogo.png
  artifactKey: Guid(866f4ca6ffdfee04a8b65987b4b81c6a) Importer(2089858483,0ecaa5967403d082aa24f35e1b516d23)
Start importing Assets/_Project/Lowpoly Cube Animals 3D/Texture2D/Poweredby_640px-White_HorizLogo.png using Guid(866f4ca6ffdfee04a8b65987b4b81c6a) Importer(2089858483,0ecaa5967403d082aa24f35e1b516d23) (ScriptedImporter)[PhysX] Initialized MultithreadedTaskDispatcher with 6 workers.
 -> (artifact id: '2144b48604c5e8c953e6485a3efe9336') in 0.0171488 seconds
Number of updated asset objects reloaded before import = 0Number of asset objects unloaded after import = 3

========================================================================
Received Import Request.
  Time since last request: 0.000045 seconds.
  path: Assets/_Project/Lowpoly Cube Animals 3D/Models/Animals/Bull.asset
  artifactKey: Guid(0443b32bd68db4640aa299bd7f5fdb9f) Importer(2089858483,0ecaa5967403d082aa24f35e1b516d23)
Start importing Assets/_Project/Lowpoly Cube Animals 3D/Models/Animals/Bull.asset using Guid(0443b32bd68db4640aa299bd7f5fdb9f) Importer(2089858483,0ecaa5967403d082aa24f35e1b516d23) (ScriptedImporter)[PhysX] Initialized MultithreadedTaskDispatcher with 6 workers.
 -> (artifact id: 'f448794895ad8d72832327cd9a9f69fc') in 0.0061946 seconds
Number of updated asset objects reloaded before import = 0Number of asset objects unloaded after import = 1

========================================================================
Received Import Request.
  Time since last request: 0.000055 seconds.
  path: Assets/_Project/Lowpoly Cube Animals 3D/Texture2D/Tut01.png
  artifactKey: Guid(c14f2deca5841524d914ada731960425) Importer(2089858483,0ecaa5967403d082aa24f35e1b516d23)
Start importing Assets/_Project/Lowpoly Cube Animals 3D/Texture2D/Tut01.png using Guid(c14f2deca5841524d914ada731960425) Importer(2089858483,0ecaa5967403d082aa24f35e1b516d23) (ScriptedImporter)[PhysX] Initialized MultithreadedTaskDispatcher with 6 workers.
 -> (artifact id: 'a9250978da6608fc9d4bbf979ba35bcd') in 0.1049934 seconds
Number of updated asset objects reloaded before import = 0Number of asset objects unloaded after import = 3

========================================================================
Received Import Request.
  Time since last request: 0.000021 seconds.
  path: Assets/_Project/Lowpoly Cube Animals 3D/Models/Animals/Cow.asset
  artifactKey: Guid(41c98cfca6dd1cc45ab6cd0f365b67ba) Importer(2089858483,0ecaa5967403d082aa24f35e1b516d23)
Start importing Assets/_Project/Lowpoly Cube Animals 3D/Models/Animals/Cow.asset using Guid(41c98cfca6dd1cc45ab6cd0f365b67ba) Importer(2089858483,0ecaa5967403d082aa24f35e1b516d23) (ScriptedImporter)[PhysX] Initialized MultithreadedTaskDispatcher with 6 workers.
 -> (artifact id: '21ef44c1811323577f04d111ce032fc6') in 0.0150899 seconds
Number of updated asset objects reloaded before import = 0Number of asset objects unloaded after import = 1

========================================================================
Received Import Request.
  Time since last request: 0.000022 seconds.
  path: Assets/_Project/Lowpoly Cube Animals 3D/Texture2D/restart.png
  artifactKey: Guid(30cc2aaec6089b8458f56f4ca5b83465) Importer(2089858483,0ecaa5967403d082aa24f35e1b516d23)
Start importing Assets/_Project/Lowpoly Cube Animals 3D/Texture2D/restart.png using Guid(30cc2aaec6089b8458f56f4ca5b83465) Importer(2089858483,0ecaa5967403d082aa24f35e1b516d23) (ScriptedImporter)[PhysX] Initialized MultithreadedTaskDispatcher with 6 workers.
 -> (artifact id: '40219c7bec8e6e2f7013d6d6ce1f0363') in 0.0449201 seconds
Number of updated asset objects reloaded before import = 0Number of asset objects unloaded after import = 3

========================================================================
Received Import Request.
  Time since last request: 0.000020 seconds.
  path: Assets/_Project/Lowpoly Cube Animals 3D/Models/Environment/Stone_1.asset
  artifactKey: Guid(5107e95a25c55a348bf1d3d138304bed) Importer(2089858483,0ecaa5967403d082aa24f35e1b516d23)
Start importing Assets/_Project/Lowpoly Cube Animals 3D/Models/Environment/Stone_1.asset using Guid(5107e95a25c55a348bf1d3d138304bed) Importer(2089858483,0ecaa5967403d082aa24f35e1b516d23) (ScriptedImporter)[PhysX] Initialized MultithreadedTaskDispatcher with 6 workers.
 -> (artifact id: '74cea3fd907d2aa3e3cf516562e4b269') in 0.0051974 seconds
Number of updated asset objects reloaded before import = 0Number of asset objects unloaded after import = 1

========================================================================
Received Import Request.
  Time since last request: 0.000035 seconds.
  path: Assets/_Project/Lowpoly Cube Animals 3D/Texture2D/gif_icon.png
  artifactKey: Guid(809ea2fd2b0e9d143b606055d7f11188) Importer(2089858483,0ecaa5967403d082aa24f35e1b516d23)
Start importing Assets/_Project/Lowpoly Cube Animals 3D/Texture2D/gif_icon.png using Guid(809ea2fd2b0e9d143b606055d7f11188) Importer(2089858483,0ecaa5967403d082aa24f35e1b516d23) (ScriptedImporter)[PhysX] Initialized MultithreadedTaskDispatcher with 6 workers.
 -> (artifact id: 'b9e16730760cc8a5dc2ece0a4f196c14') in 0.0159978 seconds
Number of updated asset objects reloaded before import = 0Number of asset objects unloaded after import = 3

========================================================================
Received Import Request.
  Time since last request: 0.000026 seconds.
  path: Assets/_Project/Lowpoly Cube Animals 3D/Materials/Animal.mat
  artifactKey: Guid(f8d8455d6db947442b4c9d3bf700ec99) Importer(2089858483,0ecaa5967403d082aa24f35e1b516d23)
Start importing Assets/_Project/Lowpoly Cube Animals 3D/Materials/Animal.mat using Guid(f8d8455d6db947442b4c9d3bf700ec99) Importer(2089858483,0ecaa5967403d082aa24f35e1b516d23) (ScriptedImporter)[PhysX] Initialized MultithreadedTaskDispatcher with 6 workers.
 -> (artifact id: 'f9c0ba492a44106d0767b9b2c614f94b') in 0.015646 seconds
Number of updated asset objects reloaded before import = 0Number of asset objects unloaded after import = 2

========================================================================
Received Import Request.
  Time since last request: 0.000035 seconds.
  path: Assets/_Project/Lowpoly Cube Animals 3D/Texture2D/Grass.png
  artifactKey: Guid(2802ec51f13ce0e44b666de1db1be8fb) Importer(2089858483,0ecaa5967403d082aa24f35e1b516d23)
Start importing Assets/_Project/Lowpoly Cube Animals 3D/Texture2D/Grass.png using Guid(2802ec51f13ce0e44b666de1db1be8fb) Importer(2089858483,0ecaa5967403d082aa24f35e1b516d23) (ScriptedImporter)[PhysX] Initialized MultithreadedTaskDispatcher with 6 workers.
 -> (artifact id: '64e3e64e2dd5bef77cecba2c3c690968') in 0.0101863 seconds
Number of updated asset objects reloaded before import = 0Number of asset objects unloaded after import = 1

========================================================================
Received Import Request.
  Time since last request: 0.000041 seconds.
  path: Assets/_Project/Lowpoly Cube Animals 3D/Models/Environment/Flower_0.asset
  artifactKey: Guid(bd24ec988fd0423479d217411b1f6b40) Importer(2089858483,0ecaa5967403d082aa24f35e1b516d23)
Start importing Assets/_Project/Lowpoly Cube Animals 3D/Models/Environment/Flower_0.asset using Guid(bd24ec988fd0423479d217411b1f6b40) Importer(2089858483,0ecaa5967403d082aa24f35e1b516d23) (ScriptedImporter)[PhysX] Initialized MultithreadedTaskDispatcher with 6 workers.
 -> (artifact id: '63bd4d44acab32a2512bba5f5e6519c5') in 0.0054784 seconds
Number of updated asset objects reloaded before import = 0Number of asset objects unloaded after import = 1

========================================================================
Received Import Request.
  Time since last request: 0.000023 seconds.
  path: Assets/_Project/Lowpoly Cube Animals 3D/Models/Animals/Panda.asset
  artifactKey: Guid(07162ba1712b26a4ca8dfb1cf86e9bc0) Importer(2089858483,0ecaa5967403d082aa24f35e1b516d23)
Start importing Assets/_Project/Lowpoly Cube Animals 3D/Models/Animals/Panda.asset using Guid(07162ba1712b26a4ca8dfb1cf86e9bc0) Importer(2089858483,0ecaa5967403d082aa24f35e1b516d23) (ScriptedImporter)[PhysX] Initialized MultithreadedTaskDispatcher with 6 workers.
 -> (artifact id: '981d457d35046050084e3ac0cda7c69c') in 0.0057077 seconds
Number of updated asset objects reloaded before import = 0Number of asset objects unloaded after import = 1

========================================================================
Received Import Request.
  Time since last request: 0.000026 seconds.
  path: Assets/_Project/Lowpoly Cube Animals 3D/Texture2D/Square.png
  artifactKey: Guid(a804adbdc5ebc314c94974baa688b982) Importer(2089858483,0ecaa5967403d082aa24f35e1b516d23)
Start importing Assets/_Project/Lowpoly Cube Animals 3D/Texture2D/Square.png using Guid(a804adbdc5ebc314c94974baa688b982) Importer(2089858483,0ecaa5967403d082aa24f35e1b516d23) (ScriptedImporter)[PhysX] Initialized MultithreadedTaskDispatcher with 6 workers.
 -> (artifact id: '024f6142dca79dd7cde84485c2c90bd9') in 0.0169939 seconds
Number of updated asset objects reloaded before import = 0Number of asset objects unloaded after import = 1

========================================================================
Received Import Request.
  Time since last request: 0.000033 seconds.
  path: Assets/_Project/Lowpoly Cube Animals 3D/Materials/Cloud_Material.mat
  artifactKey: Guid(5dad5f80188250444b6a0d2315704967) Importer(2089858483,0ecaa5967403d082aa24f35e1b516d23)
Start importing Assets/_Project/Lowpoly Cube Animals 3D/Materials/Cloud_Material.mat using Guid(5dad5f80188250444b6a0d2315704967) Importer(2089858483,0ecaa5967403d082aa24f35e1b516d23) (ScriptedImporter)[PhysX] Initialized MultithreadedTaskDispatcher with 6 workers.
 -> (artifact id: '1038cdcfaddcab3b86903745e34a0384') in 0.0073735 seconds
Number of updated asset objects reloaded before import = 0Number of asset objects unloaded after import = 2

========================================================================
Received Import Request.
  Time since last request: 0.000023 seconds.
  path: Assets/_Project/Lowpoly Cube Animals 3D/Texture2D/share.png
  artifactKey: Guid(fe03b2dae35babf499944105ad4be01d) Importer(2089858483,0ecaa5967403d082aa24f35e1b516d23)
Start importing Assets/_Project/Lowpoly Cube Animals 3D/Texture2D/share.png using Guid(fe03b2dae35babf499944105ad4be01d) Importer(2089858483,0ecaa5967403d082aa24f35e1b516d23) (ScriptedImporter)[PhysX] Initialized MultithreadedTaskDispatcher with 6 workers.
 -> (artifact id: '645fb851c8ef14589b4543f6f1e06b25') in 0.0108488 seconds
Number of updated asset objects reloaded before import = 0Number of asset objects unloaded after import = 3

========================================================================
Received Import Request.
  Time since last request: 0.000026 seconds.
  path: Assets/_Project/Lowpoly Cube Animals 3D/Models/Environment/Tree_1.asset
  artifactKey: Guid(fa3dffb02f834e845854cb88c320a713) Importer(2089858483,0ecaa5967403d082aa24f35e1b516d23)
Start importing Assets/_Project/Lowpoly Cube Animals 3D/Models/Environment/Tree_1.asset using Guid(fa3dffb02f834e845854cb88c320a713) Importer(2089858483,0ecaa5967403d082aa24f35e1b516d23) (ScriptedImporter)[PhysX] Initialized MultithreadedTaskDispatcher with 6 workers.
 -> (artifact id: '555ce32d00182124aabfdd8ecabd456f') in 0.0050095 seconds
Number of updated asset objects reloaded before import = 0Number of asset objects unloaded after import = 1

========================================================================
Received Import Request.
  Time since last request: 0.000045 seconds.
  path: Assets/_Project/Lowpoly Cube Animals 3D/Materials/TreeYellow_material.mat
  artifactKey: Guid(c763843506b65cd44a6862071fbeeda4) Importer(2089858483,0ecaa5967403d082aa24f35e1b516d23)
Start importing Assets/_Project/Lowpoly Cube Animals 3D/Materials/TreeYellow_material.mat using Guid(c763843506b65cd44a6862071fbeeda4) Importer(2089858483,0ecaa5967403d082aa24f35e1b516d23) (ScriptedImporter)[PhysX] Initialized MultithreadedTaskDispatcher with 6 workers.
 -> (artifact id: '85cfede9dfb6dc40e65397187f18ecc7') in 0.0080783 seconds
Number of updated asset objects reloaded before import = 0Number of asset objects unloaded after import = 2

========================================================================
Received Import Request.
  Time since last request: 0.000030 seconds.
  path: Assets/_Project/Lowpoly Cube Animals 3D/Models/Environment/Coin.asset
  artifactKey: Guid(e1eaf3650d9aecc40963080fa960591e) Importer(2089858483,0ecaa5967403d082aa24f35e1b516d23)
Start importing Assets/_Project/Lowpoly Cube Animals 3D/Models/Environment/Coin.asset using Guid(e1eaf3650d9aecc40963080fa960591e) Importer(2089858483,0ecaa5967403d082aa24f35e1b516d23) (ScriptedImporter)[PhysX] Initialized MultithreadedTaskDispatcher with 6 workers.
 -> (artifact id: 'e609571460843598f4a7dda89bac72b6') in 0.005193 seconds
Number of updated asset objects reloaded before import = 0Number of asset objects unloaded after import = 1

========================================================================
Received Import Request.
  Time since last request: 0.000022 seconds.
  path: Assets/_Project/Lowpoly Cube Animals 3D/Models/Environment/Stone_0.asset
  artifactKey: Guid(91b9de92aa1f79c4bbe81f5c7d906ee6) Importer(2089858483,0ecaa5967403d082aa24f35e1b516d23)
Start importing Assets/_Project/Lowpoly Cube Animals 3D/Models/Environment/Stone_0.asset using Guid(91b9de92aa1f79c4bbe81f5c7d906ee6) Importer(2089858483,0ecaa5967403d082aa24f35e1b516d23) (ScriptedImporter)[PhysX] Initialized MultithreadedTaskDispatcher with 6 workers.
 -> (artifact id: 'bf3e85343813935758033127311fe38e') in 0.0040341 seconds
Number of updated asset objects reloaded before import = 0Number of asset objects unloaded after import = 1

========================================================================
Received Import Request.
  Time since last request: 0.000022 seconds.
  path: Assets/_Project/Lowpoly Cube Animals 3D/Texture2D/giftbox.png
  artifactKey: Guid(0c4afcb5d27e95d4eb5d90e991ab5872) Importer(2089858483,0ecaa5967403d082aa24f35e1b516d23)
Start importing Assets/_Project/Lowpoly Cube Animals 3D/Texture2D/giftbox.png using Guid(0c4afcb5d27e95d4eb5d90e991ab5872) Importer(2089858483,0ecaa5967403d082aa24f35e1b516d23) (ScriptedImporter)[PhysX] Initialized MultithreadedTaskDispatcher with 6 workers.
 -> (artifact id: 'a80f20603e343d4a81473990b85c3792') in 0.0098308 seconds
Number of updated asset objects reloaded before import = 0Number of asset objects unloaded after import = 3

========================================================================
Received Import Request.
  Time since last request: 0.000026 seconds.
  path: Assets/_Project/Lowpoly Cube Animals 3D/Texture2D/music_off.png
  artifactKey: Guid(73c226ced0bb9264b950fe6547a459b5) Importer(2089858483,0ecaa5967403d082aa24f35e1b516d23)
Start importing Assets/_Project/Lowpoly Cube Animals 3D/Texture2D/music_off.png using Guid(73c226ced0bb9264b950fe6547a459b5) Importer(2089858483,0ecaa5967403d082aa24f35e1b516d23) (ScriptedImporter)[PhysX] Initialized MultithreadedTaskDispatcher with 6 workers.
 -> (artifact id: '5b3e1d0d67174b7719993baf8e3651e0') in 0.0150681 seconds
Number of updated asset objects reloaded before import = 0Number of asset objects unloaded after import = 3

========================================================================
Received Import Request.
  Time since last request: 0.000026 seconds.
  path: Assets/_Project/Lowpoly Cube Animals 3D/Texture2D/cube.png
  artifactKey: Guid(4bd447fca9f9301408965b5f8a38290e) Importer(2089858483,0ecaa5967403d082aa24f35e1b516d23)
Start importing Assets/_Project/Lowpoly Cube Animals 3D/Texture2D/cube.png using Guid(4bd447fca9f9301408965b5f8a38290e) Importer(2089858483,0ecaa5967403d082aa24f35e1b516d23) (ScriptedImporter)[PhysX] Initialized MultithreadedTaskDispatcher with 6 workers.
 -> (artifact id: 'b0ed07727f949b4b5c35738280074859') in 0.0093496 seconds
Number of updated asset objects reloaded before import = 0Number of asset objects unloaded after import = 3

========================================================================
Received Import Request.
  Time since last request: 0.000023 seconds.
  path: Assets/_Project/Lowpoly Cube Animals 3D/Models/Environment/FenceEnd.asset
  artifactKey: Guid(a7fd47858d5d6974f9b36011422ec3f8) Importer(2089858483,0ecaa5967403d082aa24f35e1b516d23)
Start importing Assets/_Project/Lowpoly Cube Animals 3D/Models/Environment/FenceEnd.asset using Guid(a7fd47858d5d6974f9b36011422ec3f8) Importer(2089858483,0ecaa5967403d082aa24f35e1b516d23) (ScriptedImporter)[PhysX] Initialized MultithreadedTaskDispatcher with 6 workers.
 -> (artifact id: 'cac74d2a1106f4afad484328d1c388f0') in 0.0048681 seconds
Number of updated asset objects reloaded before import = 0Number of asset objects unloaded after import = 1

========================================================================
Received Import Request.
  Time since last request: 0.000023 seconds.
  path: Assets/_Project/Lowpoly Cube Animals 3D/Texture2D/rounded.png
  artifactKey: Guid(a5343608bff5b9848887a87f791b8723) Importer(2089858483,0ecaa5967403d082aa24f35e1b516d23)
Start importing Assets/_Project/Lowpoly Cube Animals 3D/Texture2D/rounded.png using Guid(a5343608bff5b9848887a87f791b8723) Importer(2089858483,0ecaa5967403d082aa24f35e1b516d23) (ScriptedImporter)[PhysX] Initialized MultithreadedTaskDispatcher with 6 workers.
 -> (artifact id: '566661683463873211b6f36b093e34ae') in 0.012219 seconds
Number of updated asset objects reloaded before import = 0Number of asset objects unloaded after import = 3

========================================================================
Received Import Request.
  Time since last request: 5.844702 seconds.
  path: Assets/_Project/Environment.prefab
  artifactKey: Guid(d6113a87ba3a00f4c8ee263fb77506d4) Importer(2089858483,0ecaa5967403d082aa24f35e1b516d23)
Start importing Assets/_Project/Environment.prefab using Guid(d6113a87ba3a00f4c8ee263fb77506d4) Importer(2089858483,0ecaa5967403d082aa24f35e1b516d23) (ScriptedImporter)[PhysX] Initialized MultithreadedTaskDispatcher with 6 workers.
 -> (artifact id: 'e7f920a6817f48004ecc8ee9547c33e4') in 0.0181695 seconds
Number of updated asset objects reloaded before import = 0Number of asset objects unloaded after import = 188

========================================================================
Received Import Request.
  Time since last request: 10.108074 seconds.
  path: Assets/_Project/Scenes
  artifactKey: Guid(a683e1d830c877e4397f9d4889d13717) Importer(2089858483,0ecaa5967403d082aa24f35e1b516d23)
Start importing Assets/_Project/Scenes using Guid(a683e1d830c877e4397f9d4889d13717) Importer(2089858483,0ecaa5967403d082aa24f35e1b516d23) (ScriptedImporter)[PhysX] Initialized MultithreadedTaskDispatcher with 6 workers.
 -> (artifact id: '71a2800a8efea71106506f9470ee8cc8') in 0.0036643 seconds
Number of updated asset objects reloaded before import = 0Number of asset objects unloaded after import = 1

========================================================================
Received Import Request.
  Time since last request: 5.743575 seconds.
  path: Assets/Resources/SingletonDefaultWorld.asset
  artifactKey: Guid(dd63029b8b34e9047a3bb20173b3702f) Importer(815301076,1909f56bfc062723c751e8b465ee728b)
Start importing Assets/Resources/SingletonDefaultWorld.asset using Guid(dd63029b8b34e9047a3bb20173b3702f) Importer(815301076,1909f56bfc062723c751e8b465ee728b) (PreviewImporter)[PhysX] Initialized MultithreadedTaskDispatcher with 6 workers.
 -> (artifact id: '26ab807b3ded8c81adfb04edc8964243') in 0.0319252 seconds
Number of updated asset objects reloaded before import = 0Number of asset objects unloaded after import = 1

========================================================================
Received Import Request.
  Time since last request: 5.872892 seconds.
  path: Assets/Adaptive Performance/Settings
  artifactKey: Guid(80a06fba6fb7eeb47941a5ea6f713140) Importer(815301076,1909f56bfc062723c751e8b465ee728b)
Start importing Assets/Adaptive Performance/Settings using Guid(80a06fba6fb7eeb47941a5ea6f713140) Importer(815301076,1909f56bfc062723c751e8b465ee728b) (PreviewImporter)[PhysX] Initialized MultithreadedTaskDispatcher with 6 workers.
 -> (artifact id: '4ad63eeac21fa5f2dd57c55f5cf14b46') in 0.0006722 seconds
Number of updated asset objects reloaded before import = 0Number of asset objects unloaded after import = 0

========================================================================
Received Import Request.
  Time since last request: 11.270570 seconds.
  path: Assets/_Project/Audio/AudioMixerController
  artifactKey: Guid(780a9f8c9db8dc94095f3075622981a0) Importer(2089858483,0ecaa5967403d082aa24f35e1b516d23)
Start importing Assets/_Project/Audio/AudioMixerController using Guid(780a9f8c9db8dc94095f3075622981a0) Importer(2089858483,0ecaa5967403d082aa24f35e1b516d23) (ScriptedImporter)[PhysX] Initialized MultithreadedTaskDispatcher with 6 workers.
 -> (artifact id: '4151f68db82f469a4e7897f3880562c1') in 0.0038699 seconds
Number of updated asset objects reloaded before import = 0Number of asset objects unloaded after import = 1

========================================================================
Received Import Request.
  Time since last request: 12.817953 seconds.
  path: Assets/_Project/Environment.prefab
  artifactKey: Guid(d6113a87ba3a00f4c8ee263fb77506d4) Importer(815301076,1909f56bfc062723c751e8b465ee728b)
Start importing Assets/_Project/Environment.prefab using Guid(d6113a87ba3a00f4c8ee263fb77506d4) Importer(815301076,1909f56bfc062723c751e8b465ee728b) (PreviewImporter)[PhysX] Initialized MultithreadedTaskDispatcher with 6 workers.
[PhysX] Initialized MultithreadedTaskDispatcher with 6 workers.
 -> (artifact id: '731ec116240b828be73b2ebb28d63935') in 0.0591776 seconds
Number of updated asset objects reloaded before import = 0Number of asset objects unloaded after import = 195

========================================================================
Received Import Request.
  Time since last request: 8.182292 seconds.
  path: Assets/_Project/GameCamera.prefab
  artifactKey: Guid(9fd2fdba5f2932249b75c19358a4d5a3) Importer(815301076,1909f56bfc062723c751e8b465ee728b)
Start importing Assets/_Project/GameCamera.prefab using Guid(9fd2fdba5f2932249b75c19358a4d5a3) Importer(815301076,1909f56bfc062723c751e8b465ee728b) (PreviewImporter)[PhysX] Initialized MultithreadedTaskDispatcher with 6 workers.
 -> (artifact id: 'cc5a6f699a46ea932cd0fae3e52e1bdf') in 0.0026829 seconds
Number of updated asset objects reloaded before import = 0Number of asset objects unloaded after import = 7

========================================================================
Received Import Request.
  Time since last request: 0.946642 seconds.
  path: Assets/_Project/GameCamera.prefab
  artifactKey: Guid(9fd2fdba5f2932249b75c19358a4d5a3) Importer(2089858483,0ecaa5967403d082aa24f35e1b516d23)
Start importing Assets/_Project/GameCamera.prefab using Guid(9fd2fdba5f2932249b75c19358a4d5a3) Importer(2089858483,0ecaa5967403d082aa24f35e1b516d23) (ScriptedImporter)[PhysX] Initialized MultithreadedTaskDispatcher with 6 workers.
 -> (artifact id: '6207a7c6070340f20abe2518cf827942') in 0.0072915 seconds
Number of updated asset objects reloaded before import = 0Number of asset objects unloaded after import = 7

========================================================================
Received Import Request.
  Time since last request: 667.273428 seconds.
  path: Assets/_Project/LowpollyGameAssets
  artifactKey: Guid(6b36358b259d3ee46a96dce02bca3581) Importer(815301076,1909f56bfc062723c751e8b465ee728b)
Start importing Assets/_Project/LowpollyGameAssets using Guid(6b36358b259d3ee46a96dce02bca3581) Importer(815301076,1909f56bfc062723c751e8b465ee728b) (PreviewImporter)[PhysX] Initialized MultithreadedTaskDispatcher with 6 workers.
 -> (artifact id: '6d979cc8d0ed62c741d1eb15ba8946ce') in 0.0013141 seconds
Number of updated asset objects reloaded before import = 0Number of asset objects unloaded after import = 0

========================================================================
Received Import Request.
  Time since last request: 0.918565 seconds.
  path: Assets/_Project/LowpollyGameAssets/Texture2D
  artifactKey: Guid(2168e06b94d55e549a0fefab9b802145) Importer(2089858483,0ecaa5967403d082aa24f35e1b516d23)
Start importing Assets/_Project/LowpollyGameAssets/Texture2D using Guid(2168e06b94d55e549a0fefab9b802145) Importer(2089858483,0ecaa5967403d082aa24f35e1b516d23) (ScriptedImporter)[PhysX] Initialized MultithreadedTaskDispatcher with 6 workers.
 -> (artifact id: 'c3f3d1c12cb1e14593945b15ea2fe146') in 0.0077955 seconds
Number of updated asset objects reloaded before import = 0Number of asset objects unloaded after import = 1

========================================================================
Received Import Request.
  Time since last request: 0.000024 seconds.
  path: Assets/_Project/LowpollyGameAssets/Prefabs
  artifactKey: Guid(0388c538d16c665489f3b456e0cc1239) Importer(2089858483,0ecaa5967403d082aa24f35e1b516d23)
Start importing Assets/_Project/LowpollyGameAssets/Prefabs using Guid(0388c538d16c665489f3b456e0cc1239) Importer(2089858483,0ecaa5967403d082aa24f35e1b516d23) (ScriptedImporter)[PhysX] Initialized MultithreadedTaskDispatcher with 6 workers.
 -> (artifact id: '87e021a95f709efd2cb4e1abb690adfe') in 0.0030548 seconds
Number of updated asset objects reloaded before import = 0Number of asset objects unloaded after import = 1

========================================================================
Received Import Request.
  Time since last request: 0.000054 seconds.
  path: Assets/_Project/LowpollyGameAssets/Texture2D/Coin_1.png
  artifactKey: Guid(33d54d415423e134487db0ef9b8048ca) Importer(2089858483,0ecaa5967403d082aa24f35e1b516d23)
Start importing Assets/_Project/LowpollyGameAssets/Texture2D/Coin_1.png using Guid(33d54d415423e134487db0ef9b8048ca) Importer(2089858483,0ecaa5967403d082aa24f35e1b516d23) (ScriptedImporter)[PhysX] Initialized MultithreadedTaskDispatcher with 6 workers.
 -> (artifact id: 'b5018da8708fa4ffb032747eaf679203') in 0.1549908 seconds
Number of updated asset objects reloaded before import = 0Number of asset objects unloaded after import = 1

========================================================================
Received Import Request.
  Time since last request: 0.000040 seconds.
  path: Assets/_Project/LowpollyGameAssets/Materials/GreenLeaf_Material.mat
  artifactKey: Guid(d50327eefcae406468e433d25173c08d) Importer(2089858483,0ecaa5967403d082aa24f35e1b516d23)
Start importing Assets/_Project/LowpollyGameAssets/Materials/GreenLeaf_Material.mat using Guid(d50327eefcae406468e433d25173c08d) Importer(2089858483,0ecaa5967403d082aa24f35e1b516d23) (ScriptedImporter)[PhysX] Initialized MultithreadedTaskDispatcher with 6 workers.
 -> (artifact id: 'd044609ed2ce717d6e060592214890b8') in 0.0092716 seconds
Number of updated asset objects reloaded before import = 0Number of asset objects unloaded after import = 1

========================================================================
Received Import Request.
  Time since last request: 0.000020 seconds.
  path: Assets/_Project/LowpollyGameAssets/Texture2D/video.png
  artifactKey: Guid(4caf63eab6cb4d744ba7390edbbc6dad) Importer(2089858483,0ecaa5967403d082aa24f35e1b516d23)
Start importing Assets/_Project/LowpollyGameAssets/Texture2D/video.png using Guid(4caf63eab6cb4d744ba7390edbbc6dad) Importer(2089858483,0ecaa5967403d082aa24f35e1b516d23) (ScriptedImporter)[PhysX] Initialized MultithreadedTaskDispatcher with 6 workers.
 -> (artifact id: 'a2e197dba3e8fc2bd92049d57f5f91a9') in 0.0089753 seconds
Number of updated asset objects reloaded before import = 0Number of asset objects unloaded after import = 3

========================================================================
Received Import Request.
  Time since last request: 0.000016 seconds.
  path: Assets/_Project/LowpollyGameAssets
  artifactKey: Guid(6b36358b259d3ee46a96dce02bca3581) Importer(2089858483,0ecaa5967403d082aa24f35e1b516d23)
Start importing Assets/_Project/LowpollyGameAssets using Guid(6b36358b259d3ee46a96dce02bca3581) Importer(2089858483,0ecaa5967403d082aa24f35e1b516d23) (ScriptedImporter)[PhysX] Initialized MultithreadedTaskDispatcher with 6 workers.
 -> (artifact id: 'c32003b5a900dfce380f60e776db8300') in 0.005346 seconds
Number of updated asset objects reloaded before import = 0Number of asset objects unloaded after import = 1

========================================================================
Received Import Request.
  Time since last request: 0.000025 seconds.
  path: Assets/_Project/LowpollyGameAssets/Models/Animals/Bear.asset
  artifactKey: Guid(e23e6b2b9f11a1b48a56d6763f6d4c43) Importer(2089858483,0ecaa5967403d082aa24f35e1b516d23)
Start importing Assets/_Project/LowpollyGameAssets/Models/Animals/Bear.asset using Guid(e23e6b2b9f11a1b48a56d6763f6d4c43) Importer(2089858483,0ecaa5967403d082aa24f35e1b516d23) (ScriptedImporter)[PhysX] Initialized MultithreadedTaskDispatcher with 6 workers.
 -> (artifact id: '1551a5bb7fcdfe0e4578c666844fca6e') in 0.0071747 seconds
Number of updated asset objects reloaded before import = 0Number of asset objects unloaded after import = 1

========================================================================
Received Import Request.
  Time since last request: 0.000025 seconds.
  path: Assets/_Project/LowpollyGameAssets/ExplosionFX.prefab
  artifactKey: Guid(6cb8d13d2038d504a82630f29e139e88) Importer(2089858483,0ecaa5967403d082aa24f35e1b516d23)
Start importing Assets/_Project/LowpollyGameAssets/ExplosionFX.prefab using Guid(6cb8d13d2038d504a82630f29e139e88) Importer(2089858483,0ecaa5967403d082aa24f35e1b516d23) (ScriptedImporter)[PhysX] Initialized MultithreadedTaskDispatcher with 6 workers.
 -> (artifact id: '0745b3e84bec27c82635112d76d80a83') in 0.0517407 seconds
Number of updated asset objects reloaded before import = 0Number of asset objects unloaded after import = 6

========================================================================
Received Import Request.
  Time since last request: 0.000024 seconds.
  path: Assets/_Project/LowpollyGameAssets/Texture2D/achievement.png
  artifactKey: Guid(869d2f04e72a9274fafe02691af19c1a) Importer(2089858483,0ecaa5967403d082aa24f35e1b516d23)
Start importing Assets/_Project/LowpollyGameAssets/Texture2D/achievement.png using Guid(869d2f04e72a9274fafe02691af19c1a) Importer(2089858483,0ecaa5967403d082aa24f35e1b516d23) (ScriptedImporter)[PhysX] Initialized MultithreadedTaskDispatcher with 6 workers.
 -> (artifact id: '9fd34c8c72be5e917391bb43163b7292') in 0.01331 seconds
Number of updated asset objects reloaded before import = 0Number of asset objects unloaded after import = 3

========================================================================
Received Import Request.
  Time since last request: 0.000037 seconds.
  path: Assets/_Project/LowpollyGameAssets/Texture2D/rate.png
  artifactKey: Guid(f7532b1658cd0f444868012aa8811685) Importer(2089858483,0ecaa5967403d082aa24f35e1b516d23)
Start importing Assets/_Project/LowpollyGameAssets/Texture2D/rate.png using Guid(f7532b1658cd0f444868012aa8811685) Importer(2089858483,0ecaa5967403d082aa24f35e1b516d23) (ScriptedImporter)[PhysX] Initialized MultithreadedTaskDispatcher with 6 workers.
 -> (artifact id: 'b0c41783582d14c957ef48c972f7170e') in 0.0097032 seconds
Number of updated asset objects reloaded before import = 0Number of asset objects unloaded after import = 3

========================================================================
Received Import Request.
  Time since last request: 0.000020 seconds.
  path: Assets/_Project/LowpollyGameAssets/Textures/palette-cubes.png
  artifactKey: Guid(9ea5ba44e82fef7428a13c6b6c08bc05) Importer(2089858483,0ecaa5967403d082aa24f35e1b516d23)
Start importing Assets/_Project/LowpollyGameAssets/Textures/palette-cubes.png using Guid(9ea5ba44e82fef7428a13c6b6c08bc05) Importer(2089858483,0ecaa5967403d082aa24f35e1b516d23) (ScriptedImporter)[PhysX] Initialized MultithreadedTaskDispatcher with 6 workers.
 -> (artifact id: 'ddd0d2877a0e5acd6690a11e666275f2') in 0.0109752 seconds
Number of updated asset objects reloaded before import = 0Number of asset objects unloaded after import = 1

========================================================================
Received Import Request.
  Time since last request: 0.000024 seconds.
  path: Assets/_Project/LowpollyGameAssets/Texture2D/png_icon.png
  artifactKey: Guid(5ff06ae9de03f3749929a9908a284594) Importer(2089858483,0ecaa5967403d082aa24f35e1b516d23)
Start importing Assets/_Project/LowpollyGameAssets/Texture2D/png_icon.png using Guid(5ff06ae9de03f3749929a9908a284594) Importer(2089858483,0ecaa5967403d082aa24f35e1b516d23) (ScriptedImporter)[PhysX] Initialized MultithreadedTaskDispatcher with 6 workers.
 -> (artifact id: 'ea51e9520c50cad134abac7fea3223cb') in 0.0179972 seconds
Number of updated asset objects reloaded before import = 0Number of asset objects unloaded after import = 3

========================================================================
Received Import Request.
  Time since last request: 0.000030 seconds.
  path: Assets/_Project/LowpollyGameAssets/Texture2D/Tut05.png
  artifactKey: Guid(76ce0add900607849a6ceb5b442570b6) Importer(2089858483,0ecaa5967403d082aa24f35e1b516d23)
Start importing Assets/_Project/LowpollyGameAssets/Texture2D/Tut05.png using Guid(76ce0add900607849a6ceb5b442570b6) Importer(2089858483,0ecaa5967403d082aa24f35e1b516d23) (ScriptedImporter)[PhysX] Initialized MultithreadedTaskDispatcher with 6 workers.
 -> (artifact id: '7e283057ac19fac6fd616b789ff7df15') in 0.0142702 seconds
Number of updated asset objects reloaded before import = 0Number of asset objects unloaded after import = 3

========================================================================
Received Import Request.
  Time since last request: 0.000022 seconds.
  path: Assets/_Project/LowpollyGameAssets/Models
  artifactKey: Guid(b53dcd829040eb54ab4b9fc31c765318) Importer(2089858483,0ecaa5967403d082aa24f35e1b516d23)
Start importing Assets/_Project/LowpollyGameAssets/Models using Guid(b53dcd829040eb54ab4b9fc31c765318) Importer(2089858483,0ecaa5967403d082aa24f35e1b516d23) (ScriptedImporter)[PhysX] Initialized MultithreadedTaskDispatcher with 6 workers.
 -> (artifact id: 'cf17befb0c480bb9d6acf49fa9d77ee1') in 0.004456 seconds
Number of updated asset objects reloaded before import = 0Number of asset objects unloaded after import = 1

========================================================================
Received Import Request.
  Time since last request: 0.000055 seconds.
  path: Assets/_Project/LowpollyGameAssets/Models/Environment/Fir.asset
  artifactKey: Guid(1866afe65da865445b27de094ce0cf3d) Importer(2089858483,0ecaa5967403d082aa24f35e1b516d23)
Start importing Assets/_Project/LowpollyGameAssets/Models/Environment/Fir.asset using Guid(1866afe65da865445b27de094ce0cf3d) Importer(2089858483,0ecaa5967403d082aa24f35e1b516d23) (ScriptedImporter)[PhysX] Initialized MultithreadedTaskDispatcher with 6 workers.
 -> (artifact id: '22d26329713393fa84827bd758a5ae23') in 0.0044673 seconds
Number of updated asset objects reloaded before import = 0Number of asset objects unloaded after import = 1

========================================================================
Received Import Request.
  Time since last request: 0.000027 seconds.
  path: Assets/_Project/LowpollyGameAssets/Models/Animals/Bull.asset
  artifactKey: Guid(0443b32bd68db4640aa299bd7f5fdb9f) Importer(2089858483,0ecaa5967403d082aa24f35e1b516d23)
Start importing Assets/_Project/LowpollyGameAssets/Models/Animals/Bull.asset using Guid(0443b32bd68db4640aa299bd7f5fdb9f) Importer(2089858483,0ecaa5967403d082aa24f35e1b516d23) (ScriptedImporter)[PhysX] Initialized MultithreadedTaskDispatcher with 6 workers.
 -> (artifact id: '6dd3d9cbe53267c776cf3360b30fbe37') in 0.0053136 seconds
Number of updated asset objects reloaded before import = 0Number of asset objects unloaded after import = 1

========================================================================
Received Import Request.
  Time since last request: 0.000018 seconds.
  path: Assets/_Project/LowpollyGameAssets/Texture2D/Tut01.png
  artifactKey: Guid(c14f2deca5841524d914ada731960425) Importer(2089858483,0ecaa5967403d082aa24f35e1b516d23)
Start importing Assets/_Project/LowpollyGameAssets/Texture2D/Tut01.png using Guid(c14f2deca5841524d914ada731960425) Importer(2089858483,0ecaa5967403d082aa24f35e1b516d23) (ScriptedImporter)[PhysX] Initialized MultithreadedTaskDispatcher with 6 workers.
 -> (artifact id: '9d6fe2a63b5e5c5e21975b3b0915e87e') in 0.0155031 seconds
Number of updated asset objects reloaded before import = 0Number of asset objects unloaded after import = 3

========================================================================
Received Import Request.
  Time since last request: 0.000027 seconds.
  path: Assets/_Project/LowpollyGameAssets/Texture2D/twitter.png
  artifactKey: Guid(c0d5985cd724f0d45953a2e23b18d928) Importer(2089858483,0ecaa5967403d082aa24f35e1b516d23)
Start importing Assets/_Project/LowpollyGameAssets/Texture2D/twitter.png using Guid(c0d5985cd724f0d45953a2e23b18d928) Importer(2089858483,0ecaa5967403d082aa24f35e1b516d23) (ScriptedImporter)[PhysX] Initialized MultithreadedTaskDispatcher with 6 workers.
 -> (artifact id: '58506bf59953c8b3a5a69095f8e9d322') in 0.0115245 seconds
Number of updated asset objects reloaded before import = 0Number of asset objects unloaded after import = 3

========================================================================
Received Import Request.
  Time since last request: 0.000026 seconds.
  path: Assets/_Project/LowpollyGameAssets/Prefabs/Cow.prefab
  artifactKey: Guid(45a25154eb5e9bc48a78f55f1faf819e) Importer(2089858483,0ecaa5967403d082aa24f35e1b516d23)
Start importing Assets/_Project/LowpollyGameAssets/Prefabs/Cow.prefab using Guid(45a25154eb5e9bc48a78f55f1faf819e) Importer(2089858483,0ecaa5967403d082aa24f35e1b516d23) (ScriptedImporter)[PhysX] Initialized MultithreadedTaskDispatcher with 6 workers.
 -> (artifact id: '3ba2b448479d70becb0e6822bea2bd99') in 0.0056051 seconds
Number of updated asset objects reloaded before import = 0Number of asset objects unloaded after import = 9

========================================================================
Received Import Request.
  Time since last request: 0.000019 seconds.
  path: Assets/_Project/LowpollyGameAssets/Texture2D/Tut04.png
  artifactKey: Guid(c97f1976460032247b52bceab31b63f1) Importer(2089858483,0ecaa5967403d082aa24f35e1b516d23)
Start importing Assets/_Project/LowpollyGameAssets/Texture2D/Tut04.png using Guid(c97f1976460032247b52bceab31b63f1) Importer(2089858483,0ecaa5967403d082aa24f35e1b516d23) (ScriptedImporter)[PhysX] Initialized MultithreadedTaskDispatcher with 6 workers.
 -> (artifact id: '3db5a73f5fa4c69bc7033cfdc4dca6da') in 0.0137235 seconds
Number of updated asset objects reloaded before import = 0Number of asset objects unloaded after import = 3

========================================================================
Received Import Request.
  Time since last request: 0.000027 seconds.
  path: Assets/_Project/LowpollyGameAssets/Prefabs/Bear.prefab
  artifactKey: Guid(65f20087f41a4f447bfcbf7bad048d1d) Importer(2089858483,0ecaa5967403d082aa24f35e1b516d23)
Start importing Assets/_Project/LowpollyGameAssets/Prefabs/Bear.prefab using Guid(65f20087f41a4f447bfcbf7bad048d1d) Importer(2089858483,0ecaa5967403d082aa24f35e1b516d23) (ScriptedImporter)[PhysX] Initialized MultithreadedTaskDispatcher with 6 workers.
 -> (artifact id: 'f27667cc84736fd0dd2a4c9755b0fccd') in 0.0084355 seconds
Number of updated asset objects reloaded before import = 0Number of asset objects unloaded after import = 9

========================================================================
Received Import Request.
  Time since last request: 0.000030 seconds.
  path: Assets/_Project/LowpollyGameAssets/Materials/Cube_Stone.mat
  artifactKey: Guid(ed771cb329404cc4d84d68d56303c8b7) Importer(2089858483,0ecaa5967403d082aa24f35e1b516d23)
Start importing Assets/_Project/LowpollyGameAssets/Materials/Cube_Stone.mat using Guid(ed771cb329404cc4d84d68d56303c8b7) Importer(2089858483,0ecaa5967403d082aa24f35e1b516d23) (ScriptedImporter)[PhysX] Initialized MultithreadedTaskDispatcher with 6 workers.
 -> (artifact id: 'fa10fba278908e9266b62907bd159572') in 0.0081805 seconds
Number of updated asset objects reloaded before import = 0Number of asset objects unloaded after import = 1

========================================================================
Received Import Request.
  Time since last request: 0.000027 seconds.
  path: Assets/_Project/LowpollyGameAssets/Texture2D/shop.png
  artifactKey: Guid(0bd175397a552a84cb69553b43b4aa21) Importer(2089858483,0ecaa5967403d082aa24f35e1b516d23)
Start importing Assets/_Project/LowpollyGameAssets/Texture2D/shop.png using Guid(0bd175397a552a84cb69553b43b4aa21) Importer(2089858483,0ecaa5967403d082aa24f35e1b516d23) (ScriptedImporter)[PhysX] Initialized MultithreadedTaskDispatcher with 6 workers.
 -> (artifact id: 'e6a070e34f22ae17cd0a773f65f1064f') in 0.0101725 seconds
Number of updated asset objects reloaded before import = 0Number of asset objects unloaded after import = 3

========================================================================
Received Import Request.
  Time since last request: 0.000016 seconds.
  path: Assets/_Project/LowpollyGameAssets/Models/Environment/Tile_0.asset
  artifactKey: Guid(14375bc67f132ce40bd3454de4428873) Importer(2089858483,0ecaa5967403d082aa24f35e1b516d23)
Start importing Assets/_Project/LowpollyGameAssets/Models/Environment/Tile_0.asset using Guid(14375bc67f132ce40bd3454de4428873) Importer(2089858483,0ecaa5967403d082aa24f35e1b516d23) (ScriptedImporter)[PhysX] Initialized MultithreadedTaskDispatcher with 6 workers.
 -> (artifact id: 'a8cd8e4942298db1516309259fc7994f') in 0.0043292 seconds
Number of updated asset objects reloaded before import = 0Number of asset objects unloaded after import = 1

========================================================================
Received Import Request.
  Time since last request: 0.000028 seconds.
  path: Assets/_Project/LowpollyGameAssets/Prefabs/Coin.prefab
  artifactKey: Guid(d19eb0a3287b1904d90b47b592422bd2) Importer(2089858483,0ecaa5967403d082aa24f35e1b516d23)
Start importing Assets/_Project/LowpollyGameAssets/Prefabs/Coin.prefab using Guid(d19eb0a3287b1904d90b47b592422bd2) Importer(2089858483,0ecaa5967403d082aa24f35e1b516d23) (ScriptedImporter)[PhysX] Initialized MultithreadedTaskDispatcher with 6 workers.
 -> (artifact id: '6fc204b6b3214e17cf8a7476e6320eee') in 0.007756 seconds
Number of updated asset objects reloaded before import = 0Number of asset objects unloaded after import = 7

========================================================================
Received Import Request.
  Time since last request: 0.000018 seconds.
  path: Assets/_Project/LowpollyGameAssets/Texture2D/Tut06.png
  artifactKey: Guid(20b7b80e550a9ea40b49a69e335ebc24) Importer(2089858483,0ecaa5967403d082aa24f35e1b516d23)
Start importing Assets/_Project/LowpollyGameAssets/Texture2D/Tut06.png using Guid(20b7b80e550a9ea40b49a69e335ebc24) Importer(2089858483,0ecaa5967403d082aa24f35e1b516d23) (ScriptedImporter)[PhysX] Initialized MultithreadedTaskDispatcher with 6 workers.
 -> (artifact id: 'd6fdde4a84a06a3bf8c9c3da96372625') in 0.0154062 seconds
Number of updated asset objects reloaded before import = 0Number of asset objects unloaded after import = 3

========================================================================
Received Import Request.
  Time since last request: 0.000021 seconds.
  path: Assets/_Project/LowpollyGameAssets/Texture2D/settings.png
  artifactKey: Guid(cf6809339826f7148b2cd42ea1a8c720) Importer(2089858483,0ecaa5967403d082aa24f35e1b516d23)
Start importing Assets/_Project/LowpollyGameAssets/Texture2D/settings.png using Guid(cf6809339826f7148b2cd42ea1a8c720) Importer(2089858483,0ecaa5967403d082aa24f35e1b516d23) (ScriptedImporter)[PhysX] Initialized MultithreadedTaskDispatcher with 6 workers.
 -> (artifact id: '3b23e0c6828bc2005d72559124ddd8f4') in 0.0130953 seconds
Number of updated asset objects reloaded before import = 0Number of asset objects unloaded after import = 3

========================================================================
Received Import Request.
  Time since last request: 0.000023 seconds.
  path: Assets/_Project/LowpollyGameAssets/Materials/TileMaterial_0.mat
  artifactKey: Guid(806080bfc8cd32c49bdf18ab3c04402f) Importer(2089858483,0ecaa5967403d082aa24f35e1b516d23)
Start importing Assets/_Project/LowpollyGameAssets/Materials/TileMaterial_0.mat using Guid(806080bfc8cd32c49bdf18ab3c04402f) Importer(2089858483,0ecaa5967403d082aa24f35e1b516d23) (ScriptedImporter)[PhysX] Initialized MultithreadedTaskDispatcher with 6 workers.
 -> (artifact id: '95ac52c8380a4fe1e63e6867f7e62040') in 0.0074907 seconds
Number of updated asset objects reloaded before import = 0Number of asset objects unloaded after import = 2

========================================================================
Received Import Request.
  Time since last request: 0.000037 seconds.
  path: Assets/_Project/LowpollyGameAssets/Texture2D/sound_on.png
  artifactKey: Guid(2e505634add7091439b8205dc091df20) Importer(2089858483,0ecaa5967403d082aa24f35e1b516d23)
Start importing Assets/_Project/LowpollyGameAssets/Texture2D/sound_on.png using Guid(2e505634add7091439b8205dc091df20) Importer(2089858483,0ecaa5967403d082aa24f35e1b516d23) (ScriptedImporter)[PhysX] Initialized MultithreadedTaskDispatcher with 6 workers.
 -> (artifact id: '986fcd396116eb023ecdef30193181cb') in 0.011712 seconds
Number of updated asset objects reloaded before import = 0Number of asset objects unloaded after import = 3

========================================================================
Received Import Request.
  Time since last request: 0.000026 seconds.
  path: Assets/_Project/LowpollyGameAssets/Texture2D/gif_icon.png
  artifactKey: Guid(809ea2fd2b0e9d143b606055d7f11188) Importer(2089858483,0ecaa5967403d082aa24f35e1b516d23)
Start importing Assets/_Project/LowpollyGameAssets/Texture2D/gif_icon.png using Guid(809ea2fd2b0e9d143b606055d7f11188) Importer(2089858483,0ecaa5967403d082aa24f35e1b516d23) (ScriptedImporter)[PhysX] Initialized MultithreadedTaskDispatcher with 6 workers.
 -> (artifact id: 'c892d86b9e65388d2ce3a33c085e7240') in 0.014886 seconds
Number of updated asset objects reloaded before import = 0Number of asset objects unloaded after import = 3

========================================================================
Received Import Request.
  Time since last request: 0.000058 seconds.
  path: Assets/_Project/LowpollyGameAssets/Materials/Animal.mat
  artifactKey: Guid(f8d8455d6db947442b4c9d3bf700ec99) Importer(2089858483,0ecaa5967403d082aa24f35e1b516d23)
Start importing Assets/_Project/LowpollyGameAssets/Materials/Animal.mat using Guid(f8d8455d6db947442b4c9d3bf700ec99) Importer(2089858483,0ecaa5967403d082aa24f35e1b516d23) (ScriptedImporter)[PhysX] Initialized MultithreadedTaskDispatcher with 6 workers.
 -> (artifact id: 'f45578d7994072e5c32ce37a23fbd750') in 0.0058313 seconds
Number of updated asset objects reloaded before import = 0Number of asset objects unloaded after import = 2

========================================================================
Received Import Request.
  Time since last request: 0.000016 seconds.
  path: Assets/_Project/LowpollyGameAssets/Prefabs/Bull.prefab
  artifactKey: Guid(82b32c306a1326440b03fe84da8526c6) Importer(2089858483,0ecaa5967403d082aa24f35e1b516d23)
Start importing Assets/_Project/LowpollyGameAssets/Prefabs/Bull.prefab using Guid(82b32c306a1326440b03fe84da8526c6) Importer(2089858483,0ecaa5967403d082aa24f35e1b516d23) (ScriptedImporter)[PhysX] Initialized MultithreadedTaskDispatcher with 6 workers.
 -> (artifact id: '83d573ade9bb7fd458587426eff860a9') in 0.0055068 seconds
Number of updated asset objects reloaded before import = 0Number of asset objects unloaded after import = 9

========================================================================
Received Import Request.
  Time since last request: 0.000017 seconds.
  path: Assets/_Project/LowpollyGameAssets/Texture2D/Grass.png
  artifactKey: Guid(2802ec51f13ce0e44b666de1db1be8fb) Importer(2089858483,0ecaa5967403d082aa24f35e1b516d23)
Start importing Assets/_Project/LowpollyGameAssets/Texture2D/Grass.png using Guid(2802ec51f13ce0e44b666de1db1be8fb) Importer(2089858483,0ecaa5967403d082aa24f35e1b516d23) (ScriptedImporter)[PhysX] Initialized MultithreadedTaskDispatcher with 6 workers.
 -> (artifact id: '2ec12b057c39f658b7ea80b87d2a94d8') in 0.0113333 seconds
Number of updated asset objects reloaded before import = 0Number of asset objects unloaded after import = 1

========================================================================
Received Import Request.
  Time since last request: 0.000018 seconds.
  path: Assets/_Project/LowpollyGameAssets/Texture2D/arrow.png
  artifactKey: Guid(8ceb7460413dc854a96527623d0613b2) Importer(2089858483,0ecaa5967403d082aa24f35e1b516d23)
Start importing Assets/_Project/LowpollyGameAssets/Texture2D/arrow.png using Guid(8ceb7460413dc854a96527623d0613b2) Importer(2089858483,0ecaa5967403d082aa24f35e1b516d23) (ScriptedImporter)[PhysX] Initialized MultithreadedTaskDispatcher with 6 workers.
 -> (artifact id: '51b6f27cccf369d12165ce625f787a0b') in 0.0109595 seconds
Number of updated asset objects reloaded before import = 0Number of asset objects unloaded after import = 3

========================================================================
Received Import Request.
  Time since last request: 0.000022 seconds.
  path: Assets/_Project/LowpollyGameAssets/Materials/TileMaterial_1.mat
  artifactKey: Guid(b12b4baebf4f98949a33e5c238411fc2) Importer(2089858483,0ecaa5967403d082aa24f35e1b516d23)
Start importing Assets/_Project/LowpollyGameAssets/Materials/TileMaterial_1.mat using Guid(b12b4baebf4f98949a33e5c238411fc2) Importer(2089858483,0ecaa5967403d082aa24f35e1b516d23) (ScriptedImporter)[PhysX] Initialized MultithreadedTaskDispatcher with 6 workers.
 -> (artifact id: '432291f688cdc12644c593109dc2a55e') in 0.0058797 seconds
Number of updated asset objects reloaded before import = 0Number of asset objects unloaded after import = 2

========================================================================
Received Import Request.
  Time since last request: 0.000020 seconds.
  path: Assets/_Project/LowpollyGameAssets/Texture2D/Tut03.png
  artifactKey: Guid(68934a6f5bad3e444bf6eedb91e7bc58) Importer(2089858483,0ecaa5967403d082aa24f35e1b516d23)
Start importing Assets/_Project/LowpollyGameAssets/Texture2D/Tut03.png using Guid(68934a6f5bad3e444bf6eedb91e7bc58) Importer(2089858483,0ecaa5967403d082aa24f35e1b516d23) (ScriptedImporter)[PhysX] Initialized MultithreadedTaskDispatcher with 6 workers.
 -> (artifact id: '4fec1902237f7695242c8f2bf8776c20') in 0.0105616 seconds
Number of updated asset objects reloaded before import = 0Number of asset objects unloaded after import = 3

========================================================================
Received Import Request.
  Time since last request: 0.000018 seconds.
  path: Assets/_Project/LowpollyGameAssets/Texture2D/share.png
  artifactKey: Guid(fe03b2dae35babf499944105ad4be01d) Importer(2089858483,0ecaa5967403d082aa24f35e1b516d23)
Start importing Assets/_Project/LowpollyGameAssets/Texture2D/share.png using Guid(fe03b2dae35babf499944105ad4be01d) Importer(2089858483,0ecaa5967403d082aa24f35e1b516d23) (ScriptedImporter)[PhysX] Initialized MultithreadedTaskDispatcher with 6 workers.
 -> (artifact id: 'fc0f9d87332d9fda3f12828b53b77fae') in 0.0084143 seconds
Number of updated asset objects reloaded before import = 0Number of asset objects unloaded after import = 3

========================================================================
Received Import Request.
  Time since last request: 0.000013 seconds.
  path: Assets/_Project/LowpollyGameAssets/Models/Environment/Tree_1.asset
  artifactKey: Guid(fa3dffb02f834e845854cb88c320a713) Importer(2089858483,0ecaa5967403d082aa24f35e1b516d23)
Start importing Assets/_Project/LowpollyGameAssets/Models/Environment/Tree_1.asset using Guid(fa3dffb02f834e845854cb88c320a713) Importer(2089858483,0ecaa5967403d082aa24f35e1b516d23) (ScriptedImporter)[PhysX] Initialized MultithreadedTaskDispatcher with 6 workers.
 -> (artifact id: '68bb797454e7d23c9e661217418b6977') in 0.0053919 seconds
Number of updated asset objects reloaded before import = 0Number of asset objects unloaded after import = 1

========================================================================
Received Import Request.
  Time since last request: 0.000030 seconds.
  path: Assets/_Project/LowpollyGameAssets/Materials/TreeYellow_material.mat
  artifactKey: Guid(c763843506b65cd44a6862071fbeeda4) Importer(2089858483,0ecaa5967403d082aa24f35e1b516d23)
Start importing Assets/_Project/LowpollyGameAssets/Materials/TreeYellow_material.mat using Guid(c763843506b65cd44a6862071fbeeda4) Importer(2089858483,0ecaa5967403d082aa24f35e1b516d23) (ScriptedImporter)[PhysX] Initialized MultithreadedTaskDispatcher with 6 workers.
 -> (artifact id: '0c983592aa67338a054a63cd71cc4849') in 0.0084067 seconds
Number of updated asset objects reloaded before import = 0Number of asset objects unloaded after import = 2

========================================================================
Received Import Request.
  Time since last request: 0.000018 seconds.
  path: Assets/_Project/LowpollyGameAssets/Models/Environment/Coin.asset
  artifactKey: Guid(e1eaf3650d9aecc40963080fa960591e) Importer(2089858483,0ecaa5967403d082aa24f35e1b516d23)
Start importing Assets/_Project/LowpollyGameAssets/Models/Environment/Coin.asset using Guid(e1eaf3650d9aecc40963080fa960591e) Importer(2089858483,0ecaa5967403d082aa24f35e1b516d23) (ScriptedImporter)[PhysX] Initialized MultithreadedTaskDispatcher with 6 workers.
 -> (artifact id: 'd32f0508154097311bd80aac1a0f16bc') in 0.003535 seconds
Number of updated asset objects reloaded before import = 0Number of asset objects unloaded after import = 1

========================================================================
Received Import Request.
  Time since last request: 0.000019 seconds.
  path: Assets/_Project/LowpollyGameAssets/Models/Environment/Stone_0.asset
  artifactKey: Guid(91b9de92aa1f79c4bbe81f5c7d906ee6) Importer(2089858483,0ecaa5967403d082aa24f35e1b516d23)
Start importing Assets/_Project/LowpollyGameAssets/Models/Environment/Stone_0.asset using Guid(91b9de92aa1f79c4bbe81f5c7d906ee6) Importer(2089858483,0ecaa5967403d082aa24f35e1b516d23) (ScriptedImporter)[PhysX] Initialized MultithreadedTaskDispatcher with 6 workers.
 -> (artifact id: '2e50ba84da14931d3880d486725371d8') in 0.0033111 seconds
Number of updated asset objects reloaded before import = 0Number of asset objects unloaded after import = 1

========================================================================
Received Import Request.
  Time since last request: 0.000026 seconds.
  path: Assets/_Project/LowpollyGameAssets/Texture2D/giftbox.png
  artifactKey: Guid(0c4afcb5d27e95d4eb5d90e991ab5872) Importer(2089858483,0ecaa5967403d082aa24f35e1b516d23)
Start importing Assets/_Project/LowpollyGameAssets/Texture2D/giftbox.png using Guid(0c4afcb5d27e95d4eb5d90e991ab5872) Importer(2089858483,0ecaa5967403d082aa24f35e1b516d23) (ScriptedImporter)[PhysX] Initialized MultithreadedTaskDispatcher with 6 workers.
 -> (artifact id: 'da4873d12c2a044fe8c2530f9d431823') in 0.0127302 seconds
Number of updated asset objects reloaded before import = 0Number of asset objects unloaded after import = 3

========================================================================
Received Import Request.
  Time since last request: 0.000025 seconds.
  path: Assets/_Project/LowpollyGameAssets/Texture2D/music_off.png
  artifactKey: Guid(73c226ced0bb9264b950fe6547a459b5) Importer(2089858483,0ecaa5967403d082aa24f35e1b516d23)
Start importing Assets/_Project/LowpollyGameAssets/Texture2D/music_off.png using Guid(73c226ced0bb9264b950fe6547a459b5) Importer(2089858483,0ecaa5967403d082aa24f35e1b516d23) (ScriptedImporter)[PhysX] Initialized MultithreadedTaskDispatcher with 6 workers.
 -> (artifact id: 'a6e0a61879eb9eb02b5c6b861f9dd0b3') in 0.0088857 seconds
Number of updated asset objects reloaded before import = 0Number of asset objects unloaded after import = 3

========================================================================
Received Import Request.
  Time since last request: 0.000016 seconds.
  path: Assets/_Project/LowpollyGameAssets/Materials/Coin_Material.mat
  artifactKey: Guid(ce16c9be5e8f1c54eb279440e73659cb) Importer(2089858483,0ecaa5967403d082aa24f35e1b516d23)
Start importing Assets/_Project/LowpollyGameAssets/Materials/Coin_Material.mat using Guid(ce16c9be5e8f1c54eb279440e73659cb) Importer(2089858483,0ecaa5967403d082aa24f35e1b516d23) (ScriptedImporter)[PhysX] Initialized MultithreadedTaskDispatcher with 6 workers.
 -> (artifact id: 'e07a05f474c629b67d5c813bd42792a5') in 0.0047532 seconds
Number of updated asset objects reloaded before import = 0Number of asset objects unloaded after import = 2

========================================================================
Received Import Request.
  Time since last request: 0.000025 seconds.
  path: Assets/_Project/LowpollyGameAssets/Models/Environment/FenceEnd.asset
  artifactKey: Guid(a7fd47858d5d6974f9b36011422ec3f8) Importer(2089858483,0ecaa5967403d082aa24f35e1b516d23)
Start importing Assets/_Project/LowpollyGameAssets/Models/Environment/FenceEnd.asset using Guid(a7fd47858d5d6974f9b36011422ec3f8) Importer(2089858483,0ecaa5967403d082aa24f35e1b516d23) (ScriptedImporter)[PhysX] Initialized MultithreadedTaskDispatcher with 6 workers.
 -> (artifact id: '686f925206653cb1d368d5b773b9abbf') in 0.0036895 seconds
Number of updated asset objects reloaded before import = 0Number of asset objects unloaded after import = 1

========================================================================
Received Import Request.
  Time since last request: 0.000021 seconds.
  path: Assets/_Project/LowpollyGameAssets/Texture2D/rounded.png
  artifactKey: Guid(a5343608bff5b9848887a87f791b8723) Importer(2089858483,0ecaa5967403d082aa24f35e1b516d23)
Start importing Assets/_Project/LowpollyGameAssets/Texture2D/rounded.png using Guid(a5343608bff5b9848887a87f791b8723) Importer(2089858483,0ecaa5967403d082aa24f35e1b516d23) (ScriptedImporter)[PhysX] Initialized MultithreadedTaskDispatcher with 6 workers.
 -> (artifact id: 'a081e0d27ddaaba57da09285d2e611c4') in 0.011362 seconds
Number of updated asset objects reloaded before import = 0Number of asset objects unloaded after import = 3

========================================================================
Received Import Request.
  Time since last request: 7.487748 seconds.
  path: Assets/_Project/LowpollyGameAssets/Audio
  artifactKey: Guid(73c9d2f4893fa6240a2b64c6d7a07f31) Importer(2089858483,0ecaa5967403d082aa24f35e1b516d23)
Start importing Assets/_Project/LowpollyGameAssets/Audio using Guid(73c9d2f4893fa6240a2b64c6d7a07f31) Importer(2089858483,0ecaa5967403d082aa24f35e1b516d23) (ScriptedImporter)[PhysX] Initialized MultithreadedTaskDispatcher with 6 workers.
 -> (artifact id: 'd6c286d3ed7e772abc52e7965ceb995e') in 0.0043911 seconds
Number of updated asset objects reloaded before import = 0Number of asset objects unloaded after import = 1

========================================================================
Received Import Request.
  Time since last request: 0.000041 seconds.
  path: Assets/_Project/LowpollyGameAssets/Audio/unlock.ogg
  artifactKey: Guid(a29a3b17cbf8c2349aad67d1104940b9) Importer(2089858483,0ecaa5967403d082aa24f35e1b516d23)
Start importing Assets/_Project/LowpollyGameAssets/Audio/unlock.ogg using Guid(a29a3b17cbf8c2349aad67d1104940b9) Importer(2089858483,0ecaa5967403d082aa24f35e1b516d23) (ScriptedImporter)[PhysX] Initialized MultithreadedTaskDispatcher with 6 workers.
 -> (artifact id: '8c22a0348cf709d490cfe2371a456d56') in 0.0464439 seconds
Number of updated asset objects reloaded before import = 0Number of asset objects unloaded after import = 1

========================================================================
Received Import Request.
  Time since last request: 0.000021 seconds.
  path: Assets/_Project/LowpollyGameAssets/Audio/score.ogg
  artifactKey: Guid(c0d8b3381d0b98a43bb2b8c4de9a98c1) Importer(2089858483,0ecaa5967403d082aa24f35e1b516d23)
Start importing Assets/_Project/LowpollyGameAssets/Audio/score.ogg using Guid(c0d8b3381d0b98a43bb2b8c4de9a98c1) Importer(2089858483,0ecaa5967403d082aa24f35e1b516d23) (ScriptedImporter)[PhysX] Initialized MultithreadedTaskDispatcher with 6 workers.
 -> (artifact id: 'abda2d8cdc0d05e38f26364930d34634') in 0.0257679 seconds
Number of updated asset objects reloaded before import = 0Number of asset objects unloaded after import = 1

========================================================================
Received Import Request.
  Time since last request: 0.000032 seconds.
  path: Assets/_Project/LowpollyGameAssets/Audio/jump.ogg
  artifactKey: Guid(0c3a9c53f25402144b7410e4dcec5fe4) Importer(2089858483,0ecaa5967403d082aa24f35e1b516d23)
Start importing Assets/_Project/LowpollyGameAssets/Audio/jump.ogg using Guid(0c3a9c53f25402144b7410e4dcec5fe4) Importer(2089858483,0ecaa5967403d082aa24f35e1b516d23) (ScriptedImporter)[PhysX] Initialized MultithreadedTaskDispatcher with 6 workers.
 -> (artifact id: '4d40e83460dde3cbb2a9be90da2abf10') in 0.0295726 seconds
Number of updated asset objects reloaded before import = 0Number of asset objects unloaded after import = 1

========================================================================
Received Import Request.
  Time since last request: 0.000017 seconds.
  path: Assets/_Project/LowpollyGameAssets/Audio/rewarded.ogg
  artifactKey: Guid(8db97391ab948e740a45ddda09a3f409) Importer(2089858483,0ecaa5967403d082aa24f35e1b516d23)
Start importing Assets/_Project/LowpollyGameAssets/Audio/rewarded.ogg using Guid(8db97391ab948e740a45ddda09a3f409) Importer(2089858483,0ecaa5967403d082aa24f35e1b516d23) (ScriptedImporter)[PhysX] Initialized MultithreadedTaskDispatcher with 6 workers.
 -> (artifact id: '36e65b5cefbcfa3bed6b5c0c3c2e7a3a') in 0.0183153 seconds
Number of updated asset objects reloaded before import = 0Number of asset objects unloaded after import = 1

========================================================================
Received Import Request.
  Time since last request: 0.000033 seconds.
  path: Assets/_Project/LowpollyGameAssets/Audio/failed.ogg
  artifactKey: Guid(e5837e34b3025594da50c763e6476497) Importer(2089858483,0ecaa5967403d082aa24f35e1b516d23)
Start importing Assets/_Project/LowpollyGameAssets/Audio/failed.ogg using Guid(e5837e34b3025594da50c763e6476497) Importer(2089858483,0ecaa5967403d082aa24f35e1b516d23) (ScriptedImporter)[PhysX] Initialized MultithreadedTaskDispatcher with 6 workers.
 -> (artifact id: 'dc0787d7f7026678d71a110168dfcbec') in 0.0181898 seconds
Number of updated asset objects reloaded before import = 0Number of asset objects unloaded after import = 1

========================================================================
Received Import Request.
  Time since last request: 0.000025 seconds.
  path: Assets/_Project/LowpollyGameAssets/Audio/button.ogg
  artifactKey: Guid(73dee70f761c15643a2e29694a4ae311) Importer(2089858483,0ecaa5967403d082aa24f35e1b516d23)
Start importing Assets/_Project/LowpollyGameAssets/Audio/button.ogg using Guid(73dee70f761c15643a2e29694a4ae311) Importer(2089858483,0ecaa5967403d082aa24f35e1b516d23) (ScriptedImporter)[PhysX] Initialized MultithreadedTaskDispatcher with 6 workers.
 -> (artifact id: '86195492c7da14f59b96ce4323244fc3') in 0.0272581 seconds
Number of updated asset objects reloaded before import = 0Number of asset objects unloaded after import = 1

========================================================================
Received Import Request.
  Time since last request: 30.191519 seconds.
  path: Assets/_Project/LowpollyGameAssets/FX
  artifactKey: Guid(1d7a9f30e10a0744d990568ec1d37c47) Importer(815301076,1909f56bfc062723c751e8b465ee728b)
Start importing Assets/_Project/LowpollyGameAssets/FX using Guid(1d7a9f30e10a0744d990568ec1d37c47) Importer(815301076,1909f56bfc062723c751e8b465ee728b) (PreviewImporter)[PhysX] Initialized MultithreadedTaskDispatcher with 6 workers.
 -> (artifact id: '3da65ec06dc7a9d171cafd7f9bcdc674') in 0.0030942 seconds
Number of updated asset objects reloaded before import = 0Number of asset objects unloaded after import = 0

========================================================================
Received Import Request.
  Time since last request: 0.962879 seconds.
  path: Assets/_Project/LowpollyGameAssets/FX
  artifactKey: Guid(1d7a9f30e10a0744d990568ec1d37c47) Importer(2089858483,0ecaa5967403d082aa24f35e1b516d23)
Start importing Assets/_Project/LowpollyGameAssets/FX using Guid(1d7a9f30e10a0744d990568ec1d37c47) Importer(2089858483,0ecaa5967403d082aa24f35e1b516d23) (ScriptedImporter)[PhysX] Initialized MultithreadedTaskDispatcher with 6 workers.
 -> (artifact id: '40a1e1704f6eda3b486848b8fc21fb44') in 0.003816 seconds
Number of updated asset objects reloaded before import = 0Number of asset objects unloaded after import = 1

========================================================================
Received Import Request.
  Time since last request: 3.473356 seconds.
  path: Assets/_Project/LowpollyGameAssets/FX/MovementTrailFX.prefab
  artifactKey: Guid(fee3b9b6521d21c4cb0e7f3dfa6d67fb) Importer(2089858483,0ecaa5967403d082aa24f35e1b516d23)
Start importing Assets/_Project/LowpollyGameAssets/FX/MovementTrailFX.prefab using Guid(fee3b9b6521d21c4cb0e7f3dfa6d67fb) Importer(2089858483,0ecaa5967403d082aa24f35e1b516d23) (ScriptedImporter)[PhysX] Initialized MultithreadedTaskDispatcher with 6 workers.
 -> (artifact id: '87ebeafededfdd34f1b141ef82fd7e4a') in 0.0276043 seconds
Number of updated asset objects reloaded before import = 0Number of asset objects unloaded after import = 6

========================================================================
Received Import Request.
  Time since last request: 552.633950 seconds.
  path: Assets/_Project/LowpollyGameAssets/Materials/Cloud.mat
  artifactKey: Guid(5dad5f80188250444b6a0d2315704967) Importer(2089858483,0ecaa5967403d082aa24f35e1b516d23)
Start importing Assets/_Project/LowpollyGameAssets/Materials/Cloud.mat using Guid(5dad5f80188250444b6a0d2315704967) Importer(2089858483,0ecaa5967403d082aa24f35e1b516d23) (ScriptedImporter)[PhysX] Initialized MultithreadedTaskDispatcher with 6 workers.
 -> (artifact id: 'ecf6440ceb9801c8bd942ccc4a64b575') in 0.0072699 seconds
Number of updated asset objects reloaded before import = 0Number of asset objects unloaded after import = 2

========================================================================
Received Import Request.
  Time since last request: 7.638666 seconds.
  path: Assets/_Project/LowpollyGameAssets/Materials/Coin.mat
  artifactKey: Guid(ce16c9be5e8f1c54eb279440e73659cb) Importer(2089858483,0ecaa5967403d082aa24f35e1b516d23)
Start importing Assets/_Project/LowpollyGameAssets/Materials/Coin.mat using Guid(ce16c9be5e8f1c54eb279440e73659cb) Importer(2089858483,0ecaa5967403d082aa24f35e1b516d23) (ScriptedImporter)[PhysX] Initialized MultithreadedTaskDispatcher with 6 workers.
 -> (artifact id: 'c1ddee05acff22493ffec7bac6a68a9e') in 0.0078937 seconds
Number of updated asset objects reloaded before import = 0Number of asset objects unloaded after import = 2

========================================================================
Received Import Request.
  Time since last request: 151.239722 seconds.
  path: Assets/Adaptive Performance/Settings/Simulator Provider Settings.asset
  artifactKey: Guid(1443f04bc326efa4db82fe9da081d086) Importer(2089858483,0ecaa5967403d082aa24f35e1b516d23)
Start importing Assets/Adaptive Performance/Settings/Simulator Provider Settings.asset using Guid(1443f04bc326efa4db82fe9da081d086) Importer(2089858483,0ecaa5967403d082aa24f35e1b516d23) (ScriptedImporter)[PhysX] Initialized MultithreadedTaskDispatcher with 6 workers.
 -> (artifact id: '231f4c6f58021b216777ebd87bf551e2') in 0.9444143 seconds
Number of updated asset objects reloaded before import = 0Number of asset objects unloaded after import = 1

========================================================================
Received Import Request.
  Time since last request: 67.527385 seconds.
  path: Assets/_Project/LowpollyGameAssets/Materials/CubeStone.mat
  artifactKey: Guid(ed771cb329404cc4d84d68d56303c8b7) Importer(2089858483,0ecaa5967403d082aa24f35e1b516d23)
Start importing Assets/_Project/LowpollyGameAssets/Materials/CubeStone.mat using Guid(ed771cb329404cc4d84d68d56303c8b7) Importer(2089858483,0ecaa5967403d082aa24f35e1b516d23) (ScriptedImporter)[PhysX] Initialized MultithreadedTaskDispatcher with 6 workers.
 -> (artifact id: '75769403762bdbd31250bc7dce263326') in 0.0043115 seconds
Number of updated asset objects reloaded before import = 0Number of asset objects unloaded after import = 1

========================================================================
Received Import Request.
  Time since last request: 21.466407 seconds.
  path: Assets/_Project/LowpollyGameAssets/Materials/Grass.mat
  artifactKey: Guid(fdd827e562d3ef24db28636e4b0eb273) Importer(2089858483,0ecaa5967403d082aa24f35e1b516d23)
Start importing Assets/_Project/LowpollyGameAssets/Materials/Grass.mat using Guid(fdd827e562d3ef24db28636e4b0eb273) Importer(2089858483,0ecaa5967403d082aa24f35e1b516d23) (ScriptedImporter)[PhysX] Initialized MultithreadedTaskDispatcher with 6 workers.
 -> (artifact id: 'dcd138169f45c4f31b7418ff8237c832') in 0.0089775 seconds
Number of updated asset objects reloaded before import = 0Number of asset objects unloaded after import = 2

========================================================================
Received Import Request.
  Time since last request: 6.332283 seconds.
  path: Assets/_Project/LowpollyGameAssets/Materials/GreenLeaf.mat
  artifactKey: Guid(d50327eefcae406468e433d25173c08d) Importer(2089858483,0ecaa5967403d082aa24f35e1b516d23)
Start importing Assets/_Project/LowpollyGameAssets/Materials/GreenLeaf.mat using Guid(d50327eefcae406468e433d25173c08d) Importer(2089858483,0ecaa5967403d082aa24f35e1b516d23) (ScriptedImporter)[PhysX] Initialized MultithreadedTaskDispatcher with 6 workers.
 -> (artifact id: 'e831dbca542b8516c7bf7e75a8557bcd') in 0.005218 seconds
Number of updated asset objects reloaded before import = 0Number of asset objects unloaded after import = 1

========================================================================
Received Import Request.
  Time since last request: 7.177848 seconds.
  path: Assets/_Project/LowpollyGameAssets/Materials/Tile_0.mat
  artifactKey: Guid(806080bfc8cd32c49bdf18ab3c04402f) Importer(2089858483,0ecaa5967403d082aa24f35e1b516d23)
Start importing Assets/_Project/LowpollyGameAssets/Materials/Tile_0.mat using Guid(806080bfc8cd32c49bdf18ab3c04402f) Importer(2089858483,0ecaa5967403d082aa24f35e1b516d23) (ScriptedImporter)[PhysX] Initialized MultithreadedTaskDispatcher with 6 workers.
 -> (artifact id: 'd2ae61ff6eb9a710d6b954f7d88db780') in 0.0084275 seconds
Number of updated asset objects reloaded before import = 0Number of asset objects unloaded after import = 2

========================================================================
Received Import Request.
  Time since last request: 4.104412 seconds.
  path: Assets/_Project/LowpollyGameAssets/Materials/Tile_.mat
  artifactKey: Guid(b12b4baebf4f98949a33e5c238411fc2) Importer(2089858483,0ecaa5967403d082aa24f35e1b516d23)
Start importing Assets/_Project/LowpollyGameAssets/Materials/Tile_.mat using Guid(b12b4baebf4f98949a33e5c238411fc2) Importer(2089858483,0ecaa5967403d082aa24f35e1b516d23) (ScriptedImporter)[PhysX] Initialized MultithreadedTaskDispatcher with 6 workers.
 -> (artifact id: 'e8e53db1c12a4b38d6ec64cfff137613') in 0.0073377 seconds
Number of updated asset objects reloaded before import = 0Number of asset objects unloaded after import = 2

========================================================================
Received Import Request.
  Time since last request: 8.637219 seconds.
  path: Assets/_Project/LowpollyGameAssets/Materials/Tile_1.mat
  artifactKey: Guid(b12b4baebf4f98949a33e5c238411fc2) Importer(2089858483,0ecaa5967403d082aa24f35e1b516d23)
Start importing Assets/_Project/LowpollyGameAssets/Materials/Tile_1.mat using Guid(b12b4baebf4f98949a33e5c238411fc2) Importer(2089858483,0ecaa5967403d082aa24f35e1b516d23) (ScriptedImporter)[PhysX] Initialized MultithreadedTaskDispatcher with 6 workers.
 -> (artifact id: '20394aeaba113ed7b21eb1281d3d683a') in 0.0044197 seconds
Number of updated asset objects reloaded before import = 0Number of asset objects unloaded after import = 2

========================================================================
Received Import Request.
  Time since last request: 5.489294 seconds.
  path: Assets/_Project/LowpollyGameAssets/Materials/Tree_2.mat
  artifactKey: Guid(d313e2218ad4c8847aabce4ffb01bbe5) Importer(2089858483,0ecaa5967403d082aa24f35e1b516d23)
Start importing Assets/_Project/LowpollyGameAssets/Materials/Tree_2.mat using Guid(d313e2218ad4c8847aabce4ffb01bbe5) Importer(2089858483,0ecaa5967403d082aa24f35e1b516d23) (ScriptedImporter)[PhysX] Initialized MultithreadedTaskDispatcher with 6 workers.
 -> (artifact id: 'd5f8ea6631670ce245ab45137521d3c6') in 0.015478 seconds
Number of updated asset objects reloaded before import = 0Number of asset objects unloaded after import = 2

========================================================================
Received Import Request.
  Time since last request: 8.753895 seconds.
  path: Assets/_Project/LowpollyGameAssets/Materials/TreeYellow.mat
  artifactKey: Guid(c763843506b65cd44a6862071fbeeda4) Importer(2089858483,0ecaa5967403d082aa24f35e1b516d23)
Start importing Assets/_Project/LowpollyGameAssets/Materials/TreeYellow.mat using Guid(c763843506b65cd44a6862071fbeeda4) Importer(2089858483,0ecaa5967403d082aa24f35e1b516d23) (ScriptedImporter)[PhysX] Initialized MultithreadedTaskDispatcher with 6 workers.
 -> (artifact id: 'a6b24608a50055bc8791fffd7c3aa5b2') in 0.0335334 seconds
Number of updated asset objects reloaded before import = 0Number of asset objects unloaded after import = 2

========================================================================
Received Import Request.
  Time since last request: 20.925072 seconds.
  path: Assets/_Project/LowpollyGameAssets/Materials/TreeGreen.mat
  artifactKey: Guid(d313e2218ad4c8847aabce4ffb01bbe5) Importer(2089858483,0ecaa5967403d082aa24f35e1b516d23)
Start importing Assets/_Project/LowpollyGameAssets/Materials/TreeGreen.mat using Guid(d313e2218ad4c8847aabce4ffb01bbe5) Importer(2089858483,0ecaa5967403d082aa24f35e1b516d23) (ScriptedImporter)[PhysX] Initialized MultithreadedTaskDispatcher with 6 workers.
 -> (artifact id: '63e1330e30c7b380c8c230fb6c5e631c') in 0.018896 seconds
Number of updated asset objects reloaded before import = 0Number of asset objects unloaded after import = 2

========================================================================
Received Import Request.
  Time since last request: 33.897413 seconds.
  path: Assets/_Project/LowpollyGameAssets/Texture2D/cloud_2x2_hard.png
  artifactKey: Guid(fd601fd09c034c8418d22cb4f487ae7e) Importer(2089858483,0ecaa5967403d082aa24f35e1b516d23)
Start importing Assets/_Project/LowpollyGameAssets/Texture2D/cloud_2x2_hard.png using Guid(fd601fd09c034c8418d22cb4f487ae7e) Importer(2089858483,0ecaa5967403d082aa24f35e1b516d23) (ScriptedImporter)[PhysX] Initialized MultithreadedTaskDispatcher with 6 workers.
 -> (artifact id: '5736331b7e367680a9b0bc07e96ba949') in 0.0134129 seconds
Number of updated asset objects reloaded before import = 0Number of asset objects unloaded after import = 1

========================================================================
Received Import Request.
  Time since last request: 0.000031 seconds.
  path: Assets/_Project/LowpollyGameAssets/Texture2D/palette-cubes.png
  artifactKey: Guid(9ea5ba44e82fef7428a13c6b6c08bc05) Importer(2089858483,0ecaa5967403d082aa24f35e1b516d23)
Start importing Assets/_Project/LowpollyGameAssets/Texture2D/palette-cubes.png using Guid(9ea5ba44e82fef7428a13c6b6c08bc05) Importer(2089858483,0ecaa5967403d082aa24f35e1b516d23) (ScriptedImporter)[PhysX] Initialized MultithreadedTaskDispatcher with 6 workers.
 -> (artifact id: 'c6c08533d75e18e1e0ae6bd98374c669') in 0.0080159 seconds
Number of updated asset objects reloaded before import = 0Number of asset objects unloaded after import = 1

========================================================================
Received Import Request.
  Time since last request: 43.284165 seconds.
  path: Assets/_Project/Scripts/Gameplay/Features/GameWorldCreationFeature/Components/Tile.prefab
  artifactKey: Guid(e5378788f6301a2428eb21e32a7e779b) Importer(815301076,1909f56bfc062723c751e8b465ee728b)
Start importing Assets/_Project/Scripts/Gameplay/Features/GameWorldCreationFeature/Components/Tile.prefab using Guid(e5378788f6301a2428eb21e32a7e779b) Importer(815301076,1909f56bfc062723c751e8b465ee728b) (PreviewImporter)[PhysX] Initialized MultithreadedTaskDispatcher with 6 workers.
[PhysX] Initialized MultithreadedTaskDispatcher with 6 workers.
 -> (artifact id: '054f866ba36a73a04640e2c05b472c21') in 0.0474105 seconds
Number of updated asset objects reloaded before import = 0Number of asset objects unloaded after import = 15

========================================================================
Received Import Request.
  Time since last request: 8.241799 seconds.
  path: Assets/_Project/Scripts/Gameplay/Features/GameWorldCreationFeature/Components/Tile.prefab
  artifactKey: Guid(e5378788f6301a2428eb21e32a7e779b) Importer(2089858483,0ecaa5967403d082aa24f35e1b516d23)
Start importing Assets/_Project/Scripts/Gameplay/Features/GameWorldCreationFeature/Components/Tile.prefab using Guid(e5378788f6301a2428eb21e32a7e779b) Importer(2089858483,0ecaa5967403d082aa24f35e1b516d23) (ScriptedImporter)[PhysX] Initialized MultithreadedTaskDispatcher with 6 workers.
 -> (artifact id: 'a7c53757c663d6457cde292c39e1fc45') in 0.0092935 seconds
Number of updated asset objects reloaded before import = 0Number of asset objects unloaded after import = 13

========================================================================
Received Import Request.
  Time since last request: 10.386705 seconds.
  path: Assets/_Project/Scripts/Gameplay/Features/GameWorldCreationFeature/Components/Tile.prefab
  artifactKey: Guid(e5378788f6301a2428eb21e32a7e779b) Importer(2089858483,0ecaa5967403d082aa24f35e1b516d23)
Start importing Assets/_Project/Scripts/Gameplay/Features/GameWorldCreationFeature/Components/Tile.prefab using Guid(e5378788f6301a2428eb21e32a7e779b) Importer(2089858483,0ecaa5967403d082aa24f35e1b516d23) (ScriptedImporter)[PhysX] Initialized MultithreadedTaskDispatcher with 6 workers.
 -> (artifact id: 'e0a2870a0e008bddef7a6ff3e50c2ce7') in 0.0067594 seconds
Number of updated asset objects reloaded before import = 0Number of asset objects unloaded after import = 12

========================================================================
Received Import Request.
  Time since last request: 10.469967 seconds.
  path: Assets/_Project/Scripts/Gameplay/Features/GameWorldCreationFeature/Components/Tile.prefab
  artifactKey: Guid(e5378788f6301a2428eb21e32a7e779b) Importer(2089858483,0ecaa5967403d082aa24f35e1b516d23)
Start importing Assets/_Project/Scripts/Gameplay/Features/GameWorldCreationFeature/Components/Tile.prefab using Guid(e5378788f6301a2428eb21e32a7e779b) Importer(2089858483,0ecaa5967403d082aa24f35e1b516d23) (ScriptedImporter)[PhysX] Initialized MultithreadedTaskDispatcher with 6 workers.
 -> (artifact id: 'c8b5f44b850f30615575e37b60e21fc0') in 0.0059994 seconds
Number of updated asset objects reloaded before import = 0Number of asset objects unloaded after import = 12

========================================================================
Received Import Request.
  Time since last request: 6.497787 seconds.
  path: Assets/_Project/Scripts/Gameplay/Features/GameWorldCreationFeature/Components/Tile.prefab
  artifactKey: Guid(e5378788f6301a2428eb21e32a7e779b) Importer(2089858483,0ecaa5967403d082aa24f35e1b516d23)
Start importing Assets/_Project/Scripts/Gameplay/Features/GameWorldCreationFeature/Components/Tile.prefab using Guid(e5378788f6301a2428eb21e32a7e779b) Importer(2089858483,0ecaa5967403d082aa24f35e1b516d23) (ScriptedImporter)[PhysX] Initialized MultithreadedTaskDispatcher with 6 workers.
 -> (artifact id: '2bf3bc1a017cc6c2e1038d70a1909cd1') in 0.0073239 seconds
Number of updated asset objects reloaded before import = 0Number of asset objects unloaded after import = 11

========================================================================
Received Import Request.
  Time since last request: 2.014084 seconds.
  path: Assets/_Project/Scripts/Gameplay/Features/GameWorldCreationFeature/Components/Tile.prefab
  artifactKey: Guid(e5378788f6301a2428eb21e32a7e779b) Importer(2089858483,0ecaa5967403d082aa24f35e1b516d23)
Start importing Assets/_Project/Scripts/Gameplay/Features/GameWorldCreationFeature/Components/Tile.prefab using Guid(e5378788f6301a2428eb21e32a7e779b) Importer(2089858483,0ecaa5967403d082aa24f35e1b516d23) (ScriptedImporter)[PhysX] Initialized MultithreadedTaskDispatcher with 6 workers.
 -> (artifact id: '6a34cefe5e536bb2d8009830673a48b7') in 0.004054 seconds
Number of updated asset objects reloaded before import = 0Number of asset objects unloaded after import = 10

========================================================================
Received Import Request.
  Time since last request: 5.881561 seconds.
  path: Assets/_Project/Scripts/Gameplay/Features/GameWorldCreationFeature/Components/Tile.prefab
  artifactKey: Guid(e5378788f6301a2428eb21e32a7e779b) Importer(2089858483,0ecaa5967403d082aa24f35e1b516d23)
Start importing Assets/_Project/Scripts/Gameplay/Features/GameWorldCreationFeature/Components/Tile.prefab using Guid(e5378788f6301a2428eb21e32a7e779b) Importer(2089858483,0ecaa5967403d082aa24f35e1b516d23) (ScriptedImporter)[PhysX] Initialized MultithreadedTaskDispatcher with 6 workers.
 -> (artifact id: '58eda3553be6c86821dbb40d490af12f') in 0.0047703 seconds
Number of updated asset objects reloaded before import = 0Number of asset objects unloaded after import = 10

========================================================================
Received Import Request.
  Time since last request: 19.129745 seconds.
  path: Assets/_Project/Scripts/Gameplay/Features/GameWorldCreationFeature/Components/Tile.prefab
  artifactKey: Guid(e5378788f6301a2428eb21e32a7e779b) Importer(2089858483,0ecaa5967403d082aa24f35e1b516d23)
Start importing Assets/_Project/Scripts/Gameplay/Features/GameWorldCreationFeature/Components/Tile.prefab using Guid(e5378788f6301a2428eb21e32a7e779b) Importer(2089858483,0ecaa5967403d082aa24f35e1b516d23) (ScriptedImporter)[PhysX] Initialized MultithreadedTaskDispatcher with 6 workers.
 -> (artifact id: '694d2f20adb991d1032002a7fcfae324') in 0.0054109 seconds
Number of updated asset objects reloaded before import = 0Number of asset objects unloaded after import = 10

========================================================================
Received Import Request.
  Time since last request: 19.168595 seconds.
  path: Assets/_Project/Scripts/Gameplay/Features/GameWorldCreationFeature/Components/Tile.prefab
  artifactKey: Guid(e5378788f6301a2428eb21e32a7e779b) Importer(2089858483,0ecaa5967403d082aa24f35e1b516d23)
Start importing Assets/_Project/Scripts/Gameplay/Features/GameWorldCreationFeature/Components/Tile.prefab using Guid(e5378788f6301a2428eb21e32a7e779b) Importer(2089858483,0ecaa5967403d082aa24f35e1b516d23) (ScriptedImporter)[PhysX] Initialized MultithreadedTaskDispatcher with 6 workers.
 -> (artifact id: 'd5e35838bb9209ae1a98fd51554295cf') in 0.0057513 seconds
Number of updated asset objects reloaded before import = 0Number of asset objects unloaded after import = 10

========================================================================
Received Import Request.
  Time since last request: 5.232861 seconds.
  path: Assets/_Project/Scripts/Gameplay/Features/GameWorldCreationFeature/Components/Tile.prefab
  artifactKey: Guid(e5378788f6301a2428eb21e32a7e779b) Importer(2089858483,0ecaa5967403d082aa24f35e1b516d23)
Start importing Assets/_Project/Scripts/Gameplay/Features/GameWorldCreationFeature/Components/Tile.prefab using Guid(e5378788f6301a2428eb21e32a7e779b) Importer(2089858483,0ecaa5967403d082aa24f35e1b516d23) (ScriptedImporter)[PhysX] Initialized MultithreadedTaskDispatcher with 6 workers.
 -> (artifact id: 'b234c91c22c063483cae7a4d7e3f1c3e') in 0.0060038 seconds
Number of updated asset objects reloaded before import = 0Number of asset objects unloaded after import = 10

========================================================================
Received Import Request.
  Time since last request: 8.264982 seconds.
  path: Assets/_Project/Scripts/Gameplay/Features/GameWorldCreationFeature/Components/Tile.prefab
  artifactKey: Guid(e5378788f6301a2428eb21e32a7e779b) Importer(2089858483,0ecaa5967403d082aa24f35e1b516d23)
Start importing Assets/_Project/Scripts/Gameplay/Features/GameWorldCreationFeature/Components/Tile.prefab using Guid(e5378788f6301a2428eb21e32a7e779b) Importer(2089858483,0ecaa5967403d082aa24f35e1b516d23) (ScriptedImporter)[PhysX] Initialized MultithreadedTaskDispatcher with 6 workers.
 -> (artifact id: '8633a7c8b48bcd9ebed409941ac6c15f') in 0.0035738 seconds
Number of updated asset objects reloaded before import = 0Number of asset objects unloaded after import = 10

========================================================================
Received Import Request.
  Time since last request: 4.031962 seconds.
  path: Assets/_Project/Scripts/Gameplay/Features/GameWorldCreationFeature/Components/Tile.prefab
  artifactKey: Guid(e5378788f6301a2428eb21e32a7e779b) Importer(2089858483,0ecaa5967403d082aa24f35e1b516d23)
Start importing Assets/_Project/Scripts/Gameplay/Features/GameWorldCreationFeature/Components/Tile.prefab using Guid(e5378788f6301a2428eb21e32a7e779b) Importer(2089858483,0ecaa5967403d082aa24f35e1b516d23) (ScriptedImporter)[PhysX] Initialized MultithreadedTaskDispatcher with 6 workers.
 -> (artifact id: 'd7526425e14af04ff40d2a802cef0f53') in 0.0036335 seconds
Number of updated asset objects reloaded before import = 0Number of asset objects unloaded after import = 10

========================================================================
Received Import Request.
  Time since last request: 23.210603 seconds.
  path: Assets/_Project/Scripts/Gameplay/Features/GameWorldCreationFeature
  artifactKey: Guid(393159206a454f96b35355c4225e4be4) Importer(815301076,1909f56bfc062723c751e8b465ee728b)
Start importing Assets/_Project/Scripts/Gameplay/Features/GameWorldCreationFeature using Guid(393159206a454f96b35355c4225e4be4) Importer(815301076,1909f56bfc062723c751e8b465ee728b) (PreviewImporter)[PhysX] Initialized MultithreadedTaskDispatcher with 6 workers.
 -> (artifact id: 'b755ee6b114ca29ee062cf7cd102b776') in 0.001666 seconds
Number of updated asset objects reloaded before import = 0Number of asset objects unloaded after import = 0

========================================================================
Received Import Request.
  Time since last request: 1.055750 seconds.
  path: Assets/_Project/Scripts/Gameplay/Features/GameWorldCreationFeature/Components/GameField.cs
  artifactKey: Guid(2c53702ffc214ece8faadfd86bb97b61) Importer(815301076,1909f56bfc062723c751e8b465ee728b)
Start importing Assets/_Project/Scripts/Gameplay/Features/GameWorldCreationFeature/Components/GameField.cs using Guid(2c53702ffc214ece8faadfd86bb97b61) Importer(815301076,1909f56bfc062723c751e8b465ee728b) (PreviewImporter)[PhysX] Initialized MultithreadedTaskDispatcher with 6 workers.
 -> (artifact id: 'edc8cdd1bc533a42ff711842d7da855c') in 0.0040931 seconds
Number of updated asset objects reloaded before import = 0Number of asset objects unloaded after import = 0

========================================================================
Received Import Request.
  Time since last request: 31.106985 seconds.
  path: Assets/_Project/Scripts/Gameplay/Features/GameWorldCreationFeature/Components/Animal.prefab
  artifactKey: Guid(851b84b3d3622cd48a8df6387b7d22f6) Importer(815301076,1909f56bfc062723c751e8b465ee728b)
Start importing Assets/_Project/Scripts/Gameplay/Features/GameWorldCreationFeature/Components/Animal.prefab using Guid(851b84b3d3622cd48a8df6387b7d22f6) Importer(815301076,1909f56bfc062723c751e8b465ee728b) (PreviewImporter)[PhysX] Initialized MultithreadedTaskDispatcher with 6 workers.
[PhysX] Initialized MultithreadedTaskDispatcher with 6 workers.
 -> (artifact id: '87b32611ca8f170023be48335a966b1e') in 0.0243739 seconds
Number of updated asset objects reloaded before import = 0Number of asset objects unloaded after import = 17

========================================================================
Received Import Request.
  Time since last request: 0.931472 seconds.
  path: Assets/_Project/Scripts/Gameplay/Features/GameWorldCreationFeature/Components/Animal.prefab
  artifactKey: Guid(851b84b3d3622cd48a8df6387b7d22f6) Importer(2089858483,0ecaa5967403d082aa24f35e1b516d23)
Start importing Assets/_Project/Scripts/Gameplay/Features/GameWorldCreationFeature/Components/Animal.prefab using Guid(851b84b3d3622cd48a8df6387b7d22f6) Importer(2089858483,0ecaa5967403d082aa24f35e1b516d23) (ScriptedImporter)[PhysX] Initialized MultithreadedTaskDispatcher with 6 workers.
 -> (artifact id: 'f834e9a3467302f6a23b40f23cbdc340') in 0.0229214 seconds
Number of updated asset objects reloaded before import = 0Number of asset objects unloaded after import = 17

========================================================================
Received Import Request.
  Time since last request: 7.120246 seconds.
  path: Assets/_Project/Scripts/Gameplay/Features/GameWorldCreationFeature/Components/Animal.prefab
  artifactKey: Guid(851b84b3d3622cd48a8df6387b7d22f6) Importer(2089858483,0ecaa5967403d082aa24f35e1b516d23)
Start importing Assets/_Project/Scripts/Gameplay/Features/GameWorldCreationFeature/Components/Animal.prefab using Guid(851b84b3d3622cd48a8df6387b7d22f6) Importer(2089858483,0ecaa5967403d082aa24f35e1b516d23) (ScriptedImporter)[PhysX] Initialized MultithreadedTaskDispatcher with 6 workers.
 -> (artifact id: '0806c2c62867ff402ca5cea4cbf9c2ec') in 0.0080967 seconds
Number of updated asset objects reloaded before import = 0Number of asset objects unloaded after import = 13

========================================================================
Received Import Request.
  Time since last request: 132.629267 seconds.
  path: Assets/_Project/Scripts/Gameplay/Cow.png
  artifactKey: Guid(c5a3e84a971019b45980aefeb68fb23d) Importer(815301076,1909f56bfc062723c751e8b465ee728b)
Start importing Assets/_Project/Scripts/Gameplay/Cow.png using Guid(c5a3e84a971019b45980aefeb68fb23d) Importer(815301076,1909f56bfc062723c751e8b465ee728b) (PreviewImporter)[PhysX] Initialized MultithreadedTaskDispatcher with 6 workers.
[PhysX] Initialized MultithreadedTaskDispatcher with 6 workers.
 -> (artifact id: '0b43f1af287f0b7da20ca414cb807f9b') in 0.0212845 seconds
Number of updated asset objects reloaded before import = 0Number of asset objects unloaded after import = 2

========================================================================
Received Import Request.
  Time since last request: 0.186517 seconds.
  path: Assets/_Project/Scripts/Gameplay/T_Cow.png
  artifactKey: Guid(b7ce7d9aa01fe084eae2a169bc85b8dc) Importer(2089858483,0ecaa5967403d082aa24f35e1b516d23)
Start importing Assets/_Project/Scripts/Gameplay/T_Cow.png using Guid(b7ce7d9aa01fe084eae2a169bc85b8dc) Importer(2089858483,0ecaa5967403d082aa24f35e1b516d23) (ScriptedImporter)[PhysX] Initialized MultithreadedTaskDispatcher with 6 workers.
 -> (artifact id: '199be099b3f1152fbc1eb8d4c9d45b8d') in 0.0093863 seconds
Number of updated asset objects reloaded before import = 0Number of asset objects unloaded after import = 1

========================================================================
Received Import Request.
  Time since last request: 1.219915 seconds.
  path: Assets/_Project/Scripts/Gameplay/T_Cow.png
  artifactKey: Guid(b7ce7d9aa01fe084eae2a169bc85b8dc) Importer(815301076,1909f56bfc062723c751e8b465ee728b)
Start importing Assets/_Project/Scripts/Gameplay/T_Cow.png using Guid(b7ce7d9aa01fe084eae2a169bc85b8dc) Importer(815301076,1909f56bfc062723c751e8b465ee728b) (PreviewImporter)[PhysX] Initialized MultithreadedTaskDispatcher with 6 workers.
[PhysX] Initialized MultithreadedTaskDispatcher with 6 workers.
 -> (artifact id: '738c69ea179e88ffe8a0a180046a895f') in 0.0060271 seconds
Number of updated asset objects reloaded before import = 0Number of asset objects unloaded after import = 2

========================================================================
Received Import Request.
  Time since last request: 2.885421 seconds.
  path: Assets/_Project/LowpollyGameAssets/Cow.png
  artifactKey: Guid(c5a3e84a971019b45980aefeb68fb23d) Importer(2089858483,0ecaa5967403d082aa24f35e1b516d23)
Start importing Assets/_Project/LowpollyGameAssets/Cow.png using Guid(c5a3e84a971019b45980aefeb68fb23d) Importer(2089858483,0ecaa5967403d082aa24f35e1b516d23) (ScriptedImporter)[PhysX] Initialized MultithreadedTaskDispatcher with 6 workers.
 -> (artifact id: 'f6e5e158a1f012776c891a857e992e63') in 0.012628 seconds
Number of updated asset objects reloaded before import = 0Number of asset objects unloaded after import = 1

========================================================================
Received Import Request.
  Time since last request: 19.540621 seconds.
  path: Assets/_Project/LowpollyGameAssets/M_Cow.mat
  artifactKey: Guid(226b2d3a962bc0b4caa878986807676c) Importer(2089858483,0ecaa5967403d082aa24f35e1b516d23)
Start importing Assets/_Project/LowpollyGameAssets/M_Cow.mat using Guid(226b2d3a962bc0b4caa878986807676c) Importer(2089858483,0ecaa5967403d082aa24f35e1b516d23) (ScriptedImporter)[PhysX] Initialized MultithreadedTaskDispatcher with 6 workers.
 -> (artifact id: '32be944e3d2d3c6780ad6702e15fc32b') in 0.0066506 seconds
Number of updated asset objects reloaded before import = 0Number of asset objects unloaded after import = 1

========================================================================
Received Import Request.
  Time since last request: 10.277931 seconds.
  path: Assets/_Project/LowpollyGameAssets/Cow.mat
  artifactKey: Guid(6d99910571d62224587d8b91bfab1c46) Importer(2089858483,0ecaa5967403d082aa24f35e1b516d23)
Start importing Assets/_Project/LowpollyGameAssets/Cow.mat using Guid(6d99910571d62224587d8b91bfab1c46) Importer(2089858483,0ecaa5967403d082aa24f35e1b516d23) (ScriptedImporter)[PhysX] Initialized MultithreadedTaskDispatcher with 6 workers.
 -> (artifact id: '571173587f22db73ba0550278b030bed') in 0.0062776 seconds
Number of updated asset objects reloaded before import = 0Number of asset objects unloaded after import = 1

========================================================================
Received Import Request.
  Time since last request: 20.062398 seconds.
  path: Assets/_Project/LowpollyGameAssets/Prefabs/Cow.prefab
  artifactKey: Guid(45a25154eb5e9bc48a78f55f1faf819e) Importer(2089858483,0ecaa5967403d082aa24f35e1b516d23)
Start importing Assets/_Project/LowpollyGameAssets/Prefabs/Cow.prefab using Guid(45a25154eb5e9bc48a78f55f1faf819e) Importer(2089858483,0ecaa5967403d082aa24f35e1b516d23) (ScriptedImporter)[PhysX] Initialized MultithreadedTaskDispatcher with 6 workers.
 -> (artifact id: 'bac99840d43ba8b7946ed9a951682245') in 0.0070311 seconds
Number of updated asset objects reloaded before import = 0Number of asset objects unloaded after import = 9

========================================================================
Received Import Request.
  Time since last request: 4.537146 seconds.
  path: Assets/_Project/LowpollyGameAssets/Materials/T_Cow.mat
  artifactKey: Guid(545838b6c35af4d408434825536f5b17) Importer(2089858483,0ecaa5967403d082aa24f35e1b516d23)
Start importing Assets/_Project/LowpollyGameAssets/Materials/T_Cow.mat using Guid(545838b6c35af4d408434825536f5b17) Importer(2089858483,0ecaa5967403d082aa24f35e1b516d23) (ScriptedImporter)[PhysX] Initialized MultithreadedTaskDispatcher with 6 workers.
 -> (artifact id: 'f666b6c954a7cf016a4ef8c798bd02a5') in 0.005049 seconds
Number of updated asset objects reloaded before import = 0Number of asset objects unloaded after import = 2

========================================================================
Received Import Request.
  Time since last request: 56.189346 seconds.
  path: Assets/_Project/LowpollyGameAssets/Prefabs/Cow.prefab
  artifactKey: Guid(45a25154eb5e9bc48a78f55f1faf819e) Importer(2089858483,0ecaa5967403d082aa24f35e1b516d23)
Start importing Assets/_Project/LowpollyGameAssets/Prefabs/Cow.prefab using Guid(45a25154eb5e9bc48a78f55f1faf819e) Importer(2089858483,0ecaa5967403d082aa24f35e1b516d23) (ScriptedImporter)[PhysX] Initialized MultithreadedTaskDispatcher with 6 workers.
 -> (artifact id: '746ae862cd657e700efe0968435eedaf') in 0.0068687 seconds
Number of updated asset objects reloaded before import = 0Number of asset objects unloaded after import = 9

========================================================================
Received Import Request.
  Time since last request: 56.264513 seconds.
  path: Assets/_Project/LowpollyGameAssets/Cow.mat
  artifactKey: Guid(6d99910571d62224587d8b91bfab1c46) Importer(2089858483,0ecaa5967403d082aa24f35e1b516d23)
Start importing Assets/_Project/LowpollyGameAssets/Cow.mat using Guid(6d99910571d62224587d8b91bfab1c46) Importer(2089858483,0ecaa5967403d082aa24f35e1b516d23) (ScriptedImporter)[PhysX] Initialized MultithreadedTaskDispatcher with 6 workers.
 -> (artifact id: 'c7db26cfe36bee61d53fb4197bedda38') in 0.0053904 seconds
Number of updated asset objects reloaded before import = 0Number of asset objects unloaded after import = 2

========================================================================
Received Import Request.
  Time since last request: 8.933165 seconds.
  path: Assets/_Project/LowpollyGameAssets/Texture2D/Cow.png
  artifactKey: Guid(c5a3e84a971019b45980aefeb68fb23d) Importer(2089858483,0ecaa5967403d082aa24f35e1b516d23)
Start importing Assets/_Project/LowpollyGameAssets/Texture2D/Cow.png using Guid(c5a3e84a971019b45980aefeb68fb23d) Importer(2089858483,0ecaa5967403d082aa24f35e1b516d23) (ScriptedImporter)[PhysX] Initialized MultithreadedTaskDispatcher with 6 workers.
 -> (artifact id: '4319a2ff3720098ede4ae154e639cd79') in 0.0093535 seconds
Number of updated asset objects reloaded before import = 0Number of asset objects unloaded after import = 1

========================================================================
Received Import Request.
  Time since last request: 1.128411 seconds.
  path: Assets/_Project/LowpollyGameAssets/Materials/Cow.mat
  artifactKey: Guid(6d99910571d62224587d8b91bfab1c46) Importer(2089858483,0ecaa5967403d082aa24f35e1b516d23)
Start importing Assets/_Project/LowpollyGameAssets/Materials/Cow.mat using Guid(6d99910571d62224587d8b91bfab1c46) Importer(2089858483,0ecaa5967403d082aa24f35e1b516d23) (ScriptedImporter)[PhysX] Initialized MultithreadedTaskDispatcher with 6 workers.
 -> (artifact id: '07716b8866be668be09f73e5842905d2') in 0.0055758 seconds
Number of updated asset objects reloaded before import = 0Number of asset objects unloaded after import = 2

========================================================================
Received Import Request.
  Time since last request: 29.222263 seconds.
  path: Assets/_Project/LowpollyGameAssets/Texture2D/Cow.png
  artifactKey: Guid(c5a3e84a971019b45980aefeb68fb23d) Importer(815301076,1909f56bfc062723c751e8b465ee728b)
Start importing Assets/_Project/LowpollyGameAssets/Texture2D/Cow.png using Guid(c5a3e84a971019b45980aefeb68fb23d) Importer(815301076,1909f56bfc062723c751e8b465ee728b) (PreviewImporter)[PhysX] Initialized MultithreadedTaskDispatcher with 6 workers.
[PhysX] Initialized MultithreadedTaskDispatcher with 6 workers.
 -> (artifact id: 'f94d88f77be3f1cca39bd5effb896972') in 0.0256687 seconds
Number of updated asset objects reloaded before import = 0Number of asset objects unloaded after import = 2

========================================================================
Received Import Request.
  Time since last request: 9.958502 seconds.
  path: Assets/_Project/LowpollyGameAssets/Texture2D/Cow.png
  artifactKey: Guid(c5a3e84a971019b45980aefeb68fb23d) Importer(815301076,1909f56bfc062723c751e8b465ee728b)
Start importing Assets/_Project/LowpollyGameAssets/Texture2D/Cow.png using Guid(c5a3e84a971019b45980aefeb68fb23d) Importer(815301076,1909f56bfc062723c751e8b465ee728b) (PreviewImporter)[PhysX] Initialized MultithreadedTaskDispatcher with 6 workers.
[PhysX] Initialized MultithreadedTaskDispatcher with 6 workers.
 -> (artifact id: '7412bd76fff0c52ab97d44a90c4c4159') in 0.0138508 seconds
Number of updated asset objects reloaded before import = 0Number of asset objects unloaded after import = 2

========================================================================
Received Import Request.
  Time since last request: 36.195598 seconds.
  path: Assets/_Project/LowpollyGameAssets/Texture2D/Cow.png
  artifactKey: Guid(c5a3e84a971019b45980aefeb68fb23d) Importer(815301076,1909f56bfc062723c751e8b465ee728b)
Start importing Assets/_Project/LowpollyGameAssets/Texture2D/Cow.png using Guid(c5a3e84a971019b45980aefeb68fb23d) Importer(815301076,1909f56bfc062723c751e8b465ee728b) (PreviewImporter)[PhysX] Initialized MultithreadedTaskDispatcher with 6 workers.
[PhysX] Initialized MultithreadedTaskDispatcher with 6 workers.
 -> (artifact id: 'ffd9f5fd30f00c64077ee96c8282a19a') in 0.0079993 seconds
Number of updated asset objects reloaded before import = 0Number of asset objects unloaded after import = 2

========================================================================
Received Import Request.
  Time since last request: 11.993833 seconds.
  path: Assets/_Project/LowpollyGameAssets/Texture2D/Cow.png
  artifactKey: Guid(c5a3e84a971019b45980aefeb68fb23d) Importer(815301076,1909f56bfc062723c751e8b465ee728b)
Start importing Assets/_Project/LowpollyGameAssets/Texture2D/Cow.png using Guid(c5a3e84a971019b45980aefeb68fb23d) Importer(815301076,1909f56bfc062723c751e8b465ee728b) (PreviewImporter)[PhysX] Initialized MultithreadedTaskDispatcher with 6 workers.
[PhysX] Initialized MultithreadedTaskDispatcher with 6 workers.
 -> (artifact id: '75c43b0a552fdb9e77f8bdb820150781') in 0.0092031 seconds
Number of updated asset objects reloaded before import = 0Number of asset objects unloaded after import = 2

========================================================================
Received Import Request.
  Time since last request: 4.691862 seconds.
  path: Assets/_Project/LowpollyGameAssets/Texture2D/Cow.png
  artifactKey: Guid(c5a3e84a971019b45980aefeb68fb23d) Importer(815301076,1909f56bfc062723c751e8b465ee728b)
Start importing Assets/_Project/LowpollyGameAssets/Texture2D/Cow.png using Guid(c5a3e84a971019b45980aefeb68fb23d) Importer(815301076,1909f56bfc062723c751e8b465ee728b) (PreviewImporter)[PhysX] Initialized MultithreadedTaskDispatcher with 6 workers.
[PhysX] Initialized MultithreadedTaskDispatcher with 6 workers.
 -> (artifact id: '4183a36b0a717deef5adf94fe676d67d') in 0.0130407 seconds
Number of updated asset objects reloaded before import = 0Number of asset objects unloaded after import = 2

========================================================================
Received Import Request.
  Time since last request: 6.052142 seconds.
  path: Assets/_Project/LowpollyGameAssets/Texture2D/Cow.png
  artifactKey: Guid(c5a3e84a971019b45980aefeb68fb23d) Importer(815301076,1909f56bfc062723c751e8b465ee728b)
Start importing Assets/_Project/LowpollyGameAssets/Texture2D/Cow.png using Guid(c5a3e84a971019b45980aefeb68fb23d) Importer(815301076,1909f56bfc062723c751e8b465ee728b) (PreviewImporter)[PhysX] Initialized MultithreadedTaskDispatcher with 6 workers.
[PhysX] Initialized MultithreadedTaskDispatcher with 6 workers.
 -> (artifact id: '259ef071e947cfbc18c6f666001b2e81') in 0.0080343 seconds
Number of updated asset objects reloaded before import = 0Number of asset objects unloaded after import = 2

========================================================================
Received Import Request.
  Time since last request: 19.414814 seconds.
  path: Assets/_Project/LowpollyGameAssets/Texture2D/ButtonCircle.png
  artifactKey: Guid(60cc23fa03c357f49a961b7a04b7ef78) Importer(815301076,1909f56bfc062723c751e8b465ee728b)
Start importing Assets/_Project/LowpollyGameAssets/Texture2D/ButtonCircle.png using Guid(60cc23fa03c357f49a961b7a04b7ef78) Importer(815301076,1909f56bfc062723c751e8b465ee728b) (PreviewImporter)[PhysX] Initialized MultithreadedTaskDispatcher with 6 workers.
[PhysX] Initialized MultithreadedTaskDispatcher with 6 workers.
 -> (artifact id: '9abd3f0a382be04df82547c140834fa9') in 0.0206843 seconds
Number of updated asset objects reloaded before import = 0Number of asset objects unloaded after import = 3

========================================================================
Received Import Request.
  Time since last request: 16.120107 seconds.
  path: Assets/_Project/LowpollyGameAssets/Sprites
  artifactKey: Guid(e77a03575f8c4764a8ca65c537211191) Importer(815301076,1909f56bfc062723c751e8b465ee728b)
Start importing Assets/_Project/LowpollyGameAssets/Sprites using Guid(e77a03575f8c4764a8ca65c537211191) Importer(815301076,1909f56bfc062723c751e8b465ee728b) (PreviewImporter)[PhysX] Initialized MultithreadedTaskDispatcher with 6 workers.
 -> (artifact id: '63ecba8030ca7653018e4ca61fd09e09') in 0.0006789 seconds
Number of updated asset objects reloaded before import = 0Number of asset objects unloaded after import = 0

========================================================================
Received Import Request.
  Time since last request: 0.963997 seconds.
  path: Assets/_Project/LowpollyGameAssets/Sprites
  artifactKey: Guid(e77a03575f8c4764a8ca65c537211191) Importer(2089858483,0ecaa5967403d082aa24f35e1b516d23)
Start importing Assets/_Project/LowpollyGameAssets/Sprites using Guid(e77a03575f8c4764a8ca65c537211191) Importer(2089858483,0ecaa5967403d082aa24f35e1b516d23) (ScriptedImporter)[PhysX] Initialized MultithreadedTaskDispatcher with 6 workers.
 -> (artifact id: 'd8e61c4bac03aa539a4c6b8e3a52e177') in 0.0048362 seconds
Number of updated asset objects reloaded before import = 0Number of asset objects unloaded after import = 1

========================================================================
Received Import Request.
  Time since last request: 8.517278 seconds.
  path: Assets/_Project/LowpollyGameAssets/Texture2D/music_off.png
  artifactKey: Guid(73c226ced0bb9264b950fe6547a459b5) Importer(815301076,1909f56bfc062723c751e8b465ee728b)
Start importing Assets/_Project/LowpollyGameAssets/Texture2D/music_off.png using Guid(73c226ced0bb9264b950fe6547a459b5) Importer(815301076,1909f56bfc062723c751e8b465ee728b) (PreviewImporter)[PhysX] Initialized MultithreadedTaskDispatcher with 6 workers.
[PhysX] Initialized MultithreadedTaskDispatcher with 6 workers.
 -> (artifact id: '48c9ff1a94c4ef78ce8607bd9045b367') in 0.0144386 seconds
Number of updated asset objects reloaded before import = 0Number of asset objects unloaded after import = 3

========================================================================
Received Import Request.
  Time since last request: 110.555465 seconds.
  path: Assets/_Project/Scripts/Gameplay/EcsRoot.cs
  artifactKey: Guid(ff5703cff0e54627b1a489995a5c5490) Importer(815301076,1909f56bfc062723c751e8b465ee728b)
Start importing Assets/_Project/Scripts/Gameplay/EcsRoot.cs using Guid(ff5703cff0e54627b1a489995a5c5490) Importer(815301076,1909f56bfc062723c751e8b465ee728b) (PreviewImporter)[PhysX] Initialized MultithreadedTaskDispatcher with 6 workers.
 -> (artifact id: '778163e4470a0bb094a063b5f46092ab') in 0.0042691 seconds
Number of updated asset objects reloaded before import = 0Number of asset objects unloaded after import = 0

========================================================================
Received Import Request.
  Time since last request: 0.006598 seconds.
  path: Assets/_Project/Scripts/Gameplay/Features/GameWorldCreationFeature/Components/CreateBlocksRequest.cs
  artifactKey: Guid(1ecd596cff96424bbe6ded900fa7308f) Importer(815301076,1909f56bfc062723c751e8b465ee728b)
Start importing Assets/_Project/Scripts/Gameplay/Features/GameWorldCreationFeature/Components/CreateBlocksRequest.cs using Guid(1ecd596cff96424bbe6ded900fa7308f) Importer(815301076,1909f56bfc062723c751e8b465ee728b) (PreviewImporter)[PhysX] Initialized MultithreadedTaskDispatcher with 6 workers.
 -> (artifact id: 'ef3d7c1ff9df4277089ce9bd7b5212a2') in 0.0026488 seconds
Number of updated asset objects reloaded before import = 0Number of asset objects unloaded after import = 0

========================================================================
Received Import Request.
  Time since last request: 0.000071 seconds.
  path: Assets/_Project/Scripts/Gameplay/Features/MovementFeature/Components/CalculateDestinationCellRequest.cs
  artifactKey: Guid(ac720ea5cbaa49518b23abb8413c1c4c) Importer(815301076,1909f56bfc062723c751e8b465ee728b)
Start importing Assets/_Project/Scripts/Gameplay/Features/MovementFeature/Components/CalculateDestinationCellRequest.cs using Guid(ac720ea5cbaa49518b23abb8413c1c4c) Importer(815301076,1909f56bfc062723c751e8b465ee728b) (PreviewImporter)[PhysX] Initialized MultithreadedTaskDispatcher with 6 workers.
 -> (artifact id: '3d1749c73be72c224729966af4b8b830') in 0.0028489 seconds
Number of updated asset objects reloaded before import = 0Number of asset objects unloaded after import = 0

========================================================================
Received Import Request.
  Time since last request: 0.000073 seconds.
  path: Assets/_Project/Scripts/Gameplay/Features/CommonFeature/Components/CalculationMaxDistanceRequest.cs
  artifactKey: Guid(59905dc96f9146a9809a881027b1a613) Importer(815301076,1909f56bfc062723c751e8b465ee728b)
Start importing Assets/_Project/Scripts/Gameplay/Features/CommonFeature/Components/CalculationMaxDistanceRequest.cs using Guid(59905dc96f9146a9809a881027b1a613) Importer(815301076,1909f56bfc062723c751e8b465ee728b) (PreviewImporter)[PhysX] Initialized MultithreadedTaskDispatcher with 6 workers.
 -> (artifact id: '9415e5ae5c42f14213272756327ddfa1') in 0.0018792 seconds
Number of updated asset objects reloaded before import = 0Number of asset objects unloaded after import = 0

========================================================================
Received Import Request.
  Time since last request: 0.000071 seconds.
  path: Assets/_Project/Scripts/Gameplay/Features/GameWorldCreationFeature/Components/GenerateGameFieldRequest.cs
  artifactKey: Guid(b7705a46a63b42e1ba22664ba2157e26) Importer(815301076,1909f56bfc062723c751e8b465ee728b)
Start importing Assets/_Project/Scripts/Gameplay/Features/GameWorldCreationFeature/Components/GenerateGameFieldRequest.cs using Guid(b7705a46a63b42e1ba22664ba2157e26) Importer(815301076,1909f56bfc062723c751e8b465ee728b) (PreviewImporter)[PhysX] Initialized MultithreadedTaskDispatcher with 6 workers.
 -> (artifact id: 'a56f9384ac849429ecc76c7d284cbea4') in 0.0164214 seconds
Number of updated asset objects reloaded before import = 0Number of asset objects unloaded after import = 0

========================================================================
Received Import Request.
  Time since last request: 0.000046 seconds.
  path: Assets/_Project/Scripts/Gameplay/Features/CommonFeature/Components/DetectionDistanceRequest.cs
  artifactKey: Guid(4b2ce77d013047b5b0fdd76464a81db0) Importer(815301076,1909f56bfc062723c751e8b465ee728b)
Start importing Assets/_Project/Scripts/Gameplay/Features/CommonFeature/Components/DetectionDistanceRequest.cs using Guid(4b2ce77d013047b5b0fdd76464a81db0) Importer(815301076,1909f56bfc062723c751e8b465ee728b) (PreviewImporter)[PhysX] Initialized MultithreadedTaskDispatcher with 6 workers.
 -> (artifact id: 'be350fb4d60d40129e9f31c0c7831b09') in 0.0124226 seconds
Number of updated asset objects reloaded before import = 0Number of asset objects unloaded after import = 0

========================================================================
Received Import Request.
  Time since last request: 0.000066 seconds.
  path: Assets/_Project/Scripts/Gameplay/Features/CommonFeature/Components/CalculateObstacleDistanceRequest.cs
  artifactKey: Guid(ebfcc6675e8e40b5bb3a710c3b9664f4) Importer(815301076,1909f56bfc062723c751e8b465ee728b)
Start importing Assets/_Project/Scripts/Gameplay/Features/CommonFeature/Components/CalculateObstacleDistanceRequest.cs using Guid(ebfcc6675e8e40b5bb3a710c3b9664f4) Importer(815301076,1909f56bfc062723c751e8b465ee728b) (PreviewImporter)[PhysX] Initialized MultithreadedTaskDispatcher with 6 workers.
 -> (artifact id: '29e1bb72d302c57c4a96c1eec02f3022') in 0.0204813 seconds
Number of updated asset objects reloaded before import = 0Number of asset objects unloaded after import = 0

========================================================================
Received Import Request.
  Time since last request: 0.554365 seconds.
  path: Assets/Plugins/Sirenix/Assemblies/Sirenix.Serialization.dll
  artifactKey: Guid(5f3147f7af4c49739579b966c458f5e4) Importer(815301076,1909f56bfc062723c751e8b465ee728b)
Start importing Assets/Plugins/Sirenix/Assemblies/Sirenix.Serialization.dll using Guid(5f3147f7af4c49739579b966c458f5e4) Importer(815301076,1909f56bfc062723c751e8b465ee728b) (PreviewImporter)[PhysX] Initialized MultithreadedTaskDispatcher with 6 workers.
 -> (artifact id: 'a20fd4ed6ccf49182ae3a4e5dc876ed6') in 0.0024904 seconds
Number of updated asset objects reloaded before import = 0Number of asset objects unloaded after import = 0

========================================================================
Received Import Request.
  Time since last request: 4.973637 seconds.
  path: Assets/_Project/Scripts/Gameplay/Features/GameWorldCreationFeature/Components/GameTag.cs
  artifactKey: Guid(ee55b52b0d4748abbf29974ad3bda198) Importer(815301076,1909f56bfc062723c751e8b465ee728b)
Start importing Assets/_Project/Scripts/Gameplay/Features/GameWorldCreationFeature/Components/GameTag.cs using Guid(ee55b52b0d4748abbf29974ad3bda198) Importer(815301076,1909f56bfc062723c751e8b465ee728b) (PreviewImporter)[PhysX] Initialized MultithreadedTaskDispatcher with 6 workers.
 -> (artifact id: 'd8ab021d1f67df23de405a906118fd8a') in 0.0039782 seconds
Number of updated asset objects reloaded before import = 0Number of asset objects unloaded after import = 0

========================================================================
Received Import Request.
  Time since last request: 3.842490 seconds.
  path: Assets/_Project/Scripts/Gameplay/Features/CommonFeature/Components/CellPosition.cs
  artifactKey: Guid(16f19fc5dfc943398dd700559ed5635a) Importer(815301076,1909f56bfc062723c751e8b465ee728b)
Start importing Assets/_Project/Scripts/Gameplay/Features/CommonFeature/Components/CellPosition.cs using Guid(16f19fc5dfc943398dd700559ed5635a) Importer(815301076,1909f56bfc062723c751e8b465ee728b) (PreviewImporter)[PhysX] Initialized MultithreadedTaskDispatcher with 6 workers.
 -> (artifact id: 'bd634a25f766aa52c65a1d3a7e593188') in 0.0033682 seconds
Number of updated asset objects reloaded before import = 0Number of asset objects unloaded after import = 0

========================================================================
Received Import Request.
  Time since last request: 14.891334 seconds.
  path: Assets/_Project/LowpollyGameAssets/Materials/TreeYellow.mat
  artifactKey: Guid(c763843506b65cd44a6862071fbeeda4) Importer(815301076,1909f56bfc062723c751e8b465ee728b)
Start importing Assets/_Project/LowpollyGameAssets/Materials/TreeYellow.mat using Guid(c763843506b65cd44a6862071fbeeda4) Importer(815301076,1909f56bfc062723c751e8b465ee728b) (PreviewImporter)[PhysX] Initialized MultithreadedTaskDispatcher with 6 workers.
[PhysX] Initialized MultithreadedTaskDispatcher with 6 workers.
 -> (artifact id: 'bea80d2448e154af3c076b52af4f7825') in 0.0794526 seconds
Number of updated asset objects reloaded before import = 0Number of asset objects unloaded after import = 2

========================================================================
Received Import Request.
  Time since last request: 38.688217 seconds.
  path: Assets/Plugins/Sirenix/Odin Inspector/Assets/Editor/SdfIconAtlas.png
  artifactKey: Guid(2a0112a98875dfd488b5d10bdb8a4903) Importer(815301076,1909f56bfc062723c751e8b465ee728b)
Start importing Assets/Plugins/Sirenix/Odin Inspector/Assets/Editor/SdfIconAtlas.png using Guid(2a0112a98875dfd488b5d10bdb8a4903) Importer(815301076,1909f56bfc062723c751e8b465ee728b) (PreviewImporter)[PhysX] Initialized MultithreadedTaskDispatcher with 6 workers.
[PhysX] Initialized MultithreadedTaskDispatcher with 6 workers.
 -> (artifact id: '8b286272714813646135a712fd2f7db9') in 0.0799281 seconds
Number of updated asset objects reloaded before import = 0Number of asset objects unloaded after import = 1

========================================================================
Received Import Request.
  Time since last request: 13.988154 seconds.
  path: Assets/_Project/LowpollyGameAssets/Texture2D/rounded.png
  artifactKey: Guid(a5343608bff5b9848887a87f791b8723) Importer(815301076,1909f56bfc062723c751e8b465ee728b)
Start importing Assets/_Project/LowpollyGameAssets/Texture2D/rounded.png using Guid(a5343608bff5b9848887a87f791b8723) Importer(815301076,1909f56bfc062723c751e8b465ee728b) (PreviewImporter)[PhysX] Initialized MultithreadedTaskDispatcher with 6 workers.
[PhysX] Initialized MultithreadedTaskDispatcher with 6 workers.
 -> (artifact id: 'fd11f2f1fb8ba7d3760778ae36ca64ba') in 0.0112622 seconds
Number of updated asset objects reloaded before import = 0Number of asset objects unloaded after import = 3

========================================================================
Received Import Request.
  Time since last request: 0.544793 seconds.
  path: Assets/_Project/LowpollyGameAssets/Texture2D/sound_off.png
  artifactKey: Guid(1c9d22656b7d1eb4bb6b31d721b8405a) Importer(815301076,1909f56bfc062723c751e8b465ee728b)
Start importing Assets/_Project/LowpollyGameAssets/Texture2D/sound_off.png using Guid(1c9d22656b7d1eb4bb6b31d721b8405a) Importer(815301076,1909f56bfc062723c751e8b465ee728b) (PreviewImporter)[PhysX] Initialized MultithreadedTaskDispatcher with 6 workers.
[PhysX] Initialized MultithreadedTaskDispatcher with 6 workers.
 -> (artifact id: '521bd4e7372c3c1b331210c6f5473359') in 0.0119684 seconds
Number of updated asset objects reloaded before import = 0Number of asset objects unloaded after import = 3

========================================================================
Received Import Request.
  Time since last request: 0.000040 seconds.
  path: Assets/_Project/LowpollyGameAssets/Texture2D/settings.png
  artifactKey: Guid(cf6809339826f7148b2cd42ea1a8c720) Importer(815301076,1909f56bfc062723c751e8b465ee728b)
Start importing Assets/_Project/LowpollyGameAssets/Texture2D/settings.png using Guid(cf6809339826f7148b2cd42ea1a8c720) Importer(815301076,1909f56bfc062723c751e8b465ee728b) (PreviewImporter)[PhysX] Initialized MultithreadedTaskDispatcher with 6 workers.
[PhysX] Initialized MultithreadedTaskDispatcher with 6 workers.
 -> (artifact id: 'e977b9e6a8c0ed66837e15ff69807c4c') in 0.0191663 seconds
Number of updated asset objects reloaded before import = 0Number of asset objects unloaded after import = 3

========================================================================
Received Import Request.
  Time since last request: 99.828036 seconds.
  path: Assets/_Project/LowpollyGameAssets/Sprites/Tut02.png
  artifactKey: Guid(c10a1f40ebe2cc74caa85513ea7ae623) Importer(2089858483,0ecaa5967403d082aa24f35e1b516d23)
Start importing Assets/_Project/LowpollyGameAssets/Sprites/Tut02.png using Guid(c10a1f40ebe2cc74caa85513ea7ae623) Importer(2089858483,0ecaa5967403d082aa24f35e1b516d23) (ScriptedImporter)[PhysX] Initialized MultithreadedTaskDispatcher with 6 workers.
 -> (artifact id: '1549b14d19977bd2c416ff05c866edd1') in 0.0193378 seconds
Number of updated asset objects reloaded before import = 0Number of asset objects unloaded after import = 3

========================================================================
Received Import Request.
  Time since last request: 0.000017 seconds.
  path: Assets/_Project/LowpollyGameAssets/Sprites/square_0.png
  artifactKey: Guid(1532648721b441f439f5896d26d32ca5) Importer(2089858483,0ecaa5967403d082aa24f35e1b516d23)
Start importing Assets/_Project/LowpollyGameAssets/Sprites/square_0.png using Guid(1532648721b441f439f5896d26d32ca5) Importer(2089858483,0ecaa5967403d082aa24f35e1b516d23) (ScriptedImporter)[PhysX] Initialized MultithreadedTaskDispatcher with 6 workers.
 -> (artifact id: '15eac5ce16e26555286e32582b80d6e8') in 0.063487 seconds
Number of updated asset objects reloaded before import = 0Number of asset objects unloaded after import = 3

========================================================================
Received Import Request.
  Time since last request: 0.000028 seconds.
  path: Assets/_Project/LowpollyGameAssets/Sprites/music_on.png
  artifactKey: Guid(8b8e2bb654fb2a740a86444b288b9b17) Importer(2089858483,0ecaa5967403d082aa24f35e1b516d23)
Start importing Assets/_Project/LowpollyGameAssets/Sprites/music_on.png using Guid(8b8e2bb654fb2a740a86444b288b9b17) Importer(2089858483,0ecaa5967403d082aa24f35e1b516d23) (ScriptedImporter)[PhysX] Initialized MultithreadedTaskDispatcher with 6 workers.
 -> (artifact id: 'b3d87d86b5b0a684a97b431415628b01') in 0.010013 seconds
Number of updated asset objects reloaded before import = 0Number of asset objects unloaded after import = 3

========================================================================
Received Import Request.
  Time since last request: 0.000033 seconds.
  path: Assets/_Project/LowpollyGameAssets/Sprites/achievement.png
  artifactKey: Guid(869d2f04e72a9274fafe02691af19c1a) Importer(2089858483,0ecaa5967403d082aa24f35e1b516d23)
Start importing Assets/_Project/LowpollyGameAssets/Sprites/achievement.png using Guid(869d2f04e72a9274fafe02691af19c1a) Importer(2089858483,0ecaa5967403d082aa24f35e1b516d23) (ScriptedImporter)[PhysX] Initialized MultithreadedTaskDispatcher with 6 workers.
 -> (artifact id: '63a7039cba8c52b8cce23077d21ef020') in 0.0086895 seconds
Number of updated asset objects reloaded before import = 0Number of asset objects unloaded after import = 3

========================================================================
Received Import Request.
  Time since last request: 0.000021 seconds.
  path: Assets/_Project/LowpollyGameAssets/Sprites/ButtonCircle.png
  artifactKey: Guid(60cc23fa03c357f49a961b7a04b7ef78) Importer(2089858483,0ecaa5967403d082aa24f35e1b516d23)
Start importing Assets/_Project/LowpollyGameAssets/Sprites/ButtonCircle.png using Guid(60cc23fa03c357f49a961b7a04b7ef78) Importer(2089858483,0ecaa5967403d082aa24f35e1b516d23) (ScriptedImporter)[PhysX] Initialized MultithreadedTaskDispatcher with 6 workers.
 -> (artifact id: 'adf6c5a3771edba754f3c05982dd0bff') in 0.0099187 seconds
Number of updated asset objects reloaded before import = 0Number of asset objects unloaded after import = 3

========================================================================
Received Import Request.
  Time since last request: 0.000033 seconds.
  path: Assets/_Project/LowpollyGameAssets/Sprites/png_icon.png
  artifactKey: Guid(5ff06ae9de03f3749929a9908a284594) Importer(2089858483,0ecaa5967403d082aa24f35e1b516d23)
Start importing Assets/_Project/LowpollyGameAssets/Sprites/png_icon.png using Guid(5ff06ae9de03f3749929a9908a284594) Importer(2089858483,0ecaa5967403d082aa24f35e1b516d23) (ScriptedImporter)[PhysX] Initialized MultithreadedTaskDispatcher with 6 workers.
 -> (artifact id: '9ba97ea110e930057b5e93bd518f64b0') in 0.0085188 seconds
Number of updated asset objects reloaded before import = 0Number of asset objects unloaded after import = 3

========================================================================
Received Import Request.
  Time since last request: 0.000023 seconds.
  path: Assets/_Project/LowpollyGameAssets/Sprites/Poweredby_640px-White_HorizLogo.png
  artifactKey: Guid(866f4ca6ffdfee04a8b65987b4b81c6a) Importer(2089858483,0ecaa5967403d082aa24f35e1b516d23)
Start importing Assets/_Project/LowpollyGameAssets/Sprites/Poweredby_640px-White_HorizLogo.png using Guid(866f4ca6ffdfee04a8b65987b4b81c6a) Importer(2089858483,0ecaa5967403d082aa24f35e1b516d23) (ScriptedImporter)[PhysX] Initialized MultithreadedTaskDispatcher with 6 workers.
 -> (artifact id: 'e746718d0b05e814d427c9f74a5a897b') in 0.0136519 seconds
Number of updated asset objects reloaded before import = 0Number of asset objects unloaded after import = 3

========================================================================
Received Import Request.
  Time since last request: 0.000017 seconds.
  path: Assets/_Project/LowpollyGameAssets/Sprites/Tut01.png
  artifactKey: Guid(c14f2deca5841524d914ada731960425) Importer(2089858483,0ecaa5967403d082aa24f35e1b516d23)
Start importing Assets/_Project/LowpollyGameAssets/Sprites/Tut01.png using Guid(c14f2deca5841524d914ada731960425) Importer(2089858483,0ecaa5967403d082aa24f35e1b516d23) (ScriptedImporter)[PhysX] Initialized MultithreadedTaskDispatcher with 6 workers.
 -> (artifact id: '7033a15fabc34ffb774e796c40575e15') in 0.0088295 seconds
Number of updated asset objects reloaded before import = 0Number of asset objects unloaded after import = 3

========================================================================
Received Import Request.
  Time since last request: 0.000021 seconds.
  path: Assets/_Project/LowpollyGameAssets/Sprites/unlock.png
  artifactKey: Guid(4b6366a3b2d25fe4485cb7f7815b883d) Importer(2089858483,0ecaa5967403d082aa24f35e1b516d23)
Start importing Assets/_Project/LowpollyGameAssets/Sprites/unlock.png using Guid(4b6366a3b2d25fe4485cb7f7815b883d) Importer(2089858483,0ecaa5967403d082aa24f35e1b516d23) (ScriptedImporter)[PhysX] Initialized MultithreadedTaskDispatcher with 6 workers.
 -> (artifact id: '9911104015f4b2b43f1d50a9dc59aac2') in 0.0089207 seconds
Number of updated asset objects reloaded before import = 0Number of asset objects unloaded after import = 3

========================================================================
Received Import Request.
  Time since last request: 0.000024 seconds.
  path: Assets/_Project/LowpollyGameAssets/Sprites/lock.png
  artifactKey: Guid(3f49e87d6e0d45b4b906b69f9feadd53) Importer(2089858483,0ecaa5967403d082aa24f35e1b516d23)
Start importing Assets/_Project/LowpollyGameAssets/Sprites/lock.png using Guid(3f49e87d6e0d45b4b906b69f9feadd53) Importer(2089858483,0ecaa5967403d082aa24f35e1b516d23) (ScriptedImporter)[PhysX] Initialized MultithreadedTaskDispatcher with 6 workers.
 -> (artifact id: 'bc020e42b618ad612bf64d14a84ba4af') in 0.010514 seconds
Number of updated asset objects reloaded before import = 0Number of asset objects unloaded after import = 3

========================================================================
Received Import Request.
  Time since last request: 0.000021 seconds.
  path: Assets/_Project/LowpollyGameAssets/Sprites/shop.png
  artifactKey: Guid(0bd175397a552a84cb69553b43b4aa21) Importer(2089858483,0ecaa5967403d082aa24f35e1b516d23)
Start importing Assets/_Project/LowpollyGameAssets/Sprites/shop.png using Guid(0bd175397a552a84cb69553b43b4aa21) Importer(2089858483,0ecaa5967403d082aa24f35e1b516d23) (ScriptedImporter)[PhysX] Initialized MultithreadedTaskDispatcher with 6 workers.
 -> (artifact id: 'e1ebeb463959181221b27927c83bdd6f') in 0.0116699 seconds
Number of updated asset objects reloaded before import = 0Number of asset objects unloaded after import = 3

========================================================================
Received Import Request.
  Time since last request: 0.000029 seconds.
  path: Assets/_Project/LowpollyGameAssets/Sprites/Tut06.png
  artifactKey: Guid(20b7b80e550a9ea40b49a69e335ebc24) Importer(2089858483,0ecaa5967403d082aa24f35e1b516d23)
Start importing Assets/_Project/LowpollyGameAssets/Sprites/Tut06.png using Guid(20b7b80e550a9ea40b49a69e335ebc24) Importer(2089858483,0ecaa5967403d082aa24f35e1b516d23) (ScriptedImporter)[PhysX] Initialized MultithreadedTaskDispatcher with 6 workers.
 -> (artifact id: '104162e9671473b0c8da8382767f398b') in 0.0125715 seconds
Number of updated asset objects reloaded before import = 0Number of asset objects unloaded after import = 3

========================================================================
Received Import Request.
  Time since last request: 0.000019 seconds.
  path: Assets/_Project/LowpollyGameAssets/Sprites/leaderboard.png
  artifactKey: Guid(64db40c59f2fa5f42bf59836bbb7b342) Importer(2089858483,0ecaa5967403d082aa24f35e1b516d23)
Start importing Assets/_Project/LowpollyGameAssets/Sprites/leaderboard.png using Guid(64db40c59f2fa5f42bf59836bbb7b342) Importer(2089858483,0ecaa5967403d082aa24f35e1b516d23) (ScriptedImporter)[PhysX] Initialized MultithreadedTaskDispatcher with 6 workers.
 -> (artifact id: '06919a543c6dd7a9f332fd4f9965a69d') in 0.0123402 seconds
Number of updated asset objects reloaded before import = 0Number of asset objects unloaded after import = 3

========================================================================
Received Import Request.
  Time since last request: 0.000018 seconds.
  path: Assets/_Project/LowpollyGameAssets/Sprites/sound_on.png
  artifactKey: Guid(2e505634add7091439b8205dc091df20) Importer(2089858483,0ecaa5967403d082aa24f35e1b516d23)
Start importing Assets/_Project/LowpollyGameAssets/Sprites/sound_on.png using Guid(2e505634add7091439b8205dc091df20) Importer(2089858483,0ecaa5967403d082aa24f35e1b516d23) (ScriptedImporter)[PhysX] Initialized MultithreadedTaskDispatcher with 6 workers.
 -> (artifact id: 'd8b8d2101d4c9811fcc09ec7db0bd905') in 0.0084811 seconds
Number of updated asset objects reloaded before import = 0Number of asset objects unloaded after import = 3

========================================================================
Received Import Request.
  Time since last request: 0.000015 seconds.
  path: Assets/_Project/LowpollyGameAssets/Sprites/sunburst.png
  artifactKey: Guid(27c0003af9277c84c9bb8b043f40f064) Importer(2089858483,0ecaa5967403d082aa24f35e1b516d23)
Start importing Assets/_Project/LowpollyGameAssets/Sprites/sunburst.png using Guid(27c0003af9277c84c9bb8b043f40f064) Importer(2089858483,0ecaa5967403d082aa24f35e1b516d23) (ScriptedImporter)[PhysX] Initialized MultithreadedTaskDispatcher with 6 workers.
 -> (artifact id: '3e8551fcbc3364946d2111d5af31efc0') in 0.0103414 seconds
Number of updated asset objects reloaded before import = 0Number of asset objects unloaded after import = 3

========================================================================
Received Import Request.
  Time since last request: 0.000017 seconds.
  path: Assets/_Project/LowpollyGameAssets/Sprites/Tut03.png
  artifactKey: Guid(68934a6f5bad3e444bf6eedb91e7bc58) Importer(2089858483,0ecaa5967403d082aa24f35e1b516d23)
Start importing Assets/_Project/LowpollyGameAssets/Sprites/Tut03.png using Guid(68934a6f5bad3e444bf6eedb91e7bc58) Importer(2089858483,0ecaa5967403d082aa24f35e1b516d23) (ScriptedImporter)[PhysX] Initialized MultithreadedTaskDispatcher with 6 workers.
 -> (artifact id: '5d0265df14e10e78005534d09486e64e') in 0.0095281 seconds
Number of updated asset objects reloaded before import = 0Number of asset objects unloaded after import = 3

========================================================================
Received Import Request.
  Time since last request: 0.000021 seconds.
  path: Assets/_Project/LowpollyGameAssets/Sprites/giftbox.png
  artifactKey: Guid(0c4afcb5d27e95d4eb5d90e991ab5872) Importer(2089858483,0ecaa5967403d082aa24f35e1b516d23)
Start importing Assets/_Project/LowpollyGameAssets/Sprites/giftbox.png using Guid(0c4afcb5d27e95d4eb5d90e991ab5872) Importer(2089858483,0ecaa5967403d082aa24f35e1b516d23) (ScriptedImporter)[PhysX] Initialized MultithreadedTaskDispatcher with 6 workers.
 -> (artifact id: 'db29a83cc8ece5ddb692f21cf72fe3b3') in 0.0575025 seconds
Number of updated asset objects reloaded before import = 0Number of asset objects unloaded after import = 3

========================================================================
Received Import Request.
  Time since last request: 11.294236 seconds.
  path: Assets/_Project/LowpollyGameAssets/Textures
  artifactKey: Guid(2168e06b94d55e549a0fefab9b802145) Importer(815301076,1909f56bfc062723c751e8b465ee728b)
Start importing Assets/_Project/LowpollyGameAssets/Textures using Guid(2168e06b94d55e549a0fefab9b802145) Importer(815301076,1909f56bfc062723c751e8b465ee728b) (PreviewImporter)[PhysX] Initialized MultithreadedTaskDispatcher with 6 workers.
 -> (artifact id: 'bba88117be6eda5db020943e78078cd1') in 0.0010975 seconds
Number of updated asset objects reloaded before import = 0Number of asset objects unloaded after import = 0

========================================================================
Received Import Request.
  Time since last request: 0.944616 seconds.
  path: Assets/_Project/LowpollyGameAssets/Textures
  artifactKey: Guid(2168e06b94d55e549a0fefab9b802145) Importer(2089858483,0ecaa5967403d082aa24f35e1b516d23)
Start importing Assets/_Project/LowpollyGameAssets/Textures using Guid(2168e06b94d55e549a0fefab9b802145) Importer(2089858483,0ecaa5967403d082aa24f35e1b516d23) (ScriptedImporter)[PhysX] Initialized MultithreadedTaskDispatcher with 6 workers.
 -> (artifact id: '4709ca9cdeaca26eca100d60851ae5ec') in 0.0094647 seconds
Number of updated asset objects reloaded before import = 0Number of asset objects unloaded after import = 1

========================================================================
Received Import Request.
  Time since last request: 0.000029 seconds.
  path: Assets/_Project/LowpollyGameAssets/Textures/Tree2_Map2.png
  artifactKey: Guid(44c475b5541160a42bad38caad2ebdb2) Importer(2089858483,0ecaa5967403d082aa24f35e1b516d23)
Start importing Assets/_Project/LowpollyGameAssets/Textures/Tree2_Map2.png using Guid(44c475b5541160a42bad38caad2ebdb2) Importer(2089858483,0ecaa5967403d082aa24f35e1b516d23) (ScriptedImporter)[PhysX] Initialized MultithreadedTaskDispatcher with 6 workers.
 -> (artifact id: 'af9724c0b24ef2d881013ba28a93cb78') in 0.0349881 seconds
Number of updated asset objects reloaded before import = 0Number of asset objects unloaded after import = 1

========================================================================
Received Import Request.
  Time since last request: 0.000018 seconds.
  path: Assets/_Project/LowpollyGameAssets/Textures/TreeYellow.png
  artifactKey: Guid(878883cabf51cb248900b9040e81ba7d) Importer(2089858483,0ecaa5967403d082aa24f35e1b516d23)
Start importing Assets/_Project/LowpollyGameAssets/Textures/TreeYellow.png using Guid(878883cabf51cb248900b9040e81ba7d) Importer(2089858483,0ecaa5967403d082aa24f35e1b516d23) (ScriptedImporter)[PhysX] Initialized MultithreadedTaskDispatcher with 6 workers.
 -> (artifact id: '56d594f609ab4d8e85245f460f62e1a9') in 0.0131584 seconds
Number of updated asset objects reloaded before import = 0Number of asset objects unloaded after import = 1

========================================================================
Received Import Request.
  Time since last request: 0.000025 seconds.
  path: Assets/_Project/LowpollyGameAssets/Textures/Cow.png
  artifactKey: Guid(c5a3e84a971019b45980aefeb68fb23d) Importer(2089858483,0ecaa5967403d082aa24f35e1b516d23)
Start importing Assets/_Project/LowpollyGameAssets/Textures/Cow.png using Guid(c5a3e84a971019b45980aefeb68fb23d) Importer(2089858483,0ecaa5967403d082aa24f35e1b516d23) (ScriptedImporter)[PhysX] Initialized MultithreadedTaskDispatcher with 6 workers.
 -> (artifact id: '2bb59fada52e14ccfe141dee5d21f618') in 0.0146776 seconds
Number of updated asset objects reloaded before import = 0Number of asset objects unloaded after import = 1

Editor requested this worker to shutdown with reason: Scaling down because of idle timeout
AssetImportWorker is now disconnected from the server
Process exiting
Exiting without the bug reporter. Application will terminate with return code 0